Algorithm,Function_ID,Function_Name,Dimension,Run_Number,Max_Evaluations,Best_Fitness,Error,Success,Run_Time
adeo,1,F1: Shifted and full Rotated Zakharov Function,10,1,200000,300.0000001619959,1.6199589936150005e-07,False,15.100783109664915
adeo,1,F1: Shifted and full Rotated Zakharov Function,10,2,200000,300.0,0.0,True,15.032189846038818
adeo,1,F1: Shifted and full Rotated Zakharov Function,10,3,200000,300.0010198297329,0.0010198297329111,False,15.188466548919678
adeo,1,F1: Shifted and full Rotated Zakharov Function,10,4,200000,300.00000000000006,5.684341886080803e-14,True,14.581063032150269
adeo,1,F1: Shifted and full Rotated Zakharov Function,10,5,200000,300.0,0.0,True,14.475534677505491
adeo,1,F1: Shifted and full Rotated Zakharov Function,10,6,200000,300.0000047757855,4.775785498623009e-06,False,14.674695253372192
adeo,1,F1: Shifted and full Rotated Zakharov Function,10,7,200000,300.0,0.0,True,14.437029600143433
adeo,1,F1: Shifted and full Rotated Zakharov Function,10,8,200000,300.0,0.0,True,14.579714059829712
adeo,1,F1: Shifted and full Rotated Zakharov Function,10,9,200000,300.0,0.0,True,14.736491203308104
adeo,1,F1: Shifted and full Rotated Zakharov Function,10,10,200000,300.0,0.0,True,15.002460241317747
adeo,1,F1: Shifted and full Rotated Zakharov Function,10,11,200000,300.0,0.0,True,14.68321657180786
adeo,1,F1: Shifted and full Rotated Zakharov Function,10,12,200000,300.0,0.0,True,14.475566864013672
adeo,1,F1: Shifted and full Rotated Zakharov Function,10,13,200000,300.0000000000008,7.958078640513122e-13,True,14.184937715530396
adeo,1,F1: Shifted and full Rotated Zakharov Function,10,14,200000,300.00520109704087,0.0052010970408673,False,14.879910707473757
adeo,1,F1: Shifted and full Rotated Zakharov Function,10,15,200000,300.0,0.0,True,14.699401140213013
adeo,1,F1: Shifted and full Rotated Zakharov Function,10,16,200000,300.0,0.0,True,14.409595251083374
adeo,1,F1: Shifted and full Rotated Zakharov Function,10,17,200000,300.0,0.0,True,14.438106060028076
adeo,1,F1: Shifted and full Rotated Zakharov Function,10,18,200000,300.0,0.0,True,14.416512727737429
adeo,1,F1: Shifted and full Rotated Zakharov Function,10,19,200000,300.0,0.0,True,14.19707465171814
adeo,1,F1: Shifted and full Rotated Zakharov Function,10,20,200000,300.0,0.0,True,14.429182767868042
adeo,1,F1: Shifted and full Rotated Zakharov Function,10,21,200000,300.0,0.0,True,13.96427607536316
adeo,1,F1: Shifted and full Rotated Zakharov Function,10,22,200000,300.0,0.0,True,14.09739351272583
adeo,1,F1: Shifted and full Rotated Zakharov Function,10,23,200000,300.0010707407893,0.0010707407893164,False,14.507521867752075
adeo,1,F1: Shifted and full Rotated Zakharov Function,10,24,200000,300.00000021807006,2.1807005623486478e-07,False,13.70643162727356
adeo,1,F1: Shifted and full Rotated Zakharov Function,10,25,200000,300.00000000000006,5.684341886080803e-14,True,14.713738441467283
adeo,1,F1: Shifted and full Rotated Zakharov Function,10,26,200000,300.0000040992386,4.099238594790222e-06,False,14.259793758392334
adeo,1,F1: Shifted and full Rotated Zakharov Function,10,27,200000,300.0,0.0,True,13.963603258132936
adeo,1,F1: Shifted and full Rotated Zakharov Function,10,28,200000,300.0,0.0,True,13.869354009628296
adeo,1,F1: Shifted and full Rotated Zakharov Function,10,29,200000,300.0,0.0,True,14.660629272460938
adeo,1,F1: Shifted and full Rotated Zakharov Function,10,30,200000,300.0000002735482,2.735482098614739e-07,False,14.06241512298584
adeo,2,F2: Shifted and Rotated Rosenbrock’s Function,10,1,200000,407.4835368749639,7.483536874963875,False,16.897552251815796
adeo,2,F2: Shifted and Rotated Rosenbrock’s Function,10,2,200000,406.7230490814407,6.723049081440649,False,15.738093137741089
adeo,2,F2: Shifted and Rotated Rosenbrock’s Function,10,3,200000,408.9161019283674,8.916101928367425,False,15.96084713935852
adeo,2,F2: Shifted and Rotated Rosenbrock’s Function,10,4,200000,407.1186635998182,7.1186635998182055,False,15.958625793457031
adeo,2,F2: Shifted and Rotated Rosenbrock’s Function,10,5,200000,407.33031512100473,7.33031512100473,False,16.34352207183838
adeo,2,F2: Shifted and Rotated Rosenbrock’s Function,10,6,200000,407.4827604585869,7.482760458586938,False,16.658052444458008
adeo,2,F2: Shifted and Rotated Rosenbrock’s Function,10,7,200000,407.1556418848671,7.155641884867066,False,16.112935781478882
adeo,2,F2: Shifted and Rotated Rosenbrock’s Function,10,8,200000,407.14856052963927,7.148560529639269,False,16.138473749160767
adeo,2,F2: Shifted and Rotated Rosenbrock’s Function,10,9,200000,407.5529582852417,7.5529582852416866,False,15.889606714248655
adeo,2,F2: Shifted and Rotated Rosenbrock’s Function,10,10,200000,407.2887816006488,7.288781600648804,False,16.126819133758545
adeo,2,F2: Shifted and Rotated Rosenbrock’s Function,10,11,200000,407.2666216284045,7.266621628404437,False,16.306960821151733
adeo,2,F2: Shifted and Rotated Rosenbrock’s Function,10,12,200000,407.5974010708051,7.59740107080512,False,16.220665216445923
adeo,2,F2: Shifted and Rotated Rosenbrock’s Function,10,13,200000,408.9161019277954,8.91610192779541,False,16.30379867553711
adeo,2,F2: Shifted and Rotated Rosenbrock’s Function,10,14,200000,407.4035016971186,7.4035016971186,False,16.267424821853638
adeo,2,F2: Shifted and Rotated Rosenbrock’s Function,10,15,200000,408.9161019277814,8.916101927781426,False,15.917205333709717
adeo,2,F2: Shifted and Rotated Rosenbrock’s Function,10,16,200000,407.43381242943616,7.433812429436159,False,15.630272626876833
adeo,2,F2: Shifted and Rotated Rosenbrock’s Function,10,17,200000,407.1334692382064,7.133469238206374,False,16.066131114959717
adeo,2,F2: Shifted and Rotated Rosenbrock’s Function,10,18,200000,407.54548453719,7.545484537190019,False,15.93226194381714
adeo,2,F2: Shifted and Rotated Rosenbrock’s Function,10,19,200000,408.9161019277872,8.916101927787224,False,16.06671714782715
adeo,2,F2: Shifted and Rotated Rosenbrock’s Function,10,20,200000,408.7066078898048,8.706607889804786,False,16.367937088012695
adeo,2,F2: Shifted and Rotated Rosenbrock’s Function,10,21,200000,408.8014976380831,8.801497638083049,False,16.02514886856079
adeo,2,F2: Shifted and Rotated Rosenbrock’s Function,10,22,200000,407.2150685277195,7.215068527719495,False,16.092013359069824
adeo,2,F2: Shifted and Rotated Rosenbrock’s Function,10,23,200000,406.9566780848287,6.956678084828695,False,16.817261695861816
adeo,2,F2: Shifted and Rotated Rosenbrock’s Function,10,24,200000,407.29974052280494,7.299740522804939,False,16.453447103500366
adeo,2,F2: Shifted and Rotated Rosenbrock’s Function,10,25,200000,408.9161019277981,8.916101927798081,False,16.98439908027649
adeo,2,F2: Shifted and Rotated Rosenbrock’s Function,10,26,200000,408.9161019278677,8.916101927867714,False,16.427186489105225
adeo,2,F2: Shifted and Rotated Rosenbrock’s Function,10,27,200000,408.91610192778137,8.91610192778137,False,16.743879318237305
adeo,2,F2: Shifted and Rotated Rosenbrock’s Function,10,28,200000,408.9161019277813,8.916101927781312,False,16.351210594177246
adeo,2,F2: Shifted and Rotated Rosenbrock’s Function,10,29,200000,407.0268626885429,7.026862688542849,False,16.807027101516724
adeo,2,F2: Shifted and Rotated Rosenbrock’s Function,10,30,200000,406.6337569682456,6.6337569682456206,False,16.792882204055786
adeo,3,F3: Shifted and full Rotated Expanded Schaffer’s F7,10,1,200000,600.0,0.0,True,20.459660291671756
adeo,3,F3: Shifted and full Rotated Expanded Schaffer’s F7,10,2,200000,600.0,0.0,True,21.520594596862797
adeo,3,F3: Shifted and full Rotated Expanded Schaffer’s F7,10,3,200000,600.0,0.0,True,20.064509630203247
adeo,3,F3: Shifted and full Rotated Expanded Schaffer’s F7,10,4,200000,600.0,0.0,True,20.76496815681457
adeo,3,F3: Shifted and full Rotated Expanded Schaffer’s F7,10,5,200000,600.0,0.0,True,20.50587224960327
adeo,3,F3: Shifted and full Rotated Expanded Schaffer’s F7,10,6,200000,600.0,0.0,True,21.373879194259644
adeo,3,F3: Shifted and full Rotated Expanded Schaffer’s F7,10,7,200000,600.0,0.0,True,21.45754814147949
adeo,3,F3: Shifted and full Rotated Expanded Schaffer’s F7,10,8,200000,600.0,0.0,True,20.68317484855652
adeo,3,F3: Shifted and full Rotated Expanded Schaffer’s F7,10,9,200000,600.0,0.0,True,21.21805214881897
adeo,3,F3: Shifted and full Rotated Expanded Schaffer’s F7,10,10,200000,600.0,0.0,True,21.209009170532227
adeo,3,F3: Shifted and full Rotated Expanded Schaffer’s F7,10,11,200000,600.0,0.0,True,21.326109409332275
adeo,3,F3: Shifted and full Rotated Expanded Schaffer’s F7,10,12,200000,600.0,0.0,True,21.507906198501587
adeo,3,F3: Shifted and full Rotated Expanded Schaffer’s F7,10,13,200000,600.0,0.0,True,21.038819074630737
adeo,3,F3: Shifted and full Rotated Expanded Schaffer’s F7,10,14,200000,600.0,0.0,True,21.00841784477234
adeo,3,F3: Shifted and full Rotated Expanded Schaffer’s F7,10,15,200000,600.0,0.0,True,20.669575214385983
adeo,3,F3: Shifted and full Rotated Expanded Schaffer’s F7,10,16,200000,600.0,0.0,True,20.7278356552124
adeo,3,F3: Shifted and full Rotated Expanded Schaffer’s F7,10,17,200000,600.0,0.0,True,20.319424390792847
adeo,3,F3: Shifted and full Rotated Expanded Schaffer’s F7,10,18,200000,600.0,0.0,True,20.6988468170166
adeo,3,F3: Shifted and full Rotated Expanded Schaffer’s F7,10,19,200000,600.0,0.0,True,21.33646035194397
adeo,3,F3: Shifted and full Rotated Expanded Schaffer’s F7,10,20,200000,600.0,0.0,True,21.273196935653687
adeo,3,F3: Shifted and full Rotated Expanded Schaffer’s F7,10,21,200000,600.0,0.0,True,20.777941465377808
adeo,3,F3: Shifted and full Rotated Expanded Schaffer’s F7,10,22,200000,600.0,0.0,True,20.645363330841064
adeo,3,F3: Shifted and full Rotated Expanded Schaffer’s F7,10,23,200000,600.0,0.0,True,21.475197792053223
adeo,3,F3: Shifted and full Rotated Expanded Schaffer’s F7,10,24,200000,600.0,0.0,True,23.390711307525635
adeo,3,F3: Shifted and full Rotated Expanded Schaffer’s F7,10,25,200000,600.0,0.0,True,21.058069944381717
adeo,3,F3: Shifted and full Rotated Expanded Schaffer’s F7,10,26,200000,600.0,0.0,True,21.348512649536133
adeo,3,F3: Shifted and full Rotated Expanded Schaffer’s F7,10,27,200000,600.0,0.0,True,20.864548206329346
adeo,3,F3: Shifted and full Rotated Expanded Schaffer’s F7,10,28,200000,600.0,0.0,True,20.90987777709961
adeo,3,F3: Shifted and full Rotated Expanded Schaffer’s F7,10,29,200000,600.0,0.0,True,21.64654493331909
adeo,3,F3: Shifted and full Rotated Expanded Schaffer’s F7,10,30,200000,600.0,0.0,True,20.2860119342804
adeo,4,F4: Shifted and Rotated Non-Continuous Rastrigin’s Function,10,1,200000,816.0000003309909,16.00000033099093,False,26.722532272338867
adeo,4,F4: Shifted and Rotated Non-Continuous Rastrigin’s Function,10,2,200000,818.3116861017924,18.31168610179236,False,26.32405185699463
adeo,4,F4: Shifted and Rotated Non-Continuous Rastrigin’s Function,10,3,200000,816.4371230039327,16.437123003932697,False,25.78245520591736
adeo,4,F4: Shifted and Rotated Non-Continuous Rastrigin’s Function,10,4,200000,814.0701321071539,14.07013210715388,False,26.31710124015808
adeo,4,F4: Shifted and Rotated Non-Continuous Rastrigin’s Function,10,5,200000,821.6676309314253,21.667630931425265,False,25.950936317443848
adeo,4,F4: Shifted and Rotated Non-Continuous Rastrigin’s Function,10,6,200000,808.1930587370788,8.193058737078786,False,26.68545818328857
adeo,4,F4: Shifted and Rotated Non-Continuous Rastrigin’s Function,10,7,200000,813.0902267680002,13.090226768000209,False,26.99516987800598
adeo,4,F4: Shifted and Rotated Non-Continuous Rastrigin’s Function,10,8,200000,814.1228878348492,14.122887834849166,False,26.28658676147461
adeo,4,F4: Shifted and Rotated Non-Continuous Rastrigin’s Function,10,9,200000,808.7003731876376,8.700373187637638,False,26.795655488967896
adeo,4,F4: Shifted and Rotated Non-Continuous Rastrigin’s Function,10,10,200000,816.1006175939682,16.100617593968195,False,28.038585901260376
adeo,4,F4: Shifted and Rotated Non-Continuous Rastrigin’s Function,10,11,200000,814.4294290969596,14.429429096959552,False,25.97142171859741
adeo,4,F4: Shifted and Rotated Non-Continuous Rastrigin’s Function,10,12,200000,816.4621165768528,16.46211657685285,False,26.80276393890381
adeo,4,F4: Shifted and Rotated Non-Continuous Rastrigin’s Function,10,13,200000,809.3849208861224,9.38492088612236,False,26.195501565933228
adeo,4,F4: Shifted and Rotated Non-Continuous Rastrigin’s Function,10,14,200000,811.6171561287117,11.617156128711713,False,25.91942429542541
adeo,4,F4: Shifted and Rotated Non-Continuous Rastrigin’s Function,10,15,200000,816.4416090055266,16.44160900552663,False,25.765999794006348
adeo,4,F4: Shifted and Rotated Non-Continuous Rastrigin’s Function,10,16,200000,812.0448956085304,12.044895608530396,False,25.643190622329712
adeo,4,F4: Shifted and Rotated Non-Continuous Rastrigin’s Function,10,17,200000,812.0740136093042,12.074013609304188,False,25.383894205093384
adeo,4,F4: Shifted and Rotated Non-Continuous Rastrigin’s Function,10,18,200000,818.4383606273794,18.43836062737944,False,26.01298832893372
adeo,4,F4: Shifted and Rotated Non-Continuous Rastrigin’s Function,10,19,200000,818.4837753475296,18.48377534752956,False,27.107360124588013
adeo,4,F4: Shifted and Rotated Non-Continuous Rastrigin’s Function,10,20,200000,810.2697388855651,10.269738885565062,False,27.19714331626892
adeo,4,F4: Shifted and Rotated Non-Continuous Rastrigin’s Function,10,21,200000,818.523033328282,18.52303332828205,False,26.918461084365845
adeo,4,F4: Shifted and Rotated Non-Continuous Rastrigin’s Function,10,22,200000,810.0764258971199,10.07642589711986,False,26.67734909057617
adeo,4,F4: Shifted and Rotated Non-Continuous Rastrigin’s Function,10,23,200000,808.5123017072061,8.51230170720612,False,25.764301300048828
adeo,4,F4: Shifted and Rotated Non-Continuous Rastrigin’s Function,10,24,200000,810.3846406377276,10.384640637727555,False,26.32659912109375
adeo,4,F4: Shifted and Rotated Non-Continuous Rastrigin’s Function,10,25,200000,812.1673825315052,12.167382531505154,False,26.859758138656616
adeo,4,F4: Shifted and Rotated Non-Continuous Rastrigin’s Function,10,26,200000,808.2085830251395,8.208583025139546,False,25.92932939529419
adeo,4,F4: Shifted and Rotated Non-Continuous Rastrigin’s Function,10,27,200000,809.6049003164215,9.60490031642155,False,25.44353222846985
adeo,4,F4: Shifted and Rotated Non-Continuous Rastrigin’s Function,10,28,200000,814.3070383999542,14.307038399954196,False,26.656476259231567
adeo,4,F4: Shifted and Rotated Non-Continuous Rastrigin’s Function,10,29,200000,810.2697381960999,10.269738196099864,False,25.810437440872192
adeo,4,F4: Shifted and Rotated Non-Continuous Rastrigin’s Function,10,30,200000,808.2493909878741,8.249390987874108,False,25.422704219818115
adeo,5,F5: Shifted and Rotated Levy Function,10,1,200000,900.0000008977893,8.977892775874352e-07,False,18.08711528778076
adeo,5,F5: Shifted and Rotated Levy Function,10,2,200000,900.0000003283171,3.283171281509567e-07,False,18.404714822769165
adeo,5,F5: Shifted and Rotated Levy Function,10,3,200000,900.000000038733,3.8732991924916866e-08,False,19.09025931358337
adeo,5,F5: Shifted and Rotated Levy Function,10,4,200000,900.0000000400498,4.0049826566246345e-08,False,18.983042240142822
adeo,5,F5: Shifted and Rotated Levy Function,10,5,200000,900.0000000070086,7.008566171862185e-09,True,19.55553221702576
adeo,5,F5: Shifted and Rotated Levy Function,10,6,200000,900.0000019174728,1.917472786772123e-06,False,19.08905029296875
adeo,5,F5: Shifted and Rotated Levy Function,10,7,200000,900.0000010660266,1.066026584339852e-06,False,18.35624051094055
adeo,5,F5: Shifted and Rotated Levy Function,10,8,200000,900.0000002812063,2.812063257806585e-07,False,19.700177669525143
adeo,5,F5: Shifted and Rotated Levy Function,10,9,200000,900.0000000036074,3.6073970477445982e-09,True,19.02918243408203
adeo,5,F5: Shifted and Rotated Levy Function,10,10,200000,900.000000484829,4.848290018344414e-07,False,19.725234270095825
adeo,5,F5: Shifted and Rotated Levy Function,10,11,200000,900.000000003911,3.911054591299035e-09,True,19.47669553756714
adeo,5,F5: Shifted and Rotated Levy Function,10,12,200000,900.0000000017375,1.7374759408994576e-09,True,18.735356092453003
adeo,5,F5: Shifted and Rotated Levy Function,10,13,200000,900.0000062697014,6.269701430028363e-06,False,18.283174753189087
adeo,5,F5: Shifted and Rotated Levy Function,10,14,200000,900.0000000444019,4.440187240106752e-08,False,18.32878160476685
adeo,5,F5: Shifted and Rotated Levy Function,10,15,200000,900.0000000230199,2.3019879336061425e-08,False,18.81195878982544
adeo,5,F5: Shifted and Rotated Levy Function,10,16,200000,900.000000004522,4.522007657214999e-09,True,19.385204076766968
adeo,5,F5: Shifted and Rotated Levy Function,10,17,200000,900.0000004085541,4.085541149834171e-07,False,18.676838636398315
adeo,5,F5: Shifted and Rotated Levy Function,10,18,200000,900.0000028550464,2.8550464321597246e-06,False,19.11077070236206
adeo,5,F5: Shifted and Rotated Levy Function,10,19,200000,900.0000000190671,1.9067101675318557e-08,False,18.673060417175293
adeo,5,F5: Shifted and Rotated Levy Function,10,20,200000,900.0000000180472,1.8047217054117937e-08,False,18.40287685394287
adeo,5,F5: Shifted and Rotated Levy Function,10,21,200000,900.0000001438679,1.4386785096576205e-07,False,18.64223527908325
adeo,5,F5: Shifted and Rotated Levy Function,10,22,200000,900.000000011512,1.151204287452856e-08,False,17.768049716949463
adeo,5,F5: Shifted and Rotated Levy Function,10,23,200000,900.0000000101448,1.0144844964088406e-08,False,18.11555528640747
adeo,5,F5: Shifted and Rotated Levy Function,10,24,200000,900.0000156566581,1.5656658092666476e-05,False,18.41179394721985
adeo,5,F5: Shifted and Rotated Levy Function,10,25,200000,900.0000000439356,4.393564267957117e-08,False,18.11306309700012
adeo,5,F5: Shifted and Rotated Levy Function,10,26,200000,900.0000000196974,1.9697381503647197e-08,False,18.01263689994812
adeo,5,F5: Shifted and Rotated Levy Function,10,27,200000,900.0000000835281,8.352810709766345e-08,False,18.113311767578125
adeo,5,F5: Shifted and Rotated Levy Function,10,28,200000,900.0000007663454,7.663453516215668e-07,False,18.810750246047974
adeo,5,F5: Shifted and Rotated Levy Function,10,29,200000,900.0000004271574,4.2715737436083145e-07,False,18.301419973373413
adeo,5,F5: Shifted and Rotated Levy Function,10,30,200000,900.000000858187,8.581870361012989e-07,False,18.153956413269043
adeo,6,F6: Hybrid Function 1,10,1,200000,5374.025645990454,3574.025645990454,False,19.34988260269165
adeo,6,F6: Hybrid Function 1,10,2,200000,4891.772426093139,3091.772426093139,False,19.339763402938843
adeo,6,F6: Hybrid Function 1,10,3,200000,2368.8374288695886,568.8374288695886,False,20.148607969284058
adeo,6,F6: Hybrid Function 1,10,4,200000,5510.04909807602,3710.04909807602,False,19.603243350982662
adeo,6,F6: Hybrid Function 1,10,5,200000,3410.707642665231,1610.707642665231,False,19.87543559074402
adeo,6,F6: Hybrid Function 1,10,6,200000,14049.187872186856,12249.187872186856,False,20.41062593460083
adeo,6,F6: Hybrid Function 1,10,7,200000,5408.649498645889,3608.649498645889,False,20.252413511276245
adeo,6,F6: Hybrid Function 1,10,8,200000,5835.620869230845,4035.6208692308446,False,20.1032772064209
adeo,6,F6: Hybrid Function 1,10,9,200000,11168.869469548345,9368.869469548345,False,20.02318572998047
adeo,6,F6: Hybrid Function 1,10,10,200000,8472.344935040494,6672.3449350404935,False,19.657925128936768
adeo,6,F6: Hybrid Function 1,10,11,200000,4621.670934462974,2821.6709344629744,False,19.97108459472656
adeo,6,F6: Hybrid Function 1,10,12,200000,7833.002965642437,6033.002965642437,False,20.81507444381714
adeo,6,F6: Hybrid Function 1,10,13,200000,8890.326768815372,7090.326768815372,False,20.2807195186615
adeo,6,F6: Hybrid Function 1,10,14,200000,6187.789571144132,4387.789571144132,False,20.338914394378666
adeo,6,F6: Hybrid Function 1,10,15,200000,5341.847265657048,3541.8472656570484,False,20.131208181381226
adeo,6,F6: Hybrid Function 1,10,16,200000,11361.938959777188,9561.938959777188,False,20.3042573928833
adeo,6,F6: Hybrid Function 1,10,17,200000,4885.544227119306,3085.544227119306,False,20.348254203796387
adeo,6,F6: Hybrid Function 1,10,18,200000,4926.889984963632,3126.889984963632,False,20.727612495422363
adeo,6,F6: Hybrid Function 1,10,19,200000,9011.221307188109,7211.221307188107,False,20.110907793045044
adeo,6,F6: Hybrid Function 1,10,20,200000,4172.12634242659,2372.12634242659,False,19.849536418914795
adeo,6,F6: Hybrid Function 1,10,21,200000,3935.361692998402,2135.361692998402,False,20.054553508758545
adeo,6,F6: Hybrid Function 1,10,22,200000,3430.141504563914,1630.1415045639142,False,20.501798391342163
adeo,6,F6: Hybrid Function 1,10,23,200000,8198.827848062874,6398.827848062874,False,20.070191383361816
adeo,6,F6: Hybrid Function 1,10,24,200000,4077.895849371011,2277.895849371011,False,20.346003532409668
adeo,6,F6: Hybrid Function 1,10,25,200000,3734.067941514344,1934.067941514344,False,20.027700662612915
adeo,6,F6: Hybrid Function 1,10,26,200000,5112.568107779784,3312.5681077797835,False,20.33632445335388
adeo,6,F6: Hybrid Function 1,10,27,200000,5039.257498109404,3239.257498109404,False,20.31285524368286
adeo,6,F6: Hybrid Function 1,10,28,200000,2391.445139764217,591.445139764217,False,19.874759674072266
adeo,6,F6: Hybrid Function 1,10,29,200000,7453.966880703398,5653.966880703398,False,20.176894426345825
adeo,6,F6: Hybrid Function 1,10,30,200000,5009.4450594577065,3209.4450594577065,False,19.98986005783081
adeo,7,F7: Hybrid Function 2,10,1,200000,2003.7084713653437,3.7084713653434846,False,108.13509368896484
adeo,7,F7: Hybrid Function 2,10,2,200000,2001.2601387773832,1.2601387773831902,False,102.93427872657776
adeo,7,F7: Hybrid Function 2,10,3,200000,2003.935774222017,3.9357742220170167,False,103.93963599205016
adeo,7,F7: Hybrid Function 2,10,4,200000,2000.537800975032,0.5378009750320416,False,102.9662265777588
adeo,7,F7: Hybrid Function 2,10,5,200000,2000.3057241684453,0.3057241684455221,False,103.19359087944032
adeo,7,F7: Hybrid Function 2,10,6,200000,2000.484563427182,0.4845634271819108,False,102.63800001144408
adeo,7,F7: Hybrid Function 2,10,7,200000,2001.0087890427155,1.008789042715307,False,101.25797939300536
adeo,7,F7: Hybrid Function 2,10,8,200000,2000.436269747016,0.4362697470157854,False,101.5760350227356
adeo,7,F7: Hybrid Function 2,10,9,200000,2000.1800771003077,0.1800771003074714,False,104.26249027252196
adeo,7,F7: Hybrid Function 2,10,10,200000,2018.767929233988,18.767929233987843,False,102.76251173019408
adeo,7,F7: Hybrid Function 2,10,11,200000,2000.7094225304625,0.7094225304622341,False,102.36916947364809
adeo,7,F7: Hybrid Function 2,10,12,200000,2000.3572020631077,0.3572020631072519,False,102.15989542007446
adeo,7,F7: Hybrid Function 2,10,13,200000,2000.5414816475256,0.541481647525643,False,102.94716596603394
adeo,7,F7: Hybrid Function 2,10,14,200000,2000.3128858365264,0.3128858365264477,False,102.0587739944458
adeo,7,F7: Hybrid Function 2,10,15,200000,2016.0046350686607,16.00463506866072,False,101.94564366340636
adeo,7,F7: Hybrid Function 2,10,16,200000,2000.2686691293247,0.2686691293247349,False,102.40478157997131
adeo,7,F7: Hybrid Function 2,10,17,200000,2000.8185762008177,0.818576200817688,False,103.63127565383913
adeo,7,F7: Hybrid Function 2,10,18,200000,2000.450264026036,0.4502640260359385,False,102.8070285320282
adeo,7,F7: Hybrid Function 2,10,19,200000,2000.2929318628164,0.292931862816431,False,102.66333198547365
adeo,7,F7: Hybrid Function 2,10,20,200000,2003.021264266148,3.021264266147909,False,103.52803540229796
adeo,7,F7: Hybrid Function 2,10,21,200000,2000.8733052344655,0.8733052344657608,False,101.66539192199708
adeo,7,F7: Hybrid Function 2,10,22,200000,2000.3327003204367,0.3327003204367429,False,101.54526805877686
adeo,7,F7: Hybrid Function 2,10,23,200000,2000.7359240937312,0.7359240937312279,False,101.58117270469666
adeo,7,F7: Hybrid Function 2,10,24,200000,2000.6008628415773,0.6008628415775092,False,100.67970967292786
adeo,7,F7: Hybrid Function 2,10,25,200000,2000.442967424677,0.4429674246771355,False,101.77765989303587
adeo,7,F7: Hybrid Function 2,10,26,200000,2000.1582761538991,0.1582761538991235,False,102.8958740234375
adeo,7,F7: Hybrid Function 2,10,27,200000,2000.130397446224,0.1303974462236965,False,102.2751441001892
adeo,7,F7: Hybrid Function 2,10,28,200000,2013.470568265052,13.470568265051725,False,101.59920859336852
adeo,7,F7: Hybrid Function 2,10,29,200000,2003.5467486655616,3.546748665561836,False,102.1012077331543
adeo,7,F7: Hybrid Function 2,10,30,200000,2000.3440759621624,0.3440759621623783,False,102.5550045967102
adeo,8,F8: Hybrid Function 3,10,1,200000,2202.373809871904,2.3738098719040863,False,136.7885115146637
adeo,8,F8: Hybrid Function 3,10,2,200000,2211.2796617947383,11.279661794738333,False,138.27662253379822
adeo,8,F8: Hybrid Function 3,10,3,200000,2202.530263351201,2.530263351201029,False,136.3330066204071
adeo,8,F8: Hybrid Function 3,10,4,200000,2201.3157176755776,1.3157176755776163,False,136.82093572616577
adeo,8,F8: Hybrid Function 3,10,5,200000,2202.08189228196,2.081892281959881,False,135.90520906448364
adeo,8,F8: Hybrid Function 3,10,6,200000,2203.496448023492,3.496448023492121,False,139.09981727600098
adeo,8,F8: Hybrid Function 3,10,7,200000,2204.09962675111,4.099626751110009,False,142.43590021133423
adeo,8,F8: Hybrid Function 3,10,8,200000,2201.2117758467407,1.211775846740693,False,142.2009518146515
adeo,8,F8: Hybrid Function 3,10,9,200000,2205.213709781681,5.213709781681246,False,143.45165920257568
adeo,8,F8: Hybrid Function 3,10,10,200000,2205.9440132844675,5.944013284467474,False,144.99628734588623
adeo,8,F8: Hybrid Function 3,10,11,200000,2201.993936375688,1.9939363756880084,False,143.22962141036987
adeo,8,F8: Hybrid Function 3,10,12,200000,2203.0466776535663,3.0466776535663485,False,141.92383980751038
adeo,8,F8: Hybrid Function 3,10,13,200000,2204.423118188813,4.423118188813078,False,140.03404235839844
adeo,8,F8: Hybrid Function 3,10,14,200000,2202.426509274864,2.426509274863747,False,141.6650149822235
adeo,8,F8: Hybrid Function 3,10,15,200000,2204.9228139827046,4.922813982704611,False,143.09111642837524
adeo,8,F8: Hybrid Function 3,10,16,200000,2202.4895958616835,2.4895958616834832,False,142.3190894126892
adeo,8,F8: Hybrid Function 3,10,17,200000,2204.22337976008,4.223379760079752,False,142.84197092056274
adeo,8,F8: Hybrid Function 3,10,18,200000,2207.4169444754407,7.416944475440687,False,146.13640356063843
adeo,8,F8: Hybrid Function 3,10,19,200000,2203.831690327966,3.831690327966044,False,146.41220355033877
adeo,8,F8: Hybrid Function 3,10,20,200000,2207.4608683765505,7.460868376550479,False,142.54821038246155
adeo,8,F8: Hybrid Function 3,10,21,200000,2206.063052655936,6.063052655935735,False,146.9680323600769
adeo,8,F8: Hybrid Function 3,10,22,200000,2203.1260093101264,3.126009310126392,False,144.57653975486755
adeo,8,F8: Hybrid Function 3,10,23,200000,2205.453424973823,5.453424973823076,False,146.85039234161377
adeo,8,F8: Hybrid Function 3,10,24,200000,2204.246293014824,4.246293014824005,False,147.12876749038696
adeo,8,F8: Hybrid Function 3,10,25,200000,2201.005367181244,1.0053671812438552,False,144.60132789611816
adeo,8,F8: Hybrid Function 3,10,26,200000,2203.351830419762,3.351830419761882,False,145.02606344223022
adeo,8,F8: Hybrid Function 3,10,27,200000,2209.109509150247,9.10950915024705,False,143.70986223220825
adeo,8,F8: Hybrid Function 3,10,28,200000,2202.6102977054384,2.61029770543837,False,143.21168565750122
adeo,8,F8: Hybrid Function 3,10,29,200000,2202.3498744403364,2.349874440336407,False,143.85657668113708
adeo,8,F8: Hybrid Function 3,10,30,200000,2209.1443127784096,9.144312778409583,False,143.532128572464
adeo,9,F9: Composition Function 1,10,1,200000,2667.5567196239426,367.5567196239426,False,40.14962339401245
adeo,9,F9: Composition Function 1,10,2,200000,2663.0642716891807,363.0642716891807,False,39.27874350547791
adeo,9,F9: Composition Function 1,10,3,200000,2311.4669489716707,11.466948971670718,False,39.2648401260376
adeo,9,F9: Composition Function 1,10,4,200000,2659.87729299959,359.8772929995898,False,39.90910363197327
adeo,9,F9: Composition Function 1,10,5,200000,2662.653584057234,362.6535840572342,False,39.7853057384491
adeo,9,F9: Composition Function 1,10,6,200000,2667.484741290207,367.4847412902068,False,39.32428860664368
adeo,9,F9: Composition Function 1,10,7,200000,2662.7592595004458,362.75925950044575,False,39.52671718597412
adeo,9,F9: Composition Function 1,10,8,200000,2662.858973759582,362.8589737595821,False,39.44922304153442
adeo,9,F9: Composition Function 1,10,9,200000,2660.2851226099583,360.2851226099583,False,39.89973735809326
adeo,9,F9: Composition Function 1,10,10,200000,2660.169628221674,360.169628221674,False,38.88998675346375
adeo,9,F9: Composition Function 1,10,11,200000,2315.958689575599,15.958689575598784,False,40.47602701187134
adeo,9,F9: Composition Function 1,10,12,200000,2660.607663940969,360.6076639409689,False,41.20501780509949
adeo,9,F9: Composition Function 1,10,13,200000,2659.815378435649,359.8153784356491,False,39.50189709663391
adeo,9,F9: Composition Function 1,10,14,200000,2663.361286839997,363.36128683999686,False,39.10770225524902
adeo,9,F9: Composition Function 1,10,15,200000,2320.690332114937,20.690332114937064,False,39.07687306404114
adeo,9,F9: Composition Function 1,10,16,200000,2667.493321405736,367.493321405736,False,38.90367913246155
adeo,9,F9: Composition Function 1,10,17,200000,2662.79804909844,362.79804909844006,False,39.383721351623535
adeo,9,F9: Composition Function 1,10,18,200000,2659.669850966135,359.6698509661351,False,39.42400860786438
adeo,9,F9: Composition Function 1,10,19,200000,2341.2851986228407,41.28519862284065,False,39.72535610198975
adeo,9,F9: Composition Function 1,10,20,200000,2661.0617444139266,361.0617444139266,False,39.88072466850281
adeo,9,F9: Composition Function 1,10,21,200000,2659.7615158197304,359.76151581973045,False,39.441654205322266
adeo,9,F9: Composition Function 1,10,22,200000,2659.394468300909,359.39446830090856,False,39.837552309036255
adeo,9,F9: Composition Function 1,10,23,200000,2661.4840776057536,361.4840776057536,False,41.24363374710083
adeo,9,F9: Composition Function 1,10,24,200000,2660.847960699677,360.8479606996775,False,40.3750364780426
adeo,9,F9: Composition Function 1,10,25,200000,2668.508497832442,368.5084978324421,False,41.44384765625
adeo,9,F9: Composition Function 1,10,26,200000,2661.064540612459,361.06454061245904,False,40.43831467628479
adeo,9,F9: Composition Function 1,10,27,200000,2406.693747775645,106.69374777564552,False,41.31761908531189
adeo,9,F9: Composition Function 1,10,28,200000,2664.231629735398,364.2316297353982,False,40.08297491073608
adeo,9,F9: Composition Function 1,10,29,200000,2661.0851298066204,361.0851298066205,False,41.079962491989136
adeo,9,F9: Composition Function 1,10,30,200000,2660.925990612048,360.92599061204737,False,42.77113556861877
adeo,10,F10: Composition Function 2,10,1,200000,2620.892425722606,220.89242572260585,False,41.6569299697876
adeo,10,F10: Composition Function 2,10,2,200000,2620.905641193824,220.90564119382407,False,42.67780613899231
adeo,10,F10: Composition Function 2,10,3,200000,2620.921466995011,220.9214669950111,False,42.77506065368652
adeo,10,F10: Composition Function 2,10,4,200000,2620.904191340095,220.9041913400952,False,42.47328019142151
adeo,10,F10: Composition Function 2,10,5,200000,2620.215665982829,220.2156659828288,False,41.067108392715454
adeo,10,F10: Composition Function 2,10,6,200000,2620.949720750521,220.94972075052144,False,41.4147264957428
adeo,10,F10: Composition Function 2,10,7,200000,2620.896416131073,220.89641613107324,False,45.87595796585083
adeo,10,F10: Composition Function 2,10,8,200000,2620.8736877745487,220.87368777454867,False,45.39255404472351
adeo,10,F10: Composition Function 2,10,9,200000,2620.9069808724403,220.90698087244027,False,43.71535325050354
adeo,10,F10: Composition Function 2,10,10,200000,2620.9558954182503,220.9558954182503,False,42.99813222885132
adeo,10,F10: Composition Function 2,10,11,200000,2621.067597012696,221.06759701269584,False,42.10585904121399
adeo,10,F10: Composition Function 2,10,12,200000,2620.895766163346,220.8957661633458,False,43.11972689628601
adeo,10,F10: Composition Function 2,10,13,200000,2620.905785172108,220.9057851721077,False,43.52981495857239
adeo,10,F10: Composition Function 2,10,14,200000,2620.977224219347,220.97722421934716,False,44.77400040626526
adeo,10,F10: Composition Function 2,10,15,200000,2620.8794683074657,220.8794683074657,False,43.020315170288086
adeo,10,F10: Composition Function 2,10,16,200000,2620.8997779716924,220.8997779716924,False,43.32761788368225
adeo,10,F10: Composition Function 2,10,17,200000,2620.9046689310458,220.90466893104576,False,43.99366903305054
adeo,10,F10: Composition Function 2,10,18,200000,2620.9903147302507,220.9903147302507,False,42.52527761459351
adeo,10,F10: Composition Function 2,10,19,200000,2620.9393341112045,220.9393341112045,False,42.03171682357788
adeo,10,F10: Composition Function 2,10,20,200000,2620.9487745779197,220.94877457791927,False,41.50116276741028
adeo,10,F10: Composition Function 2,10,21,200000,2620.930751218796,220.9307512187961,False,42.09166383743286
adeo,10,F10: Composition Function 2,10,22,200000,2620.9144430836595,220.91444308365956,False,40.70854163169861
adeo,10,F10: Composition Function 2,10,23,200000,2620.8766268939617,220.87662689396169,False,40.63960433006287
adeo,10,F10: Composition Function 2,10,24,200000,2620.8735676205038,220.8735676205033,False,41.3445463180542
adeo,10,F10: Composition Function 2,10,25,200000,2620.8863793487994,220.88637934879944,False,41.02767539024353
adeo,10,F10: Composition Function 2,10,26,200000,2620.892773963586,220.892773963586,False,40.5217821598053
adeo,10,F10: Composition Function 2,10,27,200000,2620.87265303139,220.8726530313902,False,40.24556255340576
adeo,10,F10: Composition Function 2,10,28,200000,2620.8807526221167,220.8807526221167,False,40.87937378883362
adeo,10,F10: Composition Function 2,10,29,200000,2620.970257294096,220.970257294096,False,40.529242753982544
adeo,10,F10: Composition Function 2,10,30,200000,2620.874823828172,220.87482382817188,False,40.34407424926758
adeo,11,F11: Composition Function 3,10,1,200000,2618.06023961335,18.06023961334995,False,58.30068564414978
adeo,11,F11: Composition Function 3,10,2,200000,2600.988224202072,0.9882242020717058,False,64.35518002510071
adeo,11,F11: Composition Function 3,10,3,200000,2622.138982631513,22.138982631513045,False,60.28722357749939
adeo,11,F11: Composition Function 3,10,4,200000,2615.094706294876,15.094706294876232,False,59.3786404132843
adeo,11,F11: Composition Function 3,10,5,200000,2600.0000000066966,6.6966094891540714e-09,True,59.06547117233277
adeo,11,F11: Composition Function 3,10,6,200000,2600.000000000229,2.2919266484677792e-10,True,60.49758958816528
adeo,11,F11: Composition Function 3,10,7,200000,2600.000000002438,2.437900548102334e-09,True,60.390554666519165
adeo,11,F11: Composition Function 3,10,8,200000,2600.000000005506,5.5060809245333076e-09,True,59.10597395896912
adeo,11,F11: Composition Function 3,10,9,200000,2611.1530042752293,11.15300427522925,False,59.21805357933045
adeo,11,F11: Composition Function 3,10,10,200000,2609.2411214562976,9.241121456297606,False,61.05315923690796
adeo,11,F11: Composition Function 3,10,11,200000,2600.000000000506,5.061338015366346e-10,True,59.17807412147522
adeo,11,F11: Composition Function 3,10,12,200000,2600.0000000015143,1.5143086784519255e-09,True,60.316670417785645
adeo,11,F11: Composition Function 3,10,13,200000,2621.1881061123504,21.1881061123504,False,61.13790512084961
adeo,11,F11: Composition Function 3,10,14,200000,2600.000000000046,4.592948243953288e-11,True,59.69037842750549
adeo,11,F11: Composition Function 3,10,15,200000,2600.000000009082,9.08221409190446e-09,True,59.45414638519287
adeo,11,F11: Composition Function 3,10,16,200000,2600.000000002312,2.311935531906784e-09,True,61.28244996070862
adeo,11,F11: Composition Function 3,10,17,200000,2600.0000000040795,4.0795384848024704e-09,True,58.691964626312256
adeo,11,F11: Composition Function 3,10,18,200000,2611.0128725912377,11.012872591237738,False,59.3368456363678
adeo,11,F11: Composition Function 3,10,19,200000,2600.4655114587763,0.4655114587762909,False,59.88165497779846
adeo,11,F11: Composition Function 3,10,20,200000,2600.0000000014334,1.4333636499941351e-09,True,59.59621047973633
adeo,11,F11: Composition Function 3,10,21,200000,2647.941088695726,47.941088695726194,False,61.40150308609009
adeo,11,F11: Composition Function 3,10,22,200000,2607.75001826922,7.750018269220163,False,61.37703943252564
adeo,11,F11: Composition Function 3,10,23,200000,2600.0000000044547,4.454705049283802e-09,True,58.39086318016052
adeo,11,F11: Composition Function 3,10,24,200000,2600.000000021518,2.151864464394748e-08,False,59.45605540275574
adeo,11,F11: Composition Function 3,10,25,200000,2600.0000000019427,1.9426806829869747e-09,True,58.66272282600403
adeo,11,F11: Composition Function 3,10,26,200000,2610.468021119879,10.468021119878811,False,59.96846508979797
adeo,11,F11: Composition Function 3,10,27,200000,2600.0000000000805,8.049028110690415e-11,True,59.149614334106445
adeo,11,F11: Composition Function 3,10,28,200000,2616.871274919728,16.871274919727966,False,59.69832801818848
adeo,11,F11: Composition Function 3,10,29,200000,2600.00000000039,3.906279744114727e-10,True,58.19211173057556
adeo,11,F11: Composition Function 3,10,30,200000,2621.084829892154,21.084829892154172,False,61.23129367828369
adeo,12,F12: Composition Function 4,10,1,200000,2866.014851971875,166.01485197187503,False,65.00200939178467
adeo,12,F12: Composition Function 4,10,2,200000,2865.922404699911,165.9224046999111,False,62.78217840194702
adeo,12,F12: Composition Function 4,10,3,200000,2865.9613060815404,165.96130608154044,False,63.46724104881287
adeo,12,F12: Composition Function 4,10,4,200000,2865.92653209702,165.92653209701984,False,62.8585569858551
adeo,12,F12: Composition Function 4,10,5,200000,2865.6701514319634,165.6701514319634,False,62.57421040534973
adeo,12,F12: Composition Function 4,10,6,200000,2865.9696401426027,165.96964014260266,False,62.703787088394165
adeo,12,F12: Composition Function 4,10,7,200000,2865.968490223885,165.96849022388506,False,64.07083296775818
adeo,12,F12: Composition Function 4,10,8,200000,2865.697851733485,165.69785173348555,False,62.49347186088562
adeo,12,F12: Composition Function 4,10,9,200000,2866.01342475016,166.01342475015963,False,61.32620692253113
adeo,12,F12: Composition Function 4,10,10,200000,2865.123294115996,165.12329411599603,False,60.96743440628052
adeo,12,F12: Composition Function 4,10,11,200000,2865.995822601041,165.9958226010408,False,60.01467442512512
adeo,12,F12: Composition Function 4,10,12,200000,2866.053282203357,166.05328220335696,False,60.19864940643311
adeo,12,F12: Composition Function 4,10,13,200000,2865.923898013176,165.92389801317586,False,64.49580144882202
adeo,12,F12: Composition Function 4,10,14,200000,2865.2102758961382,165.21027589613823,False,66.28962659835815
adeo,12,F12: Composition Function 4,10,15,200000,2866.0251086618096,166.02510866180955,False,66.64543437957764
adeo,12,F12: Composition Function 4,10,16,200000,2866.033517764893,166.03351776489308,False,66.43108177185059
adeo,12,F12: Composition Function 4,10,17,200000,2864.915283007012,164.91528300701202,False,69.27645492553711
adeo,12,F12: Composition Function 4,10,18,200000,2865.897976988683,165.8979769886828,False,67.7568039894104
adeo,12,F12: Composition Function 4,10,19,200000,2865.5728785695555,165.57287856955554,False,62.17838144302368
adeo,12,F12: Composition Function 4,10,20,200000,2866.144339617504,166.14433961750365,False,62.59550356864929
adeo,12,F12: Composition Function 4,10,21,200000,2865.92936146261,165.9293614626099,False,64.2773928642273
adeo,12,F12: Composition Function 4,10,22,200000,2865.996539274392,165.99653927439203,False,61.99461388587952
adeo,12,F12: Composition Function 4,10,23,200000,2865.6754089672418,165.67540896724176,False,61.69757962226868
adeo,12,F12: Composition Function 4,10,24,200000,2865.774737423053,165.774737423053,False,63.87289619445801
adeo,12,F12: Composition Function 4,10,25,200000,2865.217596321956,165.21759632195608,False,69.33789300918579
adeo,12,F12: Composition Function 4,10,26,200000,2865.358657312503,165.35865731250306,False,71.54846954345703
adeo,12,F12: Composition Function 4,10,27,200000,2866.010810526387,166.0108105263871,False,66.43833208084106
adeo,12,F12: Composition Function 4,10,28,200000,2865.09835218327,165.09835218326998,False,64.67261457443237
adeo,12,F12: Composition Function 4,10,29,200000,2864.5934985210174,164.5934985210174,False,61.69863057136536
adeo,12,F12: Composition Function 4,10,30,200000,2865.8986800679427,165.89868006794268,False,61.54595351219177
adeo,1,F1: Shifted and full Rotated Zakharov Function,20,1,1000000,650.0086997048692,350.0086997048692,False,77.1635537147522
adeo,1,F1: Shifted and full Rotated Zakharov Function,20,2,1000000,412.0127290070074,112.0127290070074,False,72.91078639030457
adeo,1,F1: Shifted and full Rotated Zakharov Function,20,3,1000000,362.9680921600049,62.96809216000492,False,72.66273593902588
adeo,1,F1: Shifted and full Rotated Zakharov Function,20,4,1000000,698.0144663553958,398.0144663553958,False,72.62752723693848
adeo,1,F1: Shifted and full Rotated Zakharov Function,20,5,1000000,512.7595091335739,212.75950913357397,False,76.38653945922852
adeo,1,F1: Shifted and full Rotated Zakharov Function,20,6,1000000,301.22934224554,1.2293422455400105,False,73.43159770965576
adeo,1,F1: Shifted and full Rotated Zakharov Function,20,7,1000000,301.4592416764469,1.4592416764468794,False,72.62266492843628
adeo,1,F1: Shifted and full Rotated Zakharov Function,20,8,1000000,784.1997117841095,484.1997117841095,False,73.09854412078857
adeo,1,F1: Shifted and full Rotated Zakharov Function,20,9,1000000,576.3878680875875,276.38786808758755,False,75.54838156700134
adeo,1,F1: Shifted and full Rotated Zakharov Function,20,10,1000000,407.3377843283446,107.33778432834458,False,77.11741089820862
adeo,1,F1: Shifted and full Rotated Zakharov Function,20,11,1000000,355.53651526351064,55.53651526351064,False,77.09321808815002
adeo,1,F1: Shifted and full Rotated Zakharov Function,20,12,1000000,336.3768101934138,36.3768101934138,False,77.44345235824585
adeo,1,F1: Shifted and full Rotated Zakharov Function,20,13,1000000,315.7357590650179,15.735759065017874,False,77.6644299030304
adeo,1,F1: Shifted and full Rotated Zakharov Function,20,14,1000000,463.8154776673202,163.81547766732024,False,77.52516317367554
adeo,1,F1: Shifted and full Rotated Zakharov Function,20,15,1000000,357.92299758596295,57.92299758596295,False,77.10933685302734
adeo,1,F1: Shifted and full Rotated Zakharov Function,20,16,1000000,321.9106723017701,21.91067230177009,False,76.5346941947937
adeo,1,F1: Shifted and full Rotated Zakharov Function,20,17,1000000,558.4491995360188,258.4491995360188,False,76.33128952980042
adeo,1,F1: Shifted and full Rotated Zakharov Function,20,18,1000000,745.384304697414,445.384304697414,False,77.07178902626038
adeo,1,F1: Shifted and full Rotated Zakharov Function,20,19,1000000,426.9326795656304,126.9326795656304,False,76.05596828460693
adeo,1,F1: Shifted and full Rotated Zakharov Function,20,20,1000000,304.89803251747884,4.898032517478839,False,76.17190670967102
adeo,1,F1: Shifted and full Rotated Zakharov Function,20,21,1000000,327.7445439406791,27.74454394067908,False,74.89968347549438
adeo,1,F1: Shifted and full Rotated Zakharov Function,20,22,1000000,401.35469574570857,101.35469574570855,False,74.76714873313904
adeo,1,F1: Shifted and full Rotated Zakharov Function,20,23,1000000,412.24184338055807,112.24184338055808,False,76.43497705459595
adeo,1,F1: Shifted and full Rotated Zakharov Function,20,24,1000000,329.26295745551283,29.262957455512836,False,76.95085167884827
adeo,1,F1: Shifted and full Rotated Zakharov Function,20,25,1000000,340.3974972290585,40.3974972290585,False,77.20881414413452
adeo,1,F1: Shifted and full Rotated Zakharov Function,20,26,1000000,382.25351471758427,82.25351471758427,False,80.32904076576233
adeo,1,F1: Shifted and full Rotated Zakharov Function,20,27,1000000,637.2323305597434,337.23233055974345,False,75.86913847923279
adeo,1,F1: Shifted and full Rotated Zakharov Function,20,28,1000000,300.73610255895045,0.7361025589504493,False,75.32159805297852
adeo,1,F1: Shifted and full Rotated Zakharov Function,20,29,1000000,325.8093730676239,25.80937306762388,False,76.24690103530884
adeo,1,F1: Shifted and full Rotated Zakharov Function,20,30,1000000,512.8924819141416,212.89248191414163,False,75.76380348205566
adeo,2,F2: Shifted and Rotated Rosenbrock’s Function,20,1,1000000,449.1618107877273,49.16181078772729,False,84.1429431438446
adeo,2,F2: Shifted and Rotated Rosenbrock’s Function,20,2,1000000,449.14551571168425,49.145515711684254,False,84.37165236473083
adeo,2,F2: Shifted and Rotated Rosenbrock’s Function,20,3,1000000,446.76652961279,46.76652961279001,False,85.92561912536621
adeo,2,F2: Shifted and Rotated Rosenbrock’s Function,20,4,1000000,449.2546421599949,49.254642159994944,False,85.40773701667786
adeo,2,F2: Shifted and Rotated Rosenbrock’s Function,20,5,1000000,449.3235304528496,49.32353045284958,False,86.32007169723511
adeo,2,F2: Shifted and Rotated Rosenbrock’s Function,20,6,1000000,449.1520212967357,49.15202129673571,False,86.35579991340637
adeo,2,F2: Shifted and Rotated Rosenbrock’s Function,20,7,1000000,449.13458495215616,49.13458495215616,False,88.5660548210144
adeo,2,F2: Shifted and Rotated Rosenbrock’s Function,20,8,1000000,449.1108500058674,49.110850005867405,False,88.50848364830017
adeo,2,F2: Shifted and Rotated Rosenbrock’s Function,20,9,1000000,449.2327838882886,49.23278388828862,False,85.67439794540405
adeo,2,F2: Shifted and Rotated Rosenbrock’s Function,20,10,1000000,449.2966878911039,49.296687891103886,False,87.18874549865723
adeo,2,F2: Shifted and Rotated Rosenbrock’s Function,20,11,1000000,449.2091558227297,49.20915582272971,False,85.73100447654724
adeo,2,F2: Shifted and Rotated Rosenbrock’s Function,20,12,1000000,449.13026404897977,49.13026404897977,False,87.26637148857117
adeo,2,F2: Shifted and Rotated Rosenbrock’s Function,20,13,1000000,449.4942489089432,49.494248908943234,False,86.81308460235596
adeo,2,F2: Shifted and Rotated Rosenbrock’s Function,20,14,1000000,449.39246468258415,49.39246468258415,False,86.39800095558167
adeo,2,F2: Shifted and Rotated Rosenbrock’s Function,20,15,1000000,449.2375414994724,49.2375414994724,False,84.32369804382324
adeo,2,F2: Shifted and Rotated Rosenbrock’s Function,20,16,1000000,449.2425013293866,49.24250132938664,False,84.67732644081116
adeo,2,F2: Shifted and Rotated Rosenbrock’s Function,20,17,1000000,449.20833405052207,49.20833405052207,False,78.9004876613617
adeo,2,F2: Shifted and Rotated Rosenbrock’s Function,20,18,1000000,449.1843570602989,49.18435706029891,False,79.10166263580322
adeo,2,F2: Shifted and Rotated Rosenbrock’s Function,20,19,1000000,449.1378965004658,49.137896500465786,False,79.35757422447205
adeo,2,F2: Shifted and Rotated Rosenbrock’s Function,20,20,1000000,449.16710899099104,49.16710899099104,False,80.54126930236816
adeo,2,F2: Shifted and Rotated Rosenbrock’s Function,20,21,1000000,449.4162108988271,49.4162108988271,False,79.70765900611877
adeo,2,F2: Shifted and Rotated Rosenbrock’s Function,20,22,1000000,449.2293587960776,49.22935879607763,False,79.13294839859009
adeo,2,F2: Shifted and Rotated Rosenbrock’s Function,20,23,1000000,449.2157614791069,49.215761479106845,False,79.65188717842102
adeo,2,F2: Shifted and Rotated Rosenbrock’s Function,20,24,1000000,449.1303217986294,49.13032179862938,False,79.6339361667633
adeo,2,F2: Shifted and Rotated Rosenbrock’s Function,20,25,1000000,449.3503129616541,49.35031296165414,False,80.4223473072052
adeo,2,F2: Shifted and Rotated Rosenbrock’s Function,20,26,1000000,449.2794668727972,49.27946687279717,False,80.09218859672546
adeo,2,F2: Shifted and Rotated Rosenbrock’s Function,20,27,1000000,449.1008666526356,49.100866652635546,False,80.84038710594177
adeo,2,F2: Shifted and Rotated Rosenbrock’s Function,20,28,1000000,449.2543519279311,49.254351927931054,False,80.2254011631012
adeo,2,F2: Shifted and Rotated Rosenbrock’s Function,20,29,1000000,449.2153714760083,49.21537147600827,False,92.06768894195557
adeo,2,F2: Shifted and Rotated Rosenbrock’s Function,20,30,1000000,449.2835930311488,49.283593031148826,False,84.4920244216919
adeo,3,F3: Shifted and full Rotated Expanded Schaffer’s F7,20,1,1000000,600.0000000000001,1.1368683772161605e-13,True,108.48900127410889
adeo,3,F3: Shifted and full Rotated Expanded Schaffer’s F7,20,2,1000000,600.0000000000007,6.821210263296962e-13,True,106.08985328674316
adeo,3,F3: Shifted and full Rotated Expanded Schaffer’s F7,20,3,1000000,600.0000000000001,1.1368683772161605e-13,True,106.25498628616332
adeo,3,F3: Shifted and full Rotated Expanded Schaffer’s F7,20,4,1000000,600.0000000000001,1.1368683772161605e-13,True,106.90056777000429
adeo,3,F3: Shifted and full Rotated Expanded Schaffer’s F7,20,5,1000000,600.0000000000001,1.1368683772161605e-13,True,106.71982955932616
adeo,3,F3: Shifted and full Rotated Expanded Schaffer’s F7,20,6,1000000,600.0000000000001,1.1368683772161605e-13,True,109.73268675804138
adeo,3,F3: Shifted and full Rotated Expanded Schaffer’s F7,20,7,1000000,600.0000000000001,1.1368683772161605e-13,True,107.00657606124878
adeo,3,F3: Shifted and full Rotated Expanded Schaffer’s F7,20,8,1000000,600.0000000000011,1.1368683772161605e-12,True,106.19855260849
adeo,3,F3: Shifted and full Rotated Expanded Schaffer’s F7,20,9,1000000,600.0000000000001,1.1368683772161605e-13,True,106.47106695175172
adeo,3,F3: Shifted and full Rotated Expanded Schaffer’s F7,20,10,1000000,600.0000000000001,1.1368683772161605e-13,True,106.05591106414796
adeo,3,F3: Shifted and full Rotated Expanded Schaffer’s F7,20,11,1000000,600.0000000000001,1.1368683772161605e-13,True,104.39266419410706
adeo,3,F3: Shifted and full Rotated Expanded Schaffer’s F7,20,12,1000000,600.0000000000001,1.1368683772161605e-13,True,115.561190366745
adeo,3,F3: Shifted and full Rotated Expanded Schaffer’s F7,20,13,1000000,600.0000000000002,2.273736754432321e-13,True,108.77952671051024
adeo,3,F3: Shifted and full Rotated Expanded Schaffer’s F7,20,14,1000000,600.0000000000002,2.273736754432321e-13,True,101.05348610877992
adeo,3,F3: Shifted and full Rotated Expanded Schaffer’s F7,20,15,1000000,600.0000000000001,1.1368683772161605e-13,True,101.58004212379456
adeo,3,F3: Shifted and full Rotated Expanded Schaffer’s F7,20,16,1000000,600.0000000000001,1.1368683772161605e-13,True,101.95265173912048
adeo,3,F3: Shifted and full Rotated Expanded Schaffer’s F7,20,17,1000000,600.0000000000001,1.1368683772161605e-13,True,100.5049283504486
adeo,3,F3: Shifted and full Rotated Expanded Schaffer’s F7,20,18,1000000,600.0000000000002,2.273736754432321e-13,True,105.55410766601562
adeo,3,F3: Shifted and full Rotated Expanded Schaffer’s F7,20,19,1000000,600.0000000000058,5.7980287238024175e-12,True,107.48076725006104
adeo,3,F3: Shifted and full Rotated Expanded Schaffer’s F7,20,20,1000000,600.0000000000001,1.1368683772161605e-13,True,102.92190599441528
adeo,3,F3: Shifted and full Rotated Expanded Schaffer’s F7,20,21,1000000,600.0000000000001,1.1368683772161605e-13,True,102.21297335624696
adeo,3,F3: Shifted and full Rotated Expanded Schaffer’s F7,20,22,1000000,600.0000000000001,1.1368683772161605e-13,True,102.89356184005736
adeo,3,F3: Shifted and full Rotated Expanded Schaffer’s F7,20,23,1000000,600.0000000000001,1.1368683772161605e-13,True,102.2654287815094
adeo,3,F3: Shifted and full Rotated Expanded Schaffer’s F7,20,24,1000000,600.0000000000001,1.1368683772161605e-13,True,102.0546576976776
adeo,3,F3: Shifted and full Rotated Expanded Schaffer’s F7,20,25,1000000,600.0000000000001,1.1368683772161605e-13,True,102.65095686912537
adeo,3,F3: Shifted and full Rotated Expanded Schaffer’s F7,20,26,1000000,600.0000000000014,1.3642420526593924e-12,True,102.17842626571657
adeo,3,F3: Shifted and full Rotated Expanded Schaffer’s F7,20,27,1000000,600.0000000000001,1.1368683772161605e-13,True,102.08836960792542
adeo,3,F3: Shifted and full Rotated Expanded Schaffer’s F7,20,28,1000000,600.0000000000001,1.1368683772161605e-13,True,102.92343831062315
adeo,3,F3: Shifted and full Rotated Expanded Schaffer’s F7,20,29,1000000,600.0000000000001,1.1368683772161605e-13,True,101.39250993728638
adeo,3,F3: Shifted and full Rotated Expanded Schaffer’s F7,20,30,1000000,600.0000000000001,1.1368683772161605e-13,True,102.10876369476318
adeo,4,F4: Shifted and Rotated Non-Continuous Rastrigin’s Function,20,1,1000000,850.2742547308129,50.27425473081291,False,129.85860419273376
adeo,4,F4: Shifted and Rotated Non-Continuous Rastrigin’s Function,20,2,1000000,846.4187178917136,46.41871789171364,False,129.51062488555908
adeo,4,F4: Shifted and Rotated Non-Continuous Rastrigin’s Function,20,3,1000000,840.0881215919495,40.08812159194952,False,129.1876072883606
adeo,4,F4: Shifted and Rotated Non-Continuous Rastrigin’s Function,20,4,1000000,856.36073813497,56.360738134970006,False,131.159996509552
adeo,4,F4: Shifted and Rotated Non-Continuous Rastrigin’s Function,20,5,1000000,850.1814707152008,50.18147071520082,False,129.8768150806427
adeo,4,F4: Shifted and Rotated Non-Continuous Rastrigin’s Function,20,6,1000000,859.364503449097,59.364503449097015,False,130.3171513080597
adeo,4,F4: Shifted and Rotated Non-Continuous Rastrigin’s Function,20,7,1000000,848.2585607681528,48.25856076815285,False,128.56803631782532
adeo,4,F4: Shifted and Rotated Non-Continuous Rastrigin’s Function,20,8,1000000,843.4600146975226,43.46001469752264,False,130.68692541122437
adeo,4,F4: Shifted and Rotated Non-Continuous Rastrigin’s Function,20,9,1000000,868.708623368198,68.708623368198,False,130.4538929462433
adeo,4,F4: Shifted and Rotated Non-Continuous Rastrigin’s Function,20,10,1000000,846.9127567225605,46.91275672256052,False,129.93392324447632
adeo,4,F4: Shifted and Rotated Non-Continuous Rastrigin’s Function,20,11,1000000,852.6754747861743,52.67547478617428,False,130.56509733200073
adeo,4,F4: Shifted and Rotated Non-Continuous Rastrigin’s Function,20,12,1000000,840.77284264133,40.77284264133005,False,129.95444655418396
adeo,4,F4: Shifted and Rotated Non-Continuous Rastrigin’s Function,20,13,1000000,863.776289682709,63.77628968270904,False,129.8322880268097
adeo,4,F4: Shifted and Rotated Non-Continuous Rastrigin’s Function,20,14,1000000,849.1329564707656,49.13295647076564,False,130.8038284778595
adeo,4,F4: Shifted and Rotated Non-Continuous Rastrigin’s Function,20,15,1000000,855.6649384829627,55.664938482962725,False,130.11124444007874
adeo,4,F4: Shifted and Rotated Non-Continuous Rastrigin’s Function,20,16,1000000,849.8129093968163,49.81290939681628,False,131.75523781776428
adeo,4,F4: Shifted and Rotated Non-Continuous Rastrigin’s Function,20,17,1000000,854.596772857931,54.596772857931,False,129.68956756591797
adeo,4,F4: Shifted and Rotated Non-Continuous Rastrigin’s Function,20,18,1000000,859.2926400482879,59.29264004828792,False,130.01968550682068
adeo,4,F4: Shifted and Rotated Non-Continuous Rastrigin’s Function,20,19,1000000,839.6793770405312,39.67937704053122,False,128.77353429794312
adeo,4,F4: Shifted and Rotated Non-Continuous Rastrigin’s Function,20,20,1000000,866.1582854270193,66.15828542701934,False,132.4069185256958
adeo,4,F4: Shifted and Rotated Non-Continuous Rastrigin’s Function,20,21,1000000,864.3002021383776,64.30020213837759,False,130.7083716392517
adeo,4,F4: Shifted and Rotated Non-Continuous Rastrigin’s Function,20,22,1000000,858.3575610314555,58.35756103145548,False,130.91603088378906
adeo,4,F4: Shifted and Rotated Non-Continuous Rastrigin’s Function,20,23,1000000,856.128144761089,56.12814476108895,False,130.25137567520142
adeo,4,F4: Shifted and Rotated Non-Continuous Rastrigin’s Function,20,24,1000000,846.6231653264296,46.62316532642956,False,131.34546756744385
adeo,4,F4: Shifted and Rotated Non-Continuous Rastrigin’s Function,20,25,1000000,850.7347047451359,50.7347047451359,False,130.84196710586548
adeo,4,F4: Shifted and Rotated Non-Continuous Rastrigin’s Function,20,26,1000000,845.3250315436372,45.32503154363724,False,130.12639665603638
adeo,4,F4: Shifted and Rotated Non-Continuous Rastrigin’s Function,20,27,1000000,856.8452631468994,56.84526314689936,False,129.4653422832489
adeo,4,F4: Shifted and Rotated Non-Continuous Rastrigin’s Function,20,28,1000000,860.8084786720541,60.80847867205409,False,129.008159160614
adeo,4,F4: Shifted and Rotated Non-Continuous Rastrigin’s Function,20,29,1000000,863.5429909398514,63.54299093985139,False,130.71892070770264
adeo,4,F4: Shifted and Rotated Non-Continuous Rastrigin’s Function,20,30,1000000,857.5248584486187,57.52485844861872,False,131.809814453125
adeo,5,F5: Shifted and Rotated Levy Function,20,1,1000000,900.0000046306897,4.6306896592795965e-06,False,91.64456486701964
adeo,5,F5: Shifted and Rotated Levy Function,20,2,1000000,900.0035003318013,0.0035003318013195,False,91.51987218856812
adeo,5,F5: Shifted and Rotated Levy Function,20,3,1000000,900.0001064730906,0.0001064730905682,False,91.50613903999329
adeo,5,F5: Shifted and Rotated Levy Function,20,4,1000000,900.0001458144183,0.0001458144182606,False,91.7490770816803
adeo,5,F5: Shifted and Rotated Levy Function,20,5,1000000,900.0000047252033,4.7252033255063e-06,False,90.89293360710144
adeo,5,F5: Shifted and Rotated Levy Function,20,6,1000000,900.0004454609048,0.000445460904757,False,91.54514932632446
adeo,5,F5: Shifted and Rotated Levy Function,20,7,1000000,900.0000015902159,1.5902159020697582e-06,False,91.50837922096252
adeo,5,F5: Shifted and Rotated Levy Function,20,8,1000000,900.0000000042087,4.2086867324542254e-09,True,91.68054270744324
adeo,5,F5: Shifted and Rotated Levy Function,20,9,1000000,900.00003529584,3.529584000716568e-05,False,91.26802849769592
adeo,5,F5: Shifted and Rotated Levy Function,20,10,1000000,900.0000095188324,9.518832371213648e-06,False,91.00848770141602
adeo,5,F5: Shifted and Rotated Levy Function,20,11,1000000,900.0000065832355,6.5832355176098645e-06,False,90.47709727287292
adeo,5,F5: Shifted and Rotated Levy Function,20,12,1000000,900.0000000477328,4.7732783059473156e-08,False,91.51122117042542
adeo,5,F5: Shifted and Rotated Levy Function,20,13,1000000,900.0010743241347,0.0010743241347199,False,90.15457010269164
adeo,5,F5: Shifted and Rotated Levy Function,20,14,1000000,900.0000175615904,1.756159042543004e-05,False,90.2488067150116
adeo,5,F5: Shifted and Rotated Levy Function,20,15,1000000,900.0000134152282,1.3415228181656856e-05,False,90.94650936126708
adeo,5,F5: Shifted and Rotated Levy Function,20,16,1000000,900.0000476480462,4.764804623391683e-05,False,90.82888770103456
adeo,5,F5: Shifted and Rotated Levy Function,20,17,1000000,900.0000027985237,2.7985237238681293e-06,False,89.87606358528137
adeo,5,F5: Shifted and Rotated Levy Function,20,18,1000000,900.0000713041073,7.130410733680037e-05,False,91.34890222549438
adeo,5,F5: Shifted and Rotated Levy Function,20,19,1000000,900.0000001885038,1.8850380456569843e-07,False,90.39362335205078
adeo,5,F5: Shifted and Rotated Levy Function,20,20,1000000,900.0000342492862,3.424928615913814e-05,False,91.85275220870972
adeo,5,F5: Shifted and Rotated Levy Function,20,21,1000000,900.0000063473759,6.347375915538578e-06,False,90.95130968093872
adeo,5,F5: Shifted and Rotated Levy Function,20,22,1000000,900.0000000825396,8.2539600043674e-08,False,90.88163590431212
adeo,5,F5: Shifted and Rotated Levy Function,20,23,1000000,900.0000065505337,6.550533726112917e-06,False,90.99599146842957
adeo,5,F5: Shifted and Rotated Levy Function,20,24,1000000,900.0000535758281,5.357582813303452e-05,False,91.42301511764526
adeo,5,F5: Shifted and Rotated Levy Function,20,25,1000000,900.0000019820409,1.9820408851956017e-06,False,90.45168900489809
adeo,5,F5: Shifted and Rotated Levy Function,20,26,1000000,900.0000089468261,8.946826142164355e-06,False,90.3276047706604
adeo,5,F5: Shifted and Rotated Levy Function,20,27,1000000,900.0000525454074,5.2545407356774376e-05,False,90.98661708831789
adeo,5,F5: Shifted and Rotated Levy Function,20,28,1000000,900.0000099432839,9.943283885149867e-06,False,90.75234937667848
adeo,5,F5: Shifted and Rotated Levy Function,20,29,1000000,900.000009519735,9.519735044705158e-06,False,90.74942994117735
adeo,5,F5: Shifted and Rotated Levy Function,20,30,1000000,900.0000055774559,5.57745590867853e-06,False,90.58991646766664
adeo,6,F6: Hybrid Function 1,20,1,1000000,285134.7568361515,283334.7568361515,False,98.84819793701172
adeo,6,F6: Hybrid Function 1,20,2,1000000,197641.99094503484,195841.99094503484,False,98.87177109718324
adeo,6,F6: Hybrid Function 1,20,3,1000000,225671.38966403907,223871.38966403907,False,99.79397821426392
adeo,6,F6: Hybrid Function 1,20,4,1000000,164701.40074061762,162901.40074061762,False,98.6484761238098
adeo,6,F6: Hybrid Function 1,20,5,1000000,312861.5543305454,311061.5543305454,False,98.81439065933228
adeo,6,F6: Hybrid Function 1,20,6,1000000,129044.05518312757,127244.05518312757,False,98.09572196006776
adeo,6,F6: Hybrid Function 1,20,7,1000000,261098.50387713505,259298.50387713505,False,98.89328646659852
adeo,6,F6: Hybrid Function 1,20,8,1000000,218732.3350081344,216932.3350081344,False,98.69225859642027
adeo,6,F6: Hybrid Function 1,20,9,1000000,169326.92394514944,167526.92394514944,False,98.74606990814208
adeo,6,F6: Hybrid Function 1,20,10,1000000,148259.0500781401,146459.0500781401,False,98.30977725982666
adeo,6,F6: Hybrid Function 1,20,11,1000000,246697.717972786,244897.717972786,False,98.85630416870116
adeo,6,F6: Hybrid Function 1,20,12,1000000,213827.2062538671,212027.2062538671,False,99.2857310771942
adeo,6,F6: Hybrid Function 1,20,13,1000000,285434.02125493763,283634.02125493763,False,98.07669758796692
adeo,6,F6: Hybrid Function 1,20,14,1000000,265027.0535428544,263227.0535428544,False,98.3405783176422
adeo,6,F6: Hybrid Function 1,20,15,1000000,411987.8706893373,410187.8706893373,False,98.54515552520752
adeo,6,F6: Hybrid Function 1,20,16,1000000,194706.05167064007,192906.05167064007,False,98.37454080581664
adeo,6,F6: Hybrid Function 1,20,17,1000000,117098.97077268866,115298.97077268866,False,97.8663318157196
adeo,6,F6: Hybrid Function 1,20,18,1000000,138161.31001375066,136361.31001375066,False,98.82885456085204
adeo,6,F6: Hybrid Function 1,20,19,1000000,128358.5171252701,126558.5171252701,False,99.00335359573364
adeo,6,F6: Hybrid Function 1,20,20,1000000,176182.7030018475,174382.7030018475,False,97.64591217041016
adeo,6,F6: Hybrid Function 1,20,21,1000000,250507.89799342657,248707.89799342657,False,99.4081802368164
adeo,6,F6: Hybrid Function 1,20,22,1000000,166090.47362759814,164290.47362759814,False,98.06395435333252
adeo,6,F6: Hybrid Function 1,20,23,1000000,290162.4607513479,288362.4607513479,False,98.2722396850586
adeo,6,F6: Hybrid Function 1,20,24,1000000,130328.33956391797,128528.33956391797,False,97.97267246246338
adeo,6,F6: Hybrid Function 1,20,25,1000000,226709.92073011768,224909.92073011768,False,97.69375014305116
adeo,6,F6: Hybrid Function 1,20,26,1000000,105291.60515012578,103491.60515012578,False,98.40807914733888
adeo,6,F6: Hybrid Function 1,20,27,1000000,119658.97173234318,117858.97173234318,False,98.95427370071413
adeo,6,F6: Hybrid Function 1,20,28,1000000,239689.9788277005,237889.9788277005,False,98.12701892852785
adeo,6,F6: Hybrid Function 1,20,29,1000000,153924.42811697524,152124.42811697524,False,98.0680766105652
adeo,6,F6: Hybrid Function 1,20,30,1000000,195178.9908310128,193378.9908310128,False,98.36196374893188
adeo,7,F7: Hybrid Function 2,20,1,1000000,2034.5509550647068,34.55095506470684,False,873.7473962306976
adeo,7,F7: Hybrid Function 2,20,2,1000000,2030.3500905711064,30.350090571106197,False,878.5169751644135
adeo,7,F7: Hybrid Function 2,20,3,1000000,2027.7311823977052,27.731182397705425,False,877.9856114387512
adeo,7,F7: Hybrid Function 2,20,4,1000000,2029.180616050805,29.18061605080493,False,876.7857723236084
adeo,7,F7: Hybrid Function 2,20,5,1000000,2029.8895140475115,29.88951404751151,False,879.992577791214
adeo,7,F7: Hybrid Function 2,20,6,1000000,2035.5424536885985,35.54245368859824,False,880.1230041980743
adeo,7,F7: Hybrid Function 2,20,7,1000000,2030.9565485399287,30.95654853992869,False,873.8662223815918
adeo,7,F7: Hybrid Function 2,20,8,1000000,2030.4253895258337,30.42538952583368,False,879.7219371795654
adeo,7,F7: Hybrid Function 2,20,9,1000000,2029.6712822079423,29.671282207942568,False,878.3117935657501
adeo,7,F7: Hybrid Function 2,20,10,1000000,2031.7359407542224,31.73594075422261,False,879.3502163887024
adeo,7,F7: Hybrid Function 2,20,11,1000000,2032.3318697473808,32.33186974738055,False,879.6424717903137
adeo,7,F7: Hybrid Function 2,20,12,1000000,2029.1340947138765,29.134094713876262,False,879.3905551433563
adeo,7,F7: Hybrid Function 2,20,13,1000000,2029.2318059749136,29.23180597491364,False,873.773738861084
adeo,7,F7: Hybrid Function 2,20,14,1000000,2032.5785274476157,32.57852744761544,False,876.8024115562439
adeo,7,F7: Hybrid Function 2,20,15,1000000,2028.9989804728243,28.998980472824314,False,872.5887138843536
adeo,7,F7: Hybrid Function 2,20,16,1000000,2029.6847270357569,29.684727035756623,False,871.1032538414001
adeo,7,F7: Hybrid Function 2,20,17,1000000,2031.1910040384928,31.191004038493247,False,868.0730755329132
adeo,7,F7: Hybrid Function 2,20,18,1000000,2030.526996502446,30.52699650244608,False,869.0165309906006
adeo,7,F7: Hybrid Function 2,20,19,1000000,2028.502905695606,28.50290569560593,False,868.5344116687775
adeo,7,F7: Hybrid Function 2,20,20,1000000,2026.1231728920463,26.12317289204634,False,873.1360533237457
adeo,7,F7: Hybrid Function 2,20,21,1000000,2031.4473649682984,31.447364968298643,False,875.3670828342438
adeo,7,F7: Hybrid Function 2,20,22,1000000,2030.1326469416013,30.13264694160148,False,874.091756105423
adeo,7,F7: Hybrid Function 2,20,23,1000000,2027.658970388081,27.65897038808112,False,868.7419726848602
adeo,7,F7: Hybrid Function 2,20,24,1000000,2029.306588777255,29.306588777255,False,873.745513677597
adeo,7,F7: Hybrid Function 2,20,25,1000000,2030.4519540240924,30.4519540240924,False,875.9152760505676
adeo,7,F7: Hybrid Function 2,20,26,1000000,2031.1823407270576,31.182340727057635,False,873.4113638401031
adeo,7,F7: Hybrid Function 2,20,27,1000000,2029.107012114804,29.107012114804093,False,874.4271674156189
adeo,7,F7: Hybrid Function 2,20,28,1000000,2029.9555688979892,29.95556889798945,False,873.6353778839111
adeo,7,F7: Hybrid Function 2,20,29,1000000,2028.058662442168,28.05866244216781,False,870.9005572795868
adeo,7,F7: Hybrid Function 2,20,30,1000000,2029.1599004803995,29.15990048039953,False,875.5407609939575
adeo,8,F8: Hybrid Function 3,20,1,1000000,2643.952273889544,443.9522738895439,False,1212.8684554100037
adeo,8,F8: Hybrid Function 3,20,2,1000000,2604.514284289296,404.5142842892956,False,1211.9785945415497
adeo,8,F8: Hybrid Function 3,20,3,1000000,2632.1322234413788,432.1322234413788,False,1220.2632949352264
adeo,8,F8: Hybrid Function 3,20,4,1000000,2561.2296140199355,361.2296140199355,False,1216.8599944114685
adeo,8,F8: Hybrid Function 3,20,5,1000000,2535.427620107982,335.427620107982,False,1218.5000505447388
adeo,8,F8: Hybrid Function 3,20,6,1000000,2522.166657709772,322.1666577097717,False,1210.75226354599
adeo,8,F8: Hybrid Function 3,20,7,1000000,2319.872873594717,119.87287359471657,False,1210.9243638515472
adeo,8,F8: Hybrid Function 3,20,8,1000000,2702.735236393462,502.735236393462,False,1211.240380525589
adeo,8,F8: Hybrid Function 3,20,9,1000000,2703.368163018109,503.368163018109,False,1215.7424154281616
adeo,8,F8: Hybrid Function 3,20,10,1000000,2887.6873886902736,687.6873886902736,False,1215.794927358627
adeo,8,F8: Hybrid Function 3,20,11,1000000,3315.8847469352886,1115.8847469352886,False,1213.8059718608856
adeo,8,F8: Hybrid Function 3,20,12,1000000,2635.483384035017,435.483384035017,False,1208.7194001674652
adeo,8,F8: Hybrid Function 3,20,13,1000000,2694.544323666544,494.5443236665442,False,1209.6131598949432
adeo,8,F8: Hybrid Function 3,20,14,1000000,2507.941318082748,307.94131808274733,False,1212.6464321613312
adeo,8,F8: Hybrid Function 3,20,15,1000000,2670.6073766411646,470.6073766411646,False,1217.385478258133
adeo,8,F8: Hybrid Function 3,20,16,1000000,2494.213884707687,294.2138847076872,False,1244.9001777172089
adeo,8,F8: Hybrid Function 3,20,17,1000000,2306.3303124151776,106.33031241517756,False,1266.8778402805328
adeo,8,F8: Hybrid Function 3,20,18,1000000,2954.997406792344,754.997406792344,False,1260.0198550224304
adeo,8,F8: Hybrid Function 3,20,19,1000000,2564.9380831902863,364.9380831902863,False,1260.4364795684814
adeo,8,F8: Hybrid Function 3,20,20,1000000,2503.187188213257,303.18718821325683,False,1257.9493753910065
adeo,8,F8: Hybrid Function 3,20,21,1000000,2411.357246918305,211.35724691830453,False,1256.530872106552
adeo,8,F8: Hybrid Function 3,20,22,1000000,2397.676325857167,197.67632585716683,False,1252.5957479476929
adeo,8,F8: Hybrid Function 3,20,23,1000000,2596.020498914302,396.02049891430215,False,1253.9244151115415
adeo,8,F8: Hybrid Function 3,20,24,1000000,2436.800383808436,236.800383808436,False,1251.069165468216
adeo,8,F8: Hybrid Function 3,20,25,1000000,2570.080490739181,370.0804907391812,False,1252.155261039734
adeo,8,F8: Hybrid Function 3,20,26,1000000,2510.828255447623,310.8282554476232,False,1244.458527326584
adeo,8,F8: Hybrid Function 3,20,27,1000000,2423.0604983538533,223.0604983538533,False,1233.1879680156708
adeo,8,F8: Hybrid Function 3,20,28,1000000,2649.784599839275,449.78459983927496,False,1202.0469057559967
adeo,8,F8: Hybrid Function 3,20,29,1000000,2839.247191118609,639.247191118609,False,1237.5989937782288
adeo,8,F8: Hybrid Function 3,20,30,1000000,2444.7445621297707,244.74456212977063,False,1263.8688139915466
adeo,9,F9: Composition Function 1,20,1,1000000,2641.273360527879,341.27336052787905,False,201.36709666252136
adeo,9,F9: Composition Function 1,20,2,1000000,2637.91032663814,337.91032663813985,False,200.9203178882599
adeo,9,F9: Composition Function 1,20,3,1000000,2638.5949083232663,338.5949083232663,False,200.88529634475708
adeo,9,F9: Composition Function 1,20,4,1000000,2640.670137174301,340.67013717430154,False,203.9338083267212
adeo,9,F9: Composition Function 1,20,5,1000000,2636.679620650364,336.67962065036363,False,200.7263605594635
adeo,9,F9: Composition Function 1,20,6,1000000,2642.0647853432565,342.0647853432565,False,200.6161458492279
adeo,9,F9: Composition Function 1,20,7,1000000,2637.894637513725,337.89463751372523,False,200.6466007232666
adeo,9,F9: Composition Function 1,20,8,1000000,2648.6699133655543,348.6699133655543,False,190.96354174613955
adeo,9,F9: Composition Function 1,20,9,1000000,2639.0896072765577,339.0896072765577,False,190.26161980628967
adeo,9,F9: Composition Function 1,20,10,1000000,2637.790999120577,337.790999120577,False,190.01279282569885
adeo,9,F9: Composition Function 1,20,11,1000000,2638.2058393899565,338.2058393899565,False,191.2402675151825
adeo,9,F9: Composition Function 1,20,12,1000000,2641.7012519110585,341.70125191105853,False,189.2113127708435
adeo,9,F9: Composition Function 1,20,13,1000000,2636.5562710236604,336.55627102366043,False,191.2318153381348
adeo,9,F9: Composition Function 1,20,14,1000000,2637.1708361257497,337.1708361257497,False,190.11729860305783
adeo,9,F9: Composition Function 1,20,15,1000000,2638.323713315729,338.3237133157295,False,191.24030423164368
adeo,9,F9: Composition Function 1,20,16,1000000,2638.6785382906746,338.6785382906746,False,192.02212238311768
adeo,9,F9: Composition Function 1,20,17,1000000,2639.610863879487,339.6108638794872,False,188.8961265087128
adeo,9,F9: Composition Function 1,20,18,1000000,2637.7055109828307,337.7055109828307,False,194.7547874450684
adeo,9,F9: Composition Function 1,20,19,1000000,2638.632746338598,338.6327463385978,False,204.30047273635864
adeo,9,F9: Composition Function 1,20,20,1000000,2639.34280687462,339.3428068746193,False,209.41849517822263
adeo,9,F9: Composition Function 1,20,21,1000000,2636.783389567612,336.7833895676117,False,206.26440167427063
adeo,9,F9: Composition Function 1,20,22,1000000,2637.3818667019978,337.3818667019977,False,206.02971243858337
adeo,9,F9: Composition Function 1,20,23,1000000,2639.8403246899047,339.8403246899047,False,206.04672145843503
adeo,9,F9: Composition Function 1,20,24,1000000,2636.923441988774,336.9234419887739,False,196.94140338897705
adeo,9,F9: Composition Function 1,20,25,1000000,2636.115450974257,336.1154509742569,False,200.57802152633667
adeo,9,F9: Composition Function 1,20,26,1000000,2638.600925064557,338.6009250645575,False,202.99885153770447
adeo,9,F9: Composition Function 1,20,27,1000000,2637.8872055839656,337.8872055839656,False,199.28808426856995
adeo,9,F9: Composition Function 1,20,28,1000000,2641.436381251508,341.436381251508,False,196.25967478752136
adeo,9,F9: Composition Function 1,20,29,1000000,2638.336862503582,338.33686250358187,False,199.68418645858765
adeo,9,F9: Composition Function 1,20,30,1000000,2637.7096294939283,337.70962949392833,False,193.19925785064697
adeo,10,F10: Composition Function 2,20,1,1000000,2798.370590818781,398.3705908187813,False,198.40514969825745
adeo,10,F10: Composition Function 2,20,2,1000000,2805.627656133319,405.6276561333189,False,198.91391158103943
adeo,10,F10: Composition Function 2,20,3,1000000,2800.4518396260646,400.4518396260646,False,197.5464932918549
adeo,10,F10: Composition Function 2,20,4,1000000,2802.5762126066816,402.5762126066816,False,203.64014887809756
adeo,10,F10: Composition Function 2,20,5,1000000,2801.350723906748,401.3507239067476,False,205.88122582435608
adeo,10,F10: Composition Function 2,20,6,1000000,2805.2863471268374,405.2863471268374,False,198.21773147583008
adeo,10,F10: Composition Function 2,20,7,1000000,4006.755623012923,1606.755623012923,False,195.69991874694824
adeo,10,F10: Composition Function 2,20,8,1000000,2801.7688168954,401.7688168954001,False,202.92457699775696
adeo,10,F10: Composition Function 2,20,9,1000000,2805.327584179011,405.32758417901096,False,196.48962569236755
adeo,10,F10: Composition Function 2,20,10,1000000,2803.272366114316,403.2723661143159,False,197.17914938926697
adeo,10,F10: Composition Function 2,20,11,1000000,2801.371928023216,401.3719280232162,False,190.81773853302
adeo,10,F10: Composition Function 2,20,12,1000000,2807.25646267507,407.25646267507,False,193.4560468196869
adeo,10,F10: Composition Function 2,20,13,1000000,2802.5449404289134,402.5449404289134,False,196.2222375869751
adeo,10,F10: Composition Function 2,20,14,1000000,2797.429851969319,397.42985196931886,False,194.6307656764984
adeo,10,F10: Composition Function 2,20,15,1000000,2797.0169051921503,397.0169051921503,False,186.13621592521667
adeo,10,F10: Composition Function 2,20,16,1000000,2801.534974736879,401.5349747368791,False,188.39092993736267
adeo,10,F10: Composition Function 2,20,17,1000000,2806.6401859441407,406.6401859441408,False,182.9768617153168
adeo,10,F10: Composition Function 2,20,18,1000000,2809.8991759376186,409.89917593761857,False,184.7341358661652
adeo,10,F10: Composition Function 2,20,19,1000000,2802.8037538340054,402.8037538340054,False,177.45171737670898
adeo,10,F10: Composition Function 2,20,20,1000000,2961.942300323084,561.942300323084,False,178.94606256484985
adeo,10,F10: Composition Function 2,20,21,1000000,2806.604746187033,406.6047461870335,False,181.3838267326355
adeo,10,F10: Composition Function 2,20,22,1000000,2802.9296588590228,402.9296588590228,False,179.7463343143463
adeo,10,F10: Composition Function 2,20,23,1000000,2800.6590417689717,400.6590417689713,False,183.07829785346985
adeo,10,F10: Composition Function 2,20,24,1000000,2799.160831677491,399.1608316774909,False,182.93541646003723
adeo,10,F10: Composition Function 2,20,25,1000000,2802.297620272472,402.2976202724717,False,158.4802861213684
adeo,10,F10: Composition Function 2,20,26,1000000,2801.321707046972,401.32170704697137,False,171.46687078475952
adeo,10,F10: Composition Function 2,20,27,1000000,2810.0355548646485,410.0355548646485,False,196.5580894947052
adeo,10,F10: Composition Function 2,20,28,1000000,2806.9291054731893,406.9291054731893,False,197.0604956150055
adeo,10,F10: Composition Function 2,20,29,1000000,2804.2496341619844,404.2496341619844,False,187.6759271621704
adeo,10,F10: Composition Function 2,20,30,1000000,2805.463623812708,405.4636238127082,False,177.6520607471466
adeo,11,F11: Composition Function 3,20,1,1000000,2650.220030992435,50.22003099243511,False,274.9717438220978
adeo,11,F11: Composition Function 3,20,2,1000000,2633.138633961838,33.13863396183797,False,266.1242566108704
adeo,11,F11: Composition Function 3,20,3,1000000,2617.946963293188,17.946963293187764,False,262.7445013523102
adeo,11,F11: Composition Function 3,20,4,1000000,2616.7896456992867,16.789645699286666,False,264.7891082763672
adeo,11,F11: Composition Function 3,20,5,1000000,2601.0346287210946,1.0346287210945777,False,261.1482951641083
adeo,11,F11: Composition Function 3,20,6,1000000,2602.2181860063465,2.2181860063465138,False,261.563640832901
adeo,11,F11: Composition Function 3,20,7,1000000,2610.862241539079,10.86224153907915,False,265.1727831363678
adeo,11,F11: Composition Function 3,20,8,1000000,3849.743865664684,1249.7438656646837,False,266.66591215133667
adeo,11,F11: Composition Function 3,20,9,1000000,2600.967668634643,0.9676686346429052,False,260.53815960884094
adeo,11,F11: Composition Function 3,20,10,1000000,2617.791856290068,17.7918562900677,False,268.0528540611267
adeo,11,F11: Composition Function 3,20,11,1000000,2610.845895959498,10.845895959498192,False,264.5758910179138
adeo,11,F11: Composition Function 3,20,12,1000000,2608.23208447594,8.2320844759397,False,262.8902940750122
adeo,11,F11: Composition Function 3,20,13,1000000,2610.9859219267537,10.98592192675369,False,265.85705947875977
adeo,11,F11: Composition Function 3,20,14,1000000,2613.0810240841965,13.081024084196542,False,264.7419550418854
adeo,11,F11: Composition Function 3,20,15,1000000,2607.637059207841,7.637059207841048,False,262.39228892326355
adeo,11,F11: Composition Function 3,20,16,1000000,2618.889469501936,18.889469501935764,False,265.5798773765564
adeo,11,F11: Composition Function 3,20,17,1000000,2640.5595902730065,40.559590273006506,False,268.8655469417572
adeo,11,F11: Composition Function 3,20,18,1000000,2608.7728370597047,8.77283705970467,False,266.0633478164673
adeo,11,F11: Composition Function 3,20,19,1000000,2610.06080125127,10.060801251269822,False,264.77973556518555
adeo,11,F11: Composition Function 3,20,20,1000000,2604.4384774795417,4.438477479541689,False,264.15910625457764
adeo,11,F11: Composition Function 3,20,21,1000000,2607.136038185242,7.136038185241887,False,263.02045917510986
adeo,11,F11: Composition Function 3,20,22,1000000,2619.0944321985244,19.094432198524373,False,264.0647840499878
adeo,11,F11: Composition Function 3,20,23,1000000,3212.9013324065286,612.9013324065286,False,267.801460981369
adeo,11,F11: Composition Function 3,20,24,1000000,2600.000000000003,3.183231456205249e-12,True,258.5539665222168
adeo,11,F11: Composition Function 3,20,25,1000000,2620.697186061833,20.69718606183324,False,261.37454104423523
adeo,11,F11: Composition Function 3,20,26,1000000,2618.7881959475512,18.78819594755123,False,266.9901032447815
adeo,11,F11: Composition Function 3,20,27,1000000,2606.703984151431,6.703984151431087,False,266.14235281944275
adeo,11,F11: Composition Function 3,20,28,1000000,2632.6756022900126,32.67560229001265,False,271.35563468933105
adeo,11,F11: Composition Function 3,20,29,1000000,2622.232436420911,22.2324364209112,False,270.4361252784729
adeo,11,F11: Composition Function 3,20,30,1000000,2610.938728340501,10.938728340500802,False,271.15475249290466
adeo,12,F12: Composition Function 4,20,1,1000000,2938.2850531749727,238.28505317497277,False,270.2812361717224
adeo,12,F12: Composition Function 4,20,2,1000000,2938.285039690918,238.285039690918,False,261.8522732257843
adeo,12,F12: Composition Function 4,20,3,1000000,2938.756777186829,238.7567771868289,False,264.31673073768616
adeo,12,F12: Composition Function 4,20,4,1000000,2938.3389556677835,238.33895566778347,False,264.1107006072998
adeo,12,F12: Composition Function 4,20,5,1000000,2938.523354898712,238.5233548987121,False,263.5355935096741
adeo,12,F12: Composition Function 4,20,6,1000000,2938.289427256159,238.2894272561589,False,261.00991797447205
adeo,12,F12: Composition Function 4,20,7,1000000,2945.3704425012484,245.3704425012484,False,260.9085190296173
adeo,12,F12: Composition Function 4,20,8,1000000,2938.452023278673,238.4520232786731,False,262.85396337509155
adeo,12,F12: Composition Function 4,20,9,1000000,2942.324643934427,242.32464393442703,False,264.1615946292877
adeo,12,F12: Composition Function 4,20,10,1000000,2938.2850343787363,238.28503437873636,False,263.86176586151123
adeo,12,F12: Composition Function 4,20,11,1000000,2938.334692916247,238.33469291624715,False,264.66857647895813
adeo,12,F12: Composition Function 4,20,12,1000000,2938.5479074531245,238.54790745312448,False,262.9953184127808
adeo,12,F12: Composition Function 4,20,13,1000000,2938.3274579011454,238.3274579011454,False,265.2041893005371
adeo,12,F12: Composition Function 4,20,14,1000000,2938.316685272826,238.3166852728259,False,259.57341051101685
adeo,12,F12: Composition Function 4,20,15,1000000,2938.570233852708,238.57023385270804,False,260.04918336868286
adeo,12,F12: Composition Function 4,20,16,1000000,2939.3873926511183,239.38739265111823,False,256.5643136501312
adeo,12,F12: Composition Function 4,20,17,1000000,2943.8230222126285,243.82302221262853,False,253.7188262939453
adeo,12,F12: Composition Function 4,20,18,1000000,2942.338449990836,242.33844999083567,False,257.44929027557373
adeo,12,F12: Composition Function 4,20,19,1000000,2938.380163129559,238.38016312955915,False,250.6104815006256
adeo,12,F12: Composition Function 4,20,20,1000000,2938.44358488097,238.4435848809699,False,257.3733651638031
adeo,12,F12: Composition Function 4,20,21,1000000,2938.309286692005,238.30928669200512,False,250.05024409294128
adeo,12,F12: Composition Function 4,20,22,1000000,2938.3031759608552,238.30317596085524,False,253.2462558746338
adeo,12,F12: Composition Function 4,20,23,1000000,2938.2907315889624,238.29073158896244,False,238.4153628349304
adeo,12,F12: Composition Function 4,20,24,1000000,2938.2939999019745,238.29399990197453,False,240.11769580841064
adeo,12,F12: Composition Function 4,20,25,1000000,2938.316252671588,238.3162526715873,False,238.58603835105896
adeo,12,F12: Composition Function 4,20,26,1000000,2938.4764080572327,238.47640805723267,False,238.61614847183228
adeo,12,F12: Composition Function 4,20,27,1000000,2938.2850346221453,238.2850346221453,False,235.7804238796234
adeo,12,F12: Composition Function 4,20,28,1000000,2940.452803386753,240.4528033867532,False,235.124936580658
adeo,12,F12: Composition Function 4,20,29,1000000,2938.6327021024595,238.63270210245943,False,236.9855320453644
adeo,12,F12: Composition Function 4,20,30,1000000,2943.933608550106,243.93360855010587,False,237.4119656085968
de_crossover,1,F1: Shifted and full Rotated Zakharov Function,10,1,200000,300.0,0.0,True,14.659350156784058
de_crossover,1,F1: Shifted and full Rotated Zakharov Function,10,2,200000,300.0,0.0,True,14.156676292419434
de_crossover,1,F1: Shifted and full Rotated Zakharov Function,10,3,200000,300.0,0.0,True,14.253952503204346
de_crossover,1,F1: Shifted and full Rotated Zakharov Function,10,4,200000,300.0,0.0,True,14.171741008758543
de_crossover,1,F1: Shifted and full Rotated Zakharov Function,10,5,200000,300.0,0.0,True,13.902846097946169
de_crossover,1,F1: Shifted and full Rotated Zakharov Function,10,6,200000,300.0,0.0,True,14.383712530136108
de_crossover,1,F1: Shifted and full Rotated Zakharov Function,10,7,200000,300.0,0.0,True,14.023731708526611
de_crossover,1,F1: Shifted and full Rotated Zakharov Function,10,8,200000,300.0,0.0,True,14.086950302124023
de_crossover,1,F1: Shifted and full Rotated Zakharov Function,10,9,200000,300.0,0.0,True,14.222380876541138
de_crossover,1,F1: Shifted and full Rotated Zakharov Function,10,10,200000,300.0,0.0,True,14.221112966537476
de_crossover,1,F1: Shifted and full Rotated Zakharov Function,10,11,200000,300.0,0.0,True,14.024242639541626
de_crossover,1,F1: Shifted and full Rotated Zakharov Function,10,12,200000,300.0,0.0,True,13.567142009735107
de_crossover,1,F1: Shifted and full Rotated Zakharov Function,10,13,200000,300.0,0.0,True,14.064415454864502
de_crossover,1,F1: Shifted and full Rotated Zakharov Function,10,14,200000,300.0,0.0,True,13.921133279800417
de_crossover,1,F1: Shifted and full Rotated Zakharov Function,10,15,200000,300.0,0.0,True,13.644649267196655
de_crossover,1,F1: Shifted and full Rotated Zakharov Function,10,16,200000,300.0,0.0,True,13.626524209976196
de_crossover,1,F1: Shifted and full Rotated Zakharov Function,10,17,200000,300.0,0.0,True,13.644262313842772
de_crossover,1,F1: Shifted and full Rotated Zakharov Function,10,18,200000,300.0,0.0,True,14.016125440597534
de_crossover,1,F1: Shifted and full Rotated Zakharov Function,10,19,200000,300.0,0.0,True,13.744489192962646
de_crossover,1,F1: Shifted and full Rotated Zakharov Function,10,20,200000,300.0,0.0,True,13.603578329086304
de_crossover,1,F1: Shifted and full Rotated Zakharov Function,10,21,200000,300.0,0.0,True,14.343457221984863
de_crossover,1,F1: Shifted and full Rotated Zakharov Function,10,22,200000,300.0,0.0,True,13.7214457988739
de_crossover,1,F1: Shifted and full Rotated Zakharov Function,10,23,200000,300.0,0.0,True,14.1708345413208
de_crossover,1,F1: Shifted and full Rotated Zakharov Function,10,24,200000,300.0,0.0,True,13.858882904052734
de_crossover,1,F1: Shifted and full Rotated Zakharov Function,10,25,200000,300.0,0.0,True,13.568178176879885
de_crossover,1,F1: Shifted and full Rotated Zakharov Function,10,26,200000,300.0,0.0,True,13.768943548202516
de_crossover,1,F1: Shifted and full Rotated Zakharov Function,10,27,200000,300.0,0.0,True,13.29744791984558
de_crossover,1,F1: Shifted and full Rotated Zakharov Function,10,28,200000,300.0,0.0,True,14.29854154586792
de_crossover,1,F1: Shifted and full Rotated Zakharov Function,10,29,200000,300.0,0.0,True,13.95813012123108
de_crossover,1,F1: Shifted and full Rotated Zakharov Function,10,30,200000,300.0,0.0,True,14.28422784805298
de_crossover,2,F2: Shifted and Rotated Rosenbrock’s Function,10,1,200000,403.9915816638882,3.991581663888269,False,15.67286491394043
de_crossover,2,F2: Shifted and Rotated Rosenbrock’s Function,10,2,200000,408.9161019277813,8.916101927781312,False,15.850064516067505
de_crossover,2,F2: Shifted and Rotated Rosenbrock’s Function,10,3,200000,403.9888280095593,3.988828009559313,False,15.634000778198242
de_crossover,2,F2: Shifted and Rotated Rosenbrock’s Function,10,4,200000,408.9161019277813,8.916101927781312,False,15.723403453826904
de_crossover,2,F2: Shifted and Rotated Rosenbrock’s Function,10,5,200000,403.9931341647728,3.993134164772755,False,15.009462118148804
de_crossover,2,F2: Shifted and Rotated Rosenbrock’s Function,10,6,200000,408.9161019277813,8.916101927781312,False,15.479119777679443
de_crossover,2,F2: Shifted and Rotated Rosenbrock’s Function,10,7,200000,403.99064818407714,3.990648184077145,False,15.9130699634552
de_crossover,2,F2: Shifted and Rotated Rosenbrock’s Function,10,8,200000,403.99431712356727,3.994317123567271,False,15.371076107025146
de_crossover,2,F2: Shifted and Rotated Rosenbrock’s Function,10,9,200000,403.9894166729677,3.98941667296765,False,15.229812860488892
de_crossover,2,F2: Shifted and Rotated Rosenbrock’s Function,10,10,200000,403.9895794202471,3.9895794202470825,False,15.714173078536987
de_crossover,2,F2: Shifted and Rotated Rosenbrock’s Function,10,11,200000,403.9898787844837,3.9898787844837216,False,15.676539659500122
de_crossover,2,F2: Shifted and Rotated Rosenbrock’s Function,10,12,200000,403.9948312723943,3.994831272394322,False,15.850210189819336
de_crossover,2,F2: Shifted and Rotated Rosenbrock’s Function,10,13,200000,408.9161019277813,8.916101927781312,False,15.96121382713318
de_crossover,2,F2: Shifted and Rotated Rosenbrock’s Function,10,14,200000,403.9907760819856,3.990776081985644,False,15.307186841964722
de_crossover,2,F2: Shifted and Rotated Rosenbrock’s Function,10,15,200000,403.99166005107713,3.991660051077133,False,15.813938856124878
de_crossover,2,F2: Shifted and Rotated Rosenbrock’s Function,10,16,200000,403.9919400983681,3.991940098368104,False,15.000580787658691
de_crossover,2,F2: Shifted and Rotated Rosenbrock’s Function,10,17,200000,403.9896516025823,3.989651602582285,False,15.533029079437256
de_crossover,2,F2: Shifted and Rotated Rosenbrock’s Function,10,18,200000,403.9923214662489,3.9923214662488817,False,15.374742269515991
de_crossover,2,F2: Shifted and Rotated Rosenbrock’s Function,10,19,200000,408.9161019277813,8.916101927781312,False,15.555617809295654
de_crossover,2,F2: Shifted and Rotated Rosenbrock’s Function,10,20,200000,403.9928681994646,3.992868199464624,False,15.434430599212646
de_crossover,2,F2: Shifted and Rotated Rosenbrock’s Function,10,21,200000,403.993088876039,3.993088876038996,False,16.00501251220703
de_crossover,2,F2: Shifted and Rotated Rosenbrock’s Function,10,22,200000,403.9894402504106,3.9894402504106097,False,15.06467080116272
de_crossover,2,F2: Shifted and Rotated Rosenbrock’s Function,10,23,200000,403.98896970404274,3.988969704042745,False,15.58402395248413
de_crossover,2,F2: Shifted and Rotated Rosenbrock’s Function,10,24,200000,408.9161019277813,8.916101927781312,False,15.288329124450684
de_crossover,2,F2: Shifted and Rotated Rosenbrock’s Function,10,25,200000,403.9905799438457,3.990579943845717,False,16.061861276626587
de_crossover,2,F2: Shifted and Rotated Rosenbrock’s Function,10,26,200000,403.9905355683504,3.990535568350367,False,15.931945562362673
de_crossover,2,F2: Shifted and Rotated Rosenbrock’s Function,10,27,200000,403.9900039321745,3.990003932174489,False,16.10808753967285
de_crossover,2,F2: Shifted and Rotated Rosenbrock’s Function,10,28,200000,403.9894115263717,3.989411526371725,False,15.647134065628052
de_crossover,2,F2: Shifted and Rotated Rosenbrock’s Function,10,29,200000,408.9161019277813,8.916101927781312,False,16.123090744018555
de_crossover,2,F2: Shifted and Rotated Rosenbrock’s Function,10,30,200000,403.9908225843596,3.990822584359592,False,15.743861198425291
de_crossover,3,F3: Shifted and full Rotated Expanded Schaffer’s F7,10,1,200000,600.0,0.0,True,21.28471302986145
de_crossover,3,F3: Shifted and full Rotated Expanded Schaffer’s F7,10,2,200000,600.0,0.0,True,20.08480191230774
de_crossover,3,F3: Shifted and full Rotated Expanded Schaffer’s F7,10,3,200000,600.0,0.0,True,19.797572135925293
de_crossover,3,F3: Shifted and full Rotated Expanded Schaffer’s F7,10,4,200000,600.0,0.0,True,20.250260829925537
de_crossover,3,F3: Shifted and full Rotated Expanded Schaffer’s F7,10,5,200000,600.0,0.0,True,19.728092908859253
de_crossover,3,F3: Shifted and full Rotated Expanded Schaffer’s F7,10,6,200000,600.0,0.0,True,18.94768261909485
de_crossover,3,F3: Shifted and full Rotated Expanded Schaffer’s F7,10,7,200000,600.0,0.0,True,18.76306700706482
de_crossover,3,F3: Shifted and full Rotated Expanded Schaffer’s F7,10,8,200000,600.0,0.0,True,20.99300026893616
de_crossover,3,F3: Shifted and full Rotated Expanded Schaffer’s F7,10,9,200000,600.0,0.0,True,20.50355839729309
de_crossover,3,F3: Shifted and full Rotated Expanded Schaffer’s F7,10,10,200000,600.0,0.0,True,20.308590173721317
de_crossover,3,F3: Shifted and full Rotated Expanded Schaffer’s F7,10,11,200000,600.0,0.0,True,20.054875135421756
de_crossover,3,F3: Shifted and full Rotated Expanded Schaffer’s F7,10,12,200000,600.0,0.0,True,20.239022254943848
de_crossover,3,F3: Shifted and full Rotated Expanded Schaffer’s F7,10,13,200000,600.0,0.0,True,20.112351417541504
de_crossover,3,F3: Shifted and full Rotated Expanded Schaffer’s F7,10,14,200000,600.0,0.0,True,20.89133930206299
de_crossover,3,F3: Shifted and full Rotated Expanded Schaffer’s F7,10,15,200000,600.0,0.0,True,20.106684684753414
de_crossover,3,F3: Shifted and full Rotated Expanded Schaffer’s F7,10,16,200000,600.0,0.0,True,20.011316061019897
de_crossover,3,F3: Shifted and full Rotated Expanded Schaffer’s F7,10,17,200000,600.0,0.0,True,20.067360401153564
de_crossover,3,F3: Shifted and full Rotated Expanded Schaffer’s F7,10,18,200000,600.0,0.0,True,19.71021342277527
de_crossover,3,F3: Shifted and full Rotated Expanded Schaffer’s F7,10,19,200000,600.0,0.0,True,19.980901956558228
de_crossover,3,F3: Shifted and full Rotated Expanded Schaffer’s F7,10,20,200000,600.0,0.0,True,19.632482290267944
de_crossover,3,F3: Shifted and full Rotated Expanded Schaffer’s F7,10,21,200000,600.0,0.0,True,20.39781594276428
de_crossover,3,F3: Shifted and full Rotated Expanded Schaffer’s F7,10,22,200000,600.0,0.0,True,20.23133111000061
de_crossover,3,F3: Shifted and full Rotated Expanded Schaffer’s F7,10,23,200000,600.0,0.0,True,19.86284446716309
de_crossover,3,F3: Shifted and full Rotated Expanded Schaffer’s F7,10,24,200000,600.0,0.0,True,19.617730140686035
de_crossover,3,F3: Shifted and full Rotated Expanded Schaffer’s F7,10,25,200000,600.0,0.0,True,20.53061294555664
de_crossover,3,F3: Shifted and full Rotated Expanded Schaffer’s F7,10,26,200000,600.0,0.0,True,20.94330358505249
de_crossover,3,F3: Shifted and full Rotated Expanded Schaffer’s F7,10,27,200000,600.0,0.0,True,22.02807879447937
de_crossover,3,F3: Shifted and full Rotated Expanded Schaffer’s F7,10,28,200000,600.0,0.0,True,20.073325395584103
de_crossover,3,F3: Shifted and full Rotated Expanded Schaffer’s F7,10,29,200000,600.0,0.0,True,20.36969375610352
de_crossover,3,F3: Shifted and full Rotated Expanded Schaffer’s F7,10,30,200000,600.0,0.0,True,20.01904344558716
de_crossover,4,F4: Shifted and Rotated Non-Continuous Rastrigin’s Function,10,1,200000,844.9441632009984,44.944163200998446,False,26.30771112442017
de_crossover,4,F4: Shifted and Rotated Non-Continuous Rastrigin’s Function,10,2,200000,846.7142351316676,46.71423513166758,False,26.101339101791385
de_crossover,4,F4: Shifted and Rotated Non-Continuous Rastrigin’s Function,10,3,200000,843.4402642492855,43.44026424928552,False,24.753284454345703
de_crossover,4,F4: Shifted and Rotated Non-Continuous Rastrigin’s Function,10,4,200000,838.0,38.0,False,26.04887008666992
de_crossover,4,F4: Shifted and Rotated Non-Continuous Rastrigin’s Function,10,5,200000,832.1613646346167,32.16136463461669,False,25.79679608345032
de_crossover,4,F4: Shifted and Rotated Non-Continuous Rastrigin’s Function,10,6,200000,843.7257801537374,43.725780153737446,False,24.842841625213623
de_crossover,4,F4: Shifted and Rotated Non-Continuous Rastrigin’s Function,10,7,200000,838.0753810177674,38.07538101776743,False,25.30382013320923
de_crossover,4,F4: Shifted and Rotated Non-Continuous Rastrigin’s Function,10,8,200000,834.3437435429605,34.34374354296051,False,25.375073432922363
de_crossover,4,F4: Shifted and Rotated Non-Continuous Rastrigin’s Function,10,9,200000,834.1673472755893,34.16734727558935,False,25.71925473213196
de_crossover,4,F4: Shifted and Rotated Non-Continuous Rastrigin’s Function,10,10,200000,826.0,26.0,False,26.11096167564392
de_crossover,4,F4: Shifted and Rotated Non-Continuous Rastrigin’s Function,10,11,200000,828.8205443110609,28.82054431106087,False,25.170080423355103
de_crossover,4,F4: Shifted and Rotated Non-Continuous Rastrigin’s Function,10,12,200000,843.5236724076897,43.52367240768967,False,27.47301268577576
de_crossover,4,F4: Shifted and Rotated Non-Continuous Rastrigin’s Function,10,13,200000,841.9692495698605,41.969249569860494,False,26.717331647872925
de_crossover,4,F4: Shifted and Rotated Non-Continuous Rastrigin’s Function,10,14,200000,832.0,32.0,False,25.30850839614868
de_crossover,4,F4: Shifted and Rotated Non-Continuous Rastrigin’s Function,10,15,200000,832.3013531270893,32.30135312708933,False,25.45747184753418
de_crossover,4,F4: Shifted and Rotated Non-Continuous Rastrigin’s Function,10,16,200000,840.669882614589,40.66988261458903,False,25.27044987678528
de_crossover,4,F4: Shifted and Rotated Non-Continuous Rastrigin’s Function,10,17,200000,845.997000465488,45.99700046548799,False,25.296019315719604
de_crossover,4,F4: Shifted and Rotated Non-Continuous Rastrigin’s Function,10,18,200000,838.6004799279556,38.600479927955575,False,25.656235456466675
de_crossover,4,F4: Shifted and Rotated Non-Continuous Rastrigin’s Function,10,19,200000,837.5654089267548,37.5654089267548,False,25.04219150543213
de_crossover,4,F4: Shifted and Rotated Non-Continuous Rastrigin’s Function,10,20,200000,846.211249536283,46.21124953628305,False,24.94515085220337
de_crossover,4,F4: Shifted and Rotated Non-Continuous Rastrigin’s Function,10,21,200000,840.2219070063098,40.22190700630984,False,25.56068515777588
de_crossover,4,F4: Shifted and Rotated Non-Continuous Rastrigin’s Function,10,22,200000,845.526078020495,45.52607802049499,False,25.817137479782104
de_crossover,4,F4: Shifted and Rotated Non-Continuous Rastrigin’s Function,10,23,200000,844.7040105689733,44.70401056897333,False,26.49400877952576
de_crossover,4,F4: Shifted and Rotated Non-Continuous Rastrigin’s Function,10,24,200000,826.0,26.0,False,26.196444272994995
de_crossover,4,F4: Shifted and Rotated Non-Continuous Rastrigin’s Function,10,25,200000,834.3500118765292,34.35001187652915,False,25.871257066726685
de_crossover,4,F4: Shifted and Rotated Non-Continuous Rastrigin’s Function,10,26,200000,853.7394694896834,53.739469489683415,False,25.391202449798584
de_crossover,4,F4: Shifted and Rotated Non-Continuous Rastrigin’s Function,10,27,200000,839.2592205243965,39.25922052439648,False,25.333403825759888
de_crossover,4,F4: Shifted and Rotated Non-Continuous Rastrigin’s Function,10,28,200000,828.8490367373734,28.849036737373357,False,25.750372648239136
de_crossover,4,F4: Shifted and Rotated Non-Continuous Rastrigin’s Function,10,29,200000,844.0,44.0,False,25.2258734703064
de_crossover,4,F4: Shifted and Rotated Non-Continuous Rastrigin’s Function,10,30,200000,833.6988830538265,33.698883053826535,False,25.77396559715271
de_crossover,5,F5: Shifted and Rotated Levy Function,10,1,200000,900.0,0.0,True,18.03149938583374
de_crossover,5,F5: Shifted and Rotated Levy Function,10,2,200000,900.0,0.0,True,17.712180376052856
de_crossover,5,F5: Shifted and Rotated Levy Function,10,3,200000,900.0,0.0,True,17.599883317947388
de_crossover,5,F5: Shifted and Rotated Levy Function,10,4,200000,900.0,0.0,True,17.41031241416931
de_crossover,5,F5: Shifted and Rotated Levy Function,10,5,200000,900.0,0.0,True,17.330697298049927
de_crossover,5,F5: Shifted and Rotated Levy Function,10,6,200000,900.0,0.0,True,17.752840995788574
de_crossover,5,F5: Shifted and Rotated Levy Function,10,7,200000,900.0,0.0,True,17.526726007461548
de_crossover,5,F5: Shifted and Rotated Levy Function,10,8,200000,900.0,0.0,True,18.381247520446777
de_crossover,5,F5: Shifted and Rotated Levy Function,10,9,200000,900.0,0.0,True,18.32878303527832
de_crossover,5,F5: Shifted and Rotated Levy Function,10,10,200000,900.0,0.0,True,18.93734884262085
de_crossover,5,F5: Shifted and Rotated Levy Function,10,11,200000,900.0,0.0,True,18.19076156616211
de_crossover,5,F5: Shifted and Rotated Levy Function,10,12,200000,900.0,0.0,True,18.0671124458313
de_crossover,5,F5: Shifted and Rotated Levy Function,10,13,200000,900.0,0.0,True,18.92088270187378
de_crossover,5,F5: Shifted and Rotated Levy Function,10,14,200000,900.0,0.0,True,18.345228910446167
de_crossover,5,F5: Shifted and Rotated Levy Function,10,15,200000,900.0,0.0,True,18.792816877365112
de_crossover,5,F5: Shifted and Rotated Levy Function,10,16,200000,900.0,0.0,True,18.55712080001831
de_crossover,5,F5: Shifted and Rotated Levy Function,10,17,200000,900.0,0.0,True,17.91477608680725
de_crossover,5,F5: Shifted and Rotated Levy Function,10,18,200000,900.0,0.0,True,17.823225498199463
de_crossover,5,F5: Shifted and Rotated Levy Function,10,19,200000,900.0,0.0,True,17.915746450424194
de_crossover,5,F5: Shifted and Rotated Levy Function,10,20,200000,900.0,0.0,True,18.268585920333862
de_crossover,5,F5: Shifted and Rotated Levy Function,10,21,200000,900.0,0.0,True,18.407548904418945
de_crossover,5,F5: Shifted and Rotated Levy Function,10,22,200000,900.0,0.0,True,17.78564453125
de_crossover,5,F5: Shifted and Rotated Levy Function,10,23,200000,900.0,0.0,True,18.317136764526367
de_crossover,5,F5: Shifted and Rotated Levy Function,10,24,200000,900.0,0.0,True,18.1617169380188
de_crossover,5,F5: Shifted and Rotated Levy Function,10,25,200000,900.0,0.0,True,17.81488585472107
de_crossover,5,F5: Shifted and Rotated Levy Function,10,26,200000,900.0,0.0,True,18.02950096130371
de_crossover,5,F5: Shifted and Rotated Levy Function,10,27,200000,900.0,0.0,True,17.177215337753296
de_crossover,5,F5: Shifted and Rotated Levy Function,10,28,200000,900.0,0.0,True,18.268425464630127
de_crossover,5,F5: Shifted and Rotated Levy Function,10,29,200000,900.0,0.0,True,18.03194260597229
de_crossover,5,F5: Shifted and Rotated Levy Function,10,30,200000,900.0,0.0,True,17.79274344444275
de_crossover,6,F6: Hybrid Function 1,10,1,200000,1814.1144868092745,14.11448680927424,False,18.69677472114563
de_crossover,6,F6: Hybrid Function 1,10,2,200000,1811.9038787537136,11.90387875371357,False,19.102946996688843
de_crossover,6,F6: Hybrid Function 1,10,3,200000,1809.2529582365628,9.25295823656279,False,19.161874771118164
de_crossover,6,F6: Hybrid Function 1,10,4,200000,1810.453030575365,10.453030575364664,False,19.37209296226501
de_crossover,6,F6: Hybrid Function 1,10,5,200000,1814.7018866479316,14.70188664793136,False,18.7822265625
de_crossover,6,F6: Hybrid Function 1,10,6,200000,1811.1013502257535,11.101350225753777,False,18.71475887298584
de_crossover,6,F6: Hybrid Function 1,10,7,200000,1810.3890532806656,10.389053280665848,False,19.04330015182495
de_crossover,6,F6: Hybrid Function 1,10,8,200000,1812.0799358202892,12.079935820289393,False,19.134557485580444
de_crossover,6,F6: Hybrid Function 1,10,9,200000,1810.7119394635188,10.711939463518776,False,19.446631908416748
de_crossover,6,F6: Hybrid Function 1,10,10,200000,1814.515623706818,14.515623706817903,False,19.283892154693604
de_crossover,6,F6: Hybrid Function 1,10,11,200000,1815.2139748495604,15.213974849560373,False,19.35824584960937
de_crossover,6,F6: Hybrid Function 1,10,12,200000,1807.4510157978289,7.451015797828859,False,19.47394108772278
de_crossover,6,F6: Hybrid Function 1,10,13,200000,1816.0224404838527,16.022440483852733,False,19.12508511543274
de_crossover,6,F6: Hybrid Function 1,10,14,200000,1811.619382760652,11.619382760652115,False,19.47998094558716
de_crossover,6,F6: Hybrid Function 1,10,15,200000,1805.4018029383683,5.401802938368519,False,19.16043734550476
de_crossover,6,F6: Hybrid Function 1,10,16,200000,1809.270145345872,9.270145345871924,False,19.472514867782596
de_crossover,6,F6: Hybrid Function 1,10,17,200000,1810.964550483888,10.964550483887932,False,19.304301738739014
de_crossover,6,F6: Hybrid Function 1,10,18,200000,1803.2929351398243,3.2929351398242943,False,20.436323165893555
de_crossover,6,F6: Hybrid Function 1,10,19,200000,1815.742290968648,15.742290968647694,False,19.354230403900143
de_crossover,6,F6: Hybrid Function 1,10,20,200000,1810.4242517997889,10.424251799788864,False,19.457077503204346
de_crossover,6,F6: Hybrid Function 1,10,21,200000,1809.7368634034635,9.73686340346353,False,19.68224287033081
de_crossover,6,F6: Hybrid Function 1,10,22,200000,1810.029395298656,10.029395298656029,False,19.74487400054932
de_crossover,6,F6: Hybrid Function 1,10,23,200000,1813.4484244174664,13.448424417466413,False,19.964067697525024
de_crossover,6,F6: Hybrid Function 1,10,24,200000,1813.0504354424615,13.050435442461776,False,20.338429927825928
de_crossover,6,F6: Hybrid Function 1,10,25,200000,1805.328577999032,5.32857799903195,False,19.3584144115448
de_crossover,6,F6: Hybrid Function 1,10,26,200000,1810.8560030016772,10.856003001677436,False,19.008376836776733
de_crossover,6,F6: Hybrid Function 1,10,27,200000,1810.7084032743587,10.708403274358716,False,19.907645225524902
de_crossover,6,F6: Hybrid Function 1,10,28,200000,1808.927888428176,8.927888428176175,False,19.081900358200077
de_crossover,6,F6: Hybrid Function 1,10,29,200000,1811.285472457609,11.28547245760933,False,19.473478078842163
de_crossover,6,F6: Hybrid Function 1,10,30,200000,1811.350028585019,11.350028585018665,False,19.71489524841309
de_crossover,7,F7: Hybrid Function 2,10,1,200000,2017.7336072124308,17.733607212430798,False,107.61018228530884
de_crossover,7,F7: Hybrid Function 2,10,2,200000,2009.972387945752,9.972387945752187,False,107.7512834072113
de_crossover,7,F7: Hybrid Function 2,10,3,200000,2014.7995303581176,14.799530358117636,False,103.3647563457489
de_crossover,7,F7: Hybrid Function 2,10,4,200000,2010.2416843411968,10.241684341196787,False,100.3017578125
de_crossover,7,F7: Hybrid Function 2,10,5,200000,2008.876037999732,8.876037999731807,False,102.06693911552428
de_crossover,7,F7: Hybrid Function 2,10,6,200000,2012.6031365884533,12.60313658845348,False,102.67867946624756
de_crossover,7,F7: Hybrid Function 2,10,7,200000,2002.0954691309032,2.0954691309032114,False,101.3180651664734
de_crossover,7,F7: Hybrid Function 2,10,8,200000,2019.182596547258,19.182596547258072,False,103.64971017837524
de_crossover,7,F7: Hybrid Function 2,10,9,200000,2012.512804320526,12.512804320525902,False,100.59739208221436
de_crossover,7,F7: Hybrid Function 2,10,10,200000,2013.962638437749,13.962638437749549,False,102.3857126235962
de_crossover,7,F7: Hybrid Function 2,10,11,200000,2017.4364094106488,17.43640941064882,False,99.59149932861328
de_crossover,7,F7: Hybrid Function 2,10,12,200000,2017.335749799097,17.335749799096675,False,101.302672624588
de_crossover,7,F7: Hybrid Function 2,10,13,200000,2013.0487433498067,13.048743349806728,False,100.3322687149048
de_crossover,7,F7: Hybrid Function 2,10,14,200000,2019.676895412056,19.67689541205573,False,100.5072054862976
de_crossover,7,F7: Hybrid Function 2,10,15,200000,2010.2496572942448,10.249657294244573,False,102.28425168991087
de_crossover,7,F7: Hybrid Function 2,10,16,200000,2008.0803979005912,8.080397900591151,False,101.61252927780151
de_crossover,7,F7: Hybrid Function 2,10,17,200000,2018.719111873895,18.71911187389492,False,101.40454006195068
de_crossover,7,F7: Hybrid Function 2,10,18,200000,2009.889192159516,9.889192159516142,False,101.2458221912384
de_crossover,7,F7: Hybrid Function 2,10,19,200000,2012.667501427533,12.66750142753267,False,99.62566828727722
de_crossover,7,F7: Hybrid Function 2,10,20,200000,2021.009869845789,21.00986984578913,False,102.7953164577484
de_crossover,7,F7: Hybrid Function 2,10,21,200000,2005.728367427716,5.728367427716194,False,102.70708799362184
de_crossover,7,F7: Hybrid Function 2,10,22,200000,2007.935386113911,7.9353861139109085,False,101.33562684059144
de_crossover,7,F7: Hybrid Function 2,10,23,200000,2021.9852640364177,21.985264036417675,False,100.71620154380798
de_crossover,7,F7: Hybrid Function 2,10,24,200000,2015.967989346728,15.96798934672779,False,100.98030591011047
de_crossover,7,F7: Hybrid Function 2,10,25,200000,2019.0359228259936,19.03592282599357,False,102.18353509902954
de_crossover,7,F7: Hybrid Function 2,10,26,200000,2017.2997252233972,17.299725223397445,False,99.3673858642578
de_crossover,7,F7: Hybrid Function 2,10,27,200000,2017.7592815917071,17.759281591707122,False,100.80000925064088
de_crossover,7,F7: Hybrid Function 2,10,28,200000,2014.5817866406087,14.581786640608698,False,102.53133702278136
de_crossover,7,F7: Hybrid Function 2,10,29,200000,2010.1753486441185,10.175348644118458,False,103.18555164337158
de_crossover,7,F7: Hybrid Function 2,10,30,200000,2020.4716873724883,20.47168737248853,False,99.16254925727844
de_crossover,8,F8: Hybrid Function 3,10,1,200000,2216.963795832597,16.963795832597498,False,134.34562993049622
de_crossover,8,F8: Hybrid Function 3,10,2,200000,2212.0487860828853,12.048786082885272,False,133.54152989387512
de_crossover,8,F8: Hybrid Function 3,10,3,200000,2213.077470617853,13.077470617853123,False,135.96639823913574
de_crossover,8,F8: Hybrid Function 3,10,4,200000,2217.190659809048,17.190659809047702,False,135.25546717643738
de_crossover,8,F8: Hybrid Function 3,10,5,200000,2215.7550014353237,15.755001435323264,False,135.24547457695007
de_crossover,8,F8: Hybrid Function 3,10,6,200000,2222.766728063719,22.7667280637188,False,134.75422501564026
de_crossover,8,F8: Hybrid Function 3,10,7,200000,2217.0110142856515,17.011014285651527,False,134.48621916770935
de_crossover,8,F8: Hybrid Function 3,10,8,200000,2217.4708986177907,17.47089861779068,False,139.4830198287964
de_crossover,8,F8: Hybrid Function 3,10,9,200000,2217.1300964548477,17.130096454847262,False,141.44309401512146
de_crossover,8,F8: Hybrid Function 3,10,10,200000,2215.280955204702,15.280955204701968,False,141.81624579429626
de_crossover,8,F8: Hybrid Function 3,10,11,200000,2218.387957940485,18.387957940485197,False,144.1842381954193
de_crossover,8,F8: Hybrid Function 3,10,12,200000,2218.381769240076,18.38176924007621,False,142.54959893226624
de_crossover,8,F8: Hybrid Function 3,10,13,200000,2217.554005752448,17.55400575244812,False,141.89015769958496
de_crossover,8,F8: Hybrid Function 3,10,14,200000,2218.733565503668,18.733565503667705,False,138.08519220352173
de_crossover,8,F8: Hybrid Function 3,10,15,200000,2222.33392550018,22.333925500179703,False,140.64528679847717
de_crossover,8,F8: Hybrid Function 3,10,16,200000,2220.3154138201808,20.315413820180765,False,141.94188141822815
de_crossover,8,F8: Hybrid Function 3,10,17,200000,2212.9900648644857,12.990064864485705,False,141.2200210094452
de_crossover,8,F8: Hybrid Function 3,10,18,200000,2207.9677330115323,7.967733011532346,False,142.15121030807495
de_crossover,8,F8: Hybrid Function 3,10,19,200000,2212.3336353708764,12.333635370876436,False,145.7245090007782
de_crossover,8,F8: Hybrid Function 3,10,20,200000,2214.6580986248955,14.6580986248955,False,142.56115746498108
de_crossover,8,F8: Hybrid Function 3,10,21,200000,2220.571460425358,20.57146042535805,False,142.72517561912537
de_crossover,8,F8: Hybrid Function 3,10,22,200000,2215.3591742400977,15.359174240097673,False,144.4550964832306
de_crossover,8,F8: Hybrid Function 3,10,23,200000,2214.3427498186497,14.342749818649736,False,145.4626648426056
de_crossover,8,F8: Hybrid Function 3,10,24,200000,2215.310719638185,15.31071963818522,False,143.44640731811523
de_crossover,8,F8: Hybrid Function 3,10,25,200000,2219.458466658598,19.4584666585979,False,146.53021788597107
de_crossover,8,F8: Hybrid Function 3,10,26,200000,2219.0755194772514,19.07551947725142,False,144.34199047088623
de_crossover,8,F8: Hybrid Function 3,10,27,200000,2217.581823354619,17.58182335461879,False,144.00087094306946
de_crossover,8,F8: Hybrid Function 3,10,28,200000,2220.429236304716,20.42923630471614,False,142.97072839736938
de_crossover,8,F8: Hybrid Function 3,10,29,200000,2219.0027508863272,19.00275088632725,False,142.25953722000122
de_crossover,8,F8: Hybrid Function 3,10,30,200000,2219.1964229954647,19.196422995464676,False,143.61251187324524
de_crossover,9,F9: Composition Function 1,10,1,200000,2659.094344799073,359.0943447990735,False,37.82261204719544
de_crossover,9,F9: Composition Function 1,10,2,200000,2659.094344816348,359.094344816348,False,38.60706353187561
de_crossover,9,F9: Composition Function 1,10,3,200000,2300.0000000000005,4.547473508864641e-13,True,37.45122528076172
de_crossover,9,F9: Composition Function 1,10,4,200000,2659.094344799328,359.09434479932816,False,37.70773673057556
de_crossover,9,F9: Composition Function 1,10,5,200000,2659.0943447825207,359.0943447825207,False,38.749022245407104
de_crossover,9,F9: Composition Function 1,10,6,200000,2659.094344790117,359.0943447901168,False,38.859070777893066
de_crossover,9,F9: Composition Function 1,10,7,200000,2659.094344800385,359.094344800385,False,38.55689692497253
de_crossover,9,F9: Composition Function 1,10,8,200000,2659.094344787028,359.0943447870281,False,38.23701524734497
de_crossover,9,F9: Composition Function 1,10,9,200000,2659.0943447901905,359.09434479019046,False,38.64059185981751
de_crossover,9,F9: Composition Function 1,10,10,200000,2659.094344790444,359.0943447904442,False,38.64777994155884
de_crossover,9,F9: Composition Function 1,10,11,200000,2659.09434478682,359.0943447868199,False,38.89862084388733
de_crossover,9,F9: Composition Function 1,10,12,200000,2659.0943447836503,359.0943447836503,False,38.89141368865967
de_crossover,9,F9: Composition Function 1,10,13,200000,2300.0000000000005,4.547473508864641e-13,True,39.07185959815979
de_crossover,9,F9: Composition Function 1,10,14,200000,2659.0943447958366,359.0943447958366,False,38.3312578201294
de_crossover,9,F9: Composition Function 1,10,15,200000,2659.094344814354,359.0943448143539,False,38.26255011558533
de_crossover,9,F9: Composition Function 1,10,16,200000,2659.0943447845134,359.0943447845134,False,38.92218089103699
de_crossover,9,F9: Composition Function 1,10,17,200000,2659.0943447841946,359.0943447841946,False,40.342713832855225
de_crossover,9,F9: Composition Function 1,10,18,200000,2659.094344808069,359.09434480806885,False,39.33409667015076
de_crossover,9,F9: Composition Function 1,10,19,200000,2300.0000000000005,4.547473508864641e-13,True,38.79440808296204
de_crossover,9,F9: Composition Function 1,10,20,200000,2659.094344798649,359.0943447986492,False,38.00589060783386
de_crossover,9,F9: Composition Function 1,10,21,200000,2659.0943448023336,359.0943448023336,False,38.67263293266296
de_crossover,9,F9: Composition Function 1,10,22,200000,2300.0,0.0,True,38.169244050979614
de_crossover,9,F9: Composition Function 1,10,23,200000,2659.094344785876,359.0943447858758,False,38.853246450424194
de_crossover,9,F9: Composition Function 1,10,24,200000,2659.094344786905,359.0943447869049,False,38.296780824661255
de_crossover,9,F9: Composition Function 1,10,25,200000,2300.0,0.0,True,38.8670392036438
de_crossover,9,F9: Composition Function 1,10,26,200000,2659.0943447941027,359.09434479410265,False,38.2687304019928
de_crossover,9,F9: Composition Function 1,10,27,200000,2659.0943448102857,359.09434481028575,False,38.6255578994751
de_crossover,9,F9: Composition Function 1,10,28,200000,2659.094344783417,359.09434478341745,False,39.73868227005005
de_crossover,9,F9: Composition Function 1,10,29,200000,2659.094344784862,359.0943447848622,False,39.82474493980408
de_crossover,9,F9: Composition Function 1,10,30,200000,2659.094344795495,359.0943447954951,False,40.26684236526489
de_crossover,10,F10: Composition Function 2,10,1,200000,2620.87264974898,220.8726497489797,False,41.19455122947693
de_crossover,10,F10: Composition Function 2,10,2,200000,2620.8726497489797,220.87264974897928,False,40.97923469543457
de_crossover,10,F10: Composition Function 2,10,3,200000,2620.87264974898,220.8726497489797,False,41.22414231300354
de_crossover,10,F10: Composition Function 2,10,4,200000,2620.8726497489797,220.87264974897928,False,40.896482944488525
de_crossover,10,F10: Composition Function 2,10,5,200000,2620.8726497489797,220.87264974897928,False,42.508479833602905
de_crossover,10,F10: Composition Function 2,10,6,200000,2620.87264974898,220.8726497489797,False,42.01065707206726
de_crossover,10,F10: Composition Function 2,10,7,200000,2620.8726497489797,220.87264974897928,False,41.70516061782837
de_crossover,10,F10: Composition Function 2,10,8,200000,2620.87264974898,220.8726497489797,False,40.59604024887085
de_crossover,10,F10: Composition Function 2,10,9,200000,2620.8726497489797,220.87264974897928,False,42.74503231048584
de_crossover,10,F10: Composition Function 2,10,10,200000,2620.8726497489797,220.87264974897928,False,40.037590742111206
de_crossover,10,F10: Composition Function 2,10,11,200000,2620.8726497489797,220.87264974897928,False,40.51018476486206
de_crossover,10,F10: Composition Function 2,10,12,200000,2620.87264974898,220.8726497489797,False,40.70777082443237
de_crossover,10,F10: Composition Function 2,10,13,200000,2620.8726497489797,220.87264974897928,False,45.0399956703186
de_crossover,10,F10: Composition Function 2,10,14,200000,2620.87264974898,220.8726497489797,False,43.63332176208496
de_crossover,10,F10: Composition Function 2,10,15,200000,2620.8726497489797,220.87264974897928,False,42.78725528717041
de_crossover,10,F10: Composition Function 2,10,16,200000,2620.8726497489797,220.87264974897928,False,41.59028244018555
de_crossover,10,F10: Composition Function 2,10,17,200000,2620.8726497489797,220.87264974897928,False,41.72168278694153
de_crossover,10,F10: Composition Function 2,10,18,200000,2620.87264974898,220.8726497489797,False,41.79886031150818
de_crossover,10,F10: Composition Function 2,10,19,200000,2620.87264974898,220.8726497489797,False,42.58360981941223
de_crossover,10,F10: Composition Function 2,10,20,200000,2620.87264974898,220.8726497489797,False,43.61864686012268
de_crossover,10,F10: Composition Function 2,10,21,200000,2620.87264974898,220.8726497489797,False,42.203038930892944
de_crossover,10,F10: Composition Function 2,10,22,200000,2620.87264974898,220.8726497489797,False,42.34854531288147
de_crossover,10,F10: Composition Function 2,10,23,200000,2620.87264974898,220.8726497489797,False,42.529467821121216
de_crossover,10,F10: Composition Function 2,10,24,200000,2620.8726497489797,220.87264974897928,False,40.53464794158936
de_crossover,10,F10: Composition Function 2,10,25,200000,2620.8726497489797,220.87264974897928,False,40.71309566497803
de_crossover,10,F10: Composition Function 2,10,26,200000,2620.87264974898,220.8726497489797,False,41.058945417404175
de_crossover,10,F10: Composition Function 2,10,27,200000,2620.8726497489797,220.87264974897928,False,40.926597118377686
de_crossover,10,F10: Composition Function 2,10,28,200000,2620.8726497489797,220.87264974897928,False,40.08886384963989
de_crossover,10,F10: Composition Function 2,10,29,200000,2620.8726497489797,220.87264974897928,False,39.03574681282044
de_crossover,10,F10: Composition Function 2,10,30,200000,2620.8726497489797,220.87264974897928,False,40.30207395553589
de_crossover,11,F11: Composition Function 3,10,1,200000,2600.0000000000005,4.547473508864641e-13,True,56.98975944519043
de_crossover,11,F11: Composition Function 3,10,2,200000,2600.0,0.0,True,56.31833338737488
de_crossover,11,F11: Composition Function 3,10,3,200000,2600.0,0.0,True,55.84135842323303
de_crossover,11,F11: Composition Function 3,10,4,200000,2600.0,0.0,True,56.15023159980774
de_crossover,11,F11: Composition Function 3,10,5,200000,2600.0,0.0,True,56.10830569267273
de_crossover,11,F11: Composition Function 3,10,6,200000,2600.0000000000005,4.547473508864641e-13,True,60.71378564834595
de_crossover,11,F11: Composition Function 3,10,7,200000,2600.0000000000005,4.547473508864641e-13,True,59.542850494384766
de_crossover,11,F11: Composition Function 3,10,8,200000,2600.0,0.0,True,59.07507658004761
de_crossover,11,F11: Composition Function 3,10,9,200000,2600.0000000000005,4.547473508864641e-13,True,57.28379654884338
de_crossover,11,F11: Composition Function 3,10,10,200000,2600.0,0.0,True,57.27821946144104
de_crossover,11,F11: Composition Function 3,10,11,200000,2600.0,0.0,True,59.97645831108093
de_crossover,11,F11: Composition Function 3,10,12,200000,2600.0,0.0,True,57.791563987731934
de_crossover,11,F11: Composition Function 3,10,13,200000,2600.0,0.0,True,56.92488932609558
de_crossover,11,F11: Composition Function 3,10,14,200000,2600.0,0.0,True,57.253336668014526
de_crossover,11,F11: Composition Function 3,10,15,200000,2600.0000000000005,4.547473508864641e-13,True,57.82122659683228
de_crossover,11,F11: Composition Function 3,10,16,200000,2600.0,0.0,True,58.149576902389526
de_crossover,11,F11: Composition Function 3,10,17,200000,2600.0,0.0,True,59.31906580924988
de_crossover,11,F11: Composition Function 3,10,18,200000,2600.0000000000005,4.547473508864641e-13,True,58.03344416618347
de_crossover,11,F11: Composition Function 3,10,19,200000,2600.0,0.0,True,58.45660161972046
de_crossover,11,F11: Composition Function 3,10,20,200000,2600.0000000000005,4.547473508864641e-13,True,59.18546509742737
de_crossover,11,F11: Composition Function 3,10,21,200000,2600.0,0.0,True,59.02527523040772
de_crossover,11,F11: Composition Function 3,10,22,200000,2600.0000000000005,4.547473508864641e-13,True,57.59634256362915
de_crossover,11,F11: Composition Function 3,10,23,200000,2600.0,0.0,True,56.99478340148926
de_crossover,11,F11: Composition Function 3,10,24,200000,2600.0000000000005,4.547473508864641e-13,True,57.59334635734558
de_crossover,11,F11: Composition Function 3,10,25,200000,2600.0,0.0,True,58.02337241172791
de_crossover,11,F11: Composition Function 3,10,26,200000,2600.0000000000005,4.547473508864641e-13,True,58.44200396537781
de_crossover,11,F11: Composition Function 3,10,27,200000,2600.0,0.0,True,59.15699553489685
de_crossover,11,F11: Composition Function 3,10,28,200000,2600.0,0.0,True,56.7689094543457
de_crossover,11,F11: Composition Function 3,10,29,200000,2600.0,0.0,True,57.862502098083496
de_crossover,11,F11: Composition Function 3,10,30,200000,2600.0,0.0,True,58.10291695594788
de_crossover,12,F12: Composition Function 4,10,1,200000,2864.474288919803,164.4742889198028,False,62.71385407447815
de_crossover,12,F12: Composition Function 4,10,2,200000,2864.013967096097,164.01396709609753,False,62.772411584854126
de_crossover,12,F12: Composition Function 4,10,3,200000,2864.474369429533,164.474369429533,False,62.400137186050415
de_crossover,12,F12: Composition Function 4,10,4,200000,2864.474146438674,164.47414643867387,False,62.92373180389404
de_crossover,12,F12: Composition Function 4,10,5,200000,2865.4667680499933,165.46676804999333,False,63.65670943260193
de_crossover,12,F12: Composition Function 4,10,6,200000,2864.013967900228,164.01396790022818,False,63.09986066818237
de_crossover,12,F12: Composition Function 4,10,7,200000,2864.4743326246653,164.4743326246653,False,61.07912731170654
de_crossover,12,F12: Composition Function 4,10,8,200000,2863.769411403571,163.7694114035712,False,62.70726275444031
de_crossover,12,F12: Composition Function 4,10,9,200000,2865.4839771917505,165.48397719175043,False,61.42272901535034
de_crossover,12,F12: Composition Function 4,10,10,200000,2864.4741505490288,164.47415054902876,False,61.84249925613403
de_crossover,12,F12: Composition Function 4,10,11,200000,2864.4741591290103,164.47415912901033,False,61.1026885509491
de_crossover,12,F12: Composition Function 4,10,12,200000,2864.4744394293807,164.4744394293807,False,62.82874941825867
de_crossover,12,F12: Composition Function 4,10,13,200000,2863.7694108469964,163.76941084699638,False,61.231743574142456
de_crossover,12,F12: Composition Function 4,10,14,200000,2864.473985445279,164.47398544527914,False,61.36799478530884
de_crossover,12,F12: Composition Function 4,10,15,200000,2864.0139672030978,164.01396720309776,False,59.47653341293335
de_crossover,12,F12: Composition Function 4,10,16,200000,2864.474439377281,164.4744393772812,False,59.77794623374939
de_crossover,12,F12: Composition Function 4,10,17,200000,2865.891771372072,165.89177137207162,False,59.52970337867737
de_crossover,12,F12: Composition Function 4,10,18,200000,2864.8975475940897,164.8975475940897,False,61.24258494377136
de_crossover,12,F12: Composition Function 4,10,19,200000,2864.474125502808,164.47412550280796,False,66.13116765022278
de_crossover,12,F12: Composition Function 4,10,20,200000,2864.4740404324184,164.4740404324184,False,63.66817140579224
de_crossover,12,F12: Composition Function 4,10,21,200000,2863.7694108328287,163.76941083282873,False,66.215984582901
de_crossover,12,F12: Composition Function 4,10,22,200000,2864.0139716985386,164.01397169853865,False,68.18973469734192
de_crossover,12,F12: Composition Function 4,10,23,200000,2865.4667986415034,165.46679864150337,False,66.3099901676178
de_crossover,12,F12: Composition Function 4,10,24,200000,2864.474021664505,164.47402166450456,False,61.710883140563965
de_crossover,12,F12: Composition Function 4,10,25,200000,2865.4668321748345,165.4668321748345,False,60.78935480117798
de_crossover,12,F12: Composition Function 4,10,26,200000,2864.4742589373523,164.47425893735226,False,62.51542329788208
de_crossover,12,F12: Composition Function 4,10,27,200000,2864.473997793986,164.4739977939862,False,61.4604229927063
de_crossover,12,F12: Composition Function 4,10,28,200000,2865.891781215669,165.8917812156692,False,60.65175628662109
de_crossover,12,F12: Composition Function 4,10,29,200000,2863.7694111219835,163.76941112198347,False,62.30048203468323
de_crossover,12,F12: Composition Function 4,10,30,200000,2864.013960324559,164.01396032455887,False,64.96315264701843
de_crossover,1,F1: Shifted and full Rotated Zakharov Function,20,1,1000000,300.0,0.0,True,82.13409972190857
de_crossover,1,F1: Shifted and full Rotated Zakharov Function,20,2,1000000,300.0,0.0,True,78.27465200424194
de_crossover,1,F1: Shifted and full Rotated Zakharov Function,20,3,1000000,300.0,0.0,True,75.41237878799438
de_crossover,1,F1: Shifted and full Rotated Zakharov Function,20,4,1000000,300.0,0.0,True,72.02327799797058
de_crossover,1,F1: Shifted and full Rotated Zakharov Function,20,5,1000000,300.0,0.0,True,73.51990079879761
de_crossover,1,F1: Shifted and full Rotated Zakharov Function,20,6,1000000,300.0,0.0,True,72.73505592346191
de_crossover,1,F1: Shifted and full Rotated Zakharov Function,20,7,1000000,300.0,0.0,True,71.26959729194641
de_crossover,1,F1: Shifted and full Rotated Zakharov Function,20,8,1000000,300.0,0.0,True,71.54192328453064
de_crossover,1,F1: Shifted and full Rotated Zakharov Function,20,9,1000000,300.0,0.0,True,71.363853931427
de_crossover,1,F1: Shifted and full Rotated Zakharov Function,20,10,1000000,300.0,0.0,True,73.80630135536194
de_crossover,1,F1: Shifted and full Rotated Zakharov Function,20,11,1000000,300.0,0.0,True,70.12349247932434
de_crossover,1,F1: Shifted and full Rotated Zakharov Function,20,12,1000000,300.0,0.0,True,71.21896362304688
de_crossover,1,F1: Shifted and full Rotated Zakharov Function,20,13,1000000,300.0,0.0,True,70.18571352958679
de_crossover,1,F1: Shifted and full Rotated Zakharov Function,20,14,1000000,300.0,0.0,True,72.99915170669556
de_crossover,1,F1: Shifted and full Rotated Zakharov Function,20,15,1000000,300.0,0.0,True,73.82553386688232
de_crossover,1,F1: Shifted and full Rotated Zakharov Function,20,16,1000000,300.0,0.0,True,74.41188049316406
de_crossover,1,F1: Shifted and full Rotated Zakharov Function,20,17,1000000,300.0,0.0,True,74.49876737594604
de_crossover,1,F1: Shifted and full Rotated Zakharov Function,20,18,1000000,300.0,0.0,True,74.53261685371399
de_crossover,1,F1: Shifted and full Rotated Zakharov Function,20,19,1000000,300.0,0.0,True,74.84708142280579
de_crossover,1,F1: Shifted and full Rotated Zakharov Function,20,20,1000000,300.0,0.0,True,73.95927739143372
de_crossover,1,F1: Shifted and full Rotated Zakharov Function,20,21,1000000,300.0,0.0,True,73.73103165626526
de_crossover,1,F1: Shifted and full Rotated Zakharov Function,20,22,1000000,300.0,0.0,True,73.05673813819885
de_crossover,1,F1: Shifted and full Rotated Zakharov Function,20,23,1000000,300.0,0.0,True,73.99012017250061
de_crossover,1,F1: Shifted and full Rotated Zakharov Function,20,24,1000000,300.0,0.0,True,73.61124277114868
de_crossover,1,F1: Shifted and full Rotated Zakharov Function,20,25,1000000,300.0,0.0,True,73.73869466781616
de_crossover,1,F1: Shifted and full Rotated Zakharov Function,20,26,1000000,300.0,0.0,True,72.8123300075531
de_crossover,1,F1: Shifted and full Rotated Zakharov Function,20,27,1000000,300.0,0.0,True,72.4794671535492
de_crossover,1,F1: Shifted and full Rotated Zakharov Function,20,28,1000000,300.0,0.0,True,72.9164514541626
de_crossover,1,F1: Shifted and full Rotated Zakharov Function,20,29,1000000,300.0,0.0,True,73.46702861785889
de_crossover,1,F1: Shifted and full Rotated Zakharov Function,20,30,1000000,300.0,0.0,True,73.78925824165344
de_crossover,2,F2: Shifted and Rotated Rosenbrock’s Function,20,1,1000000,449.0844789794812,49.08447897948122,False,83.46572709083557
de_crossover,2,F2: Shifted and Rotated Rosenbrock’s Function,20,2,1000000,449.0844789794812,49.08447897948122,False,82.74031257629395
de_crossover,2,F2: Shifted and Rotated Rosenbrock’s Function,20,3,1000000,444.8954693174513,44.89546931745133,False,79.59559774398804
de_crossover,2,F2: Shifted and Rotated Rosenbrock’s Function,20,4,1000000,444.8954693174513,44.89546931745133,False,80.27021026611328
de_crossover,2,F2: Shifted and Rotated Rosenbrock’s Function,20,5,1000000,449.0844789794812,49.08447897948122,False,79.80388641357422
de_crossover,2,F2: Shifted and Rotated Rosenbrock’s Function,20,6,1000000,444.8954693174513,44.89546931745133,False,79.96632242202759
de_crossover,2,F2: Shifted and Rotated Rosenbrock’s Function,20,7,1000000,444.8954693174513,44.89546931745133,False,79.9406623840332
de_crossover,2,F2: Shifted and Rotated Rosenbrock’s Function,20,8,1000000,444.8954693174513,44.89546931745133,False,82.324378490448
de_crossover,2,F2: Shifted and Rotated Rosenbrock’s Function,20,9,1000000,444.8954693174513,44.89546931745133,False,81.20185661315918
de_crossover,2,F2: Shifted and Rotated Rosenbrock’s Function,20,10,1000000,444.8954693174513,44.89546931745133,False,82.25596475601196
de_crossover,2,F2: Shifted and Rotated Rosenbrock’s Function,20,11,1000000,444.8954693174513,44.89546931745133,False,82.25664067268372
de_crossover,2,F2: Shifted and Rotated Rosenbrock’s Function,20,12,1000000,444.8954693174513,44.89546931745133,False,82.26804494857788
de_crossover,2,F2: Shifted and Rotated Rosenbrock’s Function,20,13,1000000,444.8954693174513,44.89546931745133,False,84.86397051811218
de_crossover,2,F2: Shifted and Rotated Rosenbrock’s Function,20,14,1000000,444.8954693174513,44.89546931745133,False,83.61492776870728
de_crossover,2,F2: Shifted and Rotated Rosenbrock’s Function,20,15,1000000,444.8954693174513,44.89546931745133,False,81.62999749183655
de_crossover,2,F2: Shifted and Rotated Rosenbrock’s Function,20,16,1000000,444.8954693174513,44.89546931745133,False,83.63582062721252
de_crossover,2,F2: Shifted and Rotated Rosenbrock’s Function,20,17,1000000,444.8954693174513,44.89546931745133,False,82.1534776687622
de_crossover,2,F2: Shifted and Rotated Rosenbrock’s Function,20,18,1000000,444.8954693174513,44.89546931745133,False,82.82744932174683
de_crossover,2,F2: Shifted and Rotated Rosenbrock’s Function,20,19,1000000,449.0844789794812,49.08447897948122,False,83.13691425323486
de_crossover,2,F2: Shifted and Rotated Rosenbrock’s Function,20,20,1000000,444.8954693174513,44.89546931745133,False,82.60527062416077
de_crossover,2,F2: Shifted and Rotated Rosenbrock’s Function,20,21,1000000,444.8954693174513,44.89546931745133,False,79.61408281326294
de_crossover,2,F2: Shifted and Rotated Rosenbrock’s Function,20,22,1000000,444.8954693174513,44.89546931745133,False,81.42655754089355
de_crossover,2,F2: Shifted and Rotated Rosenbrock’s Function,20,23,1000000,444.8954693174513,44.89546931745133,False,75.97440910339355
de_crossover,2,F2: Shifted and Rotated Rosenbrock’s Function,20,24,1000000,444.8954693174513,44.89546931745133,False,76.78851127624512
de_crossover,2,F2: Shifted and Rotated Rosenbrock’s Function,20,25,1000000,444.8954693174513,44.89546931745133,False,77.03586959838867
de_crossover,2,F2: Shifted and Rotated Rosenbrock’s Function,20,26,1000000,444.8954693174513,44.89546931745133,False,76.80307412147522
de_crossover,2,F2: Shifted and Rotated Rosenbrock’s Function,20,27,1000000,444.8954693174513,44.89546931745133,False,76.54954743385315
de_crossover,2,F2: Shifted and Rotated Rosenbrock’s Function,20,28,1000000,444.8954693174513,44.89546931745133,False,74.70297503471375
de_crossover,2,F2: Shifted and Rotated Rosenbrock’s Function,20,29,1000000,449.0844789794812,49.08447897948122,False,76.62769937515259
de_crossover,2,F2: Shifted and Rotated Rosenbrock’s Function,20,30,1000000,444.8954693174513,44.89546931745133,False,76.86912369728088
de_crossover,3,F3: Shifted and full Rotated Expanded Schaffer’s F7,20,1,1000000,600.0,0.0,True,98.83958745002748
de_crossover,3,F3: Shifted and full Rotated Expanded Schaffer’s F7,20,2,1000000,600.0,0.0,True,98.23648166656494
de_crossover,3,F3: Shifted and full Rotated Expanded Schaffer’s F7,20,3,1000000,600.0,0.0,True,98.67091917991638
de_crossover,3,F3: Shifted and full Rotated Expanded Schaffer’s F7,20,4,1000000,600.0,0.0,True,109.2918906211853
de_crossover,3,F3: Shifted and full Rotated Expanded Schaffer’s F7,20,5,1000000,600.0,0.0,True,103.2739200592041
de_crossover,3,F3: Shifted and full Rotated Expanded Schaffer’s F7,20,6,1000000,600.0,0.0,True,105.3862371444702
de_crossover,3,F3: Shifted and full Rotated Expanded Schaffer’s F7,20,7,1000000,600.0,0.0,True,102.38868474960329
de_crossover,3,F3: Shifted and full Rotated Expanded Schaffer’s F7,20,8,1000000,600.0,0.0,True,101.90579724311829
de_crossover,3,F3: Shifted and full Rotated Expanded Schaffer’s F7,20,9,1000000,600.0,0.0,True,102.18325543403624
de_crossover,3,F3: Shifted and full Rotated Expanded Schaffer’s F7,20,10,1000000,600.0,0.0,True,102.41743755340576
de_crossover,3,F3: Shifted and full Rotated Expanded Schaffer’s F7,20,11,1000000,600.0,0.0,True,102.82583451271056
de_crossover,3,F3: Shifted and full Rotated Expanded Schaffer’s F7,20,12,1000000,600.0,0.0,True,105.94591665267944
de_crossover,3,F3: Shifted and full Rotated Expanded Schaffer’s F7,20,13,1000000,600.0,0.0,True,102.66306471824646
de_crossover,3,F3: Shifted and full Rotated Expanded Schaffer’s F7,20,14,1000000,600.0,0.0,True,101.3115177154541
de_crossover,3,F3: Shifted and full Rotated Expanded Schaffer’s F7,20,15,1000000,600.0,0.0,True,102.88948035240172
de_crossover,3,F3: Shifted and full Rotated Expanded Schaffer’s F7,20,16,1000000,600.0,0.0,True,101.41102170944214
de_crossover,3,F3: Shifted and full Rotated Expanded Schaffer’s F7,20,17,1000000,600.0,0.0,True,100.91367077827454
de_crossover,3,F3: Shifted and full Rotated Expanded Schaffer’s F7,20,18,1000000,600.0,0.0,True,113.08872437477112
de_crossover,3,F3: Shifted and full Rotated Expanded Schaffer’s F7,20,19,1000000,600.0,0.0,True,103.69584274291992
de_crossover,3,F3: Shifted and full Rotated Expanded Schaffer’s F7,20,20,1000000,600.0,0.0,True,98.78576469421388
de_crossover,3,F3: Shifted and full Rotated Expanded Schaffer’s F7,20,21,1000000,600.0,0.0,True,97.59134221076964
de_crossover,3,F3: Shifted and full Rotated Expanded Schaffer’s F7,20,22,1000000,600.0,0.0,True,97.30103874206544
de_crossover,3,F3: Shifted and full Rotated Expanded Schaffer’s F7,20,23,1000000,600.0,0.0,True,98.80837750434875
de_crossover,3,F3: Shifted and full Rotated Expanded Schaffer’s F7,20,24,1000000,600.0,0.0,True,102.98638391494752
de_crossover,3,F3: Shifted and full Rotated Expanded Schaffer’s F7,20,25,1000000,600.0,0.0,True,102.7508580684662
de_crossover,3,F3: Shifted and full Rotated Expanded Schaffer’s F7,20,26,1000000,600.0,0.0,True,98.27814888954164
de_crossover,3,F3: Shifted and full Rotated Expanded Schaffer’s F7,20,27,1000000,600.0,0.0,True,97.8598017692566
de_crossover,3,F3: Shifted and full Rotated Expanded Schaffer’s F7,20,28,1000000,600.0,0.0,True,99.51019668579102
de_crossover,3,F3: Shifted and full Rotated Expanded Schaffer’s F7,20,29,1000000,600.0,0.0,True,98.34303545951845
de_crossover,3,F3: Shifted and full Rotated Expanded Schaffer’s F7,20,30,1000000,600.0,0.0,True,98.67146754264832
de_crossover,4,F4: Shifted and Rotated Non-Continuous Rastrigin’s Function,20,1,1000000,940.7206618469312,140.7206618469313,False,126.09019136428832
de_crossover,4,F4: Shifted and Rotated Non-Continuous Rastrigin’s Function,20,2,1000000,974.4351612781552,174.43516127815508,False,126.89095163345335
de_crossover,4,F4: Shifted and Rotated Non-Continuous Rastrigin’s Function,20,3,1000000,957.6591850799284,157.65918507992842,False,126.50894808769226
de_crossover,4,F4: Shifted and Rotated Non-Continuous Rastrigin’s Function,20,4,1000000,955.5044064272724,155.50440642727244,False,126.1127417087555
de_crossover,4,F4: Shifted and Rotated Non-Continuous Rastrigin’s Function,20,5,1000000,966.6189916366608,166.61899163666067,False,126.22063636779784
de_crossover,4,F4: Shifted and Rotated Non-Continuous Rastrigin’s Function,20,6,1000000,991.6378891762704,191.6378891762704,False,125.8711109161377
de_crossover,4,F4: Shifted and Rotated Non-Continuous Rastrigin’s Function,20,7,1000000,960.1001635555516,160.1001635555516,False,126.80260586738586
de_crossover,4,F4: Shifted and Rotated Non-Continuous Rastrigin’s Function,20,8,1000000,1012.3771968133605,212.37719681336048,False,125.17390704154968
de_crossover,4,F4: Shifted and Rotated Non-Continuous Rastrigin’s Function,20,9,1000000,988.687762095176,188.6877620951761,False,127.19893980026244
de_crossover,4,F4: Shifted and Rotated Non-Continuous Rastrigin’s Function,20,10,1000000,986.0010341061328,186.0010341061329,False,125.93756461143494
de_crossover,4,F4: Shifted and Rotated Non-Continuous Rastrigin’s Function,20,11,1000000,981.0,181.0,False,126.78422284126282
de_crossover,4,F4: Shifted and Rotated Non-Continuous Rastrigin’s Function,20,12,1000000,968.3803193286104,168.3803193286103,False,127.33456587791444
de_crossover,4,F4: Shifted and Rotated Non-Continuous Rastrigin’s Function,20,13,1000000,995.1993066735464,195.1993066735463,False,125.76410865783691
de_crossover,4,F4: Shifted and Rotated Non-Continuous Rastrigin’s Function,20,14,1000000,983.270936297084,183.2709362970841,False,126.60060167312622
de_crossover,4,F4: Shifted and Rotated Non-Continuous Rastrigin’s Function,20,15,1000000,955.4148728588596,155.41487285885955,False,125.72055053710938
de_crossover,4,F4: Shifted and Rotated Non-Continuous Rastrigin’s Function,20,16,1000000,987.5506170935504,187.5506170935504,False,126.89501404762268
de_crossover,4,F4: Shifted and Rotated Non-Continuous Rastrigin’s Function,20,17,1000000,975.114604132773,175.11460413277302,False,126.6856095790863
de_crossover,4,F4: Shifted and Rotated Non-Continuous Rastrigin’s Function,20,18,1000000,996.319525281752,196.3195252817519,False,126.0524172782898
de_crossover,4,F4: Shifted and Rotated Non-Continuous Rastrigin’s Function,20,19,1000000,987.1098843677332,187.10988436773312,False,126.10870313644408
de_crossover,4,F4: Shifted and Rotated Non-Continuous Rastrigin’s Function,20,20,1000000,974.6094154632408,174.6094154632408,False,126.61439871788023
de_crossover,4,F4: Shifted and Rotated Non-Continuous Rastrigin’s Function,20,21,1000000,987.9788671455138,187.97886714551385,False,125.61928844451904
de_crossover,4,F4: Shifted and Rotated Non-Continuous Rastrigin’s Function,20,22,1000000,951.36538305124,151.36538305123986,False,126.6363401412964
de_crossover,4,F4: Shifted and Rotated Non-Continuous Rastrigin’s Function,20,23,1000000,962.6185830540304,162.6185830540304,False,125.35398292541504
de_crossover,4,F4: Shifted and Rotated Non-Continuous Rastrigin’s Function,20,24,1000000,996.4872065203404,196.48720652034035,False,126.32405471801758
de_crossover,4,F4: Shifted and Rotated Non-Continuous Rastrigin’s Function,20,25,1000000,991.7910938214054,191.7910938214054,False,126.3171727657318
de_crossover,4,F4: Shifted and Rotated Non-Continuous Rastrigin’s Function,20,26,1000000,983.4105813886046,183.41058138860456,False,126.1130669116974
de_crossover,4,F4: Shifted and Rotated Non-Continuous Rastrigin’s Function,20,27,1000000,976.3994336208916,176.39943362089173,False,126.55488348007202
de_crossover,4,F4: Shifted and Rotated Non-Continuous Rastrigin’s Function,20,28,1000000,953.4908820853492,153.49088208534909,False,126.58036422729492
de_crossover,4,F4: Shifted and Rotated Non-Continuous Rastrigin’s Function,20,29,1000000,948.1861343961176,148.1861343961175,False,127.30514407157898
de_crossover,4,F4: Shifted and Rotated Non-Continuous Rastrigin’s Function,20,30,1000000,990.5541824536838,190.55418245368375,False,126.59383845329285
de_crossover,5,F5: Shifted and Rotated Levy Function,20,1,1000000,900.0,0.0,True,87.75403022766113
de_crossover,5,F5: Shifted and Rotated Levy Function,20,2,1000000,900.0,0.0,True,87.9276864528656
de_crossover,5,F5: Shifted and Rotated Levy Function,20,3,1000000,900.0,0.0,True,88.352210521698
de_crossover,5,F5: Shifted and Rotated Levy Function,20,4,1000000,900.0,0.0,True,86.56002974510193
de_crossover,5,F5: Shifted and Rotated Levy Function,20,5,1000000,900.0,0.0,True,87.38301348686218
de_crossover,5,F5: Shifted and Rotated Levy Function,20,6,1000000,900.0,0.0,True,87.24551844596863
de_crossover,5,F5: Shifted and Rotated Levy Function,20,7,1000000,900.0,0.0,True,88.35266661643982
de_crossover,5,F5: Shifted and Rotated Levy Function,20,8,1000000,900.0,0.0,True,87.46752548217773
de_crossover,5,F5: Shifted and Rotated Levy Function,20,9,1000000,900.0,0.0,True,87.53006362915039
de_crossover,5,F5: Shifted and Rotated Levy Function,20,10,1000000,900.0,0.0,True,87.84007716178894
de_crossover,5,F5: Shifted and Rotated Levy Function,20,11,1000000,900.0,0.0,True,86.75698828697205
de_crossover,5,F5: Shifted and Rotated Levy Function,20,12,1000000,900.0,0.0,True,87.84975147247314
de_crossover,5,F5: Shifted and Rotated Levy Function,20,13,1000000,900.0,0.0,True,88.96871709823608
de_crossover,5,F5: Shifted and Rotated Levy Function,20,14,1000000,900.0,0.0,True,87.16001653671265
de_crossover,5,F5: Shifted and Rotated Levy Function,20,15,1000000,900.0,0.0,True,87.15692853927612
de_crossover,5,F5: Shifted and Rotated Levy Function,20,16,1000000,900.0,0.0,True,88.16024160385132
de_crossover,5,F5: Shifted and Rotated Levy Function,20,17,1000000,900.0,0.0,True,87.68298292160034
de_crossover,5,F5: Shifted and Rotated Levy Function,20,18,1000000,900.0,0.0,True,88.37353444099426
de_crossover,5,F5: Shifted and Rotated Levy Function,20,19,1000000,900.0,0.0,True,86.98595476150513
de_crossover,5,F5: Shifted and Rotated Levy Function,20,20,1000000,900.0,0.0,True,86.6250352859497
de_crossover,5,F5: Shifted and Rotated Levy Function,20,21,1000000,900.0,0.0,True,87.402508020401
de_crossover,5,F5: Shifted and Rotated Levy Function,20,22,1000000,900.0,0.0,True,88.18649435043335
de_crossover,5,F5: Shifted and Rotated Levy Function,20,23,1000000,900.0,0.0,True,87.16984176635742
de_crossover,5,F5: Shifted and Rotated Levy Function,20,24,1000000,900.0,0.0,True,87.08583855628967
de_crossover,5,F5: Shifted and Rotated Levy Function,20,25,1000000,900.0,0.0,True,86.54714179039001
de_crossover,5,F5: Shifted and Rotated Levy Function,20,26,1000000,900.0,0.0,True,87.25425982475281
de_crossover,5,F5: Shifted and Rotated Levy Function,20,27,1000000,900.0,0.0,True,87.84891819953918
de_crossover,5,F5: Shifted and Rotated Levy Function,20,28,1000000,900.0,0.0,True,87.62522888183594
de_crossover,5,F5: Shifted and Rotated Levy Function,20,29,1000000,900.0,0.0,True,88.07971143722534
de_crossover,5,F5: Shifted and Rotated Levy Function,20,30,1000000,900.0,0.0,True,86.90478801727295
de_crossover,6,F6: Hybrid Function 1,20,1,1000000,5910631.868889818,5908831.868889818,False,95.07685995101927
de_crossover,6,F6: Hybrid Function 1,20,2,1000000,25155593.737241738,25153793.737241738,False,94.9834690093994
de_crossover,6,F6: Hybrid Function 1,20,3,1000000,11844464.709042797,11842664.709042797,False,95.60006022453308
de_crossover,6,F6: Hybrid Function 1,20,4,1000000,25458391.291464884,25456591.291464884,False,93.97884559631348
de_crossover,6,F6: Hybrid Function 1,20,5,1000000,17902230.269513864,17900430.269513864,False,95.14355278015135
de_crossover,6,F6: Hybrid Function 1,20,6,1000000,16267622.928541414,16265822.928541414,False,95.22974061965942
de_crossover,6,F6: Hybrid Function 1,20,7,1000000,17182972.308758207,17181172.308758207,False,95.79469108581544
de_crossover,6,F6: Hybrid Function 1,20,8,1000000,28304667.722080644,28302867.722080644,False,95.43761897087096
de_crossover,6,F6: Hybrid Function 1,20,9,1000000,11508455.808126597,11506655.808126597,False,95.498788356781
de_crossover,6,F6: Hybrid Function 1,20,10,1000000,14652790.046983488,14650990.046983488,False,94.5726284980774
de_crossover,6,F6: Hybrid Function 1,20,11,1000000,22121321.81042641,22119521.81042641,False,95.2334098815918
de_crossover,6,F6: Hybrid Function 1,20,12,1000000,16000467.355953962,15998667.355953962,False,95.7289605140686
de_crossover,6,F6: Hybrid Function 1,20,13,1000000,11994079.35481976,11992279.35481976,False,95.23684811592102
de_crossover,6,F6: Hybrid Function 1,20,14,1000000,22416861.92591358,22415061.92591358,False,94.46465611457825
de_crossover,6,F6: Hybrid Function 1,20,15,1000000,25901985.280505896,25900185.280505896,False,95.02560138702393
de_crossover,6,F6: Hybrid Function 1,20,16,1000000,14164520.901018796,14162720.901018796,False,94.2951328754425
de_crossover,6,F6: Hybrid Function 1,20,17,1000000,12377985.226308744,12376185.226308744,False,94.9360990524292
de_crossover,6,F6: Hybrid Function 1,20,18,1000000,13366412.459260128,13364612.459260128,False,95.77864122390748
de_crossover,6,F6: Hybrid Function 1,20,19,1000000,16979184.588479497,16977384.588479497,False,94.5074224472046
de_crossover,6,F6: Hybrid Function 1,20,20,1000000,18504160.01917807,18502360.01917807,False,94.69170641899107
de_crossover,6,F6: Hybrid Function 1,20,21,1000000,16494424.758539848,16492624.758539848,False,94.58874988555908
de_crossover,6,F6: Hybrid Function 1,20,22,1000000,14621463.668586848,14619663.668586848,False,95.21095275878906
de_crossover,6,F6: Hybrid Function 1,20,23,1000000,15040150.253050376,15038350.253050376,False,94.286066532135
de_crossover,6,F6: Hybrid Function 1,20,24,1000000,16895214.220645025,16893414.220645025,False,95.13321590423584
de_crossover,6,F6: Hybrid Function 1,20,25,1000000,15750936.513202695,15749136.513202695,False,93.90429830551147
de_crossover,6,F6: Hybrid Function 1,20,26,1000000,24518277.359565116,24516477.359565116,False,94.79122018814088
de_crossover,6,F6: Hybrid Function 1,20,27,1000000,13033869.955001531,13032069.955001531,False,94.86790204048155
de_crossover,6,F6: Hybrid Function 1,20,28,1000000,21999869.92047405,21998069.92047405,False,94.40661907196044
de_crossover,6,F6: Hybrid Function 1,20,29,1000000,16205849.094814412,16204049.094814412,False,95.17002868652344
de_crossover,6,F6: Hybrid Function 1,20,30,1000000,16080919.01313494,16079119.01313494,False,94.64614939689636
de_crossover,7,F7: Hybrid Function 2,20,1,1000000,2116.7903048636795,116.79030486367948,False,872.5369033813477
de_crossover,7,F7: Hybrid Function 2,20,2,1000000,2111.8123616844737,111.81236168447369,False,868.0759508609772
de_crossover,7,F7: Hybrid Function 2,20,3,1000000,2125.0657558343405,125.06575583434052,False,868.1142029762268
de_crossover,7,F7: Hybrid Function 2,20,4,1000000,2141.630468226216,141.63046822621618,False,866.5693078041077
de_crossover,7,F7: Hybrid Function 2,20,5,1000000,2168.210809759504,168.21080975950372,False,867.2554256916046
de_crossover,7,F7: Hybrid Function 2,20,6,1000000,2137.8499117228184,137.84991172281843,False,867.919037103653
de_crossover,7,F7: Hybrid Function 2,20,7,1000000,2105.5316722511866,105.5316722511866,False,870.9548728466034
de_crossover,7,F7: Hybrid Function 2,20,8,1000000,2159.5740482378587,159.57404823785873,False,869.8099114894867
de_crossover,7,F7: Hybrid Function 2,20,9,1000000,2142.166050852009,142.166050852009,False,867.4642596244812
de_crossover,7,F7: Hybrid Function 2,20,10,1000000,2133.4462126382773,133.4462126382773,False,869.5562512874603
de_crossover,7,F7: Hybrid Function 2,20,11,1000000,2090.2435138987385,90.24351389873846,False,871.449581861496
de_crossover,7,F7: Hybrid Function 2,20,12,1000000,2191.8865863132096,191.8865863132096,False,867.3593940734863
de_crossover,7,F7: Hybrid Function 2,20,13,1000000,2084.928026712483,84.92802671248319,False,868.1844182014465
de_crossover,7,F7: Hybrid Function 2,20,14,1000000,2121.4829726967355,121.48297269673547,False,866.6477634906769
de_crossover,7,F7: Hybrid Function 2,20,15,1000000,2093.971098192718,93.97109819271782,False,864.2682974338531
de_crossover,7,F7: Hybrid Function 2,20,16,1000000,2102.4362953548275,102.43629535482752,False,868.8166666030884
de_crossover,7,F7: Hybrid Function 2,20,17,1000000,2107.3241417555214,107.3241417555214,False,867.8062765598297
de_crossover,7,F7: Hybrid Function 2,20,18,1000000,2094.6951390263985,94.69513902639846,False,864.0905203819275
de_crossover,7,F7: Hybrid Function 2,20,19,1000000,2090.436920973402,90.4369209734018,False,859.7756931781769
de_crossover,7,F7: Hybrid Function 2,20,20,1000000,2135.730110754945,135.73011075494514,False,866.0006124973297
de_crossover,7,F7: Hybrid Function 2,20,21,1000000,2117.5903512097507,117.59035120975068,False,865.0719380378723
de_crossover,7,F7: Hybrid Function 2,20,22,1000000,2086.2527171167894,86.25271711678943,False,868.2635567188263
de_crossover,7,F7: Hybrid Function 2,20,23,1000000,2105.1051285138574,105.10512851385738,False,867.661182641983
de_crossover,7,F7: Hybrid Function 2,20,24,1000000,2120.50029639447,120.50029639446984,False,865.0878612995148
de_crossover,7,F7: Hybrid Function 2,20,25,1000000,2114.915601081263,114.91560108126303,False,865.6870737075806
de_crossover,7,F7: Hybrid Function 2,20,26,1000000,2109.8616533340983,109.86165333409826,False,871.7701468467712
de_crossover,7,F7: Hybrid Function 2,20,27,1000000,2135.396221285612,135.39622128561223,False,868.4870579242706
de_crossover,7,F7: Hybrid Function 2,20,28,1000000,2125.916492357318,125.91649235731802,False,870.2882468700409
de_crossover,7,F7: Hybrid Function 2,20,29,1000000,2116.584134678823,116.58413467882292,False,870.479478597641
de_crossover,7,F7: Hybrid Function 2,20,30,1000000,2114.039605274915,114.03960527491516,False,872.545431137085
de_crossover,8,F8: Hybrid Function 3,20,1,1000000,2502.4786973826763,302.4786973826763,False,1203.696224451065
de_crossover,8,F8: Hybrid Function 3,20,2,1000000,2861.4302830375186,661.4302830375186,False,1201.2130827903748
de_crossover,8,F8: Hybrid Function 3,20,3,1000000,2605.854339564422,405.85433956442193,False,1198.6081438064575
de_crossover,8,F8: Hybrid Function 3,20,4,1000000,2694.644390562341,494.64439056234096,False,1200.7040910720823
de_crossover,8,F8: Hybrid Function 3,20,5,1000000,2515.52728649648,315.52728649648,False,1203.7366659641266
de_crossover,8,F8: Hybrid Function 3,20,6,1000000,2470.817090761934,270.8170907619342,False,1203.3076467514038
de_crossover,8,F8: Hybrid Function 3,20,7,1000000,3024.7882520741664,824.7882520741664,False,1201.8990976810455
de_crossover,8,F8: Hybrid Function 3,20,8,1000000,2602.565545736121,402.5655457361208,False,1197.7668421268463
de_crossover,8,F8: Hybrid Function 3,20,9,1000000,2547.823556296504,347.8235562965042,False,1204.945945739746
de_crossover,8,F8: Hybrid Function 3,20,10,1000000,2742.334549819709,542.3345498197095,False,1208.041563987732
de_crossover,8,F8: Hybrid Function 3,20,11,1000000,3219.857478247408,1019.857478247408,False,1208.4674904346466
de_crossover,8,F8: Hybrid Function 3,20,12,1000000,3041.071134801663,841.071134801663,False,1205.162341117859
de_crossover,8,F8: Hybrid Function 3,20,13,1000000,2348.0906562541504,148.09065625415042,False,1208.2632882595062
de_crossover,8,F8: Hybrid Function 3,20,14,1000000,2355.646704470545,155.64670447054505,False,1211.348415374756
de_crossover,8,F8: Hybrid Function 3,20,15,1000000,2608.723876155117,408.72387615511707,False,1211.2993071079254
de_crossover,8,F8: Hybrid Function 3,20,16,1000000,2828.472198083506,628.4721980835061,False,1213.357343673706
de_crossover,8,F8: Hybrid Function 3,20,17,1000000,2470.72409564805,270.72409564805,False,1238.741145610809
de_crossover,8,F8: Hybrid Function 3,20,18,1000000,2883.3524565271123,683.3524565271123,False,1254.1041991710665
de_crossover,8,F8: Hybrid Function 3,20,19,1000000,2889.5726099535905,689.5726099535905,False,1248.746549129486
de_crossover,8,F8: Hybrid Function 3,20,20,1000000,2405.47625525978,205.47625525977992,False,1248.434068441391
de_crossover,8,F8: Hybrid Function 3,20,21,1000000,2408.1400877413244,208.14008774132435,False,1250.442108631134
de_crossover,8,F8: Hybrid Function 3,20,22,1000000,2570.121183015611,370.1211830156112,False,1248.1093091964722
de_crossover,8,F8: Hybrid Function 3,20,23,1000000,2462.5155535175995,262.5155535175995,False,1245.5504171848297
de_crossover,8,F8: Hybrid Function 3,20,24,1000000,3250.018064190599,1050.018064190599,False,1245.9730968475342
de_crossover,8,F8: Hybrid Function 3,20,25,1000000,2519.022226959112,319.0222269591113,False,1237.1433534622192
de_crossover,8,F8: Hybrid Function 3,20,26,1000000,2391.02112234372,191.02112234372,False,1245.5907351970673
de_crossover,8,F8: Hybrid Function 3,20,27,1000000,2454.645229016323,254.6452290163229,False,1235.861627817154
de_crossover,8,F8: Hybrid Function 3,20,28,1000000,2507.567038282917,307.5670382829171,False,1231.8244876861572
de_crossover,8,F8: Hybrid Function 3,20,29,1000000,3085.4914040217664,885.4914040217664,False,1200.280555486679
de_crossover,8,F8: Hybrid Function 3,20,30,1000000,2588.1765289918703,388.1765289918703,False,1222.2688150405884
de_crossover,9,F9: Composition Function 1,20,1,1000000,2635.6387702719894,335.6387702719894,False,195.85336017608645
de_crossover,9,F9: Composition Function 1,20,2,1000000,2635.638770272119,335.638770272119,False,194.91969656944275
de_crossover,9,F9: Composition Function 1,20,3,1000000,2635.638770272352,335.63877027235185,False,195.9874048233032
de_crossover,9,F9: Composition Function 1,20,4,1000000,2635.6387702717207,335.63877027172066,False,197.4074060916901
de_crossover,9,F9: Composition Function 1,20,5,1000000,2635.6387702720017,335.6387702720017,False,193.749767780304
de_crossover,9,F9: Composition Function 1,20,6,1000000,2635.638770272729,335.63877027272883,False,195.4310369491577
de_crossover,9,F9: Composition Function 1,20,7,1000000,2635.638770272889,335.6387702728889,False,195.8838965892792
de_crossover,9,F9: Composition Function 1,20,8,1000000,2635.6387702723555,335.6387702723555,False,197.6958050727844
de_crossover,9,F9: Composition Function 1,20,9,1000000,2635.638770271785,335.6387702717848,False,197.65197253227237
de_crossover,9,F9: Composition Function 1,20,10,1000000,2635.638770271993,335.63877027199305,False,194.707466840744
de_crossover,9,F9: Composition Function 1,20,11,1000000,2635.6387702722386,335.6387702722386,False,197.9229261875153
de_crossover,9,F9: Composition Function 1,20,12,1000000,2635.638770272914,335.6387702729139,False,195.98997569084167
de_crossover,9,F9: Composition Function 1,20,13,1000000,2635.638770271722,335.638770271722,False,195.301739692688
de_crossover,9,F9: Composition Function 1,20,14,1000000,2635.638770272671,335.6387702726711,False,198.4161546230316
de_crossover,9,F9: Composition Function 1,20,15,1000000,2635.63877027202,335.6387702720199,False,191.2592082023621
de_crossover,9,F9: Composition Function 1,20,16,1000000,2635.638770272117,335.6387702721172,False,185.86508226394653
de_crossover,9,F9: Composition Function 1,20,17,1000000,2635.638770271591,335.63877027159106,False,185.84400296211243
de_crossover,9,F9: Composition Function 1,20,18,1000000,2635.638770271825,335.6387702718248,False,186.6817970275879
de_crossover,9,F9: Composition Function 1,20,19,1000000,2635.6387702725174,335.6387702725174,False,186.16810655593872
de_crossover,9,F9: Composition Function 1,20,20,1000000,2635.6387702728166,335.6387702728166,False,184.30735445022583
de_crossover,9,F9: Composition Function 1,20,21,1000000,2635.638770272039,335.638770272039,False,183.91188788414
de_crossover,9,F9: Composition Function 1,20,22,1000000,2635.638770272225,335.638770272225,False,184.9188096523285
de_crossover,9,F9: Composition Function 1,20,23,1000000,2635.6387702720617,335.6387702720617,False,184.7132358551025
de_crossover,9,F9: Composition Function 1,20,24,1000000,2635.6387702728,335.63877027280023,False,187.35149145126343
de_crossover,9,F9: Composition Function 1,20,25,1000000,2635.6387702716747,335.6387702716748,False,184.71079897880557
de_crossover,9,F9: Composition Function 1,20,26,1000000,2635.638770272325,335.6387702723255,False,187.25047540664676
de_crossover,9,F9: Composition Function 1,20,27,1000000,2635.63877027176,335.6387702717602,False,199.57138681411743
de_crossover,9,F9: Composition Function 1,20,28,1000000,2635.6387702718444,335.63877027184435,False,205.3884916305542
de_crossover,9,F9: Composition Function 1,20,29,1000000,2635.638770272198,335.63877027219814,False,200.13288688659668
de_crossover,9,F9: Composition Function 1,20,30,1000000,2635.63877027194,335.63877027193985,False,202.83093690872192
de_crossover,10,F10: Composition Function 2,20,1,1000000,2795.2373060221444,395.2373060221444,False,205.41969060897827
de_crossover,10,F10: Composition Function 2,20,2,1000000,2795.2373102975635,395.23731029756345,False,196.9997866153717
de_crossover,10,F10: Composition Function 2,20,3,1000000,2795.237188884429,395.2371888844296,False,198.26669716835025
de_crossover,10,F10: Composition Function 2,20,4,1000000,2795.237297981038,395.237297981038,False,203.3911180496216
de_crossover,10,F10: Composition Function 2,20,5,1000000,2795.237256859257,395.2372568592568,False,199.83685302734372
de_crossover,10,F10: Composition Function 2,20,6,1000000,2795.2377884876787,395.2377884876787,False,194.50336694717407
de_crossover,10,F10: Composition Function 2,20,7,1000000,2795.237191307641,395.2371913076408,False,197.25055742263797
de_crossover,10,F10: Composition Function 2,20,8,1000000,2795.23724321246,395.23724321245936,False,195.531822681427
de_crossover,10,F10: Composition Function 2,20,9,1000000,2795.237352098277,395.2373520982769,False,188.7715198993683
de_crossover,10,F10: Composition Function 2,20,10,1000000,2795.237268844891,395.2372688448909,False,191.98626375198364
de_crossover,10,F10: Composition Function 2,20,11,1000000,2795.2372370937564,395.2372370937565,False,188.56968879699707
de_crossover,10,F10: Composition Function 2,20,12,1000000,2795.2374977185027,395.2374977185027,False,193.2621858119965
de_crossover,10,F10: Composition Function 2,20,13,1000000,2795.2380866384347,395.23808663843465,False,197.4535207748413
de_crossover,10,F10: Composition Function 2,20,14,1000000,2795.2373312550103,395.2373312550103,False,194.0436499118805
de_crossover,10,F10: Composition Function 2,20,15,1000000,2795.237231211933,395.2372312119328,False,186.62989044189453
de_crossover,10,F10: Composition Function 2,20,16,1000000,2795.2372487996686,395.2372487996686,False,193.40928387641907
de_crossover,10,F10: Composition Function 2,20,17,1000000,2795.237371720173,395.2373717201731,False,188.8913903236389
de_crossover,10,F10: Composition Function 2,20,18,1000000,2795.237195779001,395.237195779001,False,189.49518609046936
de_crossover,10,F10: Composition Function 2,20,19,1000000,2795.2374406456124,395.2374406456124,False,186.6195197105408
de_crossover,10,F10: Composition Function 2,20,20,1000000,2795.237311510652,395.237311510652,False,185.13661289215088
de_crossover,10,F10: Composition Function 2,20,21,1000000,2795.237174626164,395.2371746261633,False,185.7553255558014
de_crossover,10,F10: Composition Function 2,20,22,1000000,2795.237392354997,395.2373923549972,False,189.24642395973208
de_crossover,10,F10: Composition Function 2,20,23,1000000,2795.237239067132,395.2372390671321,False,185.8191955089569
de_crossover,10,F10: Composition Function 2,20,24,1000000,2795.237265741752,395.2372657417518,False,176.9818253517151
de_crossover,10,F10: Composition Function 2,20,25,1000000,2795.23736493826,395.23736493825936,False,178.3969554901123
de_crossover,10,F10: Composition Function 2,20,26,1000000,2795.237301609515,395.2373016095148,False,178.79221868515015
de_crossover,10,F10: Composition Function 2,20,27,1000000,2795.237330664036,395.2373306640361,False,176.7382984161377
de_crossover,10,F10: Composition Function 2,20,28,1000000,2795.2373884439726,395.2373884439726,False,172.22940826416016
de_crossover,10,F10: Composition Function 2,20,29,1000000,2795.237511431915,395.2375114319152,False,169.564594745636
de_crossover,10,F10: Composition Function 2,20,30,1000000,2795.2375278027257,395.2375278027257,False,171.4185163974762
de_crossover,11,F11: Composition Function 3,20,1,1000000,2600.0000000000005,4.547473508864641e-13,True,252.9767639636993
de_crossover,11,F11: Composition Function 3,20,2,1000000,2600.0000000000005,4.547473508864641e-13,True,252.28245377540588
de_crossover,11,F11: Composition Function 3,20,3,1000000,2600.0000000000005,4.547473508864641e-13,True,224.15635633468628
de_crossover,11,F11: Composition Function 3,20,4,1000000,2600.0000000000005,4.547473508864641e-13,True,259.5937614440918
de_crossover,11,F11: Composition Function 3,20,5,1000000,2600.0000000000005,4.547473508864641e-13,True,274.7640998363495
de_crossover,11,F11: Composition Function 3,20,6,1000000,2600.0000000000005,4.547473508864641e-13,True,259.6915776729584
de_crossover,11,F11: Composition Function 3,20,7,1000000,2600.0000000000005,4.547473508864641e-13,True,265.22145533561707
de_crossover,11,F11: Composition Function 3,20,8,1000000,2600.0000000000005,4.547473508864641e-13,True,251.34058260917664
de_crossover,11,F11: Composition Function 3,20,9,1000000,2600.0000000000005,4.547473508864641e-13,True,249.97918486595157
de_crossover,11,F11: Composition Function 3,20,10,1000000,2600.0000000000005,4.547473508864641e-13,True,248.24207282066345
de_crossover,11,F11: Composition Function 3,20,11,1000000,2600.0000000000005,4.547473508864641e-13,True,249.1881048679352
de_crossover,11,F11: Composition Function 3,20,12,1000000,2600.0000000000005,4.547473508864641e-13,True,246.6973023414612
de_crossover,11,F11: Composition Function 3,20,13,1000000,2600.0000000000005,4.547473508864641e-13,True,252.1594066619873
de_crossover,11,F11: Composition Function 3,20,14,1000000,2600.0000000000005,4.547473508864641e-13,True,253.6127157211304
de_crossover,11,F11: Composition Function 3,20,15,1000000,2600.0000000000005,4.547473508864641e-13,True,250.82118701934812
de_crossover,11,F11: Composition Function 3,20,16,1000000,2600.0000000000005,4.547473508864641e-13,True,249.01593375205996
de_crossover,11,F11: Composition Function 3,20,17,1000000,2600.0000000000005,4.547473508864641e-13,True,248.2362892627716
de_crossover,11,F11: Composition Function 3,20,18,1000000,2600.0000000000005,4.547473508864641e-13,True,252.15884709358212
de_crossover,11,F11: Composition Function 3,20,19,1000000,2600.0000000000005,4.547473508864641e-13,True,247.3059904575348
de_crossover,11,F11: Composition Function 3,20,20,1000000,2600.0000000000005,4.547473508864641e-13,True,251.8141074180603
de_crossover,11,F11: Composition Function 3,20,21,1000000,2600.0000000000005,4.547473508864641e-13,True,247.86870956420896
de_crossover,11,F11: Composition Function 3,20,22,1000000,2600.0000000000005,4.547473508864641e-13,True,249.7893762588501
de_crossover,11,F11: Composition Function 3,20,23,1000000,2600.0000000000005,4.547473508864641e-13,True,251.7975008487701
de_crossover,11,F11: Composition Function 3,20,24,1000000,2600.0000000000005,4.547473508864641e-13,True,246.1975634098053
de_crossover,11,F11: Composition Function 3,20,25,1000000,2600.0000000000005,4.547473508864641e-13,True,251.8555583953857
de_crossover,11,F11: Composition Function 3,20,26,1000000,2600.0000000000005,4.547473508864641e-13,True,253.42699933052063
de_crossover,11,F11: Composition Function 3,20,27,1000000,2600.0000000000005,4.547473508864641e-13,True,250.22831177711487
de_crossover,11,F11: Composition Function 3,20,28,1000000,2600.0000000000005,4.547473508864641e-13,True,249.5269927978516
de_crossover,11,F11: Composition Function 3,20,29,1000000,2600.0000000000005,4.547473508864641e-13,True,248.3200080394745
de_crossover,11,F11: Composition Function 3,20,30,1000000,2600.0000000000005,4.547473508864641e-13,True,248.01815462112427
de_crossover,12,F12: Composition Function 4,20,1,1000000,2938.285034265133,238.2850342651332,False,267.8495650291443
de_crossover,12,F12: Composition Function 4,20,2,1000000,2938.2850342651336,238.2850342651336,False,265.3133475780487
de_crossover,12,F12: Composition Function 4,20,3,1000000,2938.2850342651336,238.2850342651336,False,267.0391070842743
de_crossover,12,F12: Composition Function 4,20,4,1000000,2938.2850342651336,238.2850342651336,False,269.09264278411865
de_crossover,12,F12: Composition Function 4,20,5,1000000,2938.285034265133,238.2850342651332,False,269.3907115459442
de_crossover,12,F12: Composition Function 4,20,6,1000000,2938.285034265133,238.2850342651332,False,273.7194039821625
de_crossover,12,F12: Composition Function 4,20,7,1000000,2938.2850342651336,238.2850342651336,False,274.48421001434326
de_crossover,12,F12: Composition Function 4,20,8,1000000,2938.285034265133,238.2850342651332,False,272.8772282600403
de_crossover,12,F12: Composition Function 4,20,9,1000000,2939.0931884216507,239.09318842165067,False,259.60597681999207
de_crossover,12,F12: Composition Function 4,20,10,1000000,2938.2850342651336,238.2850342651336,False,261.47136998176575
de_crossover,12,F12: Composition Function 4,20,11,1000000,2938.2850342651336,238.2850342651336,False,259.77158522605896
de_crossover,12,F12: Composition Function 4,20,12,1000000,2938.285034265133,238.2850342651332,False,259.84462571144104
de_crossover,12,F12: Composition Function 4,20,13,1000000,2938.2850342651336,238.2850342651336,False,257.5486295223236
de_crossover,12,F12: Composition Function 4,20,14,1000000,2938.2850342651336,238.2850342651336,False,255.8751802444458
de_crossover,12,F12: Composition Function 4,20,15,1000000,2938.285034265133,238.2850342651332,False,256.66786193847656
de_crossover,12,F12: Composition Function 4,20,16,1000000,2938.285034265133,238.2850342651332,False,255.74587512016296
de_crossover,12,F12: Composition Function 4,20,17,1000000,2938.285034265133,238.2850342651332,False,260.3098876476288
de_crossover,12,F12: Composition Function 4,20,18,1000000,2938.2850342651336,238.2850342651336,False,256.89501547813416
de_crossover,12,F12: Composition Function 4,20,19,1000000,2938.2850342651336,238.2850342651336,False,254.90789270401
de_crossover,12,F12: Composition Function 4,20,20,1000000,2943.9317903963542,243.93179039635424,False,256.68673396110535
de_crossover,12,F12: Composition Function 4,20,21,1000000,2938.285034265133,238.2850342651332,False,258.0307309627533
de_crossover,12,F12: Composition Function 4,20,22,1000000,2938.2850342651336,238.2850342651336,False,253.33210110664368
de_crossover,12,F12: Composition Function 4,20,23,1000000,2938.2850342651336,238.2850342651336,False,251.0132703781128
de_crossover,12,F12: Composition Function 4,20,24,1000000,2938.2850342651336,238.2850342651336,False,254.01141905784607
de_crossover,12,F12: Composition Function 4,20,25,1000000,2938.2850342651336,238.2850342651336,False,247.06318998336792
de_crossover,12,F12: Composition Function 4,20,26,1000000,2938.2850342651336,238.2850342651336,False,244.63968873023987
de_crossover,12,F12: Composition Function 4,20,27,1000000,2938.285034265133,238.2850342651332,False,248.39014506340027
de_crossover,12,F12: Composition Function 4,20,28,1000000,2938.285034265133,238.2850342651332,False,248.45389699935916
de_crossover,12,F12: Composition Function 4,20,29,1000000,2938.2850342651336,238.2850342651336,False,246.1711528301239
de_crossover,12,F12: Composition Function 4,20,30,1000000,2938.285034265133,238.2850342651332,False,248.5168135166168
de_gradient_boost,1,F1: Shifted and full Rotated Zakharov Function,10,1,200000,302.14635159875684,2.146351598756837,False,7.835544109344482
de_gradient_boost,1,F1: Shifted and full Rotated Zakharov Function,10,2,200000,302.0576935317045,2.0576935317045013,False,7.126222848892212
de_gradient_boost,1,F1: Shifted and full Rotated Zakharov Function,10,3,200000,302.56665712989945,2.566657129899454,False,7.345251083374023
de_gradient_boost,1,F1: Shifted and full Rotated Zakharov Function,10,4,200000,303.4386842642948,3.438684264294807,False,7.007847785949707
de_gradient_boost,1,F1: Shifted and full Rotated Zakharov Function,10,5,200000,303.08194325041995,3.081943250419954,False,7.469656467437744
de_gradient_boost,1,F1: Shifted and full Rotated Zakharov Function,10,6,200000,302.9785655367028,2.9785655367027744,False,7.300520420074463
de_gradient_boost,1,F1: Shifted and full Rotated Zakharov Function,10,7,200000,302.7671726134878,2.767172613487787,False,7.506606101989746
de_gradient_boost,1,F1: Shifted and full Rotated Zakharov Function,10,8,200000,302.02003583038714,2.020035830387144,False,6.945054531097412
de_gradient_boost,1,F1: Shifted and full Rotated Zakharov Function,10,9,200000,303.062431687612,3.0624316876119906,False,7.206671953201294
de_gradient_boost,1,F1: Shifted and full Rotated Zakharov Function,10,10,200000,302.8913665414394,2.8913665414394245,False,7.433310270309448
de_gradient_boost,1,F1: Shifted and full Rotated Zakharov Function,10,11,200000,303.9163452528496,3.916345252849624,False,7.608234882354736
de_gradient_boost,1,F1: Shifted and full Rotated Zakharov Function,10,12,200000,302.8392227528982,2.839222752898195,False,6.942956447601318
de_gradient_boost,1,F1: Shifted and full Rotated Zakharov Function,10,13,200000,303.29181290063536,3.291812900635364,False,7.172443866729736
de_gradient_boost,1,F1: Shifted and full Rotated Zakharov Function,10,14,200000,301.9862207076842,1.986220707684197,False,7.369399070739746
de_gradient_boost,1,F1: Shifted and full Rotated Zakharov Function,10,15,200000,302.1713651770382,2.171365177038183,False,7.348055362701416
de_gradient_boost,1,F1: Shifted and full Rotated Zakharov Function,10,16,200000,302.1306320001368,2.1306320001367567,False,7.022646427154541
de_gradient_boost,1,F1: Shifted and full Rotated Zakharov Function,10,17,200000,301.64902859662965,1.6490285966296483,False,6.824297666549683
de_gradient_boost,1,F1: Shifted and full Rotated Zakharov Function,10,18,200000,301.538089212122,1.5380892121219745,False,7.097173452377319
de_gradient_boost,1,F1: Shifted and full Rotated Zakharov Function,10,19,200000,302.57075490543417,2.570754905434171,False,7.40870213508606
de_gradient_boost,1,F1: Shifted and full Rotated Zakharov Function,10,20,200000,304.98013035201365,4.980130352013646,False,7.269749641418457
de_gradient_boost,1,F1: Shifted and full Rotated Zakharov Function,10,21,200000,302.3514789194035,2.351478919403519,False,7.106222867965698
de_gradient_boost,1,F1: Shifted and full Rotated Zakharov Function,10,22,200000,302.1431656393589,2.1431656393589265,False,7.0408034324646
de_gradient_boost,1,F1: Shifted and full Rotated Zakharov Function,10,23,200000,301.9746171680784,1.974617168078396,False,6.807030916213989
de_gradient_boost,1,F1: Shifted and full Rotated Zakharov Function,10,24,200000,302.744163509184,2.744163509183977,False,7.163738012313843
de_gradient_boost,1,F1: Shifted and full Rotated Zakharov Function,10,25,200000,304.3591919714919,4.359191971491896,False,7.482508182525635
de_gradient_boost,1,F1: Shifted and full Rotated Zakharov Function,10,26,200000,303.6478959554731,3.647895955473075,False,7.002278804779053
de_gradient_boost,1,F1: Shifted and full Rotated Zakharov Function,10,27,200000,303.7851005749189,3.7851005749188857,False,7.46495771408081
de_gradient_boost,1,F1: Shifted and full Rotated Zakharov Function,10,28,200000,301.859893911115,1.859893911115023,False,7.275557279586792
de_gradient_boost,1,F1: Shifted and full Rotated Zakharov Function,10,29,200000,303.14188733176826,3.14188733176826,False,7.256043195724487
de_gradient_boost,1,F1: Shifted and full Rotated Zakharov Function,10,30,200000,301.45473291111534,1.454732911115343,False,6.960832834243774
de_gradient_boost,2,F2: Shifted and Rotated Rosenbrock’s Function,10,1,200000,405.1709904122784,5.1709904122784,False,8.558882474899292
de_gradient_boost,2,F2: Shifted and Rotated Rosenbrock’s Function,10,2,200000,408.9407976553316,8.94079765533155,False,8.676241397857666
de_gradient_boost,2,F2: Shifted and Rotated Rosenbrock’s Function,10,3,200000,408.9467086536963,8.946708653696305,False,8.756610870361328
de_gradient_boost,2,F2: Shifted and Rotated Rosenbrock’s Function,10,4,200000,404.88899623687183,4.888996236871833,False,8.700911045074463
de_gradient_boost,2,F2: Shifted and Rotated Rosenbrock’s Function,10,5,200000,404.9028388799548,4.9028388799548,False,8.957435369491577
de_gradient_boost,2,F2: Shifted and Rotated Rosenbrock’s Function,10,6,200000,408.95923418156246,8.959234181562465,False,8.787546396255493
de_gradient_boost,2,F2: Shifted and Rotated Rosenbrock’s Function,10,7,200000,408.973461632293,8.973461632293038,False,8.398189783096313
de_gradient_boost,2,F2: Shifted and Rotated Rosenbrock’s Function,10,8,200000,408.9275646540983,8.927564654098262,False,9.035009384155272
de_gradient_boost,2,F2: Shifted and Rotated Rosenbrock’s Function,10,9,200000,406.1785858354738,6.178585835473825,False,8.356043338775635
de_gradient_boost,2,F2: Shifted and Rotated Rosenbrock’s Function,10,10,200000,408.9497682037737,8.949768203773715,False,8.706886768341064
de_gradient_boost,2,F2: Shifted and Rotated Rosenbrock’s Function,10,11,200000,405.3822278042967,5.38222780429669,False,8.383684873580933
de_gradient_boost,2,F2: Shifted and Rotated Rosenbrock’s Function,10,12,200000,408.9586519316207,8.958651931620693,False,8.928248882293701
de_gradient_boost,2,F2: Shifted and Rotated Rosenbrock’s Function,10,13,200000,405.1664472433658,5.166447243365781,False,8.845881223678589
de_gradient_boost,2,F2: Shifted and Rotated Rosenbrock’s Function,10,14,200000,404.99321618459606,4.993216184596065,False,8.915130853652954
de_gradient_boost,2,F2: Shifted and Rotated Rosenbrock’s Function,10,15,200000,404.7223781406542,4.7223781406542,False,8.518808126449585
de_gradient_boost,2,F2: Shifted and Rotated Rosenbrock’s Function,10,16,200000,405.0613790108701,5.061379010870098,False,8.734888315200806
de_gradient_boost,2,F2: Shifted and Rotated Rosenbrock’s Function,10,17,200000,408.97374651323776,8.973746513237757,False,8.79955244064331
de_gradient_boost,2,F2: Shifted and Rotated Rosenbrock’s Function,10,18,200000,408.9464370289649,8.946437028964851,False,8.950932264328003
de_gradient_boost,2,F2: Shifted and Rotated Rosenbrock’s Function,10,19,200000,408.9838875946046,8.983887594604596,False,8.813430070877075
de_gradient_boost,2,F2: Shifted and Rotated Rosenbrock’s Function,10,20,200000,404.9451869034462,4.945186903446199,False,8.652803421020508
de_gradient_boost,2,F2: Shifted and Rotated Rosenbrock’s Function,10,21,200000,408.93994919194415,8.939949191944152,False,8.3716721534729
de_gradient_boost,2,F2: Shifted and Rotated Rosenbrock’s Function,10,22,200000,408.9470752849413,8.94707528494132,False,8.54697060585022
de_gradient_boost,2,F2: Shifted and Rotated Rosenbrock’s Function,10,23,200000,405.2142403266926,5.214240326692618,False,8.53638219833374
de_gradient_boost,2,F2: Shifted and Rotated Rosenbrock’s Function,10,24,200000,404.631074725462,4.6310747254619855,False,8.81902289390564
de_gradient_boost,2,F2: Shifted and Rotated Rosenbrock’s Function,10,25,200000,408.9314438921105,8.931443892110508,False,8.969633102416992
de_gradient_boost,2,F2: Shifted and Rotated Rosenbrock’s Function,10,26,200000,405.4716748951819,5.471674895181877,False,8.645615816116333
de_gradient_boost,2,F2: Shifted and Rotated Rosenbrock’s Function,10,27,200000,409.087188911777,9.087188911776993,False,9.146098852157593
de_gradient_boost,2,F2: Shifted and Rotated Rosenbrock’s Function,10,28,200000,405.2395515653087,5.239551565308659,False,8.478108167648315
de_gradient_boost,2,F2: Shifted and Rotated Rosenbrock’s Function,10,29,200000,408.9336147554077,8.933614755407689,False,8.712687015533447
de_gradient_boost,2,F2: Shifted and Rotated Rosenbrock’s Function,10,30,200000,408.9457268869169,8.945726886916873,False,8.536961793899536
de_gradient_boost,3,F3: Shifted and full Rotated Expanded Schaffer’s F7,10,1,200000,600.00002451336,2.451336001740856e-05,False,12.305830717086792
de_gradient_boost,3,F3: Shifted and full Rotated Expanded Schaffer’s F7,10,2,200000,600.000016556687,1.6556687000957027e-05,False,12.592508792877195
de_gradient_boost,3,F3: Shifted and full Rotated Expanded Schaffer’s F7,10,3,200000,600.0000261577355,2.615773553316103e-05,False,12.32984733581543
de_gradient_boost,3,F3: Shifted and full Rotated Expanded Schaffer’s F7,10,4,200000,600.0000229545532,2.2954553173804012e-05,False,12.28577971458435
de_gradient_boost,3,F3: Shifted and full Rotated Expanded Schaffer’s F7,10,5,200000,600.0000297996345,2.979963448979106e-05,False,12.5820791721344
de_gradient_boost,3,F3: Shifted and full Rotated Expanded Schaffer’s F7,10,6,200000,600.0000397070281,3.970702812239324e-05,False,12.7417950630188
de_gradient_boost,3,F3: Shifted and full Rotated Expanded Schaffer’s F7,10,7,200000,600.000046779827,4.6779827016507625e-05,False,12.727500677108765
de_gradient_boost,3,F3: Shifted and full Rotated Expanded Schaffer’s F7,10,8,200000,600.0000343019626,3.4301962614335935e-05,False,12.626129627227783
de_gradient_boost,3,F3: Shifted and full Rotated Expanded Schaffer’s F7,10,9,200000,600.0000204167478,2.041674781594338e-05,False,12.530161380767822
de_gradient_boost,3,F3: Shifted and full Rotated Expanded Schaffer’s F7,10,10,200000,600.0000422105293,4.221052927277924e-05,False,12.265948295593262
de_gradient_boost,3,F3: Shifted and full Rotated Expanded Schaffer’s F7,10,11,200000,600.0000395999218,3.959992181989946e-05,False,12.940167903900146
de_gradient_boost,3,F3: Shifted and full Rotated Expanded Schaffer’s F7,10,12,200000,600.0000228816853,2.2881685254105832e-05,False,12.361979246139526
de_gradient_boost,3,F3: Shifted and full Rotated Expanded Schaffer’s F7,10,13,200000,600.0000194862102,1.948621024894237e-05,False,12.30993127822876
de_gradient_boost,3,F3: Shifted and full Rotated Expanded Schaffer’s F7,10,14,200000,600.0000340353464,3.403534640256112e-05,False,12.63192868232727
de_gradient_boost,3,F3: Shifted and full Rotated Expanded Schaffer’s F7,10,15,200000,600.0000197215243,1.972152426787943e-05,False,12.577049016952516
de_gradient_boost,3,F3: Shifted and full Rotated Expanded Schaffer’s F7,10,16,200000,600.0000252843042,2.528430422898964e-05,False,12.255228757858276
de_gradient_boost,3,F3: Shifted and full Rotated Expanded Schaffer’s F7,10,17,200000,600.000042362647,4.236264703649795e-05,False,12.746792316436768
de_gradient_boost,3,F3: Shifted and full Rotated Expanded Schaffer’s F7,10,18,200000,600.0000470003229,4.700032286564237e-05,False,12.399210214614868
de_gradient_boost,3,F3: Shifted and full Rotated Expanded Schaffer’s F7,10,19,200000,600.000023654621,2.365462103171012e-05,False,12.31891632080078
de_gradient_boost,3,F3: Shifted and full Rotated Expanded Schaffer’s F7,10,20,200000,600.0000341908467,3.4190846690762555e-05,False,12.339920282363892
de_gradient_boost,3,F3: Shifted and full Rotated Expanded Schaffer’s F7,10,21,200000,600.0000360521303,3.605213032642496e-05,False,12.356334447860718
de_gradient_boost,3,F3: Shifted and full Rotated Expanded Schaffer’s F7,10,22,200000,600.0000359242267,3.592422672227258e-05,False,12.635361194610596
de_gradient_boost,3,F3: Shifted and full Rotated Expanded Schaffer’s F7,10,23,200000,600.0000317441255,3.1744125521981914e-05,False,12.2191424369812
de_gradient_boost,3,F3: Shifted and full Rotated Expanded Schaffer’s F7,10,24,200000,600.0000326530247,3.2653024732098856e-05,False,12.310438871383669
de_gradient_boost,3,F3: Shifted and full Rotated Expanded Schaffer’s F7,10,25,200000,600.0000269491575,2.694915747269988e-05,False,12.011554718017578
de_gradient_boost,3,F3: Shifted and full Rotated Expanded Schaffer’s F7,10,26,200000,600.0000416429822,4.16429821825659e-05,False,12.643070697784424
de_gradient_boost,3,F3: Shifted and full Rotated Expanded Schaffer’s F7,10,27,200000,600.0000227762586,2.277625856095256e-05,False,12.6501042842865
de_gradient_boost,3,F3: Shifted and full Rotated Expanded Schaffer’s F7,10,28,200000,600.0000337767174,3.377671737325727e-05,False,12.547783851623535
de_gradient_boost,3,F3: Shifted and full Rotated Expanded Schaffer’s F7,10,29,200000,600.0000377141461,3.7714146060352505e-05,False,13.182447910308838
de_gradient_boost,3,F3: Shifted and full Rotated Expanded Schaffer’s F7,10,30,200000,600.0000269308307,2.6930830699711805e-05,False,13.187514781951904
de_gradient_boost,4,F4: Shifted and Rotated Non-Continuous Rastrigin’s Function,10,1,200000,856.8857722976649,56.88577229766486,False,18.67533254623413
de_gradient_boost,4,F4: Shifted and Rotated Non-Continuous Rastrigin’s Function,10,2,200000,847.0795002315491,47.07950023154911,False,17.93926453590393
de_gradient_boost,4,F4: Shifted and Rotated Non-Continuous Rastrigin’s Function,10,3,200000,854.0,54.0,False,19.30537223815918
de_gradient_boost,4,F4: Shifted and Rotated Non-Continuous Rastrigin’s Function,10,4,200000,878.0,78.0,False,18.26797366142273
de_gradient_boost,4,F4: Shifted and Rotated Non-Continuous Rastrigin’s Function,10,5,200000,851.468531540457,51.46853154045698,False,17.719709157943726
de_gradient_boost,4,F4: Shifted and Rotated Non-Continuous Rastrigin’s Function,10,6,200000,859.8576180015393,59.85761800153932,False,18.621803045272827
de_gradient_boost,4,F4: Shifted and Rotated Non-Continuous Rastrigin’s Function,10,7,200000,860.4168287955331,60.41682879553309,False,17.893955945968628
de_gradient_boost,4,F4: Shifted and Rotated Non-Continuous Rastrigin’s Function,10,8,200000,851.6583196873462,51.65831968734619,False,17.62887978553772
de_gradient_boost,4,F4: Shifted and Rotated Non-Continuous Rastrigin’s Function,10,9,200000,894.2231216100629,94.22312161006288,False,18.354163646698
de_gradient_boost,4,F4: Shifted and Rotated Non-Continuous Rastrigin’s Function,10,10,200000,865.7885841479506,65.78858414795059,False,18.0047550201416
de_gradient_boost,4,F4: Shifted and Rotated Non-Continuous Rastrigin’s Function,10,11,200000,872.0178181188094,72.01781811880937,False,18.697683572769165
de_gradient_boost,4,F4: Shifted and Rotated Non-Continuous Rastrigin’s Function,10,12,200000,844.9158503460415,44.91585034604145,False,18.507205486297607
de_gradient_boost,4,F4: Shifted and Rotated Non-Continuous Rastrigin’s Function,10,13,200000,867.0709574975411,67.07095749754114,False,18.330918312072757
de_gradient_boost,4,F4: Shifted and Rotated Non-Continuous Rastrigin’s Function,10,14,200000,874.3722654667515,74.37226546675151,False,18.54372978210449
de_gradient_boost,4,F4: Shifted and Rotated Non-Continuous Rastrigin’s Function,10,15,200000,864.3525024890631,64.35250248906311,False,18.4524450302124
de_gradient_boost,4,F4: Shifted and Rotated Non-Continuous Rastrigin’s Function,10,16,200000,846.9139318843924,46.91393188439236,False,18.70838832855225
de_gradient_boost,4,F4: Shifted and Rotated Non-Continuous Rastrigin’s Function,10,17,200000,852.6180193486532,52.618019348653206,False,18.552313327789307
de_gradient_boost,4,F4: Shifted and Rotated Non-Continuous Rastrigin’s Function,10,18,200000,848.2985835924258,48.29858359242576,False,18.14350843429565
de_gradient_boost,4,F4: Shifted and Rotated Non-Continuous Rastrigin’s Function,10,19,200000,836.9902985159387,36.99029851593866,False,18.311240434646606
de_gradient_boost,4,F4: Shifted and Rotated Non-Continuous Rastrigin’s Function,10,20,200000,836.9850972410377,36.98509724103769,False,17.725962162017822
de_gradient_boost,4,F4: Shifted and Rotated Non-Continuous Rastrigin’s Function,10,21,200000,883.7079578000985,83.70795780009848,False,17.518072843551636
de_gradient_boost,4,F4: Shifted and Rotated Non-Continuous Rastrigin’s Function,10,22,200000,865.3705352074026,65.37053520740255,False,18.12942051887512
de_gradient_boost,4,F4: Shifted and Rotated Non-Continuous Rastrigin’s Function,10,23,200000,873.3713035877007,73.37130358770071,False,17.786122798919678
de_gradient_boost,4,F4: Shifted and Rotated Non-Continuous Rastrigin’s Function,10,24,200000,874.9940537790814,74.99405377908136,False,17.581932067871094
de_gradient_boost,4,F4: Shifted and Rotated Non-Continuous Rastrigin’s Function,10,25,200000,854.0,54.0,False,18.3818142414093
de_gradient_boost,4,F4: Shifted and Rotated Non-Continuous Rastrigin’s Function,10,26,200000,891.9101002518003,91.91010025180026,False,18.04056143760681
de_gradient_boost,4,F4: Shifted and Rotated Non-Continuous Rastrigin’s Function,10,27,200000,869.0590693439622,69.05906934396216,False,18.670719861984253
de_gradient_boost,4,F4: Shifted and Rotated Non-Continuous Rastrigin’s Function,10,28,200000,852.1631935612614,52.16319356126144,False,17.733450412750244
de_gradient_boost,4,F4: Shifted and Rotated Non-Continuous Rastrigin’s Function,10,29,200000,877.0291680472255,77.02916804722554,False,17.87995433807373
de_gradient_boost,4,F4: Shifted and Rotated Non-Continuous Rastrigin’s Function,10,30,200000,881.0764433436115,81.07644334361146,False,18.699689149856567
de_gradient_boost,5,F5: Shifted and Rotated Levy Function,10,1,200000,900.0013588287682,0.0013588287681614,False,11.741494417190552
de_gradient_boost,5,F5: Shifted and Rotated Levy Function,10,2,200000,900.0018004424893,0.0018004424892978,False,11.805570363998411
de_gradient_boost,5,F5: Shifted and Rotated Levy Function,10,3,200000,900.0026112783565,0.0026112783565395,False,11.376775741577148
de_gradient_boost,5,F5: Shifted and Rotated Levy Function,10,4,200000,900.001841243436,0.001841243436047,False,10.75599193572998
de_gradient_boost,5,F5: Shifted and Rotated Levy Function,10,5,200000,900.0023719735004,0.0023719735004306,False,10.87239933013916
de_gradient_boost,5,F5: Shifted and Rotated Levy Function,10,6,200000,900.0009945590557,0.0009945590556981,False,11.113938808441162
de_gradient_boost,5,F5: Shifted and Rotated Levy Function,10,7,200000,900.000446018668,0.000446018667958,False,10.840140104293823
de_gradient_boost,5,F5: Shifted and Rotated Levy Function,10,8,200000,900.0018411311472,0.0018411311472164,False,10.76811695098877
de_gradient_boost,5,F5: Shifted and Rotated Levy Function,10,9,200000,900.0019497468182,0.0019497468182407,False,11.429588317871094
de_gradient_boost,5,F5: Shifted and Rotated Levy Function,10,10,200000,900.0011455294152,0.0011455294152256,False,11.226102828979492
de_gradient_boost,5,F5: Shifted and Rotated Levy Function,10,11,200000,900.0020222612982,0.0020222612981797,False,11.280849695205688
de_gradient_boost,5,F5: Shifted and Rotated Levy Function,10,12,200000,900.0014406069399,0.0014406069399228,False,11.199542999267578
de_gradient_boost,5,F5: Shifted and Rotated Levy Function,10,13,200000,900.0016072899585,0.0016072899585424,False,10.593552350997925
de_gradient_boost,5,F5: Shifted and Rotated Levy Function,10,14,200000,900.0013475713172,0.0013475713171828,False,10.705017328262327
de_gradient_boost,5,F5: Shifted and Rotated Levy Function,10,15,200000,900.001964446084,0.0019644460840027,False,10.645319700241089
de_gradient_boost,5,F5: Shifted and Rotated Levy Function,10,16,200000,900.0015171835173,0.0015171835173077,False,10.710408926010132
de_gradient_boost,5,F5: Shifted and Rotated Levy Function,10,17,200000,900.0014101070262,0.0014101070262313,False,10.73012089729309
de_gradient_boost,5,F5: Shifted and Rotated Levy Function,10,18,200000,900.0035414865894,0.0035414865893699,False,10.65634560585022
de_gradient_boost,5,F5: Shifted and Rotated Levy Function,10,19,200000,900.0023534764181,0.0023534764180794,False,11.134931087493896
de_gradient_boost,5,F5: Shifted and Rotated Levy Function,10,20,200000,900.001471918785,0.0014719187850005,False,10.951061248779297
de_gradient_boost,5,F5: Shifted and Rotated Levy Function,10,21,200000,900.0015238376918,0.0015238376918205,False,10.668513298034668
de_gradient_boost,5,F5: Shifted and Rotated Levy Function,10,22,200000,900.0012925976362,0.0012925976361657,False,10.842776536941528
de_gradient_boost,5,F5: Shifted and Rotated Levy Function,10,23,200000,900.0007293818471,0.0007293818471225,False,10.370826959609984
de_gradient_boost,5,F5: Shifted and Rotated Levy Function,10,24,200000,900.0015169398183,0.0015169398183161,False,10.712273597717283
de_gradient_boost,5,F5: Shifted and Rotated Levy Function,10,25,200000,900.0014790480009,0.0014790480008741,False,10.420916318893433
de_gradient_boost,5,F5: Shifted and Rotated Levy Function,10,26,200000,900.0013290931585,0.0013290931584606,False,10.792887210845947
de_gradient_boost,5,F5: Shifted and Rotated Levy Function,10,27,200000,900.0014500938569,0.0014500938568744,False,10.787357807159424
de_gradient_boost,5,F5: Shifted and Rotated Levy Function,10,28,200000,900.0034897445529,0.003489744552894,False,11.136256456375122
de_gradient_boost,5,F5: Shifted and Rotated Levy Function,10,29,200000,900.000172281043,0.0001722810429782,False,11.032087802886965
de_gradient_boost,5,F5: Shifted and Rotated Levy Function,10,30,200000,900.0015130737344,0.0015130737343724,False,11.301062107086182
de_gradient_boost,6,F6: Hybrid Function 1,10,1,200000,30773.83380100897,28973.83380100897,False,12.380204439163208
de_gradient_boost,6,F6: Hybrid Function 1,10,2,200000,11410.270522384908,9610.270522384908,False,12.398830890655518
de_gradient_boost,6,F6: Hybrid Function 1,10,3,200000,17376.86134904122,15576.86134904122,False,12.397784948349
de_gradient_boost,6,F6: Hybrid Function 1,10,4,200000,40748.94930986471,38948.94930986471,False,12.280112504959106
de_gradient_boost,6,F6: Hybrid Function 1,10,5,200000,28139.19970561402,26339.19970561402,False,12.422745943069458
de_gradient_boost,6,F6: Hybrid Function 1,10,6,200000,44540.48130046789,42740.48130046789,False,13.23699116706848
de_gradient_boost,6,F6: Hybrid Function 1,10,7,200000,12283.034650541358,10483.034650541358,False,12.852097511291504
de_gradient_boost,6,F6: Hybrid Function 1,10,8,200000,24871.24509116977,23071.24509116977,False,12.295427083969116
de_gradient_boost,6,F6: Hybrid Function 1,10,9,200000,5642.786542054369,3842.7865420543694,False,12.104572772979736
de_gradient_boost,6,F6: Hybrid Function 1,10,10,200000,9566.553705003464,7766.553705003464,False,12.29199767112732
de_gradient_boost,6,F6: Hybrid Function 1,10,11,200000,15902.292911956907,14102.292911956907,False,12.445937871932983
de_gradient_boost,6,F6: Hybrid Function 1,10,12,200000,32651.23825742133,30851.23825742133,False,12.53416872024536
de_gradient_boost,6,F6: Hybrid Function 1,10,13,200000,2834.947354850417,1034.9473548504166,False,12.184537410736084
de_gradient_boost,6,F6: Hybrid Function 1,10,14,200000,3376.6975948789955,1576.6975948789957,False,12.265091896057127
de_gradient_boost,6,F6: Hybrid Function 1,10,15,200000,14575.003591071163,12775.003591071163,False,11.669427394866943
de_gradient_boost,6,F6: Hybrid Function 1,10,16,200000,5715.159300368956,3915.159300368956,False,12.239827632904053
de_gradient_boost,6,F6: Hybrid Function 1,10,17,200000,13821.808997116204,12021.808997116204,False,12.264804601669312
de_gradient_boost,6,F6: Hybrid Function 1,10,18,200000,41132.70360769098,39332.70360769098,False,11.982165575027466
de_gradient_boost,6,F6: Hybrid Function 1,10,19,200000,5113.613799916592,3313.613799916592,False,12.402543783187866
de_gradient_boost,6,F6: Hybrid Function 1,10,20,200000,39947.54181682282,38147.54181682282,False,11.811068058013916
de_gradient_boost,6,F6: Hybrid Function 1,10,21,200000,31076.955390940533,29276.955390940533,False,12.267487287521362
de_gradient_boost,6,F6: Hybrid Function 1,10,22,200000,6990.734706026316,5190.734706026316,False,11.98821759223938
de_gradient_boost,6,F6: Hybrid Function 1,10,23,200000,8611.464340708957,6811.464340708957,False,12.38669466972351
de_gradient_boost,6,F6: Hybrid Function 1,10,24,200000,6815.144919278227,5015.144919278227,False,12.126416444778442
de_gradient_boost,6,F6: Hybrid Function 1,10,25,200000,80081.57749912475,78281.57749912475,False,12.670189380645752
de_gradient_boost,6,F6: Hybrid Function 1,10,26,200000,39806.69556376091,38006.69556376091,False,12.89659833908081
de_gradient_boost,6,F6: Hybrid Function 1,10,27,200000,29720.49411039275,27920.49411039275,False,12.517995595932009
de_gradient_boost,6,F6: Hybrid Function 1,10,28,200000,37749.325442588415,35949.325442588415,False,12.624752044677734
de_gradient_boost,6,F6: Hybrid Function 1,10,29,200000,6866.603559117372,5066.603559117372,False,12.416300058364868
de_gradient_boost,6,F6: Hybrid Function 1,10,30,200000,5777.905195179164,3977.905195179165,False,12.958518028259276
de_gradient_boost,7,F7: Hybrid Function 2,10,1,200000,2039.1401998095469,39.14019980954686,False,97.394437789917
de_gradient_boost,7,F7: Hybrid Function 2,10,2,200000,2034.6845731138824,34.68457311388261,False,97.57486414909364
de_gradient_boost,7,F7: Hybrid Function 2,10,3,200000,2142.1293001766862,142.12930017668623,False,98.39547896385191
de_gradient_boost,7,F7: Hybrid Function 2,10,4,200000,2039.1046051805945,39.10460518059449,False,102.56555581092834
de_gradient_boost,7,F7: Hybrid Function 2,10,5,200000,2034.2718711162584,34.27187111625835,False,100.5556902885437
de_gradient_boost,7,F7: Hybrid Function 2,10,6,200000,2022.299504966868,22.29950496686797,False,100.17255163192748
de_gradient_boost,7,F7: Hybrid Function 2,10,7,200000,2027.7744592163497,27.77445921634967,False,97.50444555282591
de_gradient_boost,7,F7: Hybrid Function 2,10,8,200000,2027.0132275002177,27.01322750021768,False,96.88584113121031
de_gradient_boost,7,F7: Hybrid Function 2,10,9,200000,2029.7237535680576,29.72375356805765,False,98.32364535331726
de_gradient_boost,7,F7: Hybrid Function 2,10,10,200000,2027.472730553265,27.472730553265137,False,99.30157899856567
de_gradient_boost,7,F7: Hybrid Function 2,10,11,200000,2033.26053497214,33.260534972139794,False,99.929025888443
de_gradient_boost,7,F7: Hybrid Function 2,10,12,200000,2026.1857734226417,26.18577342264166,False,100.7586386203766
de_gradient_boost,7,F7: Hybrid Function 2,10,13,200000,2031.1607377029648,31.160737702964752,False,100.0534257888794
de_gradient_boost,7,F7: Hybrid Function 2,10,14,200000,2037.4368521632152,37.43685216321524,False,100.1102888584137
de_gradient_boost,7,F7: Hybrid Function 2,10,15,200000,2023.773273741744,23.77327374174388,False,100.4547758102417
de_gradient_boost,7,F7: Hybrid Function 2,10,16,200000,2033.023419903202,33.02341990320201,False,97.0711019039154
de_gradient_boost,7,F7: Hybrid Function 2,10,17,200000,2029.2662849884969,29.266284988496864,False,95.50241351127625
de_gradient_boost,7,F7: Hybrid Function 2,10,18,200000,2026.7016081733484,26.701608173348404,False,95.7198076248169
de_gradient_boost,7,F7: Hybrid Function 2,10,19,200000,2028.2497857018288,28.24978570182861,False,94.35698080062866
de_gradient_boost,7,F7: Hybrid Function 2,10,20,200000,2030.4757840121,30.475784012099663,False,96.74019289016724
de_gradient_boost,7,F7: Hybrid Function 2,10,21,200000,2034.1815609039795,34.18156090397952,False,95.5878369808197
de_gradient_boost,7,F7: Hybrid Function 2,10,22,200000,2035.0776089646183,35.07760896461832,False,94.33124661445618
de_gradient_boost,7,F7: Hybrid Function 2,10,23,200000,2041.5045374083847,41.5045374083852,False,95.01977968215942
de_gradient_boost,7,F7: Hybrid Function 2,10,24,200000,2021.290939072332,21.290939072331867,False,95.8826675415039
de_gradient_boost,7,F7: Hybrid Function 2,10,25,200000,2030.3231435769376,30.32314357693781,False,93.68352961540222
de_gradient_boost,7,F7: Hybrid Function 2,10,26,200000,2029.285321454323,29.28532145432291,False,93.35726308822632
de_gradient_boost,7,F7: Hybrid Function 2,10,27,200000,2027.9170324642932,27.91703246429347,False,93.94617176055908
de_gradient_boost,7,F7: Hybrid Function 2,10,28,200000,2034.1677085395208,34.16770853952062,False,94.23184561729433
de_gradient_boost,7,F7: Hybrid Function 2,10,29,200000,2023.703367831112,23.70336783111179,False,93.92136454582214
de_gradient_boost,7,F7: Hybrid Function 2,10,30,200000,2127.847226784896,127.84722678489608,False,94.98390316963196
de_gradient_boost,8,F8: Hybrid Function 3,10,1,200000,2227.2515464662065,27.25154646620649,False,130.31187915802002
de_gradient_boost,8,F8: Hybrid Function 3,10,2,200000,2218.778407731462,18.77840773146181,False,129.3417661190033
de_gradient_boost,8,F8: Hybrid Function 3,10,3,200000,2217.4818784311256,17.48187843112555,False,129.02037167549133
de_gradient_boost,8,F8: Hybrid Function 3,10,4,200000,2226.595261597381,26.595261597381068,False,129.85859274864197
de_gradient_boost,8,F8: Hybrid Function 3,10,5,200000,2229.784219998476,29.784219998476143,False,128.65033102035522
de_gradient_boost,8,F8: Hybrid Function 3,10,6,200000,2222.3400473506804,22.34004735068038,False,127.82529091835022
de_gradient_boost,8,F8: Hybrid Function 3,10,7,200000,2226.210940277961,26.210940277961072,False,128.37373876571655
de_gradient_boost,8,F8: Hybrid Function 3,10,8,200000,2215.0172309954824,15.01723099548235,False,129.75828051567078
de_gradient_boost,8,F8: Hybrid Function 3,10,9,200000,2219.460570929949,19.46057092994897,False,127.23213052749634
de_gradient_boost,8,F8: Hybrid Function 3,10,10,200000,2225.4909675184745,25.490967518474463,False,128.02915787696838
de_gradient_boost,8,F8: Hybrid Function 3,10,11,200000,2226.4534465338697,26.453446533869737,False,129.49311709403992
de_gradient_boost,8,F8: Hybrid Function 3,10,12,200000,2226.2580495180005,26.258049518000465,False,127.51309895515442
de_gradient_boost,8,F8: Hybrid Function 3,10,13,200000,2227.5511571784136,27.551157178413632,False,128.23205065727234
de_gradient_boost,8,F8: Hybrid Function 3,10,14,200000,2225.295467348719,25.29546734871883,False,128.7177929878235
de_gradient_boost,8,F8: Hybrid Function 3,10,15,200000,2226.967193591871,26.96719359187091,False,128.67734503746033
de_gradient_boost,8,F8: Hybrid Function 3,10,16,200000,2228.66082219686,28.660822196859957,False,128.5204176902771
de_gradient_boost,8,F8: Hybrid Function 3,10,17,200000,2217.6736256387376,17.673625638737576,False,130.89200830459595
de_gradient_boost,8,F8: Hybrid Function 3,10,18,200000,2222.8931387461967,22.89313874619665,False,127.51903557777403
de_gradient_boost,8,F8: Hybrid Function 3,10,19,200000,2224.614245819136,24.61424581913616,False,128.712384223938
de_gradient_boost,8,F8: Hybrid Function 3,10,20,200000,2226.462953376561,26.462953376561018,False,134.1551010608673
de_gradient_boost,8,F8: Hybrid Function 3,10,21,200000,2227.423448391506,27.4234483915061,False,133.3820288181305
de_gradient_boost,8,F8: Hybrid Function 3,10,22,200000,2226.4768549483065,26.47685494830648,False,134.1777982711792
de_gradient_boost,8,F8: Hybrid Function 3,10,23,200000,896284.0845168022,894084.0845168022,False,136.24304866790771
de_gradient_boost,8,F8: Hybrid Function 3,10,24,200000,2225.7948218320785,25.79482183207847,False,135.422945022583
de_gradient_boost,8,F8: Hybrid Function 3,10,25,200000,2224.404886222266,24.404886222266214,False,133.97006392478943
de_gradient_boost,8,F8: Hybrid Function 3,10,26,200000,2224.5583903556167,24.558390355616663,False,132.2068009376526
de_gradient_boost,8,F8: Hybrid Function 3,10,27,200000,2227.469468012209,27.46946801220884,False,132.8331799507141
de_gradient_boost,8,F8: Hybrid Function 3,10,28,200000,84428.25664020042,82228.25664020042,False,134.59207487106323
de_gradient_boost,8,F8: Hybrid Function 3,10,29,200000,2228.9063825829453,28.906382582945295,False,133.7484257221222
de_gradient_boost,8,F8: Hybrid Function 3,10,30,200000,2225.047280171369,25.047280171369493,False,134.29749703407288
de_gradient_boost,9,F9: Composition Function 1,10,1,200000,2659.1809647846285,359.1809647846285,False,31.018880605697632
de_gradient_boost,9,F9: Composition Function 1,10,2,200000,2659.407261746079,359.4072617460788,False,30.98248267173767
de_gradient_boost,9,F9: Composition Function 1,10,3,200000,2659.2619797191537,359.2619797191537,False,31.57140350341797
de_gradient_boost,9,F9: Composition Function 1,10,4,200000,2659.1258759542206,359.12587595422065,False,32.56984257698059
de_gradient_boost,9,F9: Composition Function 1,10,5,200000,2659.201456674121,359.2014566741209,False,31.65280246734619
de_gradient_boost,9,F9: Composition Function 1,10,6,200000,2659.5533276723754,359.5533276723754,False,30.482823848724365
de_gradient_boost,9,F9: Composition Function 1,10,7,200000,2659.243863248105,359.24386324810484,False,30.201778411865234
de_gradient_boost,9,F9: Composition Function 1,10,8,200000,2659.2493119389096,359.2493119389096,False,31.598260402679443
de_gradient_boost,9,F9: Composition Function 1,10,9,200000,2659.410125287223,359.41012528722285,False,32.22779679298401
de_gradient_boost,9,F9: Composition Function 1,10,10,200000,2659.1661952419963,359.1661952419963,False,30.93788433074951
de_gradient_boost,9,F9: Composition Function 1,10,11,200000,2663.792321938356,363.79232193835605,False,31.600291967391968
de_gradient_boost,9,F9: Composition Function 1,10,12,200000,2659.7025947819097,359.70259478190974,False,31.29485559463501
de_gradient_boost,9,F9: Composition Function 1,10,13,200000,2659.387529686447,359.3875296864471,False,30.194226503372192
de_gradient_boost,9,F9: Composition Function 1,10,14,200000,2659.168619712442,359.1686197124418,False,31.141011476516724
de_gradient_boost,9,F9: Composition Function 1,10,15,200000,2659.21743463268,359.2174346326801,False,30.49526882171631
de_gradient_boost,9,F9: Composition Function 1,10,16,200000,2659.1869908161725,359.1869908161725,False,30.529229879379272
de_gradient_boost,9,F9: Composition Function 1,10,17,200000,2659.3460886593725,359.3460886593725,False,31.99167370796204
de_gradient_boost,9,F9: Composition Function 1,10,18,200000,2659.3517840778427,359.3517840778427,False,31.88048195838928
de_gradient_boost,9,F9: Composition Function 1,10,19,200000,2660.2785128031687,360.2785128031687,False,31.8731472492218
de_gradient_boost,9,F9: Composition Function 1,10,20,200000,2659.1429947999086,359.1429947999086,False,31.898390769958496
de_gradient_boost,9,F9: Composition Function 1,10,21,200000,2659.609205074012,359.6092050740117,False,31.764400720596317
de_gradient_boost,9,F9: Composition Function 1,10,22,200000,2661.567965881662,361.5679658816621,False,31.95337152481079
de_gradient_boost,9,F9: Composition Function 1,10,23,200000,2659.1577085913755,359.15770859137547,False,30.48116111755371
de_gradient_boost,9,F9: Composition Function 1,10,24,200000,2659.143618199505,359.143618199505,False,29.973212242126465
de_gradient_boost,9,F9: Composition Function 1,10,25,200000,2659.2162280567773,359.21622805677725,False,30.97880530357361
de_gradient_boost,9,F9: Composition Function 1,10,26,200000,2659.173483699947,359.1734836999472,False,31.61496615409851
de_gradient_boost,9,F9: Composition Function 1,10,27,200000,2659.2714973053107,359.2714973053108,False,31.71170210838318
de_gradient_boost,9,F9: Composition Function 1,10,28,200000,2659.286224952359,359.28622495235913,False,31.89017915725708
de_gradient_boost,9,F9: Composition Function 1,10,29,200000,2659.4228942271347,359.42289422713475,False,31.50660252571106
de_gradient_boost,9,F9: Composition Function 1,10,30,200000,2659.399254986933,359.3992549869331,False,31.66892552375793
de_gradient_boost,10,F10: Composition Function 2,10,1,200000,2621.129861351604,221.12986135160415,False,33.064775466918945
de_gradient_boost,10,F10: Composition Function 2,10,2,200000,2621.416970629048,221.4169706290481,False,32.28590393066406
de_gradient_boost,10,F10: Composition Function 2,10,3,200000,2621.359312927329,221.35931292732948,False,32.80166721343994
de_gradient_boost,10,F10: Composition Function 2,10,4,200000,2767.1942313108784,367.1942313108784,False,31.280298233032227
de_gradient_boost,10,F10: Composition Function 2,10,5,200000,2621.182877671888,221.1828776718876,False,32.580559730529785
de_gradient_boost,10,F10: Composition Function 2,10,6,200000,2621.089769768075,221.0897697680748,False,32.5318865776062
de_gradient_boost,10,F10: Composition Function 2,10,7,200000,2622.4388533673227,222.43885336732276,False,32.09651064872742
de_gradient_boost,10,F10: Composition Function 2,10,8,200000,2621.2126602889466,221.2126602889466,False,32.35922932624817
de_gradient_boost,10,F10: Composition Function 2,10,9,200000,2753.685018666237,353.68501866623683,False,32.323723554611206
de_gradient_boost,10,F10: Composition Function 2,10,10,200000,2621.7713368657514,221.77133686575144,False,32.23477911949158
de_gradient_boost,10,F10: Composition Function 2,10,11,200000,2622.7367117551103,222.73671175511024,False,31.963122606277462
de_gradient_boost,10,F10: Composition Function 2,10,12,200000,2621.388793447108,221.38879344710767,False,32.011595726013184
de_gradient_boost,10,F10: Composition Function 2,10,13,200000,2761.654174075734,361.65417407573386,False,32.06605124473572
de_gradient_boost,10,F10: Composition Function 2,10,14,200000,2621.405309890951,221.4053098909508,False,31.82967185974121
de_gradient_boost,10,F10: Composition Function 2,10,15,200000,2621.30123246436,221.30123246436008,False,32.40131640434265
de_gradient_boost,10,F10: Composition Function 2,10,16,200000,2749.93195522982,349.93195522982023,False,31.523091554641724
de_gradient_boost,10,F10: Composition Function 2,10,17,200000,2621.1355943203807,221.13559432038076,False,31.821595668792725
de_gradient_boost,10,F10: Composition Function 2,10,18,200000,2622.070665086733,222.07066508673324,False,32.346364974975586
de_gradient_boost,10,F10: Composition Function 2,10,19,200000,2621.384587870648,221.38458787064792,False,32.04293990135193
de_gradient_boost,10,F10: Composition Function 2,10,20,200000,2621.1167032936323,221.11670329363236,False,31.42547297477722
de_gradient_boost,10,F10: Composition Function 2,10,21,200000,2726.358978411723,326.358978411723,False,31.739261150360107
de_gradient_boost,10,F10: Composition Function 2,10,22,200000,2725.019354482612,325.0193544826116,False,32.06341791152954
de_gradient_boost,10,F10: Composition Function 2,10,23,200000,2621.056945595012,221.0569455950117,False,32.0025908946991
de_gradient_boost,10,F10: Composition Function 2,10,24,200000,2620.981226426024,220.981226426024,False,33.32770323753357
de_gradient_boost,10,F10: Composition Function 2,10,25,200000,2621.39404609487,221.39404609487065,False,31.809577465057373
de_gradient_boost,10,F10: Composition Function 2,10,26,200000,2622.351797700412,222.3517977004121,False,31.150989294052124
de_gradient_boost,10,F10: Composition Function 2,10,27,200000,2620.9920785955583,220.99207859555827,False,32.01309299468994
de_gradient_boost,10,F10: Composition Function 2,10,28,200000,2621.0142716651785,221.0142716651785,False,32.0674524307251
de_gradient_boost,10,F10: Composition Function 2,10,29,200000,2621.0909560073915,221.09095600739147,False,31.29295921325684
de_gradient_boost,10,F10: Composition Function 2,10,30,200000,2621.092474455707,221.0924744557069,False,32.22058701515198
de_gradient_boost,11,F11: Composition Function 3,10,1,200000,2600.4923157612848,0.4923157612847717,False,49.77347183227539
de_gradient_boost,11,F11: Composition Function 3,10,2,200000,2600.665192918648,0.6651929186482448,False,49.06841325759888
de_gradient_boost,11,F11: Composition Function 3,10,3,200000,2600.278992303798,0.278992303798077,False,48.416484355926514
de_gradient_boost,11,F11: Composition Function 3,10,4,200000,2600.4193977211758,0.4193977211753008,False,48.90993356704712
de_gradient_boost,11,F11: Composition Function 3,10,5,200000,2600.3423193438075,0.3423193438075032,False,48.958452224731445
de_gradient_boost,11,F11: Composition Function 3,10,6,200000,2600.6118913011514,0.6118913011514451,False,49.65406107902527
de_gradient_boost,11,F11: Composition Function 3,10,7,200000,2600.453520319018,0.4535203190180255,False,49.16794776916504
de_gradient_boost,11,F11: Composition Function 3,10,8,200000,2600.414431982524,0.4144319825240927,False,49.31667232513428
de_gradient_boost,11,F11: Composition Function 3,10,9,200000,2600.45055726433,0.4505572643302002,False,48.60800862312317
de_gradient_boost,11,F11: Composition Function 3,10,10,200000,2600.6434266026454,0.643426602645377,False,51.22660446166992
de_gradient_boost,11,F11: Composition Function 3,10,11,200000,2600.34251370776,0.3425137077601903,False,49.03630876541138
de_gradient_boost,11,F11: Composition Function 3,10,12,200000,2600.408961693777,0.4089616937772007,False,48.42311930656433
de_gradient_boost,11,F11: Composition Function 3,10,13,200000,2600.6974140242287,0.6974140242286921,False,48.85766386985779
de_gradient_boost,11,F11: Composition Function 3,10,14,200000,2600.531438763118,0.5314387631178761,False,48.841559410095215
de_gradient_boost,11,F11: Composition Function 3,10,15,200000,2600.3784500238,0.3784500237998145,False,49.26222777366638
de_gradient_boost,11,F11: Composition Function 3,10,16,200000,3476.467783135887,876.4677831358872,False,50.12256026268005
de_gradient_boost,11,F11: Composition Function 3,10,17,200000,2600.8063940066745,0.806394006674509,False,48.9107301235199
de_gradient_boost,11,F11: Composition Function 3,10,18,200000,2600.379491413638,0.3794914136378793,False,49.22206211090088
de_gradient_boost,11,F11: Composition Function 3,10,19,200000,2600.3621794508754,0.3621794508753737,False,50.27192425727844
de_gradient_boost,11,F11: Composition Function 3,10,20,200000,2600.3688362266457,0.3688362266457261,False,50.5511965751648
de_gradient_boost,11,F11: Composition Function 3,10,21,200000,2600.320221223586,0.3202212235860315,False,50.290515422821045
de_gradient_boost,11,F11: Composition Function 3,10,22,200000,2600.447877094091,0.4478770940909271,False,50.93709945678711
de_gradient_boost,11,F11: Composition Function 3,10,23,200000,2600.5290806575345,0.5290806575344504,False,50.01703453063965
de_gradient_boost,11,F11: Composition Function 3,10,24,200000,2600.2877200374146,0.2877200374146014,False,50.69635486602783
de_gradient_boost,11,F11: Composition Function 3,10,25,200000,2600.523051801621,0.5230518016205679,False,51.59196257591248
de_gradient_boost,11,F11: Composition Function 3,10,26,200000,2600.384652013404,0.3846520134038655,False,50.87994694709778
de_gradient_boost,11,F11: Composition Function 3,10,27,200000,2600.490301265563,0.4903012655631755,False,50.13686966896057
de_gradient_boost,11,F11: Composition Function 3,10,28,200000,3476.078115758652,876.0781157586516,False,52.59298014640808
de_gradient_boost,11,F11: Composition Function 3,10,29,200000,2600.4623416685354,0.4623416685353732,False,48.73189663887024
de_gradient_boost,11,F11: Composition Function 3,10,30,200000,2600.4853340493,0.485334049300036,False,50.97277331352234
de_gradient_boost,12,F12: Composition Function 4,10,1,200000,2865.52898959063,165.52898959062986,False,59.840192556381226
de_gradient_boost,12,F12: Composition Function 4,10,2,200000,2866.486293205325,166.48629320532518,False,57.44072127342224
de_gradient_boost,12,F12: Composition Function 4,10,3,200000,2867.485958168246,167.48595816824582,False,55.33764290809631
de_gradient_boost,12,F12: Composition Function 4,10,4,200000,2866.4320844148237,166.4320844148233,False,55.09694719314575
de_gradient_boost,12,F12: Composition Function 4,10,5,200000,2865.9418172493924,165.94181724939244,False,56.19378399848938
de_gradient_boost,12,F12: Composition Function 4,10,6,200000,2867.48987109902,167.4898710990201,False,57.597485303878784
de_gradient_boost,12,F12: Composition Function 4,10,7,200000,2865.944078699897,165.9440786998971,False,55.62013697624207
de_gradient_boost,12,F12: Composition Function 4,10,8,200000,2868.2039923710054,168.20399237100537,False,56.44571900367737
de_gradient_boost,12,F12: Composition Function 4,10,9,200000,2867.497079207905,167.49707920790524,False,54.52110385894776
de_gradient_boost,12,F12: Composition Function 4,10,10,200000,2865.9749572516066,165.9749572516066,False,55.420634031295776
de_gradient_boost,12,F12: Composition Function 4,10,11,200000,2863.877502286485,163.8775022864852,False,52.48583388328552
de_gradient_boost,12,F12: Composition Function 4,10,12,200000,2866.4251022309577,166.4251022309577,False,53.63792610168457
de_gradient_boost,12,F12: Composition Function 4,10,13,200000,2867.4878044013126,167.4878044013126,False,52.436655044555664
de_gradient_boost,12,F12: Composition Function 4,10,14,200000,2865.942854811144,165.94285481114366,False,53.424997091293335
de_gradient_boost,12,F12: Composition Function 4,10,15,200000,2866.4239359241496,166.42393592414965,False,52.64222526550293
de_gradient_boost,12,F12: Composition Function 4,10,16,200000,2871.2463631334704,171.24636313347037,False,52.22730231285095
de_gradient_boost,12,F12: Composition Function 4,10,17,200000,2867.4945041146084,167.4945041146084,False,52.42455983161926
de_gradient_boost,12,F12: Composition Function 4,10,18,200000,2865.9293449173697,165.9293449173697,False,52.49989914894104
de_gradient_boost,12,F12: Composition Function 4,10,19,200000,2870.3325502818684,170.3325502818684,False,52.75434327125549
de_gradient_boost,12,F12: Composition Function 4,10,20,200000,2863.9277571255725,163.9277571255725,False,57.22882342338562
de_gradient_boost,12,F12: Composition Function 4,10,21,200000,2866.4329657292856,166.43296572928557,False,55.27260994911194
de_gradient_boost,12,F12: Composition Function 4,10,22,200000,2865.936371001437,165.93637100143724,False,54.22040152549744
de_gradient_boost,12,F12: Composition Function 4,10,23,200000,2864.0694100742344,164.06941007423438,False,53.3871636390686
de_gradient_boost,12,F12: Composition Function 4,10,24,200000,2869.1258131956474,169.12581319564742,False,53.41125965118408
de_gradient_boost,12,F12: Composition Function 4,10,25,200000,2865.943417080833,165.94341708083311,False,55.93687033653259
de_gradient_boost,12,F12: Composition Function 4,10,26,200000,2867.472458001232,167.4724580012321,False,53.93316531181336
de_gradient_boost,12,F12: Composition Function 4,10,27,200000,2867.483133184179,167.48313318417922,False,53.40921640396118
de_gradient_boost,12,F12: Composition Function 4,10,28,200000,2864.1196555766437,164.11965557664325,False,52.54346036911011
de_gradient_boost,12,F12: Composition Function 4,10,29,200000,2865.938670373708,165.93867037370774,False,54.672282457351685
de_gradient_boost,12,F12: Composition Function 4,10,30,200000,2870.537306784452,170.53730678445163,False,54.22192740440369
de_gradient_boost,1,F1: Shifted and full Rotated Zakharov Function,20,1,1000000,307.094602205388,7.094602205388014,False,31.29535698890686
de_gradient_boost,1,F1: Shifted and full Rotated Zakharov Function,20,2,1000000,342.1009825429298,42.100982542929785,False,31.316027641296387
de_gradient_boost,1,F1: Shifted and full Rotated Zakharov Function,20,3,1000000,302.9594787627824,2.959478762782396,False,32.01735281944275
de_gradient_boost,1,F1: Shifted and full Rotated Zakharov Function,20,4,1000000,310.2486415574868,10.248641557486792,False,30.618019580841064
de_gradient_boost,1,F1: Shifted and full Rotated Zakharov Function,20,5,1000000,319.19704105722536,19.197041057225363,False,31.09162425994873
de_gradient_boost,1,F1: Shifted and full Rotated Zakharov Function,20,6,1000000,310.6803295691288,10.680329569128787,False,31.6282856464386
de_gradient_boost,1,F1: Shifted and full Rotated Zakharov Function,20,7,1000000,312.06401384234937,12.064013842349368,False,31.461345911026
de_gradient_boost,1,F1: Shifted and full Rotated Zakharov Function,20,8,1000000,466.7474255592697,166.7474255592697,False,30.821354389190677
de_gradient_boost,1,F1: Shifted and full Rotated Zakharov Function,20,9,1000000,316.2412638759331,16.2412638759331,False,32.15644383430481
de_gradient_boost,1,F1: Shifted and full Rotated Zakharov Function,20,10,1000000,307.1814101329291,7.181410132929102,False,31.76228189468384
de_gradient_boost,1,F1: Shifted and full Rotated Zakharov Function,20,11,1000000,308.39174667333003,8.391746673330033,False,30.531837224960327
de_gradient_boost,1,F1: Shifted and full Rotated Zakharov Function,20,12,1000000,301.6562827911593,1.656282791159299,False,30.528600215911865
de_gradient_boost,1,F1: Shifted and full Rotated Zakharov Function,20,13,1000000,332.761323086356,32.76132308635596,False,30.265055656433105
de_gradient_boost,1,F1: Shifted and full Rotated Zakharov Function,20,14,1000000,361.2356457301069,61.23564573010691,False,30.91348600387573
de_gradient_boost,1,F1: Shifted and full Rotated Zakharov Function,20,15,1000000,303.793358041082,3.793358041082002,False,30.72804021835327
de_gradient_boost,1,F1: Shifted and full Rotated Zakharov Function,20,16,1000000,336.8613976687532,36.86139766875323,False,30.88740301132202
de_gradient_boost,1,F1: Shifted and full Rotated Zakharov Function,20,17,1000000,388.2673352520175,88.26733525201752,False,31.015236616134644
de_gradient_boost,1,F1: Shifted and full Rotated Zakharov Function,20,18,1000000,310.8014808101259,10.801480810125897,False,30.805485725402832
de_gradient_boost,1,F1: Shifted and full Rotated Zakharov Function,20,19,1000000,301.436507346469,1.436507346469,False,30.746369123458862
de_gradient_boost,1,F1: Shifted and full Rotated Zakharov Function,20,20,1000000,314.885238253368,14.885238253368016,False,31.78967428207397
de_gradient_boost,1,F1: Shifted and full Rotated Zakharov Function,20,21,1000000,301.87163680765457,1.871636807654568,False,32.00539708137512
de_gradient_boost,1,F1: Shifted and full Rotated Zakharov Function,20,22,1000000,304.3305997411621,4.330599741162075,False,30.89837384223938
de_gradient_boost,1,F1: Shifted and full Rotated Zakharov Function,20,23,1000000,307.5123666751301,7.512366675130124,False,30.85994362831116
de_gradient_boost,1,F1: Shifted and full Rotated Zakharov Function,20,24,1000000,320.6155450400843,20.615545040084328,False,30.84696626663208
de_gradient_boost,1,F1: Shifted and full Rotated Zakharov Function,20,25,1000000,302.48502853504976,2.4850285350497643,False,30.814446926116943
de_gradient_boost,1,F1: Shifted and full Rotated Zakharov Function,20,26,1000000,301.64961095984967,1.649610959849667,False,31.13179445266724
de_gradient_boost,1,F1: Shifted and full Rotated Zakharov Function,20,27,1000000,305.22581785869954,5.225817858699543,False,30.881040811538696
de_gradient_boost,1,F1: Shifted and full Rotated Zakharov Function,20,28,1000000,301.28505030844565,1.2850503084456475,False,30.93179154396057
de_gradient_boost,1,F1: Shifted and full Rotated Zakharov Function,20,29,1000000,405.104439307127,105.104439307127,False,30.59230947494507
de_gradient_boost,1,F1: Shifted and full Rotated Zakharov Function,20,30,1000000,339.40677541461326,39.406775414613264,False,31.21122622489929
de_gradient_boost,2,F2: Shifted and Rotated Rosenbrock’s Function,20,1,1000000,444.9776748652046,44.97767486520462,False,38.21981430053711
de_gradient_boost,2,F2: Shifted and Rotated Rosenbrock’s Function,20,2,1000000,451.4706736607709,51.4706736607709,False,38.46663212776184
de_gradient_boost,2,F2: Shifted and Rotated Rosenbrock’s Function,20,3,1000000,449.1262117518068,49.12621175180681,False,38.2400164604187
de_gradient_boost,2,F2: Shifted and Rotated Rosenbrock’s Function,20,4,1000000,449.4026991134002,49.40269911340022,False,38.07451391220093
de_gradient_boost,2,F2: Shifted and Rotated Rosenbrock’s Function,20,5,1000000,444.94808195951737,44.94808195951737,False,38.552372217178345
de_gradient_boost,2,F2: Shifted and Rotated Rosenbrock’s Function,20,6,1000000,445.0683297178081,45.068329717808126,False,38.82884955406189
de_gradient_boost,2,F2: Shifted and Rotated Rosenbrock’s Function,20,7,1000000,473.6852609266202,73.68526092662017,False,39.45204639434815
de_gradient_boost,2,F2: Shifted and Rotated Rosenbrock’s Function,20,8,1000000,449.19061064637935,49.19061064637936,False,38.03356885910034
de_gradient_boost,2,F2: Shifted and Rotated Rosenbrock’s Function,20,9,1000000,444.95839563227474,44.95839563227474,False,37.18852090835571
de_gradient_boost,2,F2: Shifted and Rotated Rosenbrock’s Function,20,10,1000000,449.1434796459668,49.14347964596675,False,37.95846295356751
de_gradient_boost,2,F2: Shifted and Rotated Rosenbrock’s Function,20,11,1000000,472.01519237929847,72.01519237929847,False,38.03306007385254
de_gradient_boost,2,F2: Shifted and Rotated Rosenbrock’s Function,20,12,1000000,475.3257034421919,75.32570344219192,False,38.01934361457825
de_gradient_boost,2,F2: Shifted and Rotated Rosenbrock’s Function,20,13,1000000,449.1374749039165,49.13747490391654,False,37.737696170806885
de_gradient_boost,2,F2: Shifted and Rotated Rosenbrock’s Function,20,14,1000000,449.13615122105614,49.13615122105614,False,37.6768946647644
de_gradient_boost,2,F2: Shifted and Rotated Rosenbrock’s Function,20,15,1000000,449.1227680338004,49.12276803380041,False,37.5203800201416
de_gradient_boost,2,F2: Shifted and Rotated Rosenbrock’s Function,20,16,1000000,449.1366428927665,49.13664289276653,False,37.83597207069397
de_gradient_boost,2,F2: Shifted and Rotated Rosenbrock’s Function,20,17,1000000,449.12895605252737,49.12895605252737,False,38.56654334068298
de_gradient_boost,2,F2: Shifted and Rotated Rosenbrock’s Function,20,18,1000000,444.9728327365895,44.97283273658945,False,37.5683822631836
de_gradient_boost,2,F2: Shifted and Rotated Rosenbrock’s Function,20,19,1000000,449.1757107432372,49.175710743237175,False,37.16103506088257
de_gradient_boost,2,F2: Shifted and Rotated Rosenbrock’s Function,20,20,1000000,449.1084854438614,49.10848544386141,False,39.4628005027771
de_gradient_boost,2,F2: Shifted and Rotated Rosenbrock’s Function,20,21,1000000,449.15535981141466,49.155359811414655,False,36.584983587265015
de_gradient_boost,2,F2: Shifted and Rotated Rosenbrock’s Function,20,22,1000000,449.1612394137382,49.1612394137382,False,36.773343324661255
de_gradient_boost,2,F2: Shifted and Rotated Rosenbrock’s Function,20,23,1000000,444.9952972008612,44.99529720086116,False,36.79657554626465
de_gradient_boost,2,F2: Shifted and Rotated Rosenbrock’s Function,20,24,1000000,444.98491821885415,44.98491821885415,False,36.214266777038574
de_gradient_boost,2,F2: Shifted and Rotated Rosenbrock’s Function,20,25,1000000,406.4659505692988,6.465950569298798,False,35.63531446456909
de_gradient_boost,2,F2: Shifted and Rotated Rosenbrock’s Function,20,26,1000000,405.73033908930887,5.73033908930887,False,35.02362871170044
de_gradient_boost,2,F2: Shifted and Rotated Rosenbrock’s Function,20,27,1000000,447.3729402287673,47.37294022876733,False,35.75184082984924
de_gradient_boost,2,F2: Shifted and Rotated Rosenbrock’s Function,20,28,1000000,449.1390778498114,49.13907784981137,False,43.57414078712464
de_gradient_boost,2,F2: Shifted and Rotated Rosenbrock’s Function,20,29,1000000,445.0205280693204,45.02052806932039,False,38.35044050216675
de_gradient_boost,2,F2: Shifted and Rotated Rosenbrock’s Function,20,30,1000000,449.11834208937,49.11834208937,False,39.16737151145935
de_gradient_boost,3,F3: Shifted and full Rotated Expanded Schaffer’s F7,20,1,1000000,600.0000378726656,3.787266564359015e-05,False,61.07835125923157
de_gradient_boost,3,F3: Shifted and full Rotated Expanded Schaffer’s F7,20,2,1000000,600.0000587996841,5.879968409772118e-05,False,60.28448152542114
de_gradient_boost,3,F3: Shifted and full Rotated Expanded Schaffer’s F7,20,3,1000000,600.0000167301102,1.6730110246498953e-05,False,62.22172927856445
de_gradient_boost,3,F3: Shifted and full Rotated Expanded Schaffer’s F7,20,4,1000000,600.000045624397,4.5624396989296656e-05,False,59.9181535243988
de_gradient_boost,3,F3: Shifted and full Rotated Expanded Schaffer’s F7,20,5,1000000,600.0000444082485,4.440824852736114e-05,False,56.18518257141113
de_gradient_boost,3,F3: Shifted and full Rotated Expanded Schaffer’s F7,20,6,1000000,600.0000682529343,6.825293428391888e-05,False,55.95590901374817
de_gradient_boost,3,F3: Shifted and full Rotated Expanded Schaffer’s F7,20,7,1000000,600.0000307372349,3.0737234851585526e-05,False,57.62069845199585
de_gradient_boost,3,F3: Shifted and full Rotated Expanded Schaffer’s F7,20,8,1000000,600.0000383616455,3.836164546555665e-05,False,57.28529715538025
de_gradient_boost,3,F3: Shifted and full Rotated Expanded Schaffer’s F7,20,9,1000000,600.0000302637515,3.026375145509519e-05,False,55.46300506591797
de_gradient_boost,3,F3: Shifted and full Rotated Expanded Schaffer’s F7,20,10,1000000,600.0000531508717,5.315087173585198e-05,False,57.38336229324341
de_gradient_boost,3,F3: Shifted and full Rotated Expanded Schaffer’s F7,20,11,1000000,600.0000296586597,2.965865974147164e-05,False,57.77184224128723
de_gradient_boost,3,F3: Shifted and full Rotated Expanded Schaffer’s F7,20,12,1000000,600.0000529205673,5.292056732741912e-05,False,62.891193866729736
de_gradient_boost,3,F3: Shifted and full Rotated Expanded Schaffer’s F7,20,13,1000000,600.0000430101285,4.301012847918173e-05,False,64.60142588615417
de_gradient_boost,3,F3: Shifted and full Rotated Expanded Schaffer’s F7,20,14,1000000,600.0000438663999,4.386639989206742e-05,False,60.00194072723389
de_gradient_boost,3,F3: Shifted and full Rotated Expanded Schaffer’s F7,20,15,1000000,600.0000443901707,4.439017072854767e-05,False,58.701658725738525
de_gradient_boost,3,F3: Shifted and full Rotated Expanded Schaffer’s F7,20,16,1000000,600.0000377861364,3.778613643135032e-05,False,55.93070602416992
de_gradient_boost,3,F3: Shifted and full Rotated Expanded Schaffer’s F7,20,17,1000000,600.0000332961152,3.329611524804932e-05,False,56.322375535964966
de_gradient_boost,3,F3: Shifted and full Rotated Expanded Schaffer’s F7,20,18,1000000,600.0000574222124,5.742221242144296e-05,False,56.91358423233032
de_gradient_boost,3,F3: Shifted and full Rotated Expanded Schaffer’s F7,20,19,1000000,600.0000304579181,3.045791811473464e-05,False,55.64450740814209
de_gradient_boost,3,F3: Shifted and full Rotated Expanded Schaffer’s F7,20,20,1000000,600.000039804488,3.98044879830195e-05,False,54.91826248168945
de_gradient_boost,3,F3: Shifted and full Rotated Expanded Schaffer’s F7,20,21,1000000,600.0000348123149,3.481231487967307e-05,False,53.89783263206482
de_gradient_boost,3,F3: Shifted and full Rotated Expanded Schaffer’s F7,20,22,1000000,600.0000309008507,3.090085067469772e-05,False,53.11006283760071
de_gradient_boost,3,F3: Shifted and full Rotated Expanded Schaffer’s F7,20,23,1000000,600.000034677257,3.467725696282287e-05,False,54.29592299461365
de_gradient_boost,3,F3: Shifted and full Rotated Expanded Schaffer’s F7,20,24,1000000,600.0000292223301,2.9222330113043427e-05,False,57.41181874275208
de_gradient_boost,3,F3: Shifted and full Rotated Expanded Schaffer’s F7,20,25,1000000,600.0000238533651,2.385336506449676e-05,False,55.489893198013306
de_gradient_boost,3,F3: Shifted and full Rotated Expanded Schaffer’s F7,20,26,1000000,600.0000618512879,6.18512879100308e-05,False,55.10857272148132
de_gradient_boost,3,F3: Shifted and full Rotated Expanded Schaffer’s F7,20,27,1000000,600.0000369193996,3.691939957661816e-05,False,55.39201736450195
de_gradient_boost,3,F3: Shifted and full Rotated Expanded Schaffer’s F7,20,28,1000000,600.000032964924,3.296492400295392e-05,False,53.70976996421814
de_gradient_boost,3,F3: Shifted and full Rotated Expanded Schaffer’s F7,20,29,1000000,600.0000477150537,4.77150537108173e-05,False,55.12350416183472
de_gradient_boost,3,F3: Shifted and full Rotated Expanded Schaffer’s F7,20,30,1000000,600.0000320243307,3.20243307214696e-05,False,56.91061425209045
de_gradient_boost,4,F4: Shifted and Rotated Non-Continuous Rastrigin’s Function,20,1,1000000,1061.808614002922,261.808614002922,False,84.82266187667847
de_gradient_boost,4,F4: Shifted and Rotated Non-Continuous Rastrigin’s Function,20,2,1000000,1026.9944655140398,226.9944655140398,False,85.83560752868652
de_gradient_boost,4,F4: Shifted and Rotated Non-Continuous Rastrigin’s Function,20,3,1000000,996.9568425576864,196.9568425576864,False,86.35977149009705
de_gradient_boost,4,F4: Shifted and Rotated Non-Continuous Rastrigin’s Function,20,4,1000000,1005.4054420732494,205.40544207324945,False,86.08904719352722
de_gradient_boost,4,F4: Shifted and Rotated Non-Continuous Rastrigin’s Function,20,5,1000000,1030.8336529639632,230.83365296396323,False,85.50999069213867
de_gradient_boost,4,F4: Shifted and Rotated Non-Continuous Rastrigin’s Function,20,6,1000000,1054.893838620695,254.89383862069508,False,85.70385766029358
de_gradient_boost,4,F4: Shifted and Rotated Non-Continuous Rastrigin’s Function,20,7,1000000,1043.6102485365686,243.61024853656863,False,84.4248776435852
de_gradient_boost,4,F4: Shifted and Rotated Non-Continuous Rastrigin’s Function,20,8,1000000,1056.9995238790034,256.9995238790034,False,85.23965978622437
de_gradient_boost,4,F4: Shifted and Rotated Non-Continuous Rastrigin’s Function,20,9,1000000,1066.957925636215,266.95792563621467,False,83.72961449623108
de_gradient_boost,4,F4: Shifted and Rotated Non-Continuous Rastrigin’s Function,20,10,1000000,1018.079162129348,218.07916212934788,False,84.38385224342346
de_gradient_boost,4,F4: Shifted and Rotated Non-Continuous Rastrigin’s Function,20,11,1000000,1042.403449982998,242.40344998299796,False,82.22932171821594
de_gradient_boost,4,F4: Shifted and Rotated Non-Continuous Rastrigin’s Function,20,12,1000000,1065.5933007353524,265.5933007353524,False,84.42300796508789
de_gradient_boost,4,F4: Shifted and Rotated Non-Continuous Rastrigin’s Function,20,13,1000000,1031.1343586498972,231.1343586498972,False,85.22802019119263
de_gradient_boost,4,F4: Shifted and Rotated Non-Continuous Rastrigin’s Function,20,14,1000000,1039.2870801869572,239.2870801869572,False,85.07832431793213
de_gradient_boost,4,F4: Shifted and Rotated Non-Continuous Rastrigin’s Function,20,15,1000000,1064.1682299336817,264.1682299336817,False,88.77955198287964
de_gradient_boost,4,F4: Shifted and Rotated Non-Continuous Rastrigin’s Function,20,16,1000000,996.9285078108315,196.92850781083155,False,83.01503992080688
de_gradient_boost,4,F4: Shifted and Rotated Non-Continuous Rastrigin’s Function,20,17,1000000,1017.3391281076272,217.3391281076272,False,82.22247099876404
de_gradient_boost,4,F4: Shifted and Rotated Non-Continuous Rastrigin’s Function,20,18,1000000,1087.5480955991725,287.5480955991725,False,84.15284490585327
de_gradient_boost,4,F4: Shifted and Rotated Non-Continuous Rastrigin’s Function,20,19,1000000,1047.248102561554,247.2481025615541,False,82.93721723556519
de_gradient_boost,4,F4: Shifted and Rotated Non-Continuous Rastrigin’s Function,20,20,1000000,1060.5427553074333,260.54275530743325,False,83.3798758983612
de_gradient_boost,4,F4: Shifted and Rotated Non-Continuous Rastrigin’s Function,20,21,1000000,1043.6285808180817,243.62858081808167,False,86.36274099349976
de_gradient_boost,4,F4: Shifted and Rotated Non-Continuous Rastrigin’s Function,20,22,1000000,1013.0023723176196,213.00237231761943,False,84.81000304222107
de_gradient_boost,4,F4: Shifted and Rotated Non-Continuous Rastrigin’s Function,20,23,1000000,1018.9548997014932,218.9548997014931,False,85.16960024833679
de_gradient_boost,4,F4: Shifted and Rotated Non-Continuous Rastrigin’s Function,20,24,1000000,1012.5223657799512,212.5223657799511,False,86.68571448326111
de_gradient_boost,4,F4: Shifted and Rotated Non-Continuous Rastrigin’s Function,20,25,1000000,1074.6610201420876,274.66102014208764,False,87.10464382171631
de_gradient_boost,4,F4: Shifted and Rotated Non-Continuous Rastrigin’s Function,20,26,1000000,1030.6144600229347,230.61446002293476,False,88.35638809204102
de_gradient_boost,4,F4: Shifted and Rotated Non-Continuous Rastrigin’s Function,20,27,1000000,1023.5984054768649,223.59840547686483,False,87.0685179233551
de_gradient_boost,4,F4: Shifted and Rotated Non-Continuous Rastrigin’s Function,20,28,1000000,1000.3634675264044,200.3634675264045,False,86.36794972419739
de_gradient_boost,4,F4: Shifted and Rotated Non-Continuous Rastrigin’s Function,20,29,1000000,1014.4165416263965,214.41654162639637,False,87.12847995758057
de_gradient_boost,4,F4: Shifted and Rotated Non-Continuous Rastrigin’s Function,20,30,1000000,979.985576505371,179.985576505371,False,86.69414377212524
de_gradient_boost,5,F5: Shifted and Rotated Levy Function,20,1,1000000,900.008346716489,0.0083467164889725,False,49.4263608455658
de_gradient_boost,5,F5: Shifted and Rotated Levy Function,20,2,1000000,900.4581225815581,0.4581225815580865,False,48.73302221298218
de_gradient_boost,5,F5: Shifted and Rotated Levy Function,20,3,1000000,900.009270329497,0.0092703294969851,False,50.090176582336426
de_gradient_boost,5,F5: Shifted and Rotated Levy Function,20,4,1000000,900.0097283140967,0.0097283140967192,False,49.42554783821106
de_gradient_boost,5,F5: Shifted and Rotated Levy Function,20,5,1000000,900.0084012748506,0.0084012748505983,False,48.710284948349
de_gradient_boost,5,F5: Shifted and Rotated Levy Function,20,6,1000000,900.0918551596769,0.0918551596769248,False,48.030927896499634
de_gradient_boost,5,F5: Shifted and Rotated Levy Function,20,7,1000000,900.005507310802,0.0055073108020451,False,49.63360810279846
de_gradient_boost,5,F5: Shifted and Rotated Levy Function,20,8,1000000,900.0052619220631,0.0052619220631413,False,47.45104432106018
de_gradient_boost,5,F5: Shifted and Rotated Levy Function,20,9,1000000,900.4619441978347,0.4619441978346685,False,45.13647818565369
de_gradient_boost,5,F5: Shifted and Rotated Levy Function,20,10,1000000,900.0067961362894,0.0067961362893811,False,45.22643280029297
de_gradient_boost,5,F5: Shifted and Rotated Levy Function,20,11,1000000,900.0034615539279,0.0034615539278775,False,45.974536657333374
de_gradient_boost,5,F5: Shifted and Rotated Levy Function,20,12,1000000,900.0040686250172,0.0040686250172257,False,46.028151512146
de_gradient_boost,5,F5: Shifted and Rotated Levy Function,20,13,1000000,900.0080096302335,0.0080096302334595,False,45.3802981376648
de_gradient_boost,5,F5: Shifted and Rotated Levy Function,20,14,1000000,900.0103761140587,0.0103761140586584,False,46.92379999160767
de_gradient_boost,5,F5: Shifted and Rotated Levy Function,20,15,1000000,900.0038638881247,0.0038638881246697,False,45.42750597000122
de_gradient_boost,5,F5: Shifted and Rotated Levy Function,20,16,1000000,900.4621511511225,0.462151151122498,False,45.09417462348938
de_gradient_boost,5,F5: Shifted and Rotated Levy Function,20,17,1000000,900.0027990161409,0.0027990161408979,False,45.2705500125885
de_gradient_boost,5,F5: Shifted and Rotated Levy Function,20,18,1000000,900.1114158389676,0.1114158389675594,False,45.93736505508423
de_gradient_boost,5,F5: Shifted and Rotated Levy Function,20,19,1000000,900.0929488934397,0.0929488934397113,False,44.73974704742432
de_gradient_boost,5,F5: Shifted and Rotated Levy Function,20,20,1000000,900.0093447141695,0.0093447141695151,False,46.09104990959168
de_gradient_boost,5,F5: Shifted and Rotated Levy Function,20,21,1000000,900.0042167995347,0.0042167995346744,False,45.93238306045532
de_gradient_boost,5,F5: Shifted and Rotated Levy Function,20,22,1000000,900.463962550363,0.4639625503630213,False,46.920716762542725
de_gradient_boost,5,F5: Shifted and Rotated Levy Function,20,23,1000000,900.0046781813079,0.0046781813078951,False,45.19567012786865
de_gradient_boost,5,F5: Shifted and Rotated Levy Function,20,24,1000000,900.0028799951115,0.0028799951114706,False,44.63254594802856
de_gradient_boost,5,F5: Shifted and Rotated Levy Function,20,25,1000000,900.0041053105957,0.0041053105957189,False,45.4879298210144
de_gradient_boost,5,F5: Shifted and Rotated Levy Function,20,26,1000000,900.4616855915109,0.4616855915108999,False,44.458343744277954
de_gradient_boost,5,F5: Shifted and Rotated Levy Function,20,27,1000000,900.4580276015406,0.458027601540607,False,46.604775190353394
de_gradient_boost,5,F5: Shifted and Rotated Levy Function,20,28,1000000,900.0083591566473,0.008359156647316,False,44.48654222488403
de_gradient_boost,5,F5: Shifted and Rotated Levy Function,20,29,1000000,900.9142868760308,0.9142868760309284,False,45.99657416343689
de_gradient_boost,5,F5: Shifted and Rotated Levy Function,20,30,1000000,900.0070839264504,0.0070839264503774,False,55.80171751976013
de_gradient_boost,6,F6: Hybrid Function 1,20,1,1000000,236862.91168717237,235062.91168717237,False,56.4472873210907
de_gradient_boost,6,F6: Hybrid Function 1,20,2,1000000,974388.312585518,972588.312585518,False,54.87543725967407
de_gradient_boost,6,F6: Hybrid Function 1,20,3,1000000,698311.9288914946,696511.9288914946,False,54.61111688613892
de_gradient_boost,6,F6: Hybrid Function 1,20,4,1000000,328043.75703777734,326243.75703777734,False,57.82000041007996
de_gradient_boost,6,F6: Hybrid Function 1,20,5,1000000,148914.07915436538,147114.07915436538,False,54.999305725097656
de_gradient_boost,6,F6: Hybrid Function 1,20,6,1000000,754790.1788782463,752990.1788782463,False,54.26426076889038
de_gradient_boost,6,F6: Hybrid Function 1,20,7,1000000,198676.1153778548,196876.1153778548,False,54.62050795555115
de_gradient_boost,6,F6: Hybrid Function 1,20,8,1000000,200465.97114609863,198665.97114609863,False,54.84753131866455
de_gradient_boost,6,F6: Hybrid Function 1,20,9,1000000,215453.3788968344,213653.3788968344,False,54.86420702934265
de_gradient_boost,6,F6: Hybrid Function 1,20,10,1000000,1592464.3137351817,1590664.3137351817,False,55.76103377342224
de_gradient_boost,6,F6: Hybrid Function 1,20,11,1000000,487619.9316519895,485819.9316519895,False,55.25804209709168
de_gradient_boost,6,F6: Hybrid Function 1,20,12,1000000,583048.6559548711,581248.6559548711,False,54.920976400375366
de_gradient_boost,6,F6: Hybrid Function 1,20,13,1000000,1539329.5921189054,1537529.5921189054,False,56.30695414543152
de_gradient_boost,6,F6: Hybrid Function 1,20,14,1000000,157915.93671893643,156115.93671893643,False,57.09828186035156
de_gradient_boost,6,F6: Hybrid Function 1,20,15,1000000,265303.0198365225,263503.0198365225,False,56.65203905105591
de_gradient_boost,6,F6: Hybrid Function 1,20,16,1000000,228842.47636093615,227042.47636093615,False,55.12684082984924
de_gradient_boost,6,F6: Hybrid Function 1,20,17,1000000,148878.26727157042,147078.26727157042,False,55.12761211395264
de_gradient_boost,6,F6: Hybrid Function 1,20,18,1000000,427767.6324007076,425967.6324007076,False,54.83176493644714
de_gradient_boost,6,F6: Hybrid Function 1,20,19,1000000,326545.5545306003,324745.5545306003,False,54.99725341796875
de_gradient_boost,6,F6: Hybrid Function 1,20,20,1000000,278122.5602011654,276322.5602011654,False,55.390653133392334
de_gradient_boost,6,F6: Hybrid Function 1,20,21,1000000,267375.15952073515,265575.15952073515,False,54.74799919128418
de_gradient_boost,6,F6: Hybrid Function 1,20,22,1000000,148075.90680389846,146275.90680389846,False,54.93715143203735
de_gradient_boost,6,F6: Hybrid Function 1,20,23,1000000,195136.8173642811,193336.8173642811,False,54.438183069229126
de_gradient_boost,6,F6: Hybrid Function 1,20,24,1000000,132723.08568253432,130923.08568253432,False,54.28013491630554
de_gradient_boost,6,F6: Hybrid Function 1,20,25,1000000,1197416.684540921,1195616.684540921,False,61.88080668449402
de_gradient_boost,6,F6: Hybrid Function 1,20,26,1000000,272494.5381996828,270694.5381996828,False,59.6910502910614
de_gradient_boost,6,F6: Hybrid Function 1,20,27,1000000,1395726.8807771956,1393926.8807771956,False,56.77611517906189
de_gradient_boost,6,F6: Hybrid Function 1,20,28,1000000,138048.89776333945,136248.89776333945,False,52.96316170692444
de_gradient_boost,6,F6: Hybrid Function 1,20,29,1000000,150365.75653675376,148565.75653675376,False,53.01634430885315
de_gradient_boost,6,F6: Hybrid Function 1,20,30,1000000,1193701.365237119,1191901.365237119,False,53.08438992500305
de_gradient_boost,7,F7: Hybrid Function 2,20,1,1000000,2176.847020488651,176.8470204886512,False,827.89071393013
de_gradient_boost,7,F7: Hybrid Function 2,20,2,1000000,2222.4039750813563,222.4039750813563,False,816.286943435669
de_gradient_boost,7,F7: Hybrid Function 2,20,3,1000000,2050.030000781108,50.0300007811079,False,825.0205929279327
de_gradient_boost,7,F7: Hybrid Function 2,20,4,1000000,2088.2534486014456,88.2534486014456,False,819.485301733017
de_gradient_boost,7,F7: Hybrid Function 2,20,5,1000000,2074.681819809414,74.68181980941381,False,818.8219835758209
de_gradient_boost,7,F7: Hybrid Function 2,20,6,1000000,2121.643655386812,121.64365538681204,False,820.6019945144653
de_gradient_boost,7,F7: Hybrid Function 2,20,7,1000000,2066.884576952599,66.88457695259922,False,827.2041623592377
de_gradient_boost,7,F7: Hybrid Function 2,20,8,1000000,2112.377752036776,112.3777520367762,False,830.5875647068024
de_gradient_boost,7,F7: Hybrid Function 2,20,9,1000000,2061.256035376015,61.25603537601501,False,832.5767962932587
de_gradient_boost,7,F7: Hybrid Function 2,20,10,1000000,2095.993889763549,95.99388976354884,False,829.1756947040558
de_gradient_boost,7,F7: Hybrid Function 2,20,11,1000000,2087.011016226466,87.01101622646593,False,822.2411947250366
de_gradient_boost,7,F7: Hybrid Function 2,20,12,1000000,2336.7551456559163,336.7551456559163,False,824.9858341217041
de_gradient_boost,7,F7: Hybrid Function 2,20,13,1000000,2152.541345159476,152.5413451594759,False,831.5004308223724
de_gradient_boost,7,F7: Hybrid Function 2,20,14,1000000,2053.7067713426327,53.70677134263269,False,831.0391988754272
de_gradient_boost,7,F7: Hybrid Function 2,20,15,1000000,2103.8126783309385,103.81267833093852,False,822.5116906166077
de_gradient_boost,7,F7: Hybrid Function 2,20,16,1000000,2177.582652475187,177.58265247518693,False,827.7080488204956
de_gradient_boost,7,F7: Hybrid Function 2,20,17,1000000,2072.9188241177453,72.91882411774532,False,819.7523064613342
de_gradient_boost,7,F7: Hybrid Function 2,20,18,1000000,2200.913904398829,200.9139043988289,False,826.0829520225525
de_gradient_boost,7,F7: Hybrid Function 2,20,19,1000000,2036.6602197353045,36.66021973530451,False,820.4562995433807
de_gradient_boost,7,F7: Hybrid Function 2,20,20,1000000,2314.7611620720154,314.7611620720154,False,814.4838364124298
de_gradient_boost,7,F7: Hybrid Function 2,20,21,1000000,2134.4867033867326,134.48670338673264,False,819.4320440292358
de_gradient_boost,7,F7: Hybrid Function 2,20,22,1000000,2110.227955403861,110.22795540386096,False,826.3578636646271
de_gradient_boost,7,F7: Hybrid Function 2,20,23,1000000,2101.303190003681,101.3031900036808,False,821.9724156856537
de_gradient_boost,7,F7: Hybrid Function 2,20,24,1000000,2227.1000441046067,227.1000441046067,False,824.4078652858734
de_gradient_boost,7,F7: Hybrid Function 2,20,25,1000000,2074.7247060358545,74.72470603585452,False,824.6505498886108
de_gradient_boost,7,F7: Hybrid Function 2,20,26,1000000,2119.4354723465945,119.43547234659444,False,822.1586775779724
de_gradient_boost,7,F7: Hybrid Function 2,20,27,1000000,2232.484374764122,232.4843747641221,False,820.1687064170837
de_gradient_boost,7,F7: Hybrid Function 2,20,28,1000000,2133.4710396885257,133.4710396885257,False,823.0445537567139
de_gradient_boost,7,F7: Hybrid Function 2,20,29,1000000,2192.1905212211086,192.1905212211086,False,820.2609515190125
de_gradient_boost,7,F7: Hybrid Function 2,20,30,1000000,2175.763762818976,175.76376281897592,False,814.8373243808746
de_gradient_boost,8,F8: Hybrid Function 3,20,1,1000000,2295.241960993868,95.2419609938679,False,1161.280134677887
de_gradient_boost,8,F8: Hybrid Function 3,20,2,1000000,3305.6563598832445,1105.6563598832445,False,1156.5006322860718
de_gradient_boost,8,F8: Hybrid Function 3,20,3,1000000,2622.182298341032,422.182298341032,False,1154.8960514068604
de_gradient_boost,8,F8: Hybrid Function 3,20,4,1000000,2718.5712378747626,518.5712378747626,False,1160.4792215824127
de_gradient_boost,8,F8: Hybrid Function 3,20,5,1000000,2297.281034640881,97.281034640881,False,1155.4710731506348
de_gradient_boost,8,F8: Hybrid Function 3,20,6,1000000,2251.3792536003743,51.37925360037434,False,1158.0323176383972
de_gradient_boost,8,F8: Hybrid Function 3,20,7,1000000,2458.6652555582755,258.6652555582755,False,1156.2189784049988
de_gradient_boost,8,F8: Hybrid Function 3,20,8,1000000,3338.1145058946363,1138.1145058946363,False,1162.7817301750183
de_gradient_boost,8,F8: Hybrid Function 3,20,9,1000000,2795.583108920042,595.5831089200419,False,1158.2055413722992
de_gradient_boost,8,F8: Hybrid Function 3,20,10,1000000,2252.1667282054686,52.16672820546864,False,1154.0642094612122
de_gradient_boost,8,F8: Hybrid Function 3,20,11,1000000,2263.12968838638,63.12968838637971,False,1157.001400232315
de_gradient_boost,8,F8: Hybrid Function 3,20,12,1000000,3123.1330789899525,923.1330789899524,False,1154.2927989959717
de_gradient_boost,8,F8: Hybrid Function 3,20,13,1000000,2858.736996230055,658.736996230055,False,1158.632495880127
de_gradient_boost,8,F8: Hybrid Function 3,20,14,1000000,2242.6926444799465,42.69264447994647,False,1161.3723804950714
de_gradient_boost,8,F8: Hybrid Function 3,20,15,1000000,2293.49294029155,93.49294029154998,False,1158.5447673797607
de_gradient_boost,8,F8: Hybrid Function 3,20,16,1000000,2241.9786956817898,41.97869568178976,False,1156.3535585403442
de_gradient_boost,8,F8: Hybrid Function 3,20,17,1000000,2466.0842132322587,266.08421323225866,False,1161.0901441574097
de_gradient_boost,8,F8: Hybrid Function 3,20,18,1000000,2244.445385444452,44.44538544445186,False,1154.4574992656708
de_gradient_boost,8,F8: Hybrid Function 3,20,19,1000000,2391.2816656727164,191.2816656727164,False,1162.5777583122251
de_gradient_boost,8,F8: Hybrid Function 3,20,20,1000000,2316.1639534072706,116.16395340727058,False,1160.33686709404
de_gradient_boost,8,F8: Hybrid Function 3,20,21,1000000,3650.853394884616,1450.853394884616,False,1161.1311128139496
de_gradient_boost,8,F8: Hybrid Function 3,20,22,1000000,2399.4544529506707,199.45445295067063,False,1157.704684972763
de_gradient_boost,8,F8: Hybrid Function 3,20,23,1000000,2790.1690211009386,590.1690211009386,False,1160.3475534915924
de_gradient_boost,8,F8: Hybrid Function 3,20,24,1000000,2438.6592574344504,238.6592574344504,False,1165.6269454956057
de_gradient_boost,8,F8: Hybrid Function 3,20,25,1000000,2381.196493221897,181.19649322189755,False,1160.4417033195496
de_gradient_boost,8,F8: Hybrid Function 3,20,26,1000000,2493.332590537299,293.332590537299,False,1158.0198829174042
de_gradient_boost,8,F8: Hybrid Function 3,20,27,1000000,2262.935879695968,62.9358796959682,False,1165.5139560699463
de_gradient_boost,8,F8: Hybrid Function 3,20,28,1000000,2379.726969659921,179.726969659921,False,1197.374090909958
de_gradient_boost,8,F8: Hybrid Function 3,20,29,1000000,2724.354538321155,524.3545383211549,False,1198.993844985962
de_gradient_boost,8,F8: Hybrid Function 3,20,30,1000000,2311.652590302593,111.65259030259313,False,1206.9275302886963
de_gradient_boost,9,F9: Composition Function 1,20,1,1000000,2635.719630324847,335.719630324847,False,153.55987215042114
de_gradient_boost,9,F9: Composition Function 1,20,2,1000000,2635.8108827572423,335.8108827572423,False,151.5709125995636
de_gradient_boost,9,F9: Composition Function 1,20,3,1000000,2635.708878625916,335.708878625916,False,150.24137902259827
de_gradient_boost,9,F9: Composition Function 1,20,4,1000000,2635.649569071205,335.6495690712049,False,146.4765419960022
de_gradient_boost,9,F9: Composition Function 1,20,5,1000000,2635.6996412457243,335.69964124572425,False,147.60618996620178
de_gradient_boost,9,F9: Composition Function 1,20,6,1000000,2635.6662070191965,335.66620701919646,False,146.58886432647705
de_gradient_boost,9,F9: Composition Function 1,20,7,1000000,2635.6788833844444,335.6788833844444,False,147.27274703979492
de_gradient_boost,9,F9: Composition Function 1,20,8,1000000,2635.6501563624006,335.6501563624006,False,147.69210052490234
de_gradient_boost,9,F9: Composition Function 1,20,9,1000000,2635.6663374599398,335.6663374599393,False,146.6139199733734
de_gradient_boost,9,F9: Composition Function 1,20,10,1000000,2635.6762021811905,335.67620218119055,False,150.2699999809265
de_gradient_boost,9,F9: Composition Function 1,20,11,1000000,2635.656564070914,335.6565640709141,False,150.82160830497742
de_gradient_boost,9,F9: Composition Function 1,20,12,1000000,2635.678023428713,335.678023428713,False,149.94654655456543
de_gradient_boost,9,F9: Composition Function 1,20,13,1000000,2635.674161962932,335.674161962932,False,148.16615915298462
de_gradient_boost,9,F9: Composition Function 1,20,14,1000000,2635.647305257828,335.6473052578276,False,149.69814443588257
de_gradient_boost,9,F9: Composition Function 1,20,15,1000000,2635.665926330027,335.6659263300271,False,149.0550901889801
de_gradient_boost,9,F9: Composition Function 1,20,16,1000000,2635.6914119047087,335.6914119047088,False,147.28240823745728
de_gradient_boost,9,F9: Composition Function 1,20,17,1000000,2635.6567875138835,335.6567875138835,False,150.93260955810547
de_gradient_boost,9,F9: Composition Function 1,20,18,1000000,2635.65488107812,335.65488107812007,False,151.34284496307373
de_gradient_boost,9,F9: Composition Function 1,20,19,1000000,2635.6458537277576,335.64585372775764,False,149.82017302513125
de_gradient_boost,9,F9: Composition Function 1,20,20,1000000,2635.65658676761,335.65658676760995,False,145.9952371120453
de_gradient_boost,9,F9: Composition Function 1,20,21,1000000,2635.661203796636,335.6612037966361,False,148.7337362766266
de_gradient_boost,9,F9: Composition Function 1,20,22,1000000,2635.6528141569943,335.6528141569943,False,145.3475136756897
de_gradient_boost,9,F9: Composition Function 1,20,23,1000000,2635.6836317869765,335.68363178697655,False,146.10967230796814
de_gradient_boost,9,F9: Composition Function 1,20,24,1000000,2635.6507194295923,335.6507194295923,False,145.64298033714294
de_gradient_boost,9,F9: Composition Function 1,20,25,1000000,2635.6838564873447,335.68385648734466,False,150.19738221168518
de_gradient_boost,9,F9: Composition Function 1,20,26,1000000,2635.6706043972727,335.67060439727265,False,149.88075065612793
de_gradient_boost,9,F9: Composition Function 1,20,27,1000000,2635.748284022103,335.7482840221028,False,147.5445442199707
de_gradient_boost,9,F9: Composition Function 1,20,28,1000000,2635.6746327572178,335.6746327572177,False,148.05946803092957
de_gradient_boost,9,F9: Composition Function 1,20,29,1000000,2635.660304379612,335.66030437961217,False,148.72322988510132
de_gradient_boost,9,F9: Composition Function 1,20,30,1000000,2635.6698644075427,335.6698644075427,False,148.15870881080627
de_gradient_boost,10,F10: Composition Function 2,20,1,1000000,6386.872556263437,3986.872556263437,False,151.60506772994995
de_gradient_boost,10,F10: Composition Function 2,20,2,1000000,2797.9826923163214,397.9826923163214,False,151.2962989807129
de_gradient_boost,10,F10: Composition Function 2,20,3,1000000,7001.655330927737,4601.655330927737,False,154.2212700843811
de_gradient_boost,10,F10: Composition Function 2,20,4,1000000,6864.292443965871,4464.292443965871,False,151.51986861228943
de_gradient_boost,10,F10: Composition Function 2,20,5,1000000,2951.803395447525,551.803395447525,False,147.05818462371826
de_gradient_boost,10,F10: Composition Function 2,20,6,1000000,2800.3161145254003,400.3161145254003,False,150.33428955078125
de_gradient_boost,10,F10: Composition Function 2,20,7,1000000,2796.5116641182294,396.5116641182294,False,153.8955945968628
de_gradient_boost,10,F10: Composition Function 2,20,8,1000000,2803.5634422409216,403.5634422409216,False,152.3511357307434
de_gradient_boost,10,F10: Composition Function 2,20,9,1000000,6041.285892278194,3641.2858922781934,False,154.99334287643433
de_gradient_boost,10,F10: Composition Function 2,20,10,1000000,2799.1942658655303,399.1942658655303,False,153.459237575531
de_gradient_boost,10,F10: Composition Function 2,20,11,1000000,2811.658279014197,411.65827901419743,False,147.98874187469482
de_gradient_boost,10,F10: Composition Function 2,20,12,1000000,2800.8434816489307,400.8434816489307,False,148.18627381324768
de_gradient_boost,10,F10: Composition Function 2,20,13,1000000,2984.7952813754937,584.7952813754937,False,147.26891207695007
de_gradient_boost,10,F10: Composition Function 2,20,14,1000000,6329.95412958877,3929.95412958877,False,154.19082236289978
de_gradient_boost,10,F10: Composition Function 2,20,15,1000000,2997.1454702052624,597.1454702052624,False,151.05134892463684
de_gradient_boost,10,F10: Composition Function 2,20,16,1000000,6911.8206465742405,4511.8206465742405,False,153.2729206085205
de_gradient_boost,10,F10: Composition Function 2,20,17,1000000,6604.079577608915,4204.079577608915,False,156.98600244522095
de_gradient_boost,10,F10: Composition Function 2,20,18,1000000,2799.2372575095865,399.23725750958647,False,150.01897263526917
de_gradient_boost,10,F10: Composition Function 2,20,19,1000000,2798.579864826373,398.57986482637307,False,153.72932505607605
de_gradient_boost,10,F10: Composition Function 2,20,20,1000000,5873.812615125033,3473.8126151250326,False,152.36747217178345
de_gradient_boost,10,F10: Composition Function 2,20,21,1000000,2822.673685397356,422.6736853973557,False,151.17360639572144
de_gradient_boost,10,F10: Composition Function 2,20,22,1000000,3000.015850981052,600.0158509810517,False,150.31902432441711
de_gradient_boost,10,F10: Composition Function 2,20,23,1000000,2797.435576263204,397.435576263204,False,152.06276655197144
de_gradient_boost,10,F10: Composition Function 2,20,24,1000000,2799.5664834856093,399.5664834856093,False,152.62287139892578
de_gradient_boost,10,F10: Composition Function 2,20,25,1000000,6622.939322559471,4222.939322559471,False,153.024067401886
de_gradient_boost,10,F10: Composition Function 2,20,26,1000000,6662.240546364623,4262.240546364623,False,152.75739455223083
de_gradient_boost,10,F10: Composition Function 2,20,27,1000000,6769.896553787653,4369.896553787653,False,152.0251502990723
de_gradient_boost,10,F10: Composition Function 2,20,28,1000000,6635.547293421786,4235.547293421786,False,155.78653049468994
de_gradient_boost,10,F10: Composition Function 2,20,29,1000000,2795.842041416774,395.842041416774,False,153.15767288208008
de_gradient_boost,10,F10: Composition Function 2,20,30,1000000,2799.916970666558,399.916970666558,False,150.36307740211487
de_gradient_boost,11,F11: Composition Function 3,20,1,1000000,2600.431090288368,0.4310902883676135,False,234.9891426563263
de_gradient_boost,11,F11: Composition Function 3,20,2,1000000,2600.310058684115,0.3100586841151198,False,233.70212841033936
de_gradient_boost,11,F11: Composition Function 3,20,3,1000000,2600.5498607519285,0.5498607519284633,False,235.5662863254547
de_gradient_boost,11,F11: Composition Function 3,20,4,1000000,2600.8468737935777,0.8468737935777426,False,234.33568286895752
de_gradient_boost,11,F11: Composition Function 3,20,5,1000000,2600.432697429167,0.4326974291670922,False,234.6395103931427
de_gradient_boost,11,F11: Composition Function 3,20,6,1000000,2600.4479917331223,0.4479917331223078,False,234.32456493377688
de_gradient_boost,11,F11: Composition Function 3,20,7,1000000,2601.0193010536336,1.019301053633626,False,237.4460084438324
de_gradient_boost,11,F11: Composition Function 3,20,8,1000000,2600.4076795139417,0.4076795139417299,False,232.13936400413516
de_gradient_boost,11,F11: Composition Function 3,20,9,1000000,2600.751577228669,0.7515772286687934,False,234.31191682815552
de_gradient_boost,11,F11: Composition Function 3,20,10,1000000,2600.421261886853,0.4212618868527897,False,228.16404604911804
de_gradient_boost,11,F11: Composition Function 3,20,11,1000000,2600.407466857669,0.407466857669533,False,226.8223216533661
de_gradient_boost,11,F11: Composition Function 3,20,12,1000000,2600.363649535325,0.3636495353248392,False,225.92092323303223
de_gradient_boost,11,F11: Composition Function 3,20,13,1000000,2600.373792548797,0.3737925487971552,False,224.32209277153012
de_gradient_boost,11,F11: Composition Function 3,20,14,1000000,2600.893271798,0.8932717980001144,False,226.42333674430847
de_gradient_boost,11,F11: Composition Function 3,20,15,1000000,2600.486682409506,0.486682409506102,False,227.7436311244965
de_gradient_boost,11,F11: Composition Function 3,20,16,1000000,2600.323337506021,0.3233375060208345,False,228.91818380355835
de_gradient_boost,11,F11: Composition Function 3,20,17,1000000,2600.3641339664214,0.3641339664213774,False,237.667240858078
de_gradient_boost,11,F11: Composition Function 3,20,18,1000000,2600.4893453081504,0.4893453081504049,False,239.7706549167633
de_gradient_boost,11,F11: Composition Function 3,20,19,1000000,2600.3633843717,0.3633843716993397,False,238.6850574016571
de_gradient_boost,11,F11: Composition Function 3,20,20,1000000,2600.505193769272,0.5051937692719548,False,240.79054474830627
de_gradient_boost,11,F11: Composition Function 3,20,21,1000000,2600.523337386514,0.5233373865139583,False,240.83044242858887
de_gradient_boost,11,F11: Composition Function 3,20,22,1000000,2600.9073035454635,0.907303545463492,False,241.9427947998047
de_gradient_boost,11,F11: Composition Function 3,20,23,1000000,2600.3525043097675,0.3525043097674825,False,239.31667709350583
de_gradient_boost,11,F11: Composition Function 3,20,24,1000000,2600.563677725802,0.563677725801881,False,238.7498679161072
de_gradient_boost,11,F11: Composition Function 3,20,25,1000000,2600.300280758108,0.3002807581078741,False,240.87035965919492
de_gradient_boost,11,F11: Composition Function 3,20,26,1000000,2600.287116919242,0.2871169192421803,False,238.99096727371216
de_gradient_boost,11,F11: Composition Function 3,20,27,1000000,2600.7139889673285,0.7139889673285325,False,240.92099404335025
de_gradient_boost,11,F11: Composition Function 3,20,28,1000000,2600.42893631833,0.4289363183302157,False,242.4143047332764
de_gradient_boost,11,F11: Composition Function 3,20,29,1000000,2600.3795428290773,0.3795428290773088,False,236.92875576019287
de_gradient_boost,11,F11: Composition Function 3,20,30,1000000,2600.6226851770625,0.6226851770625217,False,243.90581727027893
de_gradient_boost,12,F12: Composition Function 4,20,1,1000000,2938.298360856894,238.29836085689385,False,247.857351064682
de_gradient_boost,12,F12: Composition Function 4,20,2,1000000,2943.5844592382523,243.5844592382523,False,247.6812109947205
de_gradient_boost,12,F12: Composition Function 4,20,3,1000000,2938.2902142105945,238.2902142105945,False,246.00572419166565
de_gradient_boost,12,F12: Composition Function 4,20,4,1000000,2962.1513677831904,262.1513677831904,False,248.16050601005557
de_gradient_boost,12,F12: Composition Function 4,20,5,1000000,2939.1096955698004,239.10969556980035,False,245.8649704456329
de_gradient_boost,12,F12: Composition Function 4,20,6,1000000,2941.476827985732,241.47682798573211,False,247.73069763183597
de_gradient_boost,12,F12: Composition Function 4,20,7,1000000,2942.357066474784,242.35706647478355,False,247.99386882781985
de_gradient_boost,12,F12: Composition Function 4,20,8,1000000,2949.586603845556,249.5866038455556,False,247.96077752113345
de_gradient_boost,12,F12: Composition Function 4,20,9,1000000,2939.9965317041174,239.9965317041174,False,249.0728940963745
de_gradient_boost,12,F12: Composition Function 4,20,10,1000000,2976.8019274187423,276.80192741874225,False,269.85542345047
de_gradient_boost,12,F12: Composition Function 4,20,11,1000000,2943.35447667434,243.35447667433985,False,262.89927530288696
de_gradient_boost,12,F12: Composition Function 4,20,12,1000000,2952.1795826588614,252.17958265886136,False,267.9316921234131
de_gradient_boost,12,F12: Composition Function 4,20,13,1000000,2944.8825601120348,244.88256011203475,False,264.12606382369995
de_gradient_boost,12,F12: Composition Function 4,20,14,1000000,2967.1156167303666,267.1156167303666,False,249.92078375816345
de_gradient_boost,12,F12: Composition Function 4,20,15,1000000,2944.877612015555,244.8776120155549,False,261.92720556259155
de_gradient_boost,12,F12: Composition Function 4,20,16,1000000,2948.8900505785064,248.8900505785064,False,252.80013728141785
de_gradient_boost,12,F12: Composition Function 4,20,17,1000000,2945.788739829796,245.7887398297962,False,243.285432100296
de_gradient_boost,12,F12: Composition Function 4,20,18,1000000,2939.1007380871347,239.1007380871347,False,247.83585047721863
de_gradient_boost,12,F12: Composition Function 4,20,19,1000000,2948.197537168717,248.1975371687172,False,235.3158547878265
de_gradient_boost,12,F12: Composition Function 4,20,20,1000000,2946.4238304668897,246.4238304668897,False,241.7589695453644
de_gradient_boost,12,F12: Composition Function 4,20,21,1000000,2939.098465293127,239.098465293127,False,235.4989993572235
de_gradient_boost,12,F12: Composition Function 4,20,22,1000000,2946.408766180387,246.4087661803869,False,242.4587128162384
de_gradient_boost,12,F12: Composition Function 4,20,23,1000000,2944.879123946457,244.8791239464572,False,244.4433138370514
de_gradient_boost,12,F12: Composition Function 4,20,24,1000000,2939.5107002371005,239.5107002371005,False,232.7508852481842
de_gradient_boost,12,F12: Composition Function 4,20,25,1000000,2972.452446873703,272.45244687370314,False,240.9092197418213
de_gradient_boost,12,F12: Composition Function 4,20,26,1000000,2970.117241808945,270.117241808945,False,234.2823874950409
de_gradient_boost,12,F12: Composition Function 4,20,27,1000000,3018.790152255032,318.7901522550319,False,230.32987689971924
de_gradient_boost,12,F12: Composition Function 4,20,28,1000000,2938.2961513657056,238.29615136570555,False,231.3320519924164
de_gradient_boost,12,F12: Composition Function 4,20,29,1000000,2941.22469724352,241.2246972435196,False,232.987455368042
de_gradient_boost,12,F12: Composition Function 4,20,30,1000000,2965.371900425124,265.37190042512384,False,232.36486506462097
de_harmony_search,1,F1: Shifted and full Rotated Zakharov Function,10,1,200000,300.0000782574343,7.825743432476884e-05,False,18.807913064956665
de_harmony_search,1,F1: Shifted and full Rotated Zakharov Function,10,2,200000,300.000013991422,1.3991422008530208e-05,False,18.92122459411621
de_harmony_search,1,F1: Shifted and full Rotated Zakharov Function,10,3,200000,300.0,0.0,True,18.64922142028809
de_harmony_search,1,F1: Shifted and full Rotated Zakharov Function,10,4,200000,300.0,0.0,True,17.764918088912964
de_harmony_search,1,F1: Shifted and full Rotated Zakharov Function,10,5,200000,300.0001738685264,0.0001738685263603,False,18.622268438339237
de_harmony_search,1,F1: Shifted and full Rotated Zakharov Function,10,6,200000,300.0000045139413,4.513941348704975e-06,False,18.54046392440796
de_harmony_search,1,F1: Shifted and full Rotated Zakharov Function,10,7,200000,300.0,0.0,True,17.845632076263428
de_harmony_search,1,F1: Shifted and full Rotated Zakharov Function,10,8,200000,300.0000762398505,7.623985050031479e-05,False,18.229921102523804
de_harmony_search,1,F1: Shifted and full Rotated Zakharov Function,10,9,200000,300.0000071162975,7.116297524589754e-06,False,18.012578010559082
de_harmony_search,1,F1: Shifted and full Rotated Zakharov Function,10,10,200000,300.0,0.0,True,18.46482992172241
de_harmony_search,1,F1: Shifted and full Rotated Zakharov Function,10,11,200000,300.0000120963869,1.2096386910798174e-05,False,18.15869927406311
de_harmony_search,1,F1: Shifted and full Rotated Zakharov Function,10,12,200000,300.0000118692394,1.1869239415318589e-05,False,18.30619025230408
de_harmony_search,1,F1: Shifted and full Rotated Zakharov Function,10,13,200000,300.00000000000017,1.7053025658242404e-13,True,18.862569332122803
de_harmony_search,1,F1: Shifted and full Rotated Zakharov Function,10,14,200000,300.0,0.0,True,18.43889713287353
de_harmony_search,1,F1: Shifted and full Rotated Zakharov Function,10,15,200000,300.0000864441381,8.644413810543483e-05,False,18.40674662590027
de_harmony_search,1,F1: Shifted and full Rotated Zakharov Function,10,16,200000,300.000000008348,8.348024493898265e-09,True,18.938961505889893
de_harmony_search,1,F1: Shifted and full Rotated Zakharov Function,10,17,200000,300.0000000138435,1.3843475699104602e-08,False,18.3651385307312
de_harmony_search,1,F1: Shifted and full Rotated Zakharov Function,10,18,200000,300.0,0.0,True,18.413111209869385
de_harmony_search,1,F1: Shifted and full Rotated Zakharov Function,10,19,200000,300.0,0.0,True,18.255197048187256
de_harmony_search,1,F1: Shifted and full Rotated Zakharov Function,10,20,200000,300.00000000000006,5.684341886080803e-14,True,17.820968866348267
de_harmony_search,1,F1: Shifted and full Rotated Zakharov Function,10,21,200000,300.0006271515549,0.0006271515549087,False,18.61010503768921
de_harmony_search,1,F1: Shifted and full Rotated Zakharov Function,10,22,200000,300.0000411339295,4.113392952831418e-05,False,18.325968742370605
de_harmony_search,1,F1: Shifted and full Rotated Zakharov Function,10,23,200000,300.0000030589345,3.0589345101361687e-06,False,18.212852478027344
de_harmony_search,1,F1: Shifted and full Rotated Zakharov Function,10,24,200000,300.0000000000003,2.842170943040401e-13,True,18.191885471343998
de_harmony_search,1,F1: Shifted and full Rotated Zakharov Function,10,25,200000,300.00000000000256,2.557953848736361e-12,True,19.00493884086609
de_harmony_search,1,F1: Shifted and full Rotated Zakharov Function,10,26,200000,300.00378708780045,0.0037870878004468,False,18.272666692733765
de_harmony_search,1,F1: Shifted and full Rotated Zakharov Function,10,27,200000,300.0000019957392,1.995739182802936e-06,False,18.232929944992065
de_harmony_search,1,F1: Shifted and full Rotated Zakharov Function,10,28,200000,300.0,0.0,True,18.366066217422485
de_harmony_search,1,F1: Shifted and full Rotated Zakharov Function,10,29,200000,300.00000000417,4.169976364210015e-09,True,19.44352149963379
de_harmony_search,1,F1: Shifted and full Rotated Zakharov Function,10,30,200000,300.00000006789537,6.78953711030772e-08,False,18.629948139190677
de_harmony_search,2,F2: Shifted and Rotated Rosenbrock’s Function,10,1,200000,406.7413503150348,6.741350315034822,False,20.339975357055664
de_harmony_search,2,F2: Shifted and Rotated Rosenbrock’s Function,10,2,200000,400.0000000133989,1.3398903320194222e-08,False,20.49888920783997
de_harmony_search,2,F2: Shifted and Rotated Rosenbrock’s Function,10,3,200000,400.33656636435,0.3365663643500056,False,20.19765973091125
de_harmony_search,2,F2: Shifted and Rotated Rosenbrock’s Function,10,4,200000,400.4640551495274,0.4640551495274394,False,20.20101761817932
de_harmony_search,2,F2: Shifted and Rotated Rosenbrock’s Function,10,5,200000,406.1067604510998,6.106760451099774,False,20.321629762649536
de_harmony_search,2,F2: Shifted and Rotated Rosenbrock’s Function,10,6,200000,406.6457055611097,6.645705561109708,False,20.31823992729187
de_harmony_search,2,F2: Shifted and Rotated Rosenbrock’s Function,10,7,200000,400.3580708271602,0.3580708271601907,False,20.10193347930908
de_harmony_search,2,F2: Shifted and Rotated Rosenbrock’s Function,10,8,200000,406.0658769941613,6.065876994161329,False,19.901594400405884
de_harmony_search,2,F2: Shifted and Rotated Rosenbrock’s Function,10,9,200000,400.4150350466797,0.4150350466796908,False,20.23020362854004
de_harmony_search,2,F2: Shifted and Rotated Rosenbrock’s Function,10,10,200000,404.383839872435,4.383839872434976,False,20.02010059356689
de_harmony_search,2,F2: Shifted and Rotated Rosenbrock’s Function,10,11,200000,400.34254828115286,0.3425482811528582,False,20.57832908630371
de_harmony_search,2,F2: Shifted and Rotated Rosenbrock’s Function,10,12,200000,400.07586481135047,0.0758648113504705,False,20.756993532180783
de_harmony_search,2,F2: Shifted and Rotated Rosenbrock’s Function,10,13,200000,400.34317410700976,0.3431741070097587,False,20.73092007637024
de_harmony_search,2,F2: Shifted and Rotated Rosenbrock’s Function,10,14,200000,400.332338378328,0.332338378327961,False,20.961453676223755
de_harmony_search,2,F2: Shifted and Rotated Rosenbrock’s Function,10,15,200000,405.4502730465712,5.450273046571169,False,20.779895782470703
de_harmony_search,2,F2: Shifted and Rotated Rosenbrock’s Function,10,16,200000,400.1998035701322,0.1998035701321896,False,20.995314836502075
de_harmony_search,2,F2: Shifted and Rotated Rosenbrock’s Function,10,17,200000,400.3707673896644,0.3707673896644223,False,21.11405110359192
de_harmony_search,2,F2: Shifted and Rotated Rosenbrock’s Function,10,18,200000,400.3555711174331,0.3555711174331009,False,21.303835153579712
de_harmony_search,2,F2: Shifted and Rotated Rosenbrock’s Function,10,19,200000,400.0873499302208,0.087349930220796,False,19.575249671936035
de_harmony_search,2,F2: Shifted and Rotated Rosenbrock’s Function,10,20,200000,406.40701162184666,6.407011621846664,False,20.739502668380737
de_harmony_search,2,F2: Shifted and Rotated Rosenbrock’s Function,10,21,200000,400.0227777674074,0.0227777674074332,False,20.137070894241333
de_harmony_search,2,F2: Shifted and Rotated Rosenbrock’s Function,10,22,200000,400.2166349866424,0.2166349866423615,False,20.212352752685547
de_harmony_search,2,F2: Shifted and Rotated Rosenbrock’s Function,10,23,200000,405.7990390590112,5.799039059011193,False,20.356847524642944
de_harmony_search,2,F2: Shifted and Rotated Rosenbrock’s Function,10,24,200000,400.2622587001701,0.2622587001700367,False,21.07740259170532
de_harmony_search,2,F2: Shifted and Rotated Rosenbrock’s Function,10,25,200000,400.2528105352151,0.252810535215076,False,21.084412097930908
de_harmony_search,2,F2: Shifted and Rotated Rosenbrock’s Function,10,26,200000,400.3936441254946,0.3936441254946317,False,21.015628814697266
de_harmony_search,2,F2: Shifted and Rotated Rosenbrock’s Function,10,27,200000,400.1902090062229,0.1902090062229149,False,20.911699533462524
de_harmony_search,2,F2: Shifted and Rotated Rosenbrock’s Function,10,28,200000,400.390156721733,0.3901567217330353,False,21.001664876937863
de_harmony_search,2,F2: Shifted and Rotated Rosenbrock’s Function,10,29,200000,400.30443392614336,0.3044339261433606,False,20.776123046875
de_harmony_search,2,F2: Shifted and Rotated Rosenbrock’s Function,10,30,200000,400.3540661454195,0.3540661454194946,False,20.95490574836731
de_harmony_search,3,F3: Shifted and full Rotated Expanded Schaffer’s F7,10,1,200000,600.0,0.0,True,25.869373321533203
de_harmony_search,3,F3: Shifted and full Rotated Expanded Schaffer’s F7,10,2,200000,600.0000000027759,2.775891516648698e-09,True,24.966546058654785
de_harmony_search,3,F3: Shifted and full Rotated Expanded Schaffer’s F7,10,3,200000,600.0000000001822,1.822400008677505e-10,True,24.895503520965576
de_harmony_search,3,F3: Shifted and full Rotated Expanded Schaffer’s F7,10,4,200000,600.0000000000002,2.273736754432321e-13,True,24.704458236694336
de_harmony_search,3,F3: Shifted and full Rotated Expanded Schaffer’s F7,10,5,200000,600.0,0.0,True,25.388997316360477
de_harmony_search,3,F3: Shifted and full Rotated Expanded Schaffer’s F7,10,6,200000,600.0,0.0,True,25.46461844444275
de_harmony_search,3,F3: Shifted and full Rotated Expanded Schaffer’s F7,10,7,200000,600.0,0.0,True,25.16102266311645
de_harmony_search,3,F3: Shifted and full Rotated Expanded Schaffer’s F7,10,8,200000,600.0,0.0,True,24.92304825782776
de_harmony_search,3,F3: Shifted and full Rotated Expanded Schaffer’s F7,10,9,200000,600.0,0.0,True,26.010290384292603
de_harmony_search,3,F3: Shifted and full Rotated Expanded Schaffer’s F7,10,10,200000,600.000000000004,3.979039320256561e-12,True,27.388193130493164
de_harmony_search,3,F3: Shifted and full Rotated Expanded Schaffer’s F7,10,11,200000,600.0,0.0,True,25.66726517677307
de_harmony_search,3,F3: Shifted and full Rotated Expanded Schaffer’s F7,10,12,200000,600.0000000609971,6.099708116380499e-08,False,25.62230634689331
de_harmony_search,3,F3: Shifted and full Rotated Expanded Schaffer’s F7,10,13,200000,600.0000000000001,1.1368683772161605e-13,True,25.05434799194336
de_harmony_search,3,F3: Shifted and full Rotated Expanded Schaffer’s F7,10,14,200000,600.0,0.0,True,25.85473084449768
de_harmony_search,3,F3: Shifted and full Rotated Expanded Schaffer’s F7,10,15,200000,600.0000000001852,1.8519585864851249e-10,True,24.963029146194454
de_harmony_search,3,F3: Shifted and full Rotated Expanded Schaffer’s F7,10,16,200000,600.0000000000359,3.5925040720030665e-11,True,24.53395700454712
de_harmony_search,3,F3: Shifted and full Rotated Expanded Schaffer’s F7,10,17,200000,600.0,0.0,True,24.652462005615234
de_harmony_search,3,F3: Shifted and full Rotated Expanded Schaffer’s F7,10,18,200000,600.0000000032752,3.275204107922036e-09,True,25.043412923812863
de_harmony_search,3,F3: Shifted and full Rotated Expanded Schaffer’s F7,10,19,200000,600.0000000000731,7.310063665499911e-11,True,24.84731125831604
de_harmony_search,3,F3: Shifted and full Rotated Expanded Schaffer’s F7,10,20,200000,600.0000000001526,1.5256773622240869e-10,True,25.245893239974976
de_harmony_search,3,F3: Shifted and full Rotated Expanded Schaffer’s F7,10,21,200000,600.0,0.0,True,24.74183201789856
de_harmony_search,3,F3: Shifted and full Rotated Expanded Schaffer’s F7,10,22,200000,600.0,0.0,True,25.506683826446533
de_harmony_search,3,F3: Shifted and full Rotated Expanded Schaffer’s F7,10,23,200000,600.0000000006816,6.81552592141088e-10,True,26.03584671020508
de_harmony_search,3,F3: Shifted and full Rotated Expanded Schaffer’s F7,10,24,200000,600.0,0.0,True,25.09848690032959
de_harmony_search,3,F3: Shifted and full Rotated Expanded Schaffer’s F7,10,25,200000,600.0,0.0,True,26.62292790412903
de_harmony_search,3,F3: Shifted and full Rotated Expanded Schaffer’s F7,10,26,200000,600.000000001695,1.6949570635915732e-09,True,25.41049194335937
de_harmony_search,3,F3: Shifted and full Rotated Expanded Schaffer’s F7,10,27,200000,600.0,0.0,True,25.007075309753414
de_harmony_search,3,F3: Shifted and full Rotated Expanded Schaffer’s F7,10,28,200000,600.0000000255548,2.555475475674029e-08,False,25.079079627990723
de_harmony_search,3,F3: Shifted and full Rotated Expanded Schaffer’s F7,10,29,200000,600.0000000000285,2.8535396268125623e-11,True,24.98439621925354
de_harmony_search,3,F3: Shifted and full Rotated Expanded Schaffer’s F7,10,30,200000,600.0000000000022,2.160049916710705e-12,True,24.60537052154541
de_harmony_search,4,F4: Shifted and Rotated Non-Continuous Rastrigin’s Function,10,1,200000,828.0,28.0,False,30.07927083969116
de_harmony_search,4,F4: Shifted and Rotated Non-Continuous Rastrigin’s Function,10,2,200000,812.0,12.0,False,29.970006942749023
de_harmony_search,4,F4: Shifted and Rotated Non-Continuous Rastrigin’s Function,10,3,200000,820.0,20.0,False,30.858113527297974
de_harmony_search,4,F4: Shifted and Rotated Non-Continuous Rastrigin’s Function,10,4,200000,828.0,28.0,False,31.16004204750061
de_harmony_search,4,F4: Shifted and Rotated Non-Continuous Rastrigin’s Function,10,5,200000,824.0,24.0,False,31.43403577804565
de_harmony_search,4,F4: Shifted and Rotated Non-Continuous Rastrigin’s Function,10,6,200000,820.0,20.0,False,31.800164699554443
de_harmony_search,4,F4: Shifted and Rotated Non-Continuous Rastrigin’s Function,10,7,200000,828.0,28.0,False,30.362574100494385
de_harmony_search,4,F4: Shifted and Rotated Non-Continuous Rastrigin’s Function,10,8,200000,820.0,20.0,False,30.69207453727722
de_harmony_search,4,F4: Shifted and Rotated Non-Continuous Rastrigin’s Function,10,9,200000,824.0,24.0,False,30.900980949401852
de_harmony_search,4,F4: Shifted and Rotated Non-Continuous Rastrigin’s Function,10,10,200000,840.0,40.0,False,30.4460711479187
de_harmony_search,4,F4: Shifted and Rotated Non-Continuous Rastrigin’s Function,10,11,200000,830.0,30.0,False,30.19021511077881
de_harmony_search,4,F4: Shifted and Rotated Non-Continuous Rastrigin’s Function,10,12,200000,834.0,34.0,False,30.39936113357544
de_harmony_search,4,F4: Shifted and Rotated Non-Continuous Rastrigin’s Function,10,13,200000,814.0,14.0,False,30.18836736679077
de_harmony_search,4,F4: Shifted and Rotated Non-Continuous Rastrigin’s Function,10,14,200000,818.0,18.0,False,29.879284620285038
de_harmony_search,4,F4: Shifted and Rotated Non-Continuous Rastrigin’s Function,10,15,200000,826.0,26.0,False,30.91630434989929
de_harmony_search,4,F4: Shifted and Rotated Non-Continuous Rastrigin’s Function,10,16,200000,838.0,38.0,False,31.641987085342407
de_harmony_search,4,F4: Shifted and Rotated Non-Continuous Rastrigin’s Function,10,17,200000,808.0,8.0,False,32.343817710876465
de_harmony_search,4,F4: Shifted and Rotated Non-Continuous Rastrigin’s Function,10,18,200000,822.0,22.0,False,30.92027974128723
de_harmony_search,4,F4: Shifted and Rotated Non-Continuous Rastrigin’s Function,10,19,200000,816.0,16.0,False,32.56533694267273
de_harmony_search,4,F4: Shifted and Rotated Non-Continuous Rastrigin’s Function,10,20,200000,820.0,20.0,False,32.77623105049133
de_harmony_search,4,F4: Shifted and Rotated Non-Continuous Rastrigin’s Function,10,21,200000,836.0,36.0,False,31.017889499664307
de_harmony_search,4,F4: Shifted and Rotated Non-Continuous Rastrigin’s Function,10,22,200000,822.0,22.0,False,30.806385278701782
de_harmony_search,4,F4: Shifted and Rotated Non-Continuous Rastrigin’s Function,10,23,200000,828.0,28.0,False,31.687822818756104
de_harmony_search,4,F4: Shifted and Rotated Non-Continuous Rastrigin’s Function,10,24,200000,820.0,20.0,False,31.08646988868713
de_harmony_search,4,F4: Shifted and Rotated Non-Continuous Rastrigin’s Function,10,25,200000,826.0,26.0,False,30.57483983039856
de_harmony_search,4,F4: Shifted and Rotated Non-Continuous Rastrigin’s Function,10,26,200000,818.0,18.0,False,30.64211678504944
de_harmony_search,4,F4: Shifted and Rotated Non-Continuous Rastrigin’s Function,10,27,200000,812.0000000015482,12.000000001548187,False,29.908918857574463
de_harmony_search,4,F4: Shifted and Rotated Non-Continuous Rastrigin’s Function,10,28,200000,832.0,32.0,False,30.10955500602722
de_harmony_search,4,F4: Shifted and Rotated Non-Continuous Rastrigin’s Function,10,29,200000,814.0,14.0,False,29.349385976791385
de_harmony_search,4,F4: Shifted and Rotated Non-Continuous Rastrigin’s Function,10,30,200000,818.0,18.0,False,29.436856985092163
de_harmony_search,5,F5: Shifted and Rotated Levy Function,10,1,200000,900.0000000000001,1.1368683772161605e-13,True,22.28880095481873
de_harmony_search,5,F5: Shifted and Rotated Levy Function,10,2,200000,900.0000007959036,7.959035883686738e-07,False,22.02505779266357
de_harmony_search,5,F5: Shifted and Rotated Levy Function,10,3,200000,900.0,0.0,True,21.70606756210327
de_harmony_search,5,F5: Shifted and Rotated Levy Function,10,4,200000,900.4543240186731,0.4543240186731054,False,21.909316778182983
de_harmony_search,5,F5: Shifted and Rotated Levy Function,10,5,200000,900.0000004914427,4.914427336188965e-07,False,22.93587064743042
de_harmony_search,5,F5: Shifted and Rotated Levy Function,10,6,200000,900.0895282505638,0.0895282505638306,False,22.96994471549988
de_harmony_search,5,F5: Shifted and Rotated Levy Function,10,7,200000,900.0000004305354,4.305353513700538e-07,False,22.560662269592285
de_harmony_search,5,F5: Shifted and Rotated Levy Function,10,8,200000,900.4543240201441,0.4543240201440994,False,23.17330813407898
de_harmony_search,5,F5: Shifted and Rotated Levy Function,10,9,200000,900.000000005165,5.1650204113684595e-09,True,22.82918667793274
de_harmony_search,5,F5: Shifted and Rotated Levy Function,10,10,200000,900.0000000656842,6.568416210939176e-08,False,22.475782871246334
de_harmony_search,5,F5: Shifted and Rotated Levy Function,10,11,200000,900.0000021244213,2.124421257576614e-06,False,23.10588264465332
de_harmony_search,5,F5: Shifted and Rotated Levy Function,10,12,200000,900.0000051762456,5.176245622351416e-06,False,22.328465223312374
de_harmony_search,5,F5: Shifted and Rotated Levy Function,10,13,200000,900.000000000338,3.3799096854636446e-10,True,23.99963068962097
de_harmony_search,5,F5: Shifted and Rotated Levy Function,10,14,200000,900.089528255672,0.0895282556720076,False,22.876734256744385
de_harmony_search,5,F5: Shifted and Rotated Levy Function,10,15,200000,900.0,0.0,True,22.71404790878296
de_harmony_search,5,F5: Shifted and Rotated Levy Function,10,16,200000,900.0000000785938,7.859375728003215e-08,False,22.84391212463379
de_harmony_search,5,F5: Shifted and Rotated Levy Function,10,17,200000,900.0000007032482,7.032482471913681e-07,False,23.43074512481689
de_harmony_search,5,F5: Shifted and Rotated Levy Function,10,18,200000,900.0000001199131,1.1991312476311577e-07,False,23.131057500839237
de_harmony_search,5,F5: Shifted and Rotated Levy Function,10,19,200000,900.0000005495345,5.495345476447255e-07,False,23.0940203666687
de_harmony_search,5,F5: Shifted and Rotated Levy Function,10,20,200000,900.0000000045445,4.544517651083879e-09,True,22.57704472541809
de_harmony_search,5,F5: Shifted and Rotated Levy Function,10,21,200000,900.0,0.0,True,22.910802841186523
de_harmony_search,5,F5: Shifted and Rotated Levy Function,10,22,200000,900.0000000044977,4.497678673942573e-09,True,23.19560575485229
de_harmony_search,5,F5: Shifted and Rotated Levy Function,10,23,200000,900.08953229595,0.0895322959499935,False,22.67567205429077
de_harmony_search,5,F5: Shifted and Rotated Levy Function,10,24,200000,900.000000000002,2.0463630789890885e-12,True,22.679002285003666
de_harmony_search,5,F5: Shifted and Rotated Levy Function,10,25,200000,900.908648175452,0.908648175452072,False,23.190269708633423
de_harmony_search,5,F5: Shifted and Rotated Levy Function,10,26,200000,900.5438522714321,0.5438522714321152,False,23.20023202896118
de_harmony_search,5,F5: Shifted and Rotated Levy Function,10,27,200000,900.0000001993948,1.9939477624575375e-07,False,22.984294891357425
de_harmony_search,5,F5: Shifted and Rotated Levy Function,10,28,200000,900.0000001868931,1.868930894488585e-07,False,22.840224027633667
de_harmony_search,5,F5: Shifted and Rotated Levy Function,10,29,200000,900.0000000000001,1.1368683772161605e-13,True,22.61553645133972
de_harmony_search,5,F5: Shifted and Rotated Levy Function,10,30,200000,900.0000015632262,1.5632261920472956e-06,False,23.416500568389893
de_harmony_search,6,F6: Hybrid Function 1,10,1,200000,1805.1360427071704,5.136042707170645,False,24.506260871887207
de_harmony_search,6,F6: Hybrid Function 1,10,2,200000,1809.3480006407844,9.348000640784448,False,23.851959466934204
de_harmony_search,6,F6: Hybrid Function 1,10,3,200000,1800.2005562917004,0.2005562917004226,False,24.519038438797
de_harmony_search,6,F6: Hybrid Function 1,10,4,200000,1801.4818914619689,1.4818914619688712,False,23.725592851638797
de_harmony_search,6,F6: Hybrid Function 1,10,5,200000,1800.8453410452903,0.8453410452902972,False,24.413251399993896
de_harmony_search,6,F6: Hybrid Function 1,10,6,200000,1802.0386104225736,2.038610422573811,False,23.17248845100403
de_harmony_search,6,F6: Hybrid Function 1,10,7,200000,1801.4079575967962,1.4079575967962228,False,23.80808925628662
de_harmony_search,6,F6: Hybrid Function 1,10,8,200000,1800.256206973532,0.2562069735320165,False,23.237112522125244
de_harmony_search,6,F6: Hybrid Function 1,10,9,200000,1800.327187007529,0.3271870075286642,False,22.95694375038147
de_harmony_search,6,F6: Hybrid Function 1,10,10,200000,1805.4425097529677,5.442509752967453,False,22.335509061813354
de_harmony_search,6,F6: Hybrid Function 1,10,11,200000,1800.276273506105,0.2762735061050989,False,22.889249563217163
de_harmony_search,6,F6: Hybrid Function 1,10,12,200000,1801.0740491953377,1.0740491953374658,False,23.628500938415527
de_harmony_search,6,F6: Hybrid Function 1,10,13,200000,1800.453935588597,0.4539355885970053,False,22.397847414016724
de_harmony_search,6,F6: Hybrid Function 1,10,14,200000,1801.6826038466077,1.6826038466074351,False,23.95200729370117
de_harmony_search,6,F6: Hybrid Function 1,10,15,200000,1800.1368294363128,0.136829436312837,False,22.710362434387207
de_harmony_search,6,F6: Hybrid Function 1,10,16,200000,1801.3680296765888,1.368029676588776,False,22.807254552841187
de_harmony_search,6,F6: Hybrid Function 1,10,17,200000,1800.4186948484255,0.4186948484255026,False,23.191781282424927
de_harmony_search,6,F6: Hybrid Function 1,10,18,200000,1804.29261840592,4.292618405920166,False,22.9380304813385
de_harmony_search,6,F6: Hybrid Function 1,10,19,200000,1800.0968720357162,0.0968720357161601,False,23.22315502166748
de_harmony_search,6,F6: Hybrid Function 1,10,20,200000,1804.4166702469304,4.416670246930607,False,22.736236095428467
de_harmony_search,6,F6: Hybrid Function 1,10,21,200000,1802.2714081873232,2.271408187323232,False,23.12169098854065
de_harmony_search,6,F6: Hybrid Function 1,10,22,200000,1825.1409620283623,25.140962028362537,False,22.612322568893436
de_harmony_search,6,F6: Hybrid Function 1,10,23,200000,1801.431550588822,1.4315505888221196,False,22.96896433830261
de_harmony_search,6,F6: Hybrid Function 1,10,24,200000,1800.2707500423448,0.2707500423448437,False,23.44388699531555
de_harmony_search,6,F6: Hybrid Function 1,10,25,200000,1802.3995408869464,2.39954088694617,False,23.462570905685425
de_harmony_search,6,F6: Hybrid Function 1,10,26,200000,1804.1177372133373,4.11773721333725,False,24.18393588066101
de_harmony_search,6,F6: Hybrid Function 1,10,27,200000,1801.3309398533838,1.3309398533838248,False,22.710840225219727
de_harmony_search,6,F6: Hybrid Function 1,10,28,200000,1800.4340434240987,0.4340434240987179,False,22.793725967407227
de_harmony_search,6,F6: Hybrid Function 1,10,29,200000,1800.4744629636773,0.474462963677297,False,22.692262887954712
de_harmony_search,6,F6: Hybrid Function 1,10,30,200000,1800.088799119771,0.0887991197710107,False,22.7036190032959
de_harmony_search,7,F7: Hybrid Function 2,10,1,200000,2022.275911186549,22.27591118654891,False,107.57188558578493
de_harmony_search,7,F7: Hybrid Function 2,10,2,200000,2021.9899457247484,21.989945724748395,False,108.43755626678468
de_harmony_search,7,F7: Hybrid Function 2,10,3,200000,2001.8094709090208,1.8094709090207743,False,108.77670621871948
de_harmony_search,7,F7: Hybrid Function 2,10,4,200000,2003.8898800937084,3.88988009370837,False,109.41783928871156
de_harmony_search,7,F7: Hybrid Function 2,10,5,200000,2021.361048110678,21.361048110677984,False,108.88629984855652
de_harmony_search,7,F7: Hybrid Function 2,10,6,200000,2002.9748223232148,2.9748223232147666,False,107.64741253852844
de_harmony_search,7,F7: Hybrid Function 2,10,7,200000,2021.609373286328,21.60937328632804,False,108.34449028968812
de_harmony_search,7,F7: Hybrid Function 2,10,8,200000,2021.0301504177653,21.03015041776553,False,109.36438059806824
de_harmony_search,7,F7: Hybrid Function 2,10,9,200000,2002.527407153264,2.5274071532637663,False,109.20287609100342
de_harmony_search,7,F7: Hybrid Function 2,10,10,200000,2020.9249357678495,20.92493576784977,False,106.41894459724426
de_harmony_search,7,F7: Hybrid Function 2,10,11,200000,2002.2113817910847,2.2113817910847047,False,107.3695423603058
de_harmony_search,7,F7: Hybrid Function 2,10,12,200000,2021.8615579217387,21.86155792173872,False,107.8556866645813
de_harmony_search,7,F7: Hybrid Function 2,10,13,200000,2020.5115333453327,20.51153334533319,False,106.9139506816864
de_harmony_search,7,F7: Hybrid Function 2,10,14,200000,2002.277286506024,2.277286506024211,False,108.83369374275208
de_harmony_search,7,F7: Hybrid Function 2,10,15,200000,2025.651111302596,25.65111130259561,False,107.9085144996643
de_harmony_search,7,F7: Hybrid Function 2,10,16,200000,2020.1603682218329,20.16036822183264,False,110.80103993415833
de_harmony_search,7,F7: Hybrid Function 2,10,17,200000,2021.9637233056797,21.963723305679423,False,107.0827615261078
de_harmony_search,7,F7: Hybrid Function 2,10,18,200000,2021.449820805389,21.44982080538898,False,107.21021628379822
de_harmony_search,7,F7: Hybrid Function 2,10,19,200000,2022.8158977476076,22.815897747607323,False,108.43871212005617
de_harmony_search,7,F7: Hybrid Function 2,10,20,200000,2001.5932315054208,1.59323150542059,False,108.23968052864076
de_harmony_search,7,F7: Hybrid Function 2,10,21,200000,2022.223597704668,22.22359770466801,False,109.899644613266
de_harmony_search,7,F7: Hybrid Function 2,10,22,200000,2001.966721262546,1.966721262546116,False,107.56299185752869
de_harmony_search,7,F7: Hybrid Function 2,10,23,200000,2001.3434951109773,1.3434951109775284,False,106.4881236553192
de_harmony_search,7,F7: Hybrid Function 2,10,24,200000,2021.3560400692832,21.356040069283157,False,106.61029314994812
de_harmony_search,7,F7: Hybrid Function 2,10,25,200000,2022.3843621248584,22.3843621248584,False,107.000581741333
de_harmony_search,7,F7: Hybrid Function 2,10,26,200000,2002.176510703811,2.1765107038106635,False,106.49982023239136
de_harmony_search,7,F7: Hybrid Function 2,10,27,200000,2021.298809711712,21.29880971171224,False,107.03637647628784
de_harmony_search,7,F7: Hybrid Function 2,10,28,200000,2021.9899187331005,21.989918733100467,False,109.24477624893188
de_harmony_search,7,F7: Hybrid Function 2,10,29,200000,2001.7891402105,1.7891402104996814,False,108.731285572052
de_harmony_search,7,F7: Hybrid Function 2,10,30,200000,2001.967826138466,1.96782613846608,False,111.25165033340454
de_harmony_search,8,F8: Hybrid Function 3,10,1,200000,2226.399833527669,26.399833527669216,False,147.7863576412201
de_harmony_search,8,F8: Hybrid Function 3,10,2,200000,2222.331690013351,22.331690013350908,False,149.7722704410553
de_harmony_search,8,F8: Hybrid Function 3,10,3,200000,2223.12049494368,23.12049494367966,False,151.15077543258667
de_harmony_search,8,F8: Hybrid Function 3,10,4,200000,2224.9813923916126,24.981392391612644,False,148.88549280166626
de_harmony_search,8,F8: Hybrid Function 3,10,5,200000,2223.644460007133,23.644460007133148,False,148.5217866897583
de_harmony_search,8,F8: Hybrid Function 3,10,6,200000,2229.446397156435,29.44639715643507,False,146.86262321472168
de_harmony_search,8,F8: Hybrid Function 3,10,7,200000,2222.926892675192,22.926892675191997,False,148.92621159553528
de_harmony_search,8,F8: Hybrid Function 3,10,8,200000,2224.2284786015266,24.228478601526604,False,148.42272114753723
de_harmony_search,8,F8: Hybrid Function 3,10,9,200000,2223.3379582555885,23.337958255588543,False,148.91828727722168
de_harmony_search,8,F8: Hybrid Function 3,10,10,200000,2223.112124189331,23.112124189331094,False,150.31442499160767
de_harmony_search,8,F8: Hybrid Function 3,10,11,200000,2222.370249501907,22.370249501906983,False,152.16362619400024
de_harmony_search,8,F8: Hybrid Function 3,10,12,200000,2222.311947228519,22.311947228518875,False,152.45010590553284
de_harmony_search,8,F8: Hybrid Function 3,10,13,200000,2223.9823741877094,23.98237418770941,False,148.94103002548218
de_harmony_search,8,F8: Hybrid Function 3,10,14,200000,2223.827526315992,23.827526315992145,False,154.24239945411682
de_harmony_search,8,F8: Hybrid Function 3,10,15,200000,2201.4422384768377,1.4422384768377017,False,150.0975410938263
de_harmony_search,8,F8: Hybrid Function 3,10,16,200000,2224.736858026481,24.736858026481517,False,154.37147855758667
de_harmony_search,8,F8: Hybrid Function 3,10,17,200000,2223.823142826097,23.823142826096955,False,151.86831855773926
de_harmony_search,8,F8: Hybrid Function 3,10,18,200000,2226.5872966625907,26.58729666259069,False,151.93614077568054
de_harmony_search,8,F8: Hybrid Function 3,10,19,200000,2222.8931714061146,22.89317140611456,False,150.8071894645691
de_harmony_search,8,F8: Hybrid Function 3,10,20,200000,2224.7854094888976,24.785409488897585,False,150.70214581489563
de_harmony_search,8,F8: Hybrid Function 3,10,21,200000,2224.3072447804584,24.307244780458404,False,150.5419421195984
de_harmony_search,8,F8: Hybrid Function 3,10,22,200000,2221.374120587994,21.37412058799464,False,149.19480061531067
de_harmony_search,8,F8: Hybrid Function 3,10,23,200000,2222.302933034088,22.302933034087346,False,150.1091148853302
de_harmony_search,8,F8: Hybrid Function 3,10,24,200000,2222.424559973488,22.42455997348816,False,151.41210961341858
de_harmony_search,8,F8: Hybrid Function 3,10,25,200000,2225.5486479315537,25.54864793155366,False,151.30909848213196
de_harmony_search,8,F8: Hybrid Function 3,10,26,200000,2224.461855220052,24.461855220051348,False,153.8274531364441
de_harmony_search,8,F8: Hybrid Function 3,10,27,200000,2225.348885004249,25.348885004249496,False,150.52054810523987
de_harmony_search,8,F8: Hybrid Function 3,10,28,200000,2225.97351550967,25.97351550967005,False,151.9874176979065
de_harmony_search,8,F8: Hybrid Function 3,10,29,200000,2221.6100900105157,21.61009001051525,False,156.1129367351532
de_harmony_search,8,F8: Hybrid Function 3,10,30,200000,2224.691701233434,24.691701233433832,False,157.50362730026245
de_harmony_search,9,F9: Composition Function 1,10,1,200000,2300.0003007602754,0.0003007602754223,False,47.73006439208984
de_harmony_search,9,F9: Composition Function 1,10,2,200000,2567.6980345113698,267.69803451136977,False,44.91990542411804
de_harmony_search,9,F9: Composition Function 1,10,3,200000,2567.6980345113698,267.69803451136977,False,45.94479870796204
de_harmony_search,9,F9: Composition Function 1,10,4,200000,2567.6980345113698,267.69803451136977,False,46.52518486976624
de_harmony_search,9,F9: Composition Function 1,10,5,200000,2567.6980345113698,267.69803451136977,False,44.74169206619263
de_harmony_search,9,F9: Composition Function 1,10,6,200000,2567.6980345113698,267.69803451136977,False,44.49255394935608
de_harmony_search,9,F9: Composition Function 1,10,7,200000,2567.6980345113698,267.69803451136977,False,46.54132628440857
de_harmony_search,9,F9: Composition Function 1,10,8,200000,2567.6980345113698,267.69803451136977,False,49.87034869194031
de_harmony_search,9,F9: Composition Function 1,10,9,200000,2700.071685524357,400.0716855243573,False,47.702231645584106
de_harmony_search,9,F9: Composition Function 1,10,10,200000,2567.6980345113698,267.69803451136977,False,46.75533199310303
de_harmony_search,9,F9: Composition Function 1,10,11,200000,2567.6980345113698,267.69803451136977,False,46.30971193313599
de_harmony_search,9,F9: Composition Function 1,10,12,200000,2300.0000133427634,1.3342763395485235e-05,False,45.86920356750488
de_harmony_search,9,F9: Composition Function 1,10,13,200000,2567.6980345113698,267.69803451136977,False,46.73888111114502
de_harmony_search,9,F9: Composition Function 1,10,14,200000,2567.6980345113698,267.69803451136977,False,47.81675910949707
de_harmony_search,9,F9: Composition Function 1,10,15,200000,2567.6980345113698,267.69803451136977,False,46.30773901939392
de_harmony_search,9,F9: Composition Function 1,10,16,200000,2567.6980345113698,267.69803451136977,False,46.21045899391174
de_harmony_search,9,F9: Composition Function 1,10,17,200000,2567.6980345113698,267.69803451136977,False,47.10793900489807
de_harmony_search,9,F9: Composition Function 1,10,18,200000,2567.6980345113698,267.69803451136977,False,44.41239786148071
de_harmony_search,9,F9: Composition Function 1,10,19,200000,2567.6980345113698,267.69803451136977,False,45.80971503257752
de_harmony_search,9,F9: Composition Function 1,10,20,200000,2300.000000000001,9.094947017729282e-13,True,43.278334856033325
de_harmony_search,9,F9: Composition Function 1,10,21,200000,2567.6980345113698,267.69803451136977,False,45.70084047317505
de_harmony_search,9,F9: Composition Function 1,10,22,200000,2567.6980345113698,267.69803451136977,False,42.98697638511658
de_harmony_search,9,F9: Composition Function 1,10,23,200000,2300.001671780304,0.0016717803036954,False,44.74967122077942
de_harmony_search,9,F9: Composition Function 1,10,24,200000,2300.0119116770525,0.0119116770524669,False,44.30529856681824
de_harmony_search,9,F9: Composition Function 1,10,25,200000,2567.6980345113698,267.69803451136977,False,43.88610601425171
de_harmony_search,9,F9: Composition Function 1,10,26,200000,2567.6980345113698,267.69803451136977,False,43.39390969276428
de_harmony_search,9,F9: Composition Function 1,10,27,200000,2567.6980345113698,267.69803451136977,False,43.64007616043091
de_harmony_search,9,F9: Composition Function 1,10,28,200000,2567.6980345113698,267.69803451136977,False,43.285913705825806
de_harmony_search,9,F9: Composition Function 1,10,29,200000,2300.000000047463,4.746289050672203e-08,False,43.5188364982605
de_harmony_search,9,F9: Composition Function 1,10,30,200000,2567.69803451137,267.6980345113702,False,43.31512999534607
de_harmony_search,10,F10: Composition Function 2,10,1,200000,2626.926174986052,226.9261749860516,False,49.6756603717804
de_harmony_search,10,F10: Composition Function 2,10,2,200000,2714.4966631899283,314.4966631899283,False,47.4559645652771
de_harmony_search,10,F10: Composition Function 2,10,3,200000,2620.87264974898,220.8726497489797,False,46.2830376625061
de_harmony_search,10,F10: Composition Function 2,10,4,200000,2623.34030729756,223.34030729756023,False,46.4531569480896
de_harmony_search,10,F10: Composition Function 2,10,5,200000,2620.872650072743,220.872650072743,False,45.66077971458435
de_harmony_search,10,F10: Composition Function 2,10,6,200000,2718.6924769331526,318.69247693315265,False,46.13112425804138
de_harmony_search,10,F10: Composition Function 2,10,7,200000,2620.8726576468,220.87265764679933,False,47.90519070625305
de_harmony_search,10,F10: Composition Function 2,10,8,200000,2731.5806744935235,331.5806744935235,False,45.75249004364014
de_harmony_search,10,F10: Composition Function 2,10,9,200000,2622.4738766153014,222.47387661530135,False,46.06439185142517
de_harmony_search,10,F10: Composition Function 2,10,10,200000,2726.557931881849,326.5579318818495,False,45.12615323066712
de_harmony_search,10,F10: Composition Function 2,10,11,200000,2620.87264974898,220.8726497489797,False,45.9594452381134
de_harmony_search,10,F10: Composition Function 2,10,12,200000,2621.1222061968606,221.1222061968606,False,46.5770742893219
de_harmony_search,10,F10: Composition Function 2,10,13,200000,2621.422552634427,221.42255263442712,False,46.42173647880554
de_harmony_search,10,F10: Composition Function 2,10,14,200000,2622.473876619961,222.4738766199612,False,47.287341356277466
de_harmony_search,10,F10: Composition Function 2,10,15,200000,2726.674502243715,326.67450224371487,False,47.20550298690796
de_harmony_search,10,F10: Composition Function 2,10,16,200000,2623.733277153632,223.7332771536321,False,47.18777799606323
de_harmony_search,10,F10: Composition Function 2,10,17,200000,2725.222191585028,325.22219158502776,False,46.44476389884949
de_harmony_search,10,F10: Composition Function 2,10,18,200000,2734.436294204877,334.43629420487696,False,46.57877898216248
de_harmony_search,10,F10: Composition Function 2,10,19,200000,2620.8726612303835,220.87266123038356,False,48.62552523612976
de_harmony_search,10,F10: Composition Function 2,10,20,200000,2620.8726497609887,220.87264976098868,False,46.58650612831116
de_harmony_search,10,F10: Composition Function 2,10,21,200000,2623.458375268337,223.45837526833748,False,46.15945649147034
de_harmony_search,10,F10: Composition Function 2,10,22,200000,2623.000367418736,223.00036741873555,False,45.76652812957764
de_harmony_search,10,F10: Composition Function 2,10,23,200000,2621.1220573917253,221.1220573917253,False,46.02744793891907
de_harmony_search,10,F10: Composition Function 2,10,24,200000,2622.1516514732425,222.1516514732425,False,45.83267593383789
de_harmony_search,10,F10: Composition Function 2,10,25,200000,2728.894873378221,328.89487337822084,False,46.71233534812927
de_harmony_search,10,F10: Composition Function 2,10,26,200000,2622.103340339625,222.103340339625,False,47.00968384742737
de_harmony_search,10,F10: Composition Function 2,10,27,200000,2620.8726497489797,220.87264974897928,False,47.73321914672852
de_harmony_search,10,F10: Composition Function 2,10,28,200000,2621.122057282524,221.1220572825241,False,46.275877714157104
de_harmony_search,10,F10: Composition Function 2,10,29,200000,2622.151650652296,222.15165065229576,False,46.34301590919495
de_harmony_search,10,F10: Composition Function 2,10,30,200000,2718.6922296313387,318.6922296313387,False,46.01813745498657
de_harmony_search,11,F11: Composition Function 3,10,1,200000,2900.015221460524,300.01522146052366,False,66.12322926521301
de_harmony_search,11,F11: Composition Function 3,10,2,200000,2900.01522113922,300.01522113921965,False,66.10507082939148
de_harmony_search,11,F11: Composition Function 3,10,3,200000,2900.0152212079697,300.0152212079697,False,65.51143383979797
de_harmony_search,11,F11: Composition Function 3,10,4,200000,2900.0152211269574,300.0152211269574,False,65.5819399356842
de_harmony_search,11,F11: Composition Function 3,10,5,200000,2900.0152211570435,300.01522115704347,False,66.34393882751465
de_harmony_search,11,F11: Composition Function 3,10,6,200000,2900.0152211213704,300.0152211213704,False,67.46046376228333
de_harmony_search,11,F11: Composition Function 3,10,7,200000,2900.0152211469103,300.01522114691033,False,65.05430388450623
de_harmony_search,11,F11: Composition Function 3,10,8,200000,2900.015221095701,300.0152210957008,False,65.26484203338623
de_harmony_search,11,F11: Composition Function 3,10,9,200000,2900.0152211817463,300.01522118174626,False,64.66233682632446
de_harmony_search,11,F11: Composition Function 3,10,10,200000,2900.015221122817,300.0152211228169,False,64.66160297393799
de_harmony_search,11,F11: Composition Function 3,10,11,200000,2900.015221147172,300.01522114717136,False,64.57034587860107
de_harmony_search,11,F11: Composition Function 3,10,12,200000,2900.0152215406183,300.0152215406183,False,65.40367293357849
de_harmony_search,11,F11: Composition Function 3,10,13,200000,2600.0,0.0,True,62.86982178688049
de_harmony_search,11,F11: Composition Function 3,10,14,200000,2900.0152210937117,300.01522109371126,False,62.96457743644714
de_harmony_search,11,F11: Composition Function 3,10,15,200000,2600.0,0.0,True,60.96008253097534
de_harmony_search,11,F11: Composition Function 3,10,16,200000,2900.0152211267514,300.0152211267514,False,59.94553995132446
de_harmony_search,11,F11: Composition Function 3,10,17,200000,2900.015221170939,300.0152211709392,False,61.44060564041138
de_harmony_search,11,F11: Composition Function 3,10,18,200000,2600.003713864713,0.0037138647130632,False,63.86835265159607
de_harmony_search,11,F11: Composition Function 3,10,19,200000,2600.0000006141336,6.141335688880645e-07,False,67.40144848823547
de_harmony_search,11,F11: Composition Function 3,10,20,200000,2900.0152211165605,300.0152211165605,False,68.54578256607056
de_harmony_search,11,F11: Composition Function 3,10,21,200000,2900.015221079846,300.015221079846,False,69.1669454574585
de_harmony_search,11,F11: Composition Function 3,10,22,200000,2900.01522107769,300.01522107769006,False,71.72801399230957
de_harmony_search,11,F11: Composition Function 3,10,23,200000,2900.0152211069826,300.0152211069826,False,69.42022037506104
de_harmony_search,11,F11: Composition Function 3,10,24,200000,2900.015221109312,300.01522110931137,False,64.0786964893341
de_harmony_search,11,F11: Composition Function 3,10,25,200000,2900.0152210684614,300.0152210684614,False,65.1080641746521
de_harmony_search,11,F11: Composition Function 3,10,26,200000,2900.0152211377363,300.01522113773626,False,66.0652368068695
de_harmony_search,11,F11: Composition Function 3,10,27,200000,2900.015221066525,300.0152210665251,False,63.36466836929321
de_harmony_search,11,F11: Composition Function 3,10,28,200000,2900.0152211151253,300.0152211151253,False,63.81465744972229
de_harmony_search,11,F11: Composition Function 3,10,29,200000,2900.0152211529125,300.01522115291255,False,65.42183041572571
de_harmony_search,11,F11: Composition Function 3,10,30,200000,2600.000001016196,1.0161961654375773e-06,False,71.36016130447388
de_harmony_search,12,F12: Composition Function 4,10,1,200000,2861.581319778224,161.58131977822404,False,77.15160465240479
de_harmony_search,12,F12: Composition Function 4,10,2,200000,2865.646189302605,165.64618930260485,False,72.07734751701355
de_harmony_search,12,F12: Composition Function 4,10,3,200000,2847.088960289258,147.088960289258,False,69.20932292938232
de_harmony_search,12,F12: Composition Function 4,10,4,200000,2900.0021545998743,200.0021545998743,False,67.06771063804626
de_harmony_search,12,F12: Composition Function 4,10,5,200000,2845.786980726763,145.78698072676298,False,68.72018337249756
de_harmony_search,12,F12: Composition Function 4,10,6,200000,2900.0012694278457,200.00126942784573,False,66.82045125961304
de_harmony_search,12,F12: Composition Function 4,10,7,200000,2851.7037289190143,151.70372891901434,False,65.23018407821655
de_harmony_search,12,F12: Composition Function 4,10,8,200000,2845.786980726763,145.78698072676298,False,65.65409326553345
de_harmony_search,12,F12: Composition Function 4,10,9,200000,2900.001931585284,200.00193158528415,False,65.43490314483643
de_harmony_search,12,F12: Composition Function 4,10,10,200000,2849.866660005436,149.86666000543573,False,69.7939670085907
de_harmony_search,12,F12: Composition Function 4,10,11,200000,2860.593567789603,160.59356778960318,False,63.881693840026855
de_harmony_search,12,F12: Composition Function 4,10,12,200000,2863.3540912889493,163.35409128894935,False,64.9377167224884
de_harmony_search,12,F12: Composition Function 4,10,13,200000,2900.0015469280183,200.00154692801837,False,64.65060472488403
de_harmony_search,12,F12: Composition Function 4,10,14,200000,2866.107716157257,166.10771615725707,False,66.6504180431366
de_harmony_search,12,F12: Composition Function 4,10,15,200000,2900.001823207047,200.00182320704695,False,67.87075686454773
de_harmony_search,12,F12: Composition Function 4,10,16,200000,2849.389093463429,149.38909346342916,False,67.88101124763489
de_harmony_search,12,F12: Composition Function 4,10,17,200000,2900.002241132749,200.00224113274908,False,68.73221230506897
de_harmony_search,12,F12: Composition Function 4,10,18,200000,2869.019101692485,169.01910169248504,False,68.66794323921204
de_harmony_search,12,F12: Composition Function 4,10,19,200000,2867.833559152928,167.8335591529276,False,69.32739901542664
de_harmony_search,12,F12: Composition Function 4,10,20,200000,2866.169418209059,166.16941820905913,False,69.74366116523743
de_harmony_search,12,F12: Composition Function 4,10,21,200000,2847.07891531468,147.07891531468022,False,68.7134644985199
de_harmony_search,12,F12: Composition Function 4,10,22,200000,2848.571308396762,148.5713083967621,False,68.64634561538696
de_harmony_search,12,F12: Composition Function 4,10,23,200000,2867.9199939397618,167.91999393976175,False,68.39877152442932
de_harmony_search,12,F12: Composition Function 4,10,24,200000,2900.001274192718,200.00127419271803,False,69.47307920455933
de_harmony_search,12,F12: Composition Function 4,10,25,200000,2861.36769190936,161.36769190936002,False,68.53258919715881
de_harmony_search,12,F12: Composition Function 4,10,26,200000,2900.0017644190098,200.00176441900976,False,69.10503363609314
de_harmony_search,12,F12: Composition Function 4,10,27,200000,2865.739038798701,165.73903879870113,False,67.74727463722229
de_harmony_search,12,F12: Composition Function 4,10,28,200000,2866.9520846072623,166.95208460726235,False,66.54404973983765
de_harmony_search,12,F12: Composition Function 4,10,29,200000,2850.7290287437127,150.72902874371266,False,67.07887649536133
de_harmony_search,12,F12: Composition Function 4,10,30,200000,2900.0015195631854,200.0015195631854,False,68.17202138900757
de_harmony_search,1,F1: Shifted and full Rotated Zakharov Function,20,1,1000000,300.00000000000006,5.684341886080803e-14,True,150.4138970375061
de_harmony_search,1,F1: Shifted and full Rotated Zakharov Function,20,2,1000000,300.0,0.0,True,152.42414665222168
de_harmony_search,1,F1: Shifted and full Rotated Zakharov Function,20,3,1000000,300.0000082985364,8.298536329220951e-06,False,147.7129008769989
de_harmony_search,1,F1: Shifted and full Rotated Zakharov Function,20,4,1000000,300.0,0.0,True,147.6809000968933
de_harmony_search,1,F1: Shifted and full Rotated Zakharov Function,20,5,1000000,300.00539720111806,0.0053972011180576,False,149.64725923538208
de_harmony_search,1,F1: Shifted and full Rotated Zakharov Function,20,6,1000000,300.00000000000006,5.684341886080803e-14,True,150.5685760974884
de_harmony_search,1,F1: Shifted and full Rotated Zakharov Function,20,7,1000000,300.0,0.0,True,152.12805914878845
de_harmony_search,1,F1: Shifted and full Rotated Zakharov Function,20,8,1000000,300.0,0.0,True,154.10579538345337
de_harmony_search,1,F1: Shifted and full Rotated Zakharov Function,20,9,1000000,300.0,0.0,True,151.9413378238678
de_harmony_search,1,F1: Shifted and full Rotated Zakharov Function,20,10,1000000,300.0000000018632,1.8631567400007043e-09,True,152.01815223693848
de_harmony_search,1,F1: Shifted and full Rotated Zakharov Function,20,11,1000000,300.0,0.0,True,153.34417748451233
de_harmony_search,1,F1: Shifted and full Rotated Zakharov Function,20,12,1000000,300.0,0.0,True,150.21309876441956
de_harmony_search,1,F1: Shifted and full Rotated Zakharov Function,20,13,1000000,300.0,0.0,True,148.25646328926086
de_harmony_search,1,F1: Shifted and full Rotated Zakharov Function,20,14,1000000,300.0000000000001,1.1368683772161605e-13,True,143.2153160572052
de_harmony_search,1,F1: Shifted and full Rotated Zakharov Function,20,15,1000000,300.0,0.0,True,139.76225209236145
de_harmony_search,1,F1: Shifted and full Rotated Zakharov Function,20,16,1000000,300.0,0.0,True,142.24706506729126
de_harmony_search,1,F1: Shifted and full Rotated Zakharov Function,20,17,1000000,300.000000000395,3.9500491766375484e-10,True,138.95388460159302
de_harmony_search,1,F1: Shifted and full Rotated Zakharov Function,20,18,1000000,300.00001109001016,1.1090010161751708e-05,False,141.3816864490509
de_harmony_search,1,F1: Shifted and full Rotated Zakharov Function,20,19,1000000,300.0,0.0,True,140.25950479507446
de_harmony_search,1,F1: Shifted and full Rotated Zakharov Function,20,20,1000000,300.0,0.0,True,154.1491413116455
de_harmony_search,1,F1: Shifted and full Rotated Zakharov Function,20,21,1000000,300.0,0.0,True,148.4001429080963
de_harmony_search,1,F1: Shifted and full Rotated Zakharov Function,20,22,1000000,300.0,0.0,True,149.59741258621216
de_harmony_search,1,F1: Shifted and full Rotated Zakharov Function,20,23,1000000,300.0,0.0,True,145.98008942604065
de_harmony_search,1,F1: Shifted and full Rotated Zakharov Function,20,24,1000000,300.0000000000001,1.1368683772161605e-13,True,148.44905924797058
de_harmony_search,1,F1: Shifted and full Rotated Zakharov Function,20,25,1000000,300.0,0.0,True,149.7510645389557
de_harmony_search,1,F1: Shifted and full Rotated Zakharov Function,20,26,1000000,300.0000003963285,3.963285166719288e-07,False,149.31514286994934
de_harmony_search,1,F1: Shifted and full Rotated Zakharov Function,20,27,1000000,300.0,0.0,True,146.16346526145935
de_harmony_search,1,F1: Shifted and full Rotated Zakharov Function,20,28,1000000,300.00000000000006,5.684341886080803e-14,True,146.69751381874084
de_harmony_search,1,F1: Shifted and full Rotated Zakharov Function,20,29,1000000,300.00000000000074,7.389644451905042e-13,True,146.35727834701538
de_harmony_search,1,F1: Shifted and full Rotated Zakharov Function,20,30,1000000,300.0,0.0,True,158.95947003364563
de_harmony_search,2,F2: Shifted and Rotated Rosenbrock’s Function,20,1,1000000,400.10438530531286,0.10438530531286,False,151.13658714294434
de_harmony_search,2,F2: Shifted and Rotated Rosenbrock’s Function,20,2,1000000,400.0909095595159,0.0909095595159215,False,150.57577562332153
de_harmony_search,2,F2: Shifted and Rotated Rosenbrock’s Function,20,3,1000000,404.03407808626406,4.03407808626406,False,150.7695767879486
de_harmony_search,2,F2: Shifted and Rotated Rosenbrock’s Function,20,4,1000000,415.94537755970384,15.945377559703845,False,158.30374908447266
de_harmony_search,2,F2: Shifted and Rotated Rosenbrock’s Function,20,5,1000000,404.0485218774066,4.048521877406586,False,153.39493131637573
de_harmony_search,2,F2: Shifted and Rotated Rosenbrock’s Function,20,6,1000000,400.0813571645435,0.0813571645434763,False,152.3545184135437
de_harmony_search,2,F2: Shifted and Rotated Rosenbrock’s Function,20,7,1000000,400.1015015261934,0.101501526193374,False,151.80432772636414
de_harmony_search,2,F2: Shifted and Rotated Rosenbrock’s Function,20,8,1000000,400.0868736885732,0.0868736885732346,False,151.2023024559021
de_harmony_search,2,F2: Shifted and Rotated Rosenbrock’s Function,20,9,1000000,400.1143868641073,0.1143868641073027,False,152.10352396965027
de_harmony_search,2,F2: Shifted and Rotated Rosenbrock’s Function,20,10,1000000,400.12091878443664,0.1209187844366397,False,151.35042572021484
de_harmony_search,2,F2: Shifted and Rotated Rosenbrock’s Function,20,11,1000000,400.09132507653305,0.0913250765330531,False,150.8805010318756
de_harmony_search,2,F2: Shifted and Rotated Rosenbrock’s Function,20,12,1000000,415.945377559704,15.945377559703957,False,151.36000227928162
de_harmony_search,2,F2: Shifted and Rotated Rosenbrock’s Function,20,13,1000000,400.0925441130228,0.092544113022825,False,152.35571765899658
de_harmony_search,2,F2: Shifted and Rotated Rosenbrock’s Function,20,14,1000000,400.082947883624,0.0829478836239445,False,151.8923852443695
de_harmony_search,2,F2: Shifted and Rotated Rosenbrock’s Function,20,15,1000000,400.09572423585,0.0957242358500138,False,151.97507238388062
de_harmony_search,2,F2: Shifted and Rotated Rosenbrock’s Function,20,16,1000000,400.1024425100805,0.1024425100804933,False,152.80496978759766
de_harmony_search,2,F2: Shifted and Rotated Rosenbrock’s Function,20,17,1000000,400.0812529644149,0.0812529644148867,False,152.17619705200195
de_harmony_search,2,F2: Shifted and Rotated Rosenbrock’s Function,20,18,1000000,419.3453507469068,19.34535074690677,False,151.59641790390015
de_harmony_search,2,F2: Shifted and Rotated Rosenbrock’s Function,20,19,1000000,404.0468688576245,4.0468688576244745,False,151.40235233306885
de_harmony_search,2,F2: Shifted and Rotated Rosenbrock’s Function,20,20,1000000,400.10044016423785,0.1004401642378525,False,150.8591651916504
de_harmony_search,2,F2: Shifted and Rotated Rosenbrock’s Function,20,21,1000000,400.0954141173973,0.0954141173972402,False,152.173495054245
de_harmony_search,2,F2: Shifted and Rotated Rosenbrock’s Function,20,22,1000000,404.0498411124428,4.049841112442778,False,150.68247032165527
de_harmony_search,2,F2: Shifted and Rotated Rosenbrock’s Function,20,23,1000000,400.0871904089973,0.0871904089972872,False,150.97147583961487
de_harmony_search,2,F2: Shifted and Rotated Rosenbrock’s Function,20,24,1000000,400.0904691961789,0.0904691961789012,False,152.5130434036255
de_harmony_search,2,F2: Shifted and Rotated Rosenbrock’s Function,20,25,1000000,404.0505804384454,4.050580438445422,False,150.8393051624298
de_harmony_search,2,F2: Shifted and Rotated Rosenbrock’s Function,20,26,1000000,400.0912414865465,0.0912414865464938,False,151.62955975532532
de_harmony_search,2,F2: Shifted and Rotated Rosenbrock’s Function,20,27,1000000,400.10700344098007,0.1070034409800655,False,152.10382175445557
de_harmony_search,2,F2: Shifted and Rotated Rosenbrock’s Function,20,28,1000000,400.08596080259576,0.0859608025957641,False,151.74818468093872
de_harmony_search,2,F2: Shifted and Rotated Rosenbrock’s Function,20,29,1000000,400.0910504415512,0.0910504415511468,False,149.7286205291748
de_harmony_search,2,F2: Shifted and Rotated Rosenbrock’s Function,20,30,1000000,415.9453775597038,15.945377559703786,False,149.98014116287231
de_harmony_search,3,F3: Shifted and full Rotated Expanded Schaffer’s F7,20,1,1000000,600.0,0.0,True,173.83952498435974
de_harmony_search,3,F3: Shifted and full Rotated Expanded Schaffer’s F7,20,2,1000000,600.0,0.0,True,174.86285877227783
de_harmony_search,3,F3: Shifted and full Rotated Expanded Schaffer’s F7,20,3,1000000,600.0000000000036,3.637978807091713e-12,True,173.82917642593384
de_harmony_search,3,F3: Shifted and full Rotated Expanded Schaffer’s F7,20,4,1000000,600.0000000000001,1.1368683772161605e-13,True,172.90929436683655
de_harmony_search,3,F3: Shifted and full Rotated Expanded Schaffer’s F7,20,5,1000000,600.0000000000075,7.503331289626658e-12,True,174.1140878200531
de_harmony_search,3,F3: Shifted and full Rotated Expanded Schaffer’s F7,20,6,1000000,600.0000000000149,1.48929757415317e-11,True,174.10292863845825
de_harmony_search,3,F3: Shifted and full Rotated Expanded Schaffer’s F7,20,7,1000000,600.0,0.0,True,175.0691478252411
de_harmony_search,3,F3: Shifted and full Rotated Expanded Schaffer’s F7,20,8,1000000,600.0,0.0,True,174.72886037826538
de_harmony_search,3,F3: Shifted and full Rotated Expanded Schaffer’s F7,20,9,1000000,600.0000000000001,1.1368683772161605e-13,True,174.72106194496155
de_harmony_search,3,F3: Shifted and full Rotated Expanded Schaffer’s F7,20,10,1000000,600.0,0.0,True,175.89380478858948
de_harmony_search,3,F3: Shifted and full Rotated Expanded Schaffer’s F7,20,11,1000000,600.0000000000001,1.1368683772161605e-13,True,174.80240082740784
de_harmony_search,3,F3: Shifted and full Rotated Expanded Schaffer’s F7,20,12,1000000,600.0000000000119,1.1937117960769683e-11,True,174.61698293685913
de_harmony_search,3,F3: Shifted and full Rotated Expanded Schaffer’s F7,20,13,1000000,600.0,0.0,True,174.54798007011414
de_harmony_search,3,F3: Shifted and full Rotated Expanded Schaffer’s F7,20,14,1000000,600.0000000000001,1.1368683772161605e-13,True,174.2903323173523
de_harmony_search,3,F3: Shifted and full Rotated Expanded Schaffer’s F7,20,15,1000000,600.0000000000001,1.1368683772161605e-13,True,175.03018450737
de_harmony_search,3,F3: Shifted and full Rotated Expanded Schaffer’s F7,20,16,1000000,600.0,0.0,True,174.29486656188965
de_harmony_search,3,F3: Shifted and full Rotated Expanded Schaffer’s F7,20,17,1000000,600.0000000000001,1.1368683772161605e-13,True,174.67990684509277
de_harmony_search,3,F3: Shifted and full Rotated Expanded Schaffer’s F7,20,18,1000000,600.0000000000002,2.273736754432321e-13,True,174.5544891357422
de_harmony_search,3,F3: Shifted and full Rotated Expanded Schaffer’s F7,20,19,1000000,600.0,0.0,True,175.19541668891907
de_harmony_search,3,F3: Shifted and full Rotated Expanded Schaffer’s F7,20,20,1000000,600.0,0.0,True,174.8583972454071
de_harmony_search,3,F3: Shifted and full Rotated Expanded Schaffer’s F7,20,21,1000000,600.0,0.0,True,175.41739559173584
de_harmony_search,3,F3: Shifted and full Rotated Expanded Schaffer’s F7,20,22,1000000,600.0,0.0,True,173.96941995620728
de_harmony_search,3,F3: Shifted and full Rotated Expanded Schaffer’s F7,20,23,1000000,600.0000000020957,2.0957031665602703e-09,True,173.333589553833
de_harmony_search,3,F3: Shifted and full Rotated Expanded Schaffer’s F7,20,24,1000000,600.0,0.0,True,175.15464115142822
de_harmony_search,3,F3: Shifted and full Rotated Expanded Schaffer’s F7,20,25,1000000,600.0,0.0,True,175.8590760231018
de_harmony_search,3,F3: Shifted and full Rotated Expanded Schaffer’s F7,20,26,1000000,600.0,0.0,True,174.86598229408264
de_harmony_search,3,F3: Shifted and full Rotated Expanded Schaffer’s F7,20,27,1000000,600.0,0.0,True,175.09839844703674
de_harmony_search,3,F3: Shifted and full Rotated Expanded Schaffer’s F7,20,28,1000000,600.0,0.0,True,175.50486063957214
de_harmony_search,3,F3: Shifted and full Rotated Expanded Schaffer’s F7,20,29,1000000,600.0,0.0,True,174.7627031803131
de_harmony_search,3,F3: Shifted and full Rotated Expanded Schaffer’s F7,20,30,1000000,600.0,0.0,True,174.55729579925537
de_harmony_search,4,F4: Shifted and Rotated Non-Continuous Rastrigin’s Function,20,1,1000000,880.0,80.0,False,201.35453510284424
de_harmony_search,4,F4: Shifted and Rotated Non-Continuous Rastrigin’s Function,20,2,1000000,860.0,60.0,False,200.67592692375183
de_harmony_search,4,F4: Shifted and Rotated Non-Continuous Rastrigin’s Function,20,3,1000000,870.0,70.0,False,201.6739583015442
de_harmony_search,4,F4: Shifted and Rotated Non-Continuous Rastrigin’s Function,20,4,1000000,886.0,86.0,False,201.36160898208615
de_harmony_search,4,F4: Shifted and Rotated Non-Continuous Rastrigin’s Function,20,5,1000000,838.0,38.0,False,201.7111728191376
de_harmony_search,4,F4: Shifted and Rotated Non-Continuous Rastrigin’s Function,20,6,1000000,836.0,36.0,False,201.45394492149356
de_harmony_search,4,F4: Shifted and Rotated Non-Continuous Rastrigin’s Function,20,7,1000000,884.0,84.0,False,203.51000928878784
de_harmony_search,4,F4: Shifted and Rotated Non-Continuous Rastrigin’s Function,20,8,1000000,886.0,86.0,False,201.83296990394592
de_harmony_search,4,F4: Shifted and Rotated Non-Continuous Rastrigin’s Function,20,9,1000000,884.0020892212664,84.00208922126637,False,202.40826201438904
de_harmony_search,4,F4: Shifted and Rotated Non-Continuous Rastrigin’s Function,20,10,1000000,854.4041912946576,54.40419129465761,False,201.0817618370056
de_harmony_search,4,F4: Shifted and Rotated Non-Continuous Rastrigin’s Function,20,11,1000000,868.0,68.0,False,201.5649800300598
de_harmony_search,4,F4: Shifted and Rotated Non-Continuous Rastrigin’s Function,20,12,1000000,878.0,78.0,False,202.7175190448761
de_harmony_search,4,F4: Shifted and Rotated Non-Continuous Rastrigin’s Function,20,13,1000000,888.0,88.0,False,201.72357416152957
de_harmony_search,4,F4: Shifted and Rotated Non-Continuous Rastrigin’s Function,20,14,1000000,910.0,110.0,False,202.17884063720703
de_harmony_search,4,F4: Shifted and Rotated Non-Continuous Rastrigin’s Function,20,15,1000000,872.0,72.0,False,201.42581248283383
de_harmony_search,4,F4: Shifted and Rotated Non-Continuous Rastrigin’s Function,20,16,1000000,870.0,70.0,False,200.8486568927765
de_harmony_search,4,F4: Shifted and Rotated Non-Continuous Rastrigin’s Function,20,17,1000000,866.112630659348,66.11263065934804,False,201.3806631565094
de_harmony_search,4,F4: Shifted and Rotated Non-Continuous Rastrigin’s Function,20,18,1000000,838.925202659214,38.92520265921405,False,202.30355882644653
de_harmony_search,4,F4: Shifted and Rotated Non-Continuous Rastrigin’s Function,20,19,1000000,878.0,78.0,False,200.70236992836
de_harmony_search,4,F4: Shifted and Rotated Non-Continuous Rastrigin’s Function,20,20,1000000,987.3946777678308,187.3946777678309,False,200.3118987083435
de_harmony_search,4,F4: Shifted and Rotated Non-Continuous Rastrigin’s Function,20,21,1000000,931.8784126563366,131.87841265633665,False,199.9942941665649
de_harmony_search,4,F4: Shifted and Rotated Non-Continuous Rastrigin’s Function,20,22,1000000,921.2092299588204,121.2092299588204,False,201.18036246299744
de_harmony_search,4,F4: Shifted and Rotated Non-Continuous Rastrigin’s Function,20,23,1000000,862.0881486180539,62.08814861805388,False,201.626966714859
de_harmony_search,4,F4: Shifted and Rotated Non-Continuous Rastrigin’s Function,20,24,1000000,949.7186805835338,149.7186805835338,False,201.0768313407898
de_harmony_search,4,F4: Shifted and Rotated Non-Continuous Rastrigin’s Function,20,25,1000000,852.0,52.0,False,199.73165822029117
de_harmony_search,4,F4: Shifted and Rotated Non-Continuous Rastrigin’s Function,20,26,1000000,834.0,34.0,False,201.7664031982422
de_harmony_search,4,F4: Shifted and Rotated Non-Continuous Rastrigin’s Function,20,27,1000000,886.0,86.0,False,200.3253881931305
de_harmony_search,4,F4: Shifted and Rotated Non-Continuous Rastrigin’s Function,20,28,1000000,850.441727822852,50.441727822852044,False,201.284196138382
de_harmony_search,4,F4: Shifted and Rotated Non-Continuous Rastrigin’s Function,20,29,1000000,908.9498209775504,108.94982097755052,False,201.21914410591123
de_harmony_search,4,F4: Shifted and Rotated Non-Continuous Rastrigin’s Function,20,30,1000000,836.0,36.0,False,201.0911946296692
de_harmony_search,5,F5: Shifted and Rotated Levy Function,20,1,1000000,900.0000000000001,1.1368683772161605e-13,True,161.1650402545929
de_harmony_search,5,F5: Shifted and Rotated Levy Function,20,2,1000000,900.0000000000001,1.1368683772161605e-13,True,159.84699606895447
de_harmony_search,5,F5: Shifted and Rotated Levy Function,20,3,1000000,900.0000000000001,1.1368683772161605e-13,True,161.05702090263367
de_harmony_search,5,F5: Shifted and Rotated Levy Function,20,4,1000000,900.5438522690074,0.5438522690074024,False,161.58158826828003
de_harmony_search,5,F5: Shifted and Rotated Levy Function,20,5,1000000,900.0000000000001,1.1368683772161605e-13,True,160.39686131477356
de_harmony_search,5,F5: Shifted and Rotated Levy Function,20,6,1000000,900.0000000000001,1.1368683772161605e-13,True,161.3959047794342
de_harmony_search,5,F5: Shifted and Rotated Levy Function,20,7,1000000,900.0000000000001,1.1368683772161605e-13,True,159.68185210227966
de_harmony_search,5,F5: Shifted and Rotated Levy Function,20,8,1000000,900.0000001603818,1.6038177363952857e-07,False,160.7241780757904
de_harmony_search,5,F5: Shifted and Rotated Levy Function,20,9,1000000,900.5438522690074,0.5438522690074024,False,161.3642075061798
de_harmony_search,5,F5: Shifted and Rotated Levy Function,20,10,1000000,900.0895282504165,0.0895282504164924,False,160.6243188381195
de_harmony_search,5,F5: Shifted and Rotated Levy Function,20,11,1000000,900.0000000000003,3.410605131648481e-13,True,161.7351005077362
de_harmony_search,5,F5: Shifted and Rotated Levy Function,20,12,1000000,900.0000000000003,3.410605131648481e-13,True,160.10130286216736
de_harmony_search,5,F5: Shifted and Rotated Levy Function,20,13,1000000,900.0000000128597,1.2859686648880596e-08,False,162.13025617599487
de_harmony_search,5,F5: Shifted and Rotated Levy Function,20,14,1000000,900.0895282504171,0.0895282504170609,False,159.92947816848755
de_harmony_search,5,F5: Shifted and Rotated Levy Function,20,15,1000000,900.0000000000001,1.1368683772161605e-13,True,161.79875087738037
de_harmony_search,5,F5: Shifted and Rotated Levy Function,20,16,1000000,900.454324018591,0.4543240185910235,False,160.95133471488953
de_harmony_search,5,F5: Shifted and Rotated Levy Function,20,17,1000000,900.0000000000001,1.1368683772161605e-13,True,159.63811469078064
de_harmony_search,5,F5: Shifted and Rotated Levy Function,20,18,1000000,900.0,0.0,True,161.0563178062439
de_harmony_search,5,F5: Shifted and Rotated Levy Function,20,19,1000000,900.0000000000001,1.1368683772161605e-13,True,160.12644839286804
de_harmony_search,5,F5: Shifted and Rotated Levy Function,20,20,1000000,900.0895282504167,0.0895282504167198,False,161.04883790016174
de_harmony_search,5,F5: Shifted and Rotated Levy Function,20,21,1000000,900.4543240185909,0.4543240185909099,False,160.58440852165222
de_harmony_search,5,F5: Shifted and Rotated Levy Function,20,22,1000000,900.0000000000002,2.273736754432321e-13,True,161.392320394516
de_harmony_search,5,F5: Shifted and Rotated Levy Function,20,23,1000000,900.179056500833,0.1790565008329849,False,161.06370973587036
de_harmony_search,5,F5: Shifted and Rotated Levy Function,20,24,1000000,900.0000000000001,1.1368683772161605e-13,True,161.0653121471405
de_harmony_search,5,F5: Shifted and Rotated Levy Function,20,25,1000000,900.0000000000003,3.410605131648481e-13,True,161.04183053970337
de_harmony_search,5,F5: Shifted and Rotated Levy Function,20,26,1000000,900.454324018591,0.4543240185910235,False,162.58225893974304
de_harmony_search,5,F5: Shifted and Rotated Levy Function,20,27,1000000,900.5438522690075,0.543852269007516,False,161.72916769981384
de_harmony_search,5,F5: Shifted and Rotated Levy Function,20,28,1000000,900.0000000000002,2.273736754432321e-13,True,161.47171425819397
de_harmony_search,5,F5: Shifted and Rotated Levy Function,20,29,1000000,900.454324018591,0.4543240185910235,False,161.85669660568237
de_harmony_search,5,F5: Shifted and Rotated Levy Function,20,30,1000000,900.0000000000001,1.1368683772161605e-13,True,161.89339518547058
de_harmony_search,6,F6: Hybrid Function 1,20,1,1000000,12750.358604770445,10950.358604770445,False,168.203590631485
de_harmony_search,6,F6: Hybrid Function 1,20,2,1000000,29634.18928990187,27834.18928990187,False,167.94362473487854
de_harmony_search,6,F6: Hybrid Function 1,20,3,1000000,46033.49596831279,44233.49596831279,False,167.9384844303131
de_harmony_search,6,F6: Hybrid Function 1,20,4,1000000,12206.21463511846,10406.21463511846,False,168.46134877204895
de_harmony_search,6,F6: Hybrid Function 1,20,5,1000000,41690.157600498605,39890.157600498605,False,169.77787828445437
de_harmony_search,6,F6: Hybrid Function 1,20,6,1000000,7358.469331175697,5558.469331175697,False,167.15106344223022
de_harmony_search,6,F6: Hybrid Function 1,20,7,1000000,9478.78831621028,7678.788316210281,False,168.53610682487488
de_harmony_search,6,F6: Hybrid Function 1,20,8,1000000,8758.75300978827,6958.75300978827,False,167.39118552207947
de_harmony_search,6,F6: Hybrid Function 1,20,9,1000000,15641.373360288188,13841.373360288188,False,168.0055582523346
de_harmony_search,6,F6: Hybrid Function 1,20,10,1000000,17634.214104031795,15834.214104031797,False,168.961079120636
de_harmony_search,6,F6: Hybrid Function 1,20,11,1000000,13167.743158399162,11367.743158399162,False,166.80807852745056
de_harmony_search,6,F6: Hybrid Function 1,20,12,1000000,13686.786558609992,11886.786558609992,False,166.7930293083191
de_harmony_search,6,F6: Hybrid Function 1,20,13,1000000,17627.682859679968,15827.682859679968,False,168.47004747390747
de_harmony_search,6,F6: Hybrid Function 1,20,14,1000000,8229.60543892537,6429.6054389253695,False,168.58592057228088
de_harmony_search,6,F6: Hybrid Function 1,20,15,1000000,65436.52915375938,63636.52915375938,False,167.3273537158966
de_harmony_search,6,F6: Hybrid Function 1,20,16,1000000,20112.137741396968,18312.137741396968,False,167.5637686252594
de_harmony_search,6,F6: Hybrid Function 1,20,17,1000000,32150.52693814193,30350.52693814193,False,168.30163645744324
de_harmony_search,6,F6: Hybrid Function 1,20,18,1000000,24418.59744921199,22618.59744921199,False,169.36422038078308
de_harmony_search,6,F6: Hybrid Function 1,20,19,1000000,7435.061543028456,5635.061543028456,False,168.67963814735413
de_harmony_search,6,F6: Hybrid Function 1,20,20,1000000,5947.321142524453,4147.321142524453,False,168.29252576828003
de_harmony_search,6,F6: Hybrid Function 1,20,21,1000000,7372.047908878916,5572.047908878916,False,167.70764756202698
de_harmony_search,6,F6: Hybrid Function 1,20,22,1000000,16776.538577411986,14976.538577411986,False,167.8648955821991
de_harmony_search,6,F6: Hybrid Function 1,20,23,1000000,57304.39936475953,55504.39936475953,False,165.20075225830078
de_harmony_search,6,F6: Hybrid Function 1,20,24,1000000,66331.67989453912,64531.67989453912,False,168.61112427711487
de_harmony_search,6,F6: Hybrid Function 1,20,25,1000000,13083.190523377209,11283.190523377209,False,166.0151822566986
de_harmony_search,6,F6: Hybrid Function 1,20,26,1000000,33117.12049751078,31317.120497510783,False,166.23990273475647
de_harmony_search,6,F6: Hybrid Function 1,20,27,1000000,439863.8521968197,438063.8521968197,False,168.00102996826172
de_harmony_search,6,F6: Hybrid Function 1,20,28,1000000,14026.996243647918,12226.996243647918,False,169.05106568336487
de_harmony_search,6,F6: Hybrid Function 1,20,29,1000000,9458.901784191876,7658.901784191876,False,167.99997568130493
de_harmony_search,6,F6: Hybrid Function 1,20,30,1000000,9524.635702312626,7724.635702312626,False,168.62723851203918
de_harmony_search,7,F7: Hybrid Function 2,20,1,1000000,2041.9388209273664,41.93882092736635,False,948.6345431804656
de_harmony_search,7,F7: Hybrid Function 2,20,2,1000000,2036.3396431261367,36.33964312613671,False,944.3806581497192
de_harmony_search,7,F7: Hybrid Function 2,20,3,1000000,2047.8032627524924,47.8032627524924,False,948.5705528259276
de_harmony_search,7,F7: Hybrid Function 2,20,4,1000000,2028.976659681856,28.97665968185584,False,955.0421090126038
de_harmony_search,7,F7: Hybrid Function 2,20,5,1000000,2038.921559354766,38.92155935476603,False,944.124754190445
de_harmony_search,7,F7: Hybrid Function 2,20,6,1000000,2029.598673408947,29.59867340894698,False,946.0595610141754
de_harmony_search,7,F7: Hybrid Function 2,20,7,1000000,2025.8054838098367,25.805483809836687,False,945.0299968719482
de_harmony_search,7,F7: Hybrid Function 2,20,8,1000000,2029.1944387994877,29.194438799487443,False,947.0129714012146
de_harmony_search,7,F7: Hybrid Function 2,20,9,1000000,2025.360194101102,25.360194101102024,False,951.3472340106964
de_harmony_search,7,F7: Hybrid Function 2,20,10,1000000,2270.690021382456,270.69002138245605,False,951.2478487491608
de_harmony_search,7,F7: Hybrid Function 2,20,11,1000000,2022.2734411941915,22.27344119419149,False,953.8457136154176
de_harmony_search,7,F7: Hybrid Function 2,20,12,1000000,2025.4729041569008,25.472904156900768,False,952.0971932411194
de_harmony_search,7,F7: Hybrid Function 2,20,13,1000000,2022.8126119370909,22.81261193709065,False,955.6950833797456
de_harmony_search,7,F7: Hybrid Function 2,20,14,1000000,2041.0061252734072,41.00612527340718,False,952.743620634079
de_harmony_search,7,F7: Hybrid Function 2,20,15,1000000,2024.9404236994965,24.94042369949625,False,954.083127260208
de_harmony_search,7,F7: Hybrid Function 2,20,16,1000000,2028.5329766233683,28.532976623368317,False,952.965368270874
de_harmony_search,7,F7: Hybrid Function 2,20,17,1000000,2027.5653434259227,27.56534342592272,False,949.6708223819732
de_harmony_search,7,F7: Hybrid Function 2,20,18,1000000,2028.4737046934777,28.473704693477657,False,951.2883586883544
de_harmony_search,7,F7: Hybrid Function 2,20,19,1000000,2037.4844601502011,37.48446015020136,False,954.5268223285676
de_harmony_search,7,F7: Hybrid Function 2,20,20,1000000,2056.8498464706854,56.84984647068541,False,952.4927320480348
de_harmony_search,7,F7: Hybrid Function 2,20,21,1000000,2022.3277575895704,22.327757589570183,False,946.5292737483978
de_harmony_search,7,F7: Hybrid Function 2,20,22,1000000,2024.9296780913448,24.929678091344613,False,947.417112827301
de_harmony_search,7,F7: Hybrid Function 2,20,23,1000000,2073.4721224368336,73.47212243683362,False,951.3480279445648
de_harmony_search,7,F7: Hybrid Function 2,20,24,1000000,2046.2712643776683,46.27126437766833,False,955.6525266170502
de_harmony_search,7,F7: Hybrid Function 2,20,25,1000000,2086.251728142238,86.25172814223788,False,950.6655433177948
de_harmony_search,7,F7: Hybrid Function 2,20,26,1000000,2029.7729804025,29.7729804024998,False,951.8043541908264
de_harmony_search,7,F7: Hybrid Function 2,20,27,1000000,2044.3277190595263,44.327719059526544,False,956.6862630844116
de_harmony_search,7,F7: Hybrid Function 2,20,28,1000000,2027.5447218936724,27.54472189367243,False,950.8946692943572
de_harmony_search,7,F7: Hybrid Function 2,20,29,1000000,2042.0353444523091,42.03534445230935,False,958.53147649765
de_harmony_search,7,F7: Hybrid Function 2,20,30,1000000,2022.818783025184,22.818783025183848,False,948.3396184444427
de_harmony_search,8,F8: Hybrid Function 3,20,1,1000000,2239.877541271632,39.8775412716318,False,1307.0428776741028
de_harmony_search,8,F8: Hybrid Function 3,20,2,1000000,2242.9187462148434,42.9187462148434,False,1328.1867949962616
de_harmony_search,8,F8: Hybrid Function 3,20,3,1000000,2240.0748298350777,40.07482983507771,False,1357.5066237449646
de_harmony_search,8,F8: Hybrid Function 3,20,4,1000000,2240.893077275074,40.89307727507412,False,1353.6220109462738
de_harmony_search,8,F8: Hybrid Function 3,20,5,1000000,2447.665703715182,247.6657037151822,False,1354.1166672706604
de_harmony_search,8,F8: Hybrid Function 3,20,6,1000000,2226.615196648174,26.61519664817388,False,1359.5548627376556
de_harmony_search,8,F8: Hybrid Function 3,20,7,1000000,2239.024462269099,39.02446226909888,False,1347.5851171016693
de_harmony_search,8,F8: Hybrid Function 3,20,8,1000000,2348.5022264320883,148.50222643208826,False,1343.904582977295
de_harmony_search,8,F8: Hybrid Function 3,20,9,1000000,2236.595621888228,36.595621888227925,False,1346.382700920105
de_harmony_search,8,F8: Hybrid Function 3,20,10,1000000,2236.311636499834,36.311636499834094,False,1351.416169643402
de_harmony_search,8,F8: Hybrid Function 3,20,11,1000000,2229.823579385498,29.82357938549785,False,1343.2354941368103
de_harmony_search,8,F8: Hybrid Function 3,20,12,1000000,2226.6248871363887,26.62488713638868,False,1332.4634375572205
de_harmony_search,8,F8: Hybrid Function 3,20,13,1000000,2230.2022516188595,30.202251618859464,False,1308.8868703842163
de_harmony_search,8,F8: Hybrid Function 3,20,14,1000000,2588.087780548115,388.087780548115,False,1314.7190248966217
de_harmony_search,8,F8: Hybrid Function 3,20,15,1000000,2236.204046005213,36.20404600521351,False,1363.890738248825
de_harmony_search,8,F8: Hybrid Function 3,20,16,1000000,2236.366519700181,36.36651970018147,False,1363.2369425296783
de_harmony_search,8,F8: Hybrid Function 3,20,17,1000000,2377.1797123890665,177.17971238906648,False,1293.148086309433
de_harmony_search,8,F8: Hybrid Function 3,20,18,1000000,2450.39809209882,250.3980920988197,False,1311.4146721363068
de_harmony_search,8,F8: Hybrid Function 3,20,19,1000000,2258.344520375307,58.344520375307184,False,1364.292857646942
de_harmony_search,8,F8: Hybrid Function 3,20,20,1000000,2232.342758714942,32.34275871494219,False,1260.016276359558
de_harmony_search,8,F8: Hybrid Function 3,20,21,1000000,2353.9041501781057,153.90415017810574,False,1251.1111104488373
de_harmony_search,8,F8: Hybrid Function 3,20,22,1000000,2293.905341471225,93.9053414712248,False,1220.813932180405
de_harmony_search,8,F8: Hybrid Function 3,20,23,1000000,2233.420513833736,33.42051383373564,False,1177.208864212036
de_harmony_search,8,F8: Hybrid Function 3,20,24,1000000,2228.203839778782,28.203839778781912,False,1170.9468321800232
de_harmony_search,8,F8: Hybrid Function 3,20,25,1000000,2240.4092930163515,40.40929301635151,False,1180.6757380962372
de_harmony_search,8,F8: Hybrid Function 3,20,26,1000000,2372.935254682172,172.93525468217194,False,1156.2823960781095
de_harmony_search,8,F8: Hybrid Function 3,20,27,1000000,2244.8097445756352,44.80974457563525,False,1152.0760951042175
de_harmony_search,8,F8: Hybrid Function 3,20,28,1000000,2230.0897002826564,30.089700282656395,False,1150.1372504234314
de_harmony_search,8,F8: Hybrid Function 3,20,29,1000000,2241.312031477492,41.31203147749193,False,1166.8264467716217
de_harmony_search,8,F8: Hybrid Function 3,20,30,1000000,2234.569583173959,34.56958317395902,False,1150.8290419578552
de_harmony_search,9,F9: Composition Function 1,20,1,1000000,2525.0852393222376,225.0852393222376,False,241.59404611587524
de_harmony_search,9,F9: Composition Function 1,20,2,1000000,2525.0852393222376,225.0852393222376,False,242.66587162017825
de_harmony_search,9,F9: Composition Function 1,20,3,1000000,2525.0852393222376,225.0852393222376,False,243.2826840877533
de_harmony_search,9,F9: Composition Function 1,20,4,1000000,2525.085239322247,225.0852393222472,False,243.90570449829104
de_harmony_search,9,F9: Composition Function 1,20,5,1000000,2525.0852393222385,225.0852393222385,False,245.21401071548465
de_harmony_search,9,F9: Composition Function 1,20,6,1000000,2525.0852393222376,225.0852393222376,False,244.8743827342987
de_harmony_search,9,F9: Composition Function 1,20,7,1000000,2525.0852393222376,225.0852393222376,False,230.19277334213257
de_harmony_search,9,F9: Composition Function 1,20,8,1000000,2525.0852393222385,225.0852393222385,False,228.01003456115723
de_harmony_search,9,F9: Composition Function 1,20,9,1000000,2525.085239322238,225.08523932223807,False,228.5878632068634
de_harmony_search,9,F9: Composition Function 1,20,10,1000000,2525.085239322238,225.08523932223807,False,227.4879333972931
de_harmony_search,9,F9: Composition Function 1,20,11,1000000,2525.0852393222385,225.0852393222385,False,230.26423835754397
de_harmony_search,9,F9: Composition Function 1,20,12,1000000,2525.0852393222385,225.0852393222385,False,230.04914569854736
de_harmony_search,9,F9: Composition Function 1,20,13,1000000,2525.0852393222376,225.0852393222376,False,228.8859913349152
de_harmony_search,9,F9: Composition Function 1,20,14,1000000,2525.085239322238,225.08523932223807,False,229.1898620128632
de_harmony_search,9,F9: Composition Function 1,20,15,1000000,2525.085239322241,225.0852393222408,False,227.92226433753967
de_harmony_search,9,F9: Composition Function 1,20,16,1000000,2525.0852393222385,225.0852393222385,False,229.4097557067871
de_harmony_search,9,F9: Composition Function 1,20,17,1000000,2525.085239322238,225.08523932223807,False,225.2303693294525
de_harmony_search,9,F9: Composition Function 1,20,18,1000000,2525.0852393222394,225.08523932223943,False,229.2414984703064
de_harmony_search,9,F9: Composition Function 1,20,19,1000000,2525.085239322239,225.08523932223895,False,222.50608825683597
de_harmony_search,9,F9: Composition Function 1,20,20,1000000,2525.0852393222376,225.0852393222376,False,225.32763481140137
de_harmony_search,9,F9: Composition Function 1,20,21,1000000,2525.0852393222394,225.08523932223943,False,230.5885682106018
de_harmony_search,9,F9: Composition Function 1,20,22,1000000,2525.0852393222376,225.0852393222376,False,222.06217432022092
de_harmony_search,9,F9: Composition Function 1,20,23,1000000,2525.085239322241,225.0852393222408,False,225.5787718296051
de_harmony_search,9,F9: Composition Function 1,20,24,1000000,2525.085239322238,225.08523932223807,False,222.00773119926453
de_harmony_search,9,F9: Composition Function 1,20,25,1000000,2525.0852393222463,225.08523932224625,False,217.7352318763733
de_harmony_search,9,F9: Composition Function 1,20,26,1000000,2525.085239322239,225.08523932223895,False,223.55109524726868
de_harmony_search,9,F9: Composition Function 1,20,27,1000000,2525.0852393222385,225.0852393222385,False,221.5382056236267
de_harmony_search,9,F9: Composition Function 1,20,28,1000000,2525.0852393222385,225.0852393222385,False,221.7130217552185
de_harmony_search,9,F9: Composition Function 1,20,29,1000000,2525.0852393222385,225.0852393222385,False,219.9173424243927
de_harmony_search,9,F9: Composition Function 1,20,30,1000000,2525.085239322243,225.08523932224307,False,216.75424194335935
de_harmony_search,10,F10: Composition Function 2,20,1,1000000,4224.113648812268,1824.1136488122677,False,226.6381435394287
de_harmony_search,10,F10: Composition Function 2,20,2,1000000,3056.7909070712794,656.7909070712794,False,208.51598501205444
de_harmony_search,10,F10: Composition Function 2,20,3,1000000,2794.8294861161125,394.82948611611255,False,211.2982642650604
de_harmony_search,10,F10: Composition Function 2,20,4,1000000,3616.441213656357,1216.4412136563565,False,210.81058406829837
de_harmony_search,10,F10: Composition Function 2,20,5,1000000,2888.294800561362,488.2948005613621,False,209.29487013816836
de_harmony_search,10,F10: Composition Function 2,20,6,1000000,2882.195081208904,482.195081208904,False,210.50167775154117
de_harmony_search,10,F10: Composition Function 2,20,7,1000000,2803.7027880000064,403.7027880000064,False,209.62257313728333
de_harmony_search,10,F10: Composition Function 2,20,8,1000000,3761.126406331144,1361.1264063311437,False,210.65241479873657
de_harmony_search,10,F10: Composition Function 2,20,9,1000000,3630.426565368181,1230.4265653681814,False,206.97330260276797
de_harmony_search,10,F10: Composition Function 2,20,10,1000000,2799.361020073205,399.36102007320505,False,210.84218049049375
de_harmony_search,10,F10: Composition Function 2,20,11,1000000,2801.5102103167847,401.5102103167847,False,225.282799243927
de_harmony_search,10,F10: Composition Function 2,20,12,1000000,3516.316876540178,1116.316876540178,False,228.49572730064392
de_harmony_search,10,F10: Composition Function 2,20,13,1000000,2872.9462882399885,472.94628823998846,False,222.2040541172028
de_harmony_search,10,F10: Composition Function 2,20,14,1000000,2801.925888914923,401.9258889149228,False,228.82892203330996
de_harmony_search,10,F10: Composition Function 2,20,15,1000000,2799.93315464746,399.9331546474596,False,226.4830837249756
de_harmony_search,10,F10: Composition Function 2,20,16,1000000,2802.1866132041305,402.1866132041305,False,208.97275519371036
de_harmony_search,10,F10: Composition Function 2,20,17,1000000,3450.325322709711,1050.3253227097111,False,176.65104866027832
de_harmony_search,10,F10: Composition Function 2,20,18,1000000,2804.7363771530386,404.7363771530386,False,175.57600808143616
de_harmony_search,10,F10: Composition Function 2,20,19,1000000,2879.680372354354,479.680372354354,False,172.59481596946716
de_harmony_search,10,F10: Composition Function 2,20,20,1000000,2797.396895807372,397.396895807372,False,174.16251134872437
de_harmony_search,10,F10: Composition Function 2,20,21,1000000,2874.168420122527,474.1684201225271,False,172.22113823890686
de_harmony_search,10,F10: Composition Function 2,20,22,1000000,2803.189946013231,403.1899460132309,False,172.66255831718445
de_harmony_search,10,F10: Composition Function 2,20,23,1000000,3339.861282344524,939.8612823445236,False,170.00607562065125
de_harmony_search,10,F10: Composition Function 2,20,24,1000000,3087.9651185768907,687.9651185768907,False,174.53991746902466
de_harmony_search,10,F10: Composition Function 2,20,25,1000000,2875.9140920059035,475.9140920059035,False,172.49411940574646
de_harmony_search,10,F10: Composition Function 2,20,26,1000000,2799.0895759429027,399.0895759429027,False,176.1295325756073
de_harmony_search,10,F10: Composition Function 2,20,27,1000000,2877.6044092859443,477.60440928594426,False,175.30741500854492
de_harmony_search,10,F10: Composition Function 2,20,28,1000000,2803.2885284202434,403.2885284202434,False,173.36383438110352
de_harmony_search,10,F10: Composition Function 2,20,29,1000000,2874.3658307609835,474.3658307609835,False,171.01104855537417
de_harmony_search,10,F10: Composition Function 2,20,30,1000000,3829.182582096733,1429.1825820967329,False,174.01611471176147
de_harmony_search,11,F11: Composition Function 3,20,1,1000000,2900.029237322336,300.0292373223356,False,235.512868642807
de_harmony_search,11,F11: Composition Function 3,20,2,1000000,2600.0000000000005,4.547473508864641e-13,True,233.16911125183103
de_harmony_search,11,F11: Composition Function 3,20,3,1000000,2900.029237322336,300.0292373223356,False,232.12718033790588
de_harmony_search,11,F11: Composition Function 3,20,4,1000000,2900.029237322336,300.0292373223356,False,238.5152931213379
de_harmony_search,11,F11: Composition Function 3,20,5,1000000,2900.029237322336,300.0292373223356,False,237.5436758995056
de_harmony_search,11,F11: Composition Function 3,20,6,1000000,2600.000036484645,3.6484645534073934e-05,False,233.32792162895203
de_harmony_search,11,F11: Composition Function 3,20,7,1000000,2600.0000000000005,4.547473508864641e-13,True,232.57760882377625
de_harmony_search,11,F11: Composition Function 3,20,8,1000000,2600.0000000000005,4.547473508864641e-13,True,234.05928897857663
de_harmony_search,11,F11: Composition Function 3,20,9,1000000,2600.000000000001,9.094947017729282e-13,True,232.32590317726132
de_harmony_search,11,F11: Composition Function 3,20,10,1000000,2900.029237322336,300.0292373223356,False,235.55057382583615
de_harmony_search,11,F11: Composition Function 3,20,11,1000000,2600.0001647966005,0.0001647966005293,False,233.7604434490204
de_harmony_search,11,F11: Composition Function 3,20,12,1000000,2900.029237322336,300.0292373223356,False,238.13845014572144
de_harmony_search,11,F11: Composition Function 3,20,13,1000000,2900.029237322336,300.0292373223356,False,236.76614665985107
de_harmony_search,11,F11: Composition Function 3,20,14,1000000,2900.029237322336,300.0292373223356,False,234.4374761581421
de_harmony_search,11,F11: Composition Function 3,20,15,1000000,2900.029237322336,300.0292373223356,False,237.60902786254883
de_harmony_search,11,F11: Composition Function 3,20,16,1000000,2600.0000000000005,4.547473508864641e-13,True,231.24992108345032
de_harmony_search,11,F11: Composition Function 3,20,17,1000000,2600.0000000000005,4.547473508864641e-13,True,231.87466478347775
de_harmony_search,11,F11: Composition Function 3,20,18,1000000,2900.029237322336,300.02923732233603,False,235.2343366146088
de_harmony_search,11,F11: Composition Function 3,20,19,1000000,2900.029237322336,300.0292373223356,False,236.01525473594663
de_harmony_search,11,F11: Composition Function 3,20,20,1000000,2900.029237322336,300.0292373223356,False,238.2665271759033
de_harmony_search,11,F11: Composition Function 3,20,21,1000000,2600.0000000000005,4.547473508864641e-13,True,228.84338927268985
de_harmony_search,11,F11: Composition Function 3,20,22,1000000,2900.029237322336,300.0292373223356,False,236.5004675388336
de_harmony_search,11,F11: Composition Function 3,20,23,1000000,2900.029237322336,300.02923732233603,False,235.0541305541992
de_harmony_search,11,F11: Composition Function 3,20,24,1000000,2900.029237322336,300.0292373223356,False,236.11164355278012
de_harmony_search,11,F11: Composition Function 3,20,25,1000000,2600.0000000000023,2.273736754432321e-12,True,228.31548762321472
de_harmony_search,11,F11: Composition Function 3,20,26,1000000,2900.029237322336,300.0292373223356,False,236.76354432106015
de_harmony_search,11,F11: Composition Function 3,20,27,1000000,2900.029237322336,300.0292373223356,False,236.2972631454468
de_harmony_search,11,F11: Composition Function 3,20,28,1000000,2900.029237322336,300.0292373223356,False,234.5782494544983
de_harmony_search,11,F11: Composition Function 3,20,29,1000000,2900.029237322336,300.02923732233603,False,235.00008726119995
de_harmony_search,11,F11: Composition Function 3,20,30,1000000,2900.029237322336,300.0292373223356,False,234.07460188865664
de_harmony_search,12,F12: Composition Function 4,20,1,1000000,2900.0042674372053,200.00426743720527,False,243.3558497428894
de_harmony_search,12,F12: Composition Function 4,20,2,1000000,2900.004057613773,200.00405761377303,False,242.9434244632721
de_harmony_search,12,F12: Composition Function 4,20,3,1000000,2900.004303992282,200.00430399228208,False,247.1266362667084
de_harmony_search,12,F12: Composition Function 4,20,4,1000000,2900.00382441506,200.00382441506008,False,245.7891838550568
de_harmony_search,12,F12: Composition Function 4,20,5,1000000,2900.0036314148765,200.0036314148765,False,249.83349633216855
de_harmony_search,12,F12: Composition Function 4,20,6,1000000,2900.0035303937257,200.00353039372567,False,249.18470406532288
de_harmony_search,12,F12: Composition Function 4,20,7,1000000,2900.003654709249,200.00365470924908,False,215.8610851764679
de_harmony_search,12,F12: Composition Function 4,20,8,1000000,2900.00430578492,200.00430578491975,False,211.66513895988464
de_harmony_search,12,F12: Composition Function 4,20,9,1000000,2900.004170961858,200.0041709618581,False,211.98885464668277
de_harmony_search,12,F12: Composition Function 4,20,10,1000000,2900.003520101025,200.00352010102503,False,213.4216284751892
de_harmony_search,12,F12: Composition Function 4,20,11,1000000,2900.004037310021,200.00403731002095,False,211.89535522460935
de_harmony_search,12,F12: Composition Function 4,20,12,1000000,2900.004284551632,200.00428455163183,False,212.56139945983887
de_harmony_search,12,F12: Composition Function 4,20,13,1000000,2900.003838780005,200.00383878000503,False,213.4376764297485
de_harmony_search,12,F12: Composition Function 4,20,14,1000000,2900.0042593057788,200.0042593057788,False,212.7507519721985
de_harmony_search,12,F12: Composition Function 4,20,15,1000000,2900.0037804593203,200.0037804593203,False,214.23408889770508
de_harmony_search,12,F12: Composition Function 4,20,16,1000000,2900.0036769165376,200.00367691653764,False,213.5710413455963
de_harmony_search,12,F12: Composition Function 4,20,17,1000000,2900.0042833980638,200.0042833980633,False,212.53836965560916
de_harmony_search,12,F12: Composition Function 4,20,18,1000000,2900.0042597143915,200.00425971439157,False,216.12412643432617
de_harmony_search,12,F12: Composition Function 4,20,19,1000000,2900.003529086814,200.00352908681407,False,215.73405480384827
de_harmony_search,12,F12: Composition Function 4,20,20,1000000,2900.0037742444147,200.00377424441467,False,215.12399339675903
de_harmony_search,12,F12: Composition Function 4,20,21,1000000,2900.0038599492327,200.00385994923272,False,214.3184778690338
de_harmony_search,12,F12: Composition Function 4,20,22,1000000,2900.0040144593904,200.0040144593904,False,217.77080392837524
de_harmony_search,12,F12: Composition Function 4,20,23,1000000,2900.0039753622405,200.00397536224045,False,215.2962896823883
de_harmony_search,12,F12: Composition Function 4,20,24,1000000,2900.004461116081,200.00446111608156,False,214.2982125282288
de_harmony_search,12,F12: Composition Function 4,20,25,1000000,2900.003284400619,200.00328440061912,False,215.5305163860321
de_harmony_search,12,F12: Composition Function 4,20,26,1000000,2900.0035194280326,200.00351942803263,False,216.0478839874268
de_harmony_search,12,F12: Composition Function 4,20,27,1000000,2900.0042526435923,200.00425264359228,False,215.1854317188263
de_harmony_search,12,F12: Composition Function 4,20,28,1000000,2900.0045408070755,200.0045408070755,False,214.93882966041565
de_harmony_search,12,F12: Composition Function 4,20,29,1000000,2900.003774289097,200.00377428909724,False,213.74881553649905
de_harmony_search,12,F12: Composition Function 4,20,30,1000000,2900.00389690137,200.0038969013699,False,215.1099338531494
de_local_search,1,F1: Shifted and full Rotated Zakharov Function,10,1,200000,300.00000856990266,8.569902661292872e-06,False,4.801016092300415
de_local_search,1,F1: Shifted and full Rotated Zakharov Function,10,2,200000,300.000007293716,7.293716009826312e-06,False,4.757732629776001
de_local_search,1,F1: Shifted and full Rotated Zakharov Function,10,3,200000,300.00001200332184,1.200332184225772e-05,False,4.529291152954102
de_local_search,1,F1: Shifted and full Rotated Zakharov Function,10,4,200000,300.0000020776429,2.077642875519814e-06,False,4.622786521911621
de_local_search,1,F1: Shifted and full Rotated Zakharov Function,10,5,200000,300.0000051232925,5.123292510234023e-06,False,4.594790697097778
de_local_search,1,F1: Shifted and full Rotated Zakharov Function,10,6,200000,300.0000300950141,3.0095014153630476e-05,False,4.414776802062988
de_local_search,1,F1: Shifted and full Rotated Zakharov Function,10,7,200000,300.0000022118474,2.211847402122657e-06,False,4.691937446594238
de_local_search,1,F1: Shifted and full Rotated Zakharov Function,10,8,200000,300.0000057880009,5.788000919437764e-06,False,4.822703123092651
de_local_search,1,F1: Shifted and full Rotated Zakharov Function,10,9,200000,300.0000019632176,1.963217584943777e-06,False,4.302171945571899
de_local_search,1,F1: Shifted and full Rotated Zakharov Function,10,10,200000,300.0000015147705,1.5147704743867507e-06,False,4.512942314147949
de_local_search,1,F1: Shifted and full Rotated Zakharov Function,10,11,200000,300.00001179905735,1.179905734716158e-05,False,4.552669525146484
de_local_search,1,F1: Shifted and full Rotated Zakharov Function,10,12,200000,300.00000048201224,4.820122398996318e-07,False,4.599747180938721
de_local_search,1,F1: Shifted and full Rotated Zakharov Function,10,13,200000,300.0000007997143,7.997143143256835e-07,False,4.444643259048462
de_local_search,1,F1: Shifted and full Rotated Zakharov Function,10,14,200000,300.00000481061954,4.810619543604844e-06,False,4.625468254089356
de_local_search,1,F1: Shifted and full Rotated Zakharov Function,10,15,200000,300.0000013493826,1.3493826145349883e-06,False,4.365430593490601
de_local_search,1,F1: Shifted and full Rotated Zakharov Function,10,16,200000,300.0000148671242,1.4867124207285087e-05,False,4.405343055725098
de_local_search,1,F1: Shifted and full Rotated Zakharov Function,10,17,200000,300.0000051332486,5.133248578204075e-06,False,4.322695970535278
de_local_search,1,F1: Shifted and full Rotated Zakharov Function,10,18,200000,300.00000177890297,1.7789029698178638e-06,False,4.408118486404419
de_local_search,1,F1: Shifted and full Rotated Zakharov Function,10,19,200000,300.00000610506424,6.105064244366076e-06,False,4.626900911331177
de_local_search,1,F1: Shifted and full Rotated Zakharov Function,10,20,200000,300.0000019657929,1.965792876035266e-06,False,4.465746879577637
de_local_search,1,F1: Shifted and full Rotated Zakharov Function,10,21,200000,300.00000258813986,2.5881398642013664e-06,False,4.484716892242432
de_local_search,1,F1: Shifted and full Rotated Zakharov Function,10,22,200000,300.0000075832288,7.583228807561682e-06,False,4.105197429656982
de_local_search,1,F1: Shifted and full Rotated Zakharov Function,10,23,200000,300.00000291181806,2.9118180577825115e-06,False,4.36939263343811
de_local_search,1,F1: Shifted and full Rotated Zakharov Function,10,24,200000,300.0000029233896,2.9233896157165877e-06,False,4.349799156188965
de_local_search,1,F1: Shifted and full Rotated Zakharov Function,10,25,200000,300.0000063731682,6.3731682189427374e-06,False,4.574306011199951
de_local_search,1,F1: Shifted and full Rotated Zakharov Function,10,26,200000,300.0000070562273,7.056227275370475e-06,False,4.53524923324585
de_local_search,1,F1: Shifted and full Rotated Zakharov Function,10,27,200000,300.0000023465819,2.3465818799195404e-06,False,4.312835454940796
de_local_search,1,F1: Shifted and full Rotated Zakharov Function,10,28,200000,300.0000039844531,3.984453087468864e-06,False,4.5416882038116455
de_local_search,1,F1: Shifted and full Rotated Zakharov Function,10,29,200000,300.00000491741264,4.9174126388606965e-06,False,4.306559085845947
de_local_search,1,F1: Shifted and full Rotated Zakharov Function,10,30,200000,300.0000015138826,1.513882580184145e-06,False,4.780843257904053
de_local_search,2,F2: Shifted and Rotated Rosenbrock’s Function,10,1,200000,405.5615315943081,5.561531594308121,False,5.940542936325073
de_local_search,2,F2: Shifted and Rotated Rosenbrock’s Function,10,2,200000,405.48814676736936,5.488146767369358,False,6.230082988739014
de_local_search,2,F2: Shifted and Rotated Rosenbrock’s Function,10,3,200000,408.9162093048785,8.916209304878521,False,6.053634405136108
de_local_search,2,F2: Shifted and Rotated Rosenbrock’s Function,10,4,200000,405.5145959725169,5.514595972516872,False,5.949803352355957
de_local_search,2,F2: Shifted and Rotated Rosenbrock’s Function,10,5,200000,404.5418366852887,4.541836685288672,False,6.061069011688232
de_local_search,2,F2: Shifted and Rotated Rosenbrock’s Function,10,6,200000,404.57286445905305,4.572864459053051,False,6.171611070632935
de_local_search,2,F2: Shifted and Rotated Rosenbrock’s Function,10,7,200000,405.18678775107065,5.1867877510706535,False,5.69147253036499
de_local_search,2,F2: Shifted and Rotated Rosenbrock’s Function,10,8,200000,408.9169463607668,8.916946360766758,False,6.303460597991943
de_local_search,2,F2: Shifted and Rotated Rosenbrock’s Function,10,9,200000,404.84865789181913,4.84865789181913,False,6.203707456588745
de_local_search,2,F2: Shifted and Rotated Rosenbrock’s Function,10,10,200000,408.9169279396999,8.916927939699917,False,5.709569692611694
de_local_search,2,F2: Shifted and Rotated Rosenbrock’s Function,10,11,200000,404.664971362401,4.664971362400991,False,5.850910425186157
de_local_search,2,F2: Shifted and Rotated Rosenbrock’s Function,10,12,200000,406.492784981826,6.492784981825992,False,6.3326416015625
de_local_search,2,F2: Shifted and Rotated Rosenbrock’s Function,10,13,200000,406.14711465194506,6.14711465194506,False,5.524094820022583
de_local_search,2,F2: Shifted and Rotated Rosenbrock’s Function,10,14,200000,405.6763907799694,5.676390779969381,False,6.033593893051148
de_local_search,2,F2: Shifted and Rotated Rosenbrock’s Function,10,15,200000,408.9164435703552,8.91644357035517,False,5.792624473571777
de_local_search,2,F2: Shifted and Rotated Rosenbrock’s Function,10,16,200000,408.9170744134052,8.917074413405146,False,6.033998250961304
de_local_search,2,F2: Shifted and Rotated Rosenbrock’s Function,10,17,200000,404.84646590714345,4.846465907143454,False,5.823909759521484
de_local_search,2,F2: Shifted and Rotated Rosenbrock’s Function,10,18,200000,404.95628368876,4.956283688760038,False,5.9574267864227295
de_local_search,2,F2: Shifted and Rotated Rosenbrock’s Function,10,19,200000,405.81648926120926,5.816489261209256,False,6.057676553726196
de_local_search,2,F2: Shifted and Rotated Rosenbrock’s Function,10,20,200000,404.8935640422533,4.893564042253331,False,6.013095140457153
de_local_search,2,F2: Shifted and Rotated Rosenbrock’s Function,10,21,200000,405.42985265644114,5.429852656441142,False,5.986300706863403
de_local_search,2,F2: Shifted and Rotated Rosenbrock’s Function,10,22,200000,405.15261250647467,5.152612506474668,False,6.172516345977783
de_local_search,2,F2: Shifted and Rotated Rosenbrock’s Function,10,23,200000,408.916467622739,8.916467622738992,False,5.949724435806274
de_local_search,2,F2: Shifted and Rotated Rosenbrock’s Function,10,24,200000,408.91659452587527,8.916594525875269,False,5.908813238143921
de_local_search,2,F2: Shifted and Rotated Rosenbrock’s Function,10,25,200000,408.9162049373,8.916204937299938,False,5.828820705413818
de_local_search,2,F2: Shifted and Rotated Rosenbrock’s Function,10,26,200000,408.9163572451809,8.916357245180848,False,6.022487878799439
de_local_search,2,F2: Shifted and Rotated Rosenbrock’s Function,10,27,200000,405.0179668061535,5.017966806153481,False,6.014111518859863
de_local_search,2,F2: Shifted and Rotated Rosenbrock’s Function,10,28,200000,405.4182191224595,5.418219122459504,False,6.031832218170166
de_local_search,2,F2: Shifted and Rotated Rosenbrock’s Function,10,29,200000,405.5529227597651,5.552922759765124,False,5.965489864349365
de_local_search,2,F2: Shifted and Rotated Rosenbrock’s Function,10,30,200000,405.90165585747263,5.901655857472633,False,6.191994667053223
de_local_search,3,F3: Shifted and full Rotated Expanded Schaffer’s F7,10,1,200000,600.0000028355546,2.835554596458678e-06,False,9.4050133228302
de_local_search,3,F3: Shifted and full Rotated Expanded Schaffer’s F7,10,2,200000,600.0000014426424,1.44264242862846e-06,False,9.788851499557495
de_local_search,3,F3: Shifted and full Rotated Expanded Schaffer’s F7,10,3,200000,600.0000010612821,1.0612820915412158e-06,False,9.367221593856812
de_local_search,3,F3: Shifted and full Rotated Expanded Schaffer’s F7,10,4,200000,600.0000004087445,4.087445404366008e-07,False,9.902042150497437
de_local_search,3,F3: Shifted and full Rotated Expanded Schaffer’s F7,10,5,200000,600.0000009007441,9.007441121866576e-07,False,9.435023546218872
de_local_search,3,F3: Shifted and full Rotated Expanded Schaffer’s F7,10,6,200000,600.0000023899551,2.389955056969484e-06,False,9.38793659210205
de_local_search,3,F3: Shifted and full Rotated Expanded Schaffer’s F7,10,7,200000,600.0000017917425,1.7917425338964676e-06,False,9.572093963623049
de_local_search,3,F3: Shifted and full Rotated Expanded Schaffer’s F7,10,8,200000,600.0000015402065,1.5402065400849096e-06,False,9.21035885810852
de_local_search,3,F3: Shifted and full Rotated Expanded Schaffer’s F7,10,9,200000,600.0000005187862,5.187862370803487e-07,False,9.003724098205566
de_local_search,3,F3: Shifted and full Rotated Expanded Schaffer’s F7,10,10,200000,600.0000018608547,1.8608546952236795e-06,False,9.455719470977783
de_local_search,3,F3: Shifted and full Rotated Expanded Schaffer’s F7,10,11,200000,600.0000031834722,3.1834722449275432e-06,False,9.407055377960203
de_local_search,3,F3: Shifted and full Rotated Expanded Schaffer’s F7,10,12,200000,600.0000011030409,1.1030408586520934e-06,False,9.229814291000366
de_local_search,3,F3: Shifted and full Rotated Expanded Schaffer’s F7,10,13,200000,600.0000007395403,7.395402690235642e-07,False,8.99794316291809
de_local_search,3,F3: Shifted and full Rotated Expanded Schaffer’s F7,10,14,200000,600.0000029019991,2.901999096138752e-06,False,9.582298278808594
de_local_search,3,F3: Shifted and full Rotated Expanded Schaffer’s F7,10,15,200000,600.0000008646009,8.646009064250393e-07,False,9.461376667022703
de_local_search,3,F3: Shifted and full Rotated Expanded Schaffer’s F7,10,16,200000,600.000003069748,3.0697480042363168e-06,False,9.665870666503906
de_local_search,3,F3: Shifted and full Rotated Expanded Schaffer’s F7,10,17,200000,600.0000027113858,2.711385832299129e-06,False,8.997125387191772
de_local_search,3,F3: Shifted and full Rotated Expanded Schaffer’s F7,10,18,200000,600.0000019508611,1.9508611330820717e-06,False,9.62602424621582
de_local_search,3,F3: Shifted and full Rotated Expanded Schaffer’s F7,10,19,200000,600.0000028464829,2.846482857421506e-06,False,8.816267013549805
de_local_search,3,F3: Shifted and full Rotated Expanded Schaffer’s F7,10,20,200000,600.00000255736,2.557359948696103e-06,False,9.461799144744871
de_local_search,3,F3: Shifted and full Rotated Expanded Schaffer’s F7,10,21,200000,600.0000028125096,2.81250959233148e-06,False,9.464977502822876
de_local_search,3,F3: Shifted and full Rotated Expanded Schaffer’s F7,10,22,200000,600.0000002312532,2.312532387804822e-07,False,9.972129106521606
de_local_search,3,F3: Shifted and full Rotated Expanded Schaffer’s F7,10,23,200000,600.0000011128839,1.112883865062031e-06,False,10.065330743789673
de_local_search,3,F3: Shifted and full Rotated Expanded Schaffer’s F7,10,24,200000,600.0000042766209,4.276620870768966e-06,False,9.60517120361328
de_local_search,3,F3: Shifted and full Rotated Expanded Schaffer’s F7,10,25,200000,600.0000008259932,8.259931973952916e-07,False,9.555047512054443
de_local_search,3,F3: Shifted and full Rotated Expanded Schaffer’s F7,10,26,200000,600.0000037514025,3.751402459784003e-06,False,9.852014541625977
de_local_search,3,F3: Shifted and full Rotated Expanded Schaffer’s F7,10,27,200000,600.0000025734131,2.573413098616584e-06,False,9.93965983390808
de_local_search,3,F3: Shifted and full Rotated Expanded Schaffer’s F7,10,28,200000,600.0000004762442,4.762441676575691e-07,False,9.582767724990845
de_local_search,3,F3: Shifted and full Rotated Expanded Schaffer’s F7,10,29,200000,600.0000007941803,7.941803232824896e-07,False,9.345072984695436
de_local_search,3,F3: Shifted and full Rotated Expanded Schaffer’s F7,10,30,200000,600.0000010340949,1.0340949074816308e-06,False,9.967506647109984
de_local_search,4,F4: Shifted and Rotated Non-Continuous Rastrigin’s Function,10,1,200000,844.2920696951932,44.29206969519316,False,15.149296522140505
de_local_search,4,F4: Shifted and Rotated Non-Continuous Rastrigin’s Function,10,2,200000,860.1690307052274,60.16903070522744,False,15.064164161682127
de_local_search,4,F4: Shifted and Rotated Non-Continuous Rastrigin’s Function,10,3,200000,810.0252781309953,10.025278130995275,False,15.069279432296751
de_local_search,4,F4: Shifted and Rotated Non-Continuous Rastrigin’s Function,10,4,200000,835.2846242213849,35.28462422138489,False,14.324190139770508
de_local_search,4,F4: Shifted and Rotated Non-Continuous Rastrigin’s Function,10,5,200000,864.6451629922266,64.64516299222657,False,15.06974458694458
de_local_search,4,F4: Shifted and Rotated Non-Continuous Rastrigin’s Function,10,6,200000,847.5501388496834,47.55013884968344,False,15.304478406906128
de_local_search,4,F4: Shifted and Rotated Non-Continuous Rastrigin’s Function,10,7,200000,860.7913572386976,60.79135723869763,False,14.933356523513794
de_local_search,4,F4: Shifted and Rotated Non-Continuous Rastrigin’s Function,10,8,200000,848.0231612038873,48.0231612038873,False,15.27414059638977
de_local_search,4,F4: Shifted and Rotated Non-Continuous Rastrigin’s Function,10,9,200000,840.2032567198038,40.20325671980379,False,14.696651220321655
de_local_search,4,F4: Shifted and Rotated Non-Continuous Rastrigin’s Function,10,10,200000,856.5114552759505,56.51145527595054,False,15.57224702835083
de_local_search,4,F4: Shifted and Rotated Non-Continuous Rastrigin’s Function,10,11,200000,851.0042830652311,51.00428306523111,False,15.107677936553957
de_local_search,4,F4: Shifted and Rotated Non-Continuous Rastrigin’s Function,10,12,200000,851.9517132858214,51.95171328582137,False,14.918801546096802
de_local_search,4,F4: Shifted and Rotated Non-Continuous Rastrigin’s Function,10,13,200000,862.4503294419368,62.45032944193679,False,15.200188398361206
de_local_search,4,F4: Shifted and Rotated Non-Continuous Rastrigin’s Function,10,14,200000,844.4185312089464,44.41853120894643,False,15.676741123199465
de_local_search,4,F4: Shifted and Rotated Non-Continuous Rastrigin’s Function,10,15,200000,868.5386860826256,68.53868608262565,False,15.264797449111938
de_local_search,4,F4: Shifted and Rotated Non-Continuous Rastrigin’s Function,10,16,200000,864.0611302704851,64.06113027048514,False,15.749908685684204
de_local_search,4,F4: Shifted and Rotated Non-Continuous Rastrigin’s Function,10,17,200000,829.688155663052,29.688155663052044,False,15.701313972473145
de_local_search,4,F4: Shifted and Rotated Non-Continuous Rastrigin’s Function,10,18,200000,838.0045134925784,38.00451349257844,False,15.809727907180786
de_local_search,4,F4: Shifted and Rotated Non-Continuous Rastrigin’s Function,10,19,200000,850.0286009674076,50.02860096740756,False,15.082657098770142
de_local_search,4,F4: Shifted and Rotated Non-Continuous Rastrigin’s Function,10,20,200000,846.1882235600797,46.18822356007968,False,15.925140380859377
de_local_search,4,F4: Shifted and Rotated Non-Continuous Rastrigin’s Function,10,21,200000,874.1478130748785,74.14781307487851,False,15.68813967704773
de_local_search,4,F4: Shifted and Rotated Non-Continuous Rastrigin’s Function,10,22,200000,836.2915566559503,36.29155665595033,False,14.780112504959106
de_local_search,4,F4: Shifted and Rotated Non-Continuous Rastrigin’s Function,10,23,200000,856.0188538906731,56.018853890673086,False,15.252081394195557
de_local_search,4,F4: Shifted and Rotated Non-Continuous Rastrigin’s Function,10,24,200000,860.7691554176098,60.7691554176098,False,14.791128158569336
de_local_search,4,F4: Shifted and Rotated Non-Continuous Rastrigin’s Function,10,25,200000,838.1096104571981,38.10961045719807,False,14.616796970367432
de_local_search,4,F4: Shifted and Rotated Non-Continuous Rastrigin’s Function,10,26,200000,840.1564608402248,40.15646084022478,False,13.860922813415527
de_local_search,4,F4: Shifted and Rotated Non-Continuous Rastrigin’s Function,10,27,200000,862.5415929068612,62.54159290686118,False,14.47972846031189
de_local_search,4,F4: Shifted and Rotated Non-Continuous Rastrigin’s Function,10,28,200000,848.5414908104578,48.54149081045784,False,14.945775985717772
de_local_search,4,F4: Shifted and Rotated Non-Continuous Rastrigin’s Function,10,29,200000,862.4702291060893,62.47022910608928,False,15.274980545043944
de_local_search,4,F4: Shifted and Rotated Non-Continuous Rastrigin’s Function,10,30,200000,828.5611307070019,28.56113070700189,False,15.773833274841309
de_local_search,5,F5: Shifted and Rotated Levy Function,10,1,200000,900.0040819417165,0.0040819417165494,False,7.841964244842529
de_local_search,5,F5: Shifted and Rotated Levy Function,10,2,200000,900.002867247801,0.0028672478009639,False,8.303233861923218
de_local_search,5,F5: Shifted and Rotated Levy Function,10,3,200000,900.0076086344939,0.007608634493863,False,7.983474016189575
de_local_search,5,F5: Shifted and Rotated Levy Function,10,4,200000,900.0105925664009,0.0105925664008736,False,7.745239734649658
de_local_search,5,F5: Shifted and Rotated Levy Function,10,5,200000,900.0024694994906,0.002469499490644,False,8.061511039733887
de_local_search,5,F5: Shifted and Rotated Levy Function,10,6,200000,900.0011023465948,0.0011023465948483,False,8.000169038772583
de_local_search,5,F5: Shifted and Rotated Levy Function,10,7,200000,900.0175726934656,0.0175726934655813,False,8.05794906616211
de_local_search,5,F5: Shifted and Rotated Levy Function,10,8,200000,900.009757489961,0.0097574899609753,False,8.246777057647705
de_local_search,5,F5: Shifted and Rotated Levy Function,10,9,200000,900.0045779788836,0.0045779788836171,False,8.17243504524231
de_local_search,5,F5: Shifted and Rotated Levy Function,10,10,200000,900.0017144933593,0.0017144933592589,False,8.052588701248169
de_local_search,5,F5: Shifted and Rotated Levy Function,10,11,200000,900.0076662249433,0.0076662249432501,False,8.134249925613403
de_local_search,5,F5: Shifted and Rotated Levy Function,10,12,200000,900.0003305111061,0.0003305111060853,False,8.14260721206665
de_local_search,5,F5: Shifted and Rotated Levy Function,10,13,200000,900.0029475412169,0.0029475412169404,False,8.218364715576172
de_local_search,5,F5: Shifted and Rotated Levy Function,10,14,200000,900.0006779406485,0.0006779406485293,False,8.372852563858032
de_local_search,5,F5: Shifted and Rotated Levy Function,10,15,200000,900.008822656827,0.0088226568269647,False,7.919301271438599
de_local_search,5,F5: Shifted and Rotated Levy Function,10,16,200000,900.0035896955239,0.0035896955239422,False,7.989989519119263
de_local_search,5,F5: Shifted and Rotated Levy Function,10,17,200000,900.0058174274039,0.0058174274039402,False,8.394087314605713
de_local_search,5,F5: Shifted and Rotated Levy Function,10,18,200000,900.0041727997573,0.0041727997572706,False,8.122906684875488
de_local_search,5,F5: Shifted and Rotated Levy Function,10,19,200000,900.0207309108331,0.0207309108330946,False,8.020403623580933
de_local_search,5,F5: Shifted and Rotated Levy Function,10,20,200000,900.0044309319511,0.0044309319511057,False,7.811869382858276
de_local_search,5,F5: Shifted and Rotated Levy Function,10,21,200000,900.0026878373537,0.0026878373537329,False,8.115417242050171
de_local_search,5,F5: Shifted and Rotated Levy Function,10,22,200000,900.002366972068,0.002366972067989,False,7.96347713470459
de_local_search,5,F5: Shifted and Rotated Levy Function,10,23,200000,900.0008998116651,0.0008998116651355,False,7.648209810256958
de_local_search,5,F5: Shifted and Rotated Levy Function,10,24,200000,900.0012674254315,0.0012674254314788,False,8.092065572738647
de_local_search,5,F5: Shifted and Rotated Levy Function,10,25,200000,900.00217292649,0.0021729264899477,False,7.897392511367798
de_local_search,5,F5: Shifted and Rotated Levy Function,10,26,200000,900.0064929833732,0.0064929833731639,False,8.03736162185669
de_local_search,5,F5: Shifted and Rotated Levy Function,10,27,200000,900.0039777095938,0.0039777095937552,False,8.053393363952637
de_local_search,5,F5: Shifted and Rotated Levy Function,10,28,200000,900.0014129645293,0.0014129645293223,False,8.039728879928589
de_local_search,5,F5: Shifted and Rotated Levy Function,10,29,200000,900.0004849106313,0.0004849106312576,False,8.209188461303711
de_local_search,5,F5: Shifted and Rotated Levy Function,10,30,200000,900.0057327603428,0.0057327603427665,False,8.15308427810669
de_local_search,6,F6: Hybrid Function 1,10,1,200000,1939.674356275402,139.67435627540203,False,9.550986289978027
de_local_search,6,F6: Hybrid Function 1,10,2,200000,2273.569799674692,473.56979967469215,False,9.690715789794922
de_local_search,6,F6: Hybrid Function 1,10,3,200000,2458.155027402103,658.1550274021029,False,9.292205572128296
de_local_search,6,F6: Hybrid Function 1,10,4,200000,2703.6757425528704,903.6757425528704,False,9.548261880874634
de_local_search,6,F6: Hybrid Function 1,10,5,200000,2022.4080327600711,222.40803276007117,False,9.400607585906982
de_local_search,6,F6: Hybrid Function 1,10,6,200000,2262.957191378021,462.957191378021,False,9.532984018325806
de_local_search,6,F6: Hybrid Function 1,10,7,200000,2177.59340315792,377.59340315792,False,9.286782026290894
de_local_search,6,F6: Hybrid Function 1,10,8,200000,2221.61020363601,421.6102036360098,False,9.491254806518556
de_local_search,6,F6: Hybrid Function 1,10,9,200000,2449.494745724431,649.4947457244311,False,9.511556625366213
de_local_search,6,F6: Hybrid Function 1,10,10,200000,2169.985500433523,369.9855004335232,False,9.920408964157104
de_local_search,6,F6: Hybrid Function 1,10,11,200000,2087.348598599709,287.3485985997095,False,9.581797122955322
de_local_search,6,F6: Hybrid Function 1,10,12,200000,2127.872525163337,327.87252516333683,False,10.117101430892944
de_local_search,6,F6: Hybrid Function 1,10,13,200000,2266.755010807692,466.7550108076921,False,10.28091812133789
de_local_search,6,F6: Hybrid Function 1,10,14,200000,2113.5428749158164,313.5428749158164,False,10.348822593688965
de_local_search,6,F6: Hybrid Function 1,10,15,200000,2182.196330454136,382.19633045413593,False,9.702687740325928
de_local_search,6,F6: Hybrid Function 1,10,16,200000,2394.2986241361423,594.2986241361423,False,9.55027723312378
de_local_search,6,F6: Hybrid Function 1,10,17,200000,1943.5458089857696,143.54580898576978,False,9.735170125961304
de_local_search,6,F6: Hybrid Function 1,10,18,200000,2301.895990062648,501.8959900626478,False,9.819571733474731
de_local_search,6,F6: Hybrid Function 1,10,19,200000,2170.6088729035023,370.6088729035023,False,9.433594226837158
de_local_search,6,F6: Hybrid Function 1,10,20,200000,2524.064525758251,724.064525758251,False,9.38544225692749
de_local_search,6,F6: Hybrid Function 1,10,21,200000,2224.7489742980733,424.7489742980733,False,9.59598445892334
de_local_search,6,F6: Hybrid Function 1,10,22,200000,2274.054289285371,474.0542892853709,False,9.544934272766112
de_local_search,6,F6: Hybrid Function 1,10,23,200000,1932.157881748269,132.1578817482689,False,9.987468004226685
de_local_search,6,F6: Hybrid Function 1,10,24,200000,2059.032349893651,259.0323498936509,False,10.120562314987184
de_local_search,6,F6: Hybrid Function 1,10,25,200000,2176.379359296771,376.3793592967709,False,9.457878112792969
de_local_search,6,F6: Hybrid Function 1,10,26,200000,2017.786050060353,217.7860500603533,False,9.354956150054932
de_local_search,6,F6: Hybrid Function 1,10,27,200000,2183.637928968319,383.6379289683191,False,9.328493118286133
de_local_search,6,F6: Hybrid Function 1,10,28,200000,2058.350540111551,258.3505401115508,False,9.55219793319702
de_local_search,6,F6: Hybrid Function 1,10,29,200000,2960.5560109945336,1160.5560109945336,False,9.548553705215454
de_local_search,6,F6: Hybrid Function 1,10,30,200000,2575.8425951129625,775.8425951129625,False,9.825160503387451
de_local_search,7,F7: Hybrid Function 2,10,1,200000,2037.575896503628,37.57589650362775,False,93.87887144088744
de_local_search,7,F7: Hybrid Function 2,10,2,200000,2038.0547012804363,38.05470128043635,False,95.96058344841003
de_local_search,7,F7: Hybrid Function 2,10,3,200000,2045.5300349835884,45.53003498358839,False,97.5587227344513
de_local_search,7,F7: Hybrid Function 2,10,4,200000,2036.6886667949784,36.68866679497819,False,93.6002037525177
de_local_search,7,F7: Hybrid Function 2,10,5,200000,2031.6070602854372,31.607060285437456,False,95.6914405822754
de_local_search,7,F7: Hybrid Function 2,10,6,200000,2043.577766861298,43.57776686129796,False,97.52714014053343
de_local_search,7,F7: Hybrid Function 2,10,7,200000,2037.2995614058784,37.29956140587842,False,94.39927053451538
de_local_search,7,F7: Hybrid Function 2,10,8,200000,2042.2242506823984,42.22425068239818,False,94.33045315742493
de_local_search,7,F7: Hybrid Function 2,10,9,200000,2043.5514302871477,43.55143028714747,False,98.58404922485352
de_local_search,7,F7: Hybrid Function 2,10,10,200000,2045.7231441765475,45.723144176547294,False,100.06052327156068
de_local_search,7,F7: Hybrid Function 2,10,11,200000,2046.403357496116,46.40335749611563,False,96.13221621513368
de_local_search,7,F7: Hybrid Function 2,10,12,200000,2035.5118595822016,35.51185958220185,False,96.48197555541992
de_local_search,7,F7: Hybrid Function 2,10,13,200000,2050.045873156277,50.04587315627714,False,93.20733904838562
de_local_search,7,F7: Hybrid Function 2,10,14,200000,2041.0072563186304,41.0072563186302,False,94.2777099609375
de_local_search,7,F7: Hybrid Function 2,10,15,200000,2046.7479800306949,46.74798003069486,False,96.466867685318
de_local_search,7,F7: Hybrid Function 2,10,16,200000,2049.600676569333,49.600676569333245,False,97.12292051315308
de_local_search,7,F7: Hybrid Function 2,10,17,200000,2038.5290420409203,38.52904204092033,False,98.37731337547302
de_local_search,7,F7: Hybrid Function 2,10,18,200000,2045.8634480176745,45.86344801767427,False,97.25787782669067
de_local_search,7,F7: Hybrid Function 2,10,19,200000,2035.5957451126335,35.59574511263372,False,97.18591403961182
de_local_search,7,F7: Hybrid Function 2,10,20,200000,2048.5306825926127,48.53068259261272,False,97.66523432731628
de_local_search,7,F7: Hybrid Function 2,10,21,200000,2038.4445921112897,38.444592111289694,False,97.02047419548036
de_local_search,7,F7: Hybrid Function 2,10,22,200000,2047.128406395682,47.12840639568208,False,91.9353506565094
de_local_search,7,F7: Hybrid Function 2,10,23,200000,2034.419929200734,34.41992920073403,False,93.06087374687196
de_local_search,7,F7: Hybrid Function 2,10,24,200000,2048.5410987647947,48.5410987647947,False,92.02964949607848
de_local_search,7,F7: Hybrid Function 2,10,25,200000,2046.586066110748,46.58606611074765,False,92.01918268203735
de_local_search,7,F7: Hybrid Function 2,10,26,200000,2038.8997316811192,38.89973168111919,False,90.6006724834442
de_local_search,7,F7: Hybrid Function 2,10,27,200000,2039.947513654692,39.94751365469188,False,90.87039232254028
de_local_search,7,F7: Hybrid Function 2,10,28,200000,2043.4288948761175,43.42889487611774,False,92.65817523002625
de_local_search,7,F7: Hybrid Function 2,10,29,200000,2049.2070634492043,49.20706344920427,False,92.27932834625244
de_local_search,7,F7: Hybrid Function 2,10,30,200000,2041.8400828764009,41.84008287640086,False,91.71444845199584
de_local_search,8,F8: Hybrid Function 3,10,1,200000,2227.7542959739467,27.75429597394668,False,128.26089549064636
de_local_search,8,F8: Hybrid Function 3,10,2,200000,2226.3190275582792,26.31902755827923,False,128.04210376739502
de_local_search,8,F8: Hybrid Function 3,10,3,200000,2230.247068316153,30.247068316153214,False,128.80588150024414
de_local_search,8,F8: Hybrid Function 3,10,4,200000,2229.1089058965204,29.108905896520355,False,126.43599796295166
de_local_search,8,F8: Hybrid Function 3,10,5,200000,2228.508908518413,28.508908518413136,False,128.64855551719666
de_local_search,8,F8: Hybrid Function 3,10,6,200000,2229.641601890245,29.641601890245056,False,126.0876944065094
de_local_search,8,F8: Hybrid Function 3,10,7,200000,2228.0636831586216,28.063683158621643,False,126.06058979034424
de_local_search,8,F8: Hybrid Function 3,10,8,200000,2229.4621760577047,29.46217605770471,False,127.56303763389587
de_local_search,8,F8: Hybrid Function 3,10,9,200000,2226.805585531751,26.80558553175115,False,125.70070600509644
de_local_search,8,F8: Hybrid Function 3,10,10,200000,2228.501471965604,28.5014719656042,False,126.91262364387512
de_local_search,8,F8: Hybrid Function 3,10,11,200000,2228.7222780762563,28.72227807625632,False,126.92708945274352
de_local_search,8,F8: Hybrid Function 3,10,12,200000,2229.9565714113405,29.95657141134052,False,123.31835651397704
de_local_search,8,F8: Hybrid Function 3,10,13,200000,2227.970603415047,27.970603415047208,False,127.0841453075409
de_local_search,8,F8: Hybrid Function 3,10,14,200000,2225.605707025738,25.60570702573796,False,127.21306896209715
de_local_search,8,F8: Hybrid Function 3,10,15,200000,2228.870102803025,28.870102803024565,False,124.15576791763306
de_local_search,8,F8: Hybrid Function 3,10,16,200000,2233.97311092273,33.97311092273003,False,125.27338647842409
de_local_search,8,F8: Hybrid Function 3,10,17,200000,2230.3328769258446,30.33287692584463,False,126.67370796203612
de_local_search,8,F8: Hybrid Function 3,10,18,200000,2229.3997201765137,29.39972017651371,False,126.31895589828493
de_local_search,8,F8: Hybrid Function 3,10,19,200000,2223.735328565105,23.735328565105192,False,126.64284944534302
de_local_search,8,F8: Hybrid Function 3,10,20,200000,2224.9285460196743,24.92854601967429,False,127.26819491386414
de_local_search,8,F8: Hybrid Function 3,10,21,200000,2225.7390317811914,25.739031781191443,False,127.33158683776855
de_local_search,8,F8: Hybrid Function 3,10,22,200000,2228.177761060388,28.17776106038764,False,124.02426767349245
de_local_search,8,F8: Hybrid Function 3,10,23,200000,2224.5015225228385,24.501522522838517,False,126.02184820175172
de_local_search,8,F8: Hybrid Function 3,10,24,200000,2220.6243085696315,20.624308569631467,False,126.9902958869934
de_local_search,8,F8: Hybrid Function 3,10,25,200000,2226.539724725992,26.539724725992077,False,130.9034926891327
de_local_search,8,F8: Hybrid Function 3,10,26,200000,2229.592862271803,29.592862271802915,False,131.05216693878174
de_local_search,8,F8: Hybrid Function 3,10,27,200000,2226.125637169981,26.125637169981477,False,131.92621088027954
de_local_search,8,F8: Hybrid Function 3,10,28,200000,2229.073489876544,29.073489876544045,False,133.323659658432
de_local_search,8,F8: Hybrid Function 3,10,29,200000,2227.9236854612286,27.92368546122861,False,133.23393297195437
de_local_search,8,F8: Hybrid Function 3,10,30,200000,2223.7302801140486,23.730280114048583,False,130.18145203590393
de_local_search,9,F9: Composition Function 1,10,1,200000,2659.138036109912,359.1380361099118,False,27.53264832496643
de_local_search,9,F9: Composition Function 1,10,2,200000,2659.114091694314,359.1140916943141,False,27.68199872970581
de_local_search,9,F9: Composition Function 1,10,3,200000,2659.327547805944,359.3275478059436,False,27.11635136604309
de_local_search,9,F9: Composition Function 1,10,4,200000,2659.098161771394,359.09816177139464,False,27.07228803634644
de_local_search,9,F9: Composition Function 1,10,5,200000,2300.0026645747125,0.0026645747125257,False,27.04070353507996
de_local_search,9,F9: Composition Function 1,10,6,200000,2659.1311403462373,359.1311403462373,False,27.53670382499695
de_local_search,9,F9: Composition Function 1,10,7,200000,2659.0996286292248,359.09962862922475,False,27.613847970962524
de_local_search,9,F9: Composition Function 1,10,8,200000,2659.1148794696096,359.1148794696096,False,27.19037652015686
de_local_search,9,F9: Composition Function 1,10,9,200000,2659.101357029488,359.1013570294881,False,27.75199294090271
de_local_search,9,F9: Composition Function 1,10,10,200000,2300.1940762048957,0.194076204895282,False,27.77149701118469
de_local_search,9,F9: Composition Function 1,10,11,200000,2659.099708807029,359.09970880702895,False,26.94265556335449
de_local_search,9,F9: Composition Function 1,10,12,200000,2659.107524754662,359.1075247546619,False,27.40900492668152
de_local_search,9,F9: Composition Function 1,10,13,200000,2659.11841354371,359.1184135437102,False,28.0766396522522
de_local_search,9,F9: Composition Function 1,10,14,200000,2659.1042659253662,359.10426592536624,False,28.40736675262451
de_local_search,9,F9: Composition Function 1,10,15,200000,2659.2004057622785,359.2004057622785,False,27.548609733581543
de_local_search,9,F9: Composition Function 1,10,16,200000,2300.0000474412705,4.744127045341884e-05,False,27.905909538269043
de_local_search,9,F9: Composition Function 1,10,17,200000,2659.1293229518874,359.1293229518874,False,28.334320306777958
de_local_search,9,F9: Composition Function 1,10,18,200000,2300.171349401075,0.1713494010750764,False,27.570059299468998
de_local_search,9,F9: Composition Function 1,10,19,200000,2659.0998912309096,359.09989123090963,False,27.32101845741272
de_local_search,9,F9: Composition Function 1,10,20,200000,2659.0985798795764,359.0985798795764,False,27.846900701522827
de_local_search,9,F9: Composition Function 1,10,21,200000,2659.103142604616,359.10314260461564,False,27.933258533477783
de_local_search,9,F9: Composition Function 1,10,22,200000,2300.232043334284,0.2320433342838441,False,27.405016660690308
de_local_search,9,F9: Composition Function 1,10,23,200000,2659.117272739076,359.11727273907536,False,27.535377740859985
de_local_search,9,F9: Composition Function 1,10,24,200000,2659.109629206866,359.109629206866,False,27.286670446395878
de_local_search,9,F9: Composition Function 1,10,25,200000,2659.4210747265183,359.4210747265183,False,28.36707663536072
de_local_search,9,F9: Composition Function 1,10,26,200000,2659.1248891279656,359.1248891279656,False,28.205289363861084
de_local_search,9,F9: Composition Function 1,10,27,200000,2659.1077345111325,359.1077345111325,False,28.02215385437012
de_local_search,9,F9: Composition Function 1,10,28,200000,2659.1073029696595,359.1073029696595,False,29.07607650756836
de_local_search,9,F9: Composition Function 1,10,29,200000,2659.110438574099,359.11043857409913,False,28.72829031944275
de_local_search,9,F9: Composition Function 1,10,30,200000,2659.103160854875,359.1031608548751,False,27.95671820640564
de_local_search,10,F10: Composition Function 2,10,1,200000,2621.446290685281,221.44629068528093,False,28.5593421459198
de_local_search,10,F10: Composition Function 2,10,2,200000,2623.5968106767773,223.5968106767773,False,28.726393461227417
de_local_search,10,F10: Composition Function 2,10,3,200000,2622.430494611802,222.4304946118018,False,29.02839708328247
de_local_search,10,F10: Composition Function 2,10,4,200000,2622.686581806852,222.6865818068518,False,30.25189423561096
de_local_search,10,F10: Composition Function 2,10,5,200000,2622.8361962316217,222.83619623162167,False,29.597219228744507
de_local_search,10,F10: Composition Function 2,10,6,200000,2622.818466815674,222.81846681567413,False,29.359925031661987
de_local_search,10,F10: Composition Function 2,10,7,200000,2622.694703449333,222.69470344933325,False,28.18439269065857
de_local_search,10,F10: Composition Function 2,10,8,200000,2622.2642494907327,222.2642494907327,False,28.596671104431152
de_local_search,10,F10: Composition Function 2,10,9,200000,2620.936669673369,220.93666967336912,False,29.23050427436829
de_local_search,10,F10: Composition Function 2,10,10,200000,2621.294691037607,221.2946910376072,False,28.27037358283997
de_local_search,10,F10: Composition Function 2,10,11,200000,2622.0733609969725,222.0733609969725,False,28.39076232910156
de_local_search,10,F10: Composition Function 2,10,12,200000,2621.658434028684,221.6584340286836,False,28.5911602973938
de_local_search,10,F10: Composition Function 2,10,13,200000,2621.406672740714,221.40667274071396,False,29.799416303634644
de_local_search,10,F10: Composition Function 2,10,14,200000,2622.747848517275,222.7478485172751,False,30.06973934173584
de_local_search,10,F10: Composition Function 2,10,15,200000,2621.5218614772,221.52186147719976,False,30.01644229888916
de_local_search,10,F10: Composition Function 2,10,16,200000,2621.9071639696067,221.9071639696067,False,29.53834223747253
de_local_search,10,F10: Composition Function 2,10,17,200000,2621.684739839943,221.6847398399432,False,29.524653434753414
de_local_search,10,F10: Composition Function 2,10,18,200000,2621.7760481695022,221.77604816950225,False,29.66097617149353
de_local_search,10,F10: Composition Function 2,10,19,200000,2621.890742584205,221.89074258420487,False,29.40298533439636
de_local_search,10,F10: Composition Function 2,10,20,200000,2621.0010239913418,221.00102399134173,False,28.088225841522217
de_local_search,10,F10: Composition Function 2,10,21,200000,2622.7599530377,222.7599530376997,False,28.602474212646484
de_local_search,10,F10: Composition Function 2,10,22,200000,2621.5526631782195,221.55266317821952,False,29.5565345287323
de_local_search,10,F10: Composition Function 2,10,23,200000,2624.117689912123,224.11768991212284,False,29.455585479736328
de_local_search,10,F10: Composition Function 2,10,24,200000,2622.214275178524,222.21427517852408,False,29.46564555168152
de_local_search,10,F10: Composition Function 2,10,25,200000,2622.4542742679523,222.45427426795231,False,29.65855813026428
de_local_search,10,F10: Composition Function 2,10,26,200000,2621.6769771695062,221.67697716950624,False,29.52188754081726
de_local_search,10,F10: Composition Function 2,10,27,200000,2621.027262639522,221.02726263952215,False,29.82238340377808
de_local_search,10,F10: Composition Function 2,10,28,200000,2621.4502753539286,221.45027535392865,False,29.44179964065552
de_local_search,10,F10: Composition Function 2,10,29,200000,2621.1784623436483,221.17846234364836,False,29.80562829971313
de_local_search,10,F10: Composition Function 2,10,30,200000,2622.8933396344078,222.8933396344073,False,29.60781192779541
de_local_search,11,F11: Composition Function 3,10,1,200000,2600.164250883833,0.1642508838331196,False,45.850165128707886
de_local_search,11,F11: Composition Function 3,10,2,200000,2600.045021391332,0.0450213913318293,False,45.99488568305969
de_local_search,11,F11: Composition Function 3,10,3,200000,2600.0342413658577,0.0342413658577243,False,45.81303262710571
de_local_search,11,F11: Composition Function 3,10,4,200000,3476.068898326548,876.0688983265482,False,47.56832027435303
de_local_search,11,F11: Composition Function 3,10,5,200000,2600.029447761653,0.0294477616530457,False,45.99163508415222
de_local_search,11,F11: Composition Function 3,10,6,200000,2600.106099264979,0.1060992649790932,False,45.64977669715881
de_local_search,11,F11: Composition Function 3,10,7,200000,2600.084501497756,0.0845014977558094,False,45.86900281906128
de_local_search,11,F11: Composition Function 3,10,8,200000,2600.164973646864,0.1649736468639275,False,45.93193602561951
de_local_search,11,F11: Composition Function 3,10,9,200000,3476.068898326548,876.0688983265482,False,46.83634972572327
de_local_search,11,F11: Composition Function 3,10,10,200000,2600.0861731679443,0.0861731679442527,False,45.38441896438599
de_local_search,11,F11: Composition Function 3,10,11,200000,2600.0610703728657,0.0610703728657426,False,45.79532170295715
de_local_search,11,F11: Composition Function 3,10,12,200000,2600.0740622844205,0.0740622844205063,False,45.24977684020996
de_local_search,11,F11: Composition Function 3,10,13,200000,2600.0000739897946,7.398979460049304e-05,False,45.04161310195923
de_local_search,11,F11: Composition Function 3,10,14,200000,2601.328179961196,1.3281799611959286,False,45.94221234321594
de_local_search,11,F11: Composition Function 3,10,15,200000,2600.1052668083125,0.1052668083125354,False,46.80766940116882
de_local_search,11,F11: Composition Function 3,10,16,200000,2600.1017620066077,0.1017620066072595,False,44.37647271156311
de_local_search,11,F11: Composition Function 3,10,17,200000,2600.065881916468,0.0658819164673332,False,45.062193632125854
de_local_search,11,F11: Composition Function 3,10,18,200000,2600.257615354666,0.2576153546660862,False,44.64716219902039
de_local_search,11,F11: Composition Function 3,10,19,200000,2600.069527602252,0.0695276022520374,False,45.10454750061035
de_local_search,11,F11: Composition Function 3,10,20,200000,2600.0707408440267,0.070740844026659,False,46.060786485672
de_local_search,11,F11: Composition Function 3,10,21,200000,2600.126021142122,0.1260211421222266,False,45.77037382125855
de_local_search,11,F11: Composition Function 3,10,22,200000,2600.024761819402,0.0247618194021015,False,45.01698303222656
de_local_search,11,F11: Composition Function 3,10,23,200000,2600.022404478731,0.0224044787310049,False,46.3411169052124
de_local_search,11,F11: Composition Function 3,10,24,200000,2600.0005112562494,0.0005112562494105,False,45.53149771690369
de_local_search,11,F11: Composition Function 3,10,25,200000,2602.875440517686,2.875440517686002,False,46.13295340538025
de_local_search,11,F11: Composition Function 3,10,26,200000,2600.0724365444808,0.0724365444807517,False,45.98196983337402
de_local_search,11,F11: Composition Function 3,10,27,200000,2600.0000643921835,6.439218350351439e-05,False,46.3143470287323
de_local_search,11,F11: Composition Function 3,10,28,200000,2600.035425284336,0.0354252843353606,False,45.92751741409302
de_local_search,11,F11: Composition Function 3,10,29,200000,2600.0653184143757,0.0653184143752696,False,46.63697624206543
de_local_search,11,F11: Composition Function 3,10,30,200000,2600.087822112228,0.0878221122279683,False,47.38758897781372
de_local_search,12,F12: Composition Function 4,10,1,200000,2865.8930117026684,165.89301170266845,False,49.90545320510864
de_local_search,12,F12: Composition Function 4,10,2,200000,2864.27221594547,164.27221594547063,False,49.90222454071045
de_local_search,12,F12: Composition Function 4,10,3,200000,2866.449944134736,166.4499441347357,False,50.01990985870361
de_local_search,12,F12: Composition Function 4,10,4,200000,2864.0182924467003,164.01829244670034,False,49.806307315826416
de_local_search,12,F12: Composition Function 4,10,5,200000,2864.4868907951222,164.48689079512224,False,49.717265605926514
de_local_search,12,F12: Composition Function 4,10,6,200000,2863.822289695133,163.8222896951329,False,50.227396965026855
de_local_search,12,F12: Composition Function 4,10,7,200000,2866.422924675926,166.42292467592597,False,50.176820516586304
de_local_search,12,F12: Composition Function 4,10,8,200000,2867.4354395687933,167.4354395687933,False,50.59636664390564
de_local_search,12,F12: Composition Function 4,10,9,200000,2863.8260759177424,163.8260759177424,False,51.460312604904175
de_local_search,12,F12: Composition Function 4,10,10,200000,2865.8921689103017,165.8921689103017,False,52.38519906997681
de_local_search,12,F12: Composition Function 4,10,11,200000,2864.901871520035,164.901871520035,False,51.94598245620728
de_local_search,12,F12: Composition Function 4,10,12,200000,2864.8978511205405,164.8978511205405,False,51.61266255378723
de_local_search,12,F12: Composition Function 4,10,13,200000,2864.475493834367,164.47549383436717,False,51.689281940460205
de_local_search,12,F12: Composition Function 4,10,14,200000,2864.475942362016,164.4759423620162,False,53.80650615692139
de_local_search,12,F12: Composition Function 4,10,15,200000,2866.3756968041453,166.37569680414526,False,51.31699538230896
de_local_search,12,F12: Composition Function 4,10,16,200000,2864.187095903909,164.1870959039088,False,51.279953479766846
de_local_search,12,F12: Composition Function 4,10,17,200000,2865.893747201438,165.89374720143817,False,53.08330321311951
de_local_search,12,F12: Composition Function 4,10,18,200000,2864.4778660822803,164.47786608228034,False,49.8400936126709
de_local_search,12,F12: Composition Function 4,10,19,200000,2864.016687938071,164.01668793807085,False,51.490766286849976
de_local_search,12,F12: Composition Function 4,10,20,200000,2863.771838616065,163.771838616065,False,55.99079036712647
de_local_search,12,F12: Composition Function 4,10,21,200000,2864.4943905088635,164.4943905088635,False,54.62029409408569
de_local_search,12,F12: Composition Function 4,10,22,200000,2865.8929307474405,165.89293074744046,False,52.281495809555054
de_local_search,12,F12: Composition Function 4,10,23,200000,2864.482883023619,164.4828830236188,False,51.42060399055481
de_local_search,12,F12: Composition Function 4,10,24,200000,2865.8479600651035,165.8479600651035,False,52.63958501815796
de_local_search,12,F12: Composition Function 4,10,25,200000,2864.9011490232765,164.9011490232765,False,53.09313893318176
de_local_search,12,F12: Composition Function 4,10,26,200000,2866.7163418928367,166.71634189283668,False,54.62156915664673
de_local_search,12,F12: Composition Function 4,10,27,200000,2865.8951233139933,165.89512331399328,False,52.49790024757385
de_local_search,12,F12: Composition Function 4,10,28,200000,2864.898108571937,164.89810857193743,False,53.86612772941589
de_local_search,12,F12: Composition Function 4,10,29,200000,2863.7753619876985,163.7753619876985,False,50.025755167007446
de_local_search,12,F12: Composition Function 4,10,30,200000,2865.427880110282,165.42788011028188,False,52.01350498199463
de_local_search,1,F1: Shifted and full Rotated Zakharov Function,20,1,1000000,300.00000000000074,7.389644451905042e-13,True,23.079181671142575
de_local_search,1,F1: Shifted and full Rotated Zakharov Function,20,2,1000000,300.0000000000006,6.252776074688883e-13,True,23.082725763320923
de_local_search,1,F1: Shifted and full Rotated Zakharov Function,20,3,1000000,300.00000000000034,3.410605131648481e-13,True,23.88050413131714
de_local_search,1,F1: Shifted and full Rotated Zakharov Function,20,4,1000000,300.00000000000034,3.410605131648481e-13,True,22.78582096099853
de_local_search,1,F1: Shifted and full Rotated Zakharov Function,20,5,1000000,300.0000000000006,6.252776074688883e-13,True,22.918784141540527
de_local_search,1,F1: Shifted and full Rotated Zakharov Function,20,6,1000000,300.0000000000003,2.842170943040401e-13,True,22.55255389213562
de_local_search,1,F1: Shifted and full Rotated Zakharov Function,20,7,1000000,300.0000000000009,9.094947017729282e-13,True,23.83844375610352
de_local_search,1,F1: Shifted and full Rotated Zakharov Function,20,8,1000000,300.0000000000002,2.273736754432321e-13,True,22.832088470458984
de_local_search,1,F1: Shifted and full Rotated Zakharov Function,20,9,1000000,300.0000000000005,5.115907697472721e-13,True,23.301358222961422
de_local_search,1,F1: Shifted and full Rotated Zakharov Function,20,10,1000000,300.00000000000034,3.410605131648481e-13,True,22.96863961219788
de_local_search,1,F1: Shifted and full Rotated Zakharov Function,20,11,1000000,300.00000000000034,3.410605131648481e-13,True,22.79748272895813
de_local_search,1,F1: Shifted and full Rotated Zakharov Function,20,12,1000000,300.0000000000006,6.252776074688883e-13,True,22.719054222106934
de_local_search,1,F1: Shifted and full Rotated Zakharov Function,20,13,1000000,300.00000000000057,5.684341886080801e-13,True,22.524199962615967
de_local_search,1,F1: Shifted and full Rotated Zakharov Function,20,14,1000000,300.00000000000045,4.547473508864641e-13,True,22.96468496322632
de_local_search,1,F1: Shifted and full Rotated Zakharov Function,20,15,1000000,300.00000000000057,5.684341886080801e-13,True,23.021860599517822
de_local_search,1,F1: Shifted and full Rotated Zakharov Function,20,16,1000000,300.0000000000006,6.252776074688883e-13,True,22.99951672554016
de_local_search,1,F1: Shifted and full Rotated Zakharov Function,20,17,1000000,300.00000000000034,3.410605131648481e-13,True,22.69578337669373
de_local_search,1,F1: Shifted and full Rotated Zakharov Function,20,18,1000000,300.0000000000002,2.273736754432321e-13,True,22.611127138137817
de_local_search,1,F1: Shifted and full Rotated Zakharov Function,20,19,1000000,300.0000000000005,5.115907697472721e-13,True,22.719975233078003
de_local_search,1,F1: Shifted and full Rotated Zakharov Function,20,20,1000000,300.0000000000004,3.979039320256561e-13,True,22.91492199897766
de_local_search,1,F1: Shifted and full Rotated Zakharov Function,20,21,1000000,300.0000000000005,5.115907697472721e-13,True,23.146666526794437
de_local_search,1,F1: Shifted and full Rotated Zakharov Function,20,22,1000000,300.00000000000057,5.684341886080801e-13,True,25.382744312286377
de_local_search,1,F1: Shifted and full Rotated Zakharov Function,20,23,1000000,300.00000000000045,4.547473508864641e-13,True,25.25459027290344
de_local_search,1,F1: Shifted and full Rotated Zakharov Function,20,24,1000000,300.0000000000004,3.979039320256561e-13,True,23.803148984909058
de_local_search,1,F1: Shifted and full Rotated Zakharov Function,20,25,1000000,300.0000000000005,5.115907697472721e-13,True,23.432064056396484
de_local_search,1,F1: Shifted and full Rotated Zakharov Function,20,26,1000000,300.00000000000057,5.684341886080801e-13,True,23.78001642227173
de_local_search,1,F1: Shifted and full Rotated Zakharov Function,20,27,1000000,300.0000000000004,3.979039320256561e-13,True,23.40907573699951
de_local_search,1,F1: Shifted and full Rotated Zakharov Function,20,28,1000000,300.0000000000006,6.252776074688883e-13,True,23.013285160064697
de_local_search,1,F1: Shifted and full Rotated Zakharov Function,20,29,1000000,300.0000000000007,6.821210263296962e-13,True,23.2649142742157
de_local_search,1,F1: Shifted and full Rotated Zakharov Function,20,30,1000000,300.0000000000003,2.842170943040401e-13,True,22.858376026153564
de_local_search,2,F2: Shifted and Rotated Rosenbrock’s Function,20,1,1000000,449.08894467880543,49.08894467880543,False,30.31160449981689
de_local_search,2,F2: Shifted and Rotated Rosenbrock’s Function,20,2,1000000,445.0066380345665,45.00663803456649,False,31.131181955337524
de_local_search,2,F2: Shifted and Rotated Rosenbrock’s Function,20,3,1000000,444.9276002733942,44.927600273394205,False,31.57427024841309
de_local_search,2,F2: Shifted and Rotated Rosenbrock’s Function,20,4,1000000,446.5429910059465,46.54299100594648,False,31.58390712738037
de_local_search,2,F2: Shifted and Rotated Rosenbrock’s Function,20,5,1000000,444.9449429693486,44.944942969348574,False,30.649572372436523
de_local_search,2,F2: Shifted and Rotated Rosenbrock’s Function,20,6,1000000,449.17554589174335,49.17554589174336,False,30.6878604888916
de_local_search,2,F2: Shifted and Rotated Rosenbrock’s Function,20,7,1000000,445.0744909133248,45.07449091332484,False,30.65052556991577
de_local_search,2,F2: Shifted and Rotated Rosenbrock’s Function,20,8,1000000,449.1025031770735,49.10250317707346,False,30.18517518043518
de_local_search,2,F2: Shifted and Rotated Rosenbrock’s Function,20,9,1000000,444.9980023085749,44.99800230857488,False,30.609339952468872
de_local_search,2,F2: Shifted and Rotated Rosenbrock’s Function,20,10,1000000,444.9590135048745,44.95901350487452,False,31.11495995521545
de_local_search,2,F2: Shifted and Rotated Rosenbrock’s Function,20,11,1000000,449.1021199273439,49.10211992734389,False,30.623706817626957
de_local_search,2,F2: Shifted and Rotated Rosenbrock’s Function,20,12,1000000,408.5549618843436,8.554961884343584,False,31.04070353507996
de_local_search,2,F2: Shifted and Rotated Rosenbrock’s Function,20,13,1000000,407.7452061244012,7.745206124401193,False,31.16048383712769
de_local_search,2,F2: Shifted and Rotated Rosenbrock’s Function,20,14,1000000,406.08626531745387,6.086265317453865,False,31.50274085998535
de_local_search,2,F2: Shifted and Rotated Rosenbrock’s Function,20,15,1000000,445.0438295356757,45.04382953567574,False,31.54704260826111
de_local_search,2,F2: Shifted and Rotated Rosenbrock’s Function,20,16,1000000,444.93119590327103,44.93119590327103,False,30.88528537750244
de_local_search,2,F2: Shifted and Rotated Rosenbrock’s Function,20,17,1000000,444.9593196106565,44.95931961065645,False,31.17155265808105
de_local_search,2,F2: Shifted and Rotated Rosenbrock’s Function,20,18,1000000,449.104902724641,49.10490272464102,False,31.39800763130188
de_local_search,2,F2: Shifted and Rotated Rosenbrock’s Function,20,19,1000000,449.1052349157824,49.105234915782376,False,31.079668283462524
de_local_search,2,F2: Shifted and Rotated Rosenbrock’s Function,20,20,1000000,445.0193462055851,45.01934620558512,False,30.58999729156494
de_local_search,2,F2: Shifted and Rotated Rosenbrock’s Function,20,21,1000000,444.9176960181634,44.91769601816338,False,32.191922187805176
de_local_search,2,F2: Shifted and Rotated Rosenbrock’s Function,20,22,1000000,449.1537903057303,49.1537903057303,False,31.73282504081726
de_local_search,2,F2: Shifted and Rotated Rosenbrock’s Function,20,23,1000000,444.94067452261646,44.94067452261646,False,30.733208656311035
de_local_search,2,F2: Shifted and Rotated Rosenbrock’s Function,20,24,1000000,445.0000152650936,45.000015265093566,False,30.515899658203125
de_local_search,2,F2: Shifted and Rotated Rosenbrock’s Function,20,25,1000000,444.9166400224908,44.91664002249075,False,30.25390338897705
de_local_search,2,F2: Shifted and Rotated Rosenbrock’s Function,20,26,1000000,449.1591929644659,49.15919296446589,False,30.214076042175293
de_local_search,2,F2: Shifted and Rotated Rosenbrock’s Function,20,27,1000000,444.9952475514991,44.99524755149906,False,30.57396864891052
de_local_search,2,F2: Shifted and Rotated Rosenbrock’s Function,20,28,1000000,449.09966845944734,49.099668459447344,False,30.67366313934326
de_local_search,2,F2: Shifted and Rotated Rosenbrock’s Function,20,29,1000000,449.1832455836711,49.18324558367107,False,31.025455951690677
de_local_search,2,F2: Shifted and Rotated Rosenbrock’s Function,20,30,1000000,449.1095246921747,49.10952469217472,False,30.94832873344421
de_local_search,3,F3: Shifted and full Rotated Expanded Schaffer’s F7,20,1,1000000,600.0000098783842,9.878384162220756e-06,False,49.834150314331055
de_local_search,3,F3: Shifted and full Rotated Expanded Schaffer’s F7,20,2,1000000,600.0000328348306,3.283483056293335e-05,False,51.1114239692688
de_local_search,3,F3: Shifted and full Rotated Expanded Schaffer’s F7,20,3,1000000,600.0000293854695,2.938546947461873e-05,False,49.56927394866944
de_local_search,3,F3: Shifted and full Rotated Expanded Schaffer’s F7,20,4,1000000,600.0000534524161,5.3452416068466846e-05,False,49.11614775657654
de_local_search,3,F3: Shifted and full Rotated Expanded Schaffer’s F7,20,5,1000000,600.0000164701722,1.647017222694558e-05,False,49.56375670433045
de_local_search,3,F3: Shifted and full Rotated Expanded Schaffer’s F7,20,6,1000000,600.0000296142912,2.9614291179314023e-05,False,49.726043462753296
de_local_search,3,F3: Shifted and full Rotated Expanded Schaffer’s F7,20,7,1000000,600.0000230975522,2.309755222995591e-05,False,49.94918155670166
de_local_search,3,F3: Shifted and full Rotated Expanded Schaffer’s F7,20,8,1000000,600.0000133503484,1.3350348353924346e-05,False,49.76660203933716
de_local_search,3,F3: Shifted and full Rotated Expanded Schaffer’s F7,20,9,1000000,600.000021714438,2.171443804854789e-05,False,48.973087310791016
de_local_search,3,F3: Shifted and full Rotated Expanded Schaffer’s F7,20,10,1000000,600.0000382693651,3.826936506357015e-05,False,49.71117806434631
de_local_search,3,F3: Shifted and full Rotated Expanded Schaffer’s F7,20,11,1000000,600.0000315348783,3.153487830331869e-05,False,49.30334734916687
de_local_search,3,F3: Shifted and full Rotated Expanded Schaffer’s F7,20,12,1000000,600.0000306969512,3.069695117119409e-05,False,50.36161231994629
de_local_search,3,F3: Shifted and full Rotated Expanded Schaffer’s F7,20,13,1000000,600.0000106451777,1.064517766735662e-05,False,50.46298694610596
de_local_search,3,F3: Shifted and full Rotated Expanded Schaffer’s F7,20,14,1000000,600.0000356567716,3.5656771615322214e-05,False,48.989779233932495
de_local_search,3,F3: Shifted and full Rotated Expanded Schaffer’s F7,20,15,1000000,600.0000154228201,1.5422820069943555e-05,False,49.02825546264648
de_local_search,3,F3: Shifted and full Rotated Expanded Schaffer’s F7,20,16,1000000,600.0000585228631,5.85228631280188e-05,False,49.09425354003906
de_local_search,3,F3: Shifted and full Rotated Expanded Schaffer’s F7,20,17,1000000,600.0000123075956,1.2307595625316026e-05,False,48.80557441711426
de_local_search,3,F3: Shifted and full Rotated Expanded Schaffer’s F7,20,18,1000000,600.0000068478297,6.847829695288965e-06,False,48.8273549079895
de_local_search,3,F3: Shifted and full Rotated Expanded Schaffer’s F7,20,19,1000000,600.000031570174,3.1570173973705096e-05,False,48.46928215026856
de_local_search,3,F3: Shifted and full Rotated Expanded Schaffer’s F7,20,20,1000000,600.0000166140231,1.661402313857252e-05,False,48.8724057674408
de_local_search,3,F3: Shifted and full Rotated Expanded Schaffer’s F7,20,21,1000000,600.0000089523307,8.952330745159998e-06,False,49.52754712104797
de_local_search,3,F3: Shifted and full Rotated Expanded Schaffer’s F7,20,22,1000000,600.0000121463014,1.2146301401116943e-05,False,48.17531728744507
de_local_search,3,F3: Shifted and full Rotated Expanded Schaffer’s F7,20,23,1000000,600.0000271488744,2.7148874437443737e-05,False,48.632630825042725
de_local_search,3,F3: Shifted and full Rotated Expanded Schaffer’s F7,20,24,1000000,600.0000102618785,1.0261878514938871e-05,False,47.16362500190735
de_local_search,3,F3: Shifted and full Rotated Expanded Schaffer’s F7,20,25,1000000,600.0000497813246,4.978132460564666e-05,False,47.1245276927948
de_local_search,3,F3: Shifted and full Rotated Expanded Schaffer’s F7,20,26,1000000,600.0000224816357,2.2481635710391856e-05,False,46.7480731010437
de_local_search,3,F3: Shifted and full Rotated Expanded Schaffer’s F7,20,27,1000000,600.0000122630805,1.2263080520824587e-05,False,46.47069907188416
de_local_search,3,F3: Shifted and full Rotated Expanded Schaffer’s F7,20,28,1000000,600.0000341492199,3.414921991407027e-05,False,46.850295066833496
de_local_search,3,F3: Shifted and full Rotated Expanded Schaffer’s F7,20,29,1000000,600.0000087332801,8.733280083106365e-06,False,52.85891604423523
de_local_search,3,F3: Shifted and full Rotated Expanded Schaffer’s F7,20,30,1000000,600.0000030958745,3.095874490099959e-06,False,49.74343633651733
de_local_search,4,F4: Shifted and Rotated Non-Continuous Rastrigin’s Function,20,1,1000000,1022.2807899404208,222.28078994042085,False,81.09794449806213
de_local_search,4,F4: Shifted and Rotated Non-Continuous Rastrigin’s Function,20,2,1000000,914.0142845274188,114.01428452741868,False,81.53406190872192
de_local_search,4,F4: Shifted and Rotated Non-Continuous Rastrigin’s Function,20,3,1000000,1007.5000675744212,207.5000675744213,False,84.77473497390747
de_local_search,4,F4: Shifted and Rotated Non-Continuous Rastrigin’s Function,20,4,1000000,941.0003056867988,141.0003056867987,False,76.73497247695923
de_local_search,4,F4: Shifted and Rotated Non-Continuous Rastrigin’s Function,20,5,1000000,971.0855633420856,171.0855633420856,False,75.48374271392822
de_local_search,4,F4: Shifted and Rotated Non-Continuous Rastrigin’s Function,20,6,1000000,1015.5000289061496,215.5000289061496,False,78.05937170982361
de_local_search,4,F4: Shifted and Rotated Non-Continuous Rastrigin’s Function,20,7,1000000,975.0002606010062,175.00026060100618,False,75.79959893226624
de_local_search,4,F4: Shifted and Rotated Non-Continuous Rastrigin’s Function,20,8,1000000,985.0013388851376,185.0013388851376,False,76.34026718139648
de_local_search,4,F4: Shifted and Rotated Non-Continuous Rastrigin’s Function,20,9,1000000,943.002120155992,143.00212015599186,False,82.62361884117126
de_local_search,4,F4: Shifted and Rotated Non-Continuous Rastrigin’s Function,20,10,1000000,1007.029092699054,207.029092699054,False,85.76045775413513
de_local_search,4,F4: Shifted and Rotated Non-Continuous Rastrigin’s Function,20,11,1000000,894.363759022516,94.36375902251598,False,80.21566677093506
de_local_search,4,F4: Shifted and Rotated Non-Continuous Rastrigin’s Function,20,12,1000000,989.5000076886944,189.5000076886944,False,76.52853155136108
de_local_search,4,F4: Shifted and Rotated Non-Continuous Rastrigin’s Function,20,13,1000000,953.0004398809318,153.00043988093182,False,76.31393337249756
de_local_search,4,F4: Shifted and Rotated Non-Continuous Rastrigin’s Function,20,14,1000000,962.6001167222208,162.60011672222072,False,76.19790649414062
de_local_search,4,F4: Shifted and Rotated Non-Continuous Rastrigin’s Function,20,15,1000000,972.5042251284596,172.50422512845955,False,73.4713146686554
de_local_search,4,F4: Shifted and Rotated Non-Continuous Rastrigin’s Function,20,16,1000000,954.6090164005756,154.60901640057557,False,73.10047197341919
de_local_search,4,F4: Shifted and Rotated Non-Continuous Rastrigin’s Function,20,17,1000000,1007.5271135747792,207.52711357477915,False,73.11344003677368
de_local_search,4,F4: Shifted and Rotated Non-Continuous Rastrigin’s Function,20,18,1000000,1013.5062868530212,213.50628685302115,False,76.99814462661743
de_local_search,4,F4: Shifted and Rotated Non-Continuous Rastrigin’s Function,20,19,1000000,963.6806986020688,163.6806986020688,False,74.70834255218506
de_local_search,4,F4: Shifted and Rotated Non-Continuous Rastrigin’s Function,20,20,1000000,969.5028120750384,169.5028120750385,False,73.40118169784546
de_local_search,4,F4: Shifted and Rotated Non-Continuous Rastrigin’s Function,20,21,1000000,972.5000041512022,172.50000415120223,False,72.23036766052246
de_local_search,4,F4: Shifted and Rotated Non-Continuous Rastrigin’s Function,20,22,1000000,971.0000153831484,171.00001538314825,False,75.47875952720642
de_local_search,4,F4: Shifted and Rotated Non-Continuous Rastrigin’s Function,20,23,1000000,975.000039069909,175.000039069909,False,77.39921140670776
de_local_search,4,F4: Shifted and Rotated Non-Continuous Rastrigin’s Function,20,24,1000000,1013.000000332797,213.00000033279696,False,76.82653212547302
de_local_search,4,F4: Shifted and Rotated Non-Continuous Rastrigin’s Function,20,25,1000000,996.621296408741,196.62129640874105,False,76.69901704788208
de_local_search,4,F4: Shifted and Rotated Non-Continuous Rastrigin’s Function,20,26,1000000,985.0002363227476,185.0002363227476,False,77.96323919296265
de_local_search,4,F4: Shifted and Rotated Non-Continuous Rastrigin’s Function,20,27,1000000,977.0000013036532,177.0000013036533,False,78.21339511871338
de_local_search,4,F4: Shifted and Rotated Non-Continuous Rastrigin’s Function,20,28,1000000,958.0214447159948,158.02144471599468,False,77.68024230003357
de_local_search,4,F4: Shifted and Rotated Non-Continuous Rastrigin’s Function,20,29,1000000,936.000000263588,136.00000026358794,False,77.61382722854614
de_local_search,4,F4: Shifted and Rotated Non-Continuous Rastrigin’s Function,20,30,1000000,987.0000000024384,187.0000000024384,False,75.56567215919495
de_local_search,5,F5: Shifted and Rotated Levy Function,20,1,1000000,900.005781525158,0.0057815251579995,False,40.70947980880737
de_local_search,5,F5: Shifted and Rotated Levy Function,20,2,1000000,900.0256637256367,0.0256637256367184,False,40.44382882118225
de_local_search,5,F5: Shifted and Rotated Levy Function,20,3,1000000,900.0064388960556,0.0064388960555561,False,40.50941205024719
de_local_search,5,F5: Shifted and Rotated Levy Function,20,4,1000000,900.027635580531,0.0276355805309549,False,40.94136929512024
de_local_search,5,F5: Shifted and Rotated Levy Function,20,5,1000000,900.2013274404372,0.2013274404372396,False,40.90309739112854
de_local_search,5,F5: Shifted and Rotated Levy Function,20,6,1000000,900.0161745556029,0.0161745556029018,False,40.42863488197327
de_local_search,5,F5: Shifted and Rotated Levy Function,20,7,1000000,900.0882511175597,0.0882511175597073,False,40.06331992149353
de_local_search,5,F5: Shifted and Rotated Levy Function,20,8,1000000,900.060894722646,0.0608947226460259,False,39.504374980926514
de_local_search,5,F5: Shifted and Rotated Levy Function,20,9,1000000,900.0158783819153,0.0158783819152859,False,40.11492109298706
de_local_search,5,F5: Shifted and Rotated Levy Function,20,10,1000000,900.0423920814668,0.0423920814668008,False,39.024704694747925
de_local_search,5,F5: Shifted and Rotated Levy Function,20,11,1000000,900.0630762324776,0.063076232477556,False,41.17734360694885
de_local_search,5,F5: Shifted and Rotated Levy Function,20,12,1000000,900.0295848213666,0.0295848213665976,False,40.96236848831177
de_local_search,5,F5: Shifted and Rotated Levy Function,20,13,1000000,900.0422282302032,0.0422282302032499,False,40.97821497917175
de_local_search,5,F5: Shifted and Rotated Levy Function,20,14,1000000,900.058602124697,0.0586021246970176,False,40.53285241127014
de_local_search,5,F5: Shifted and Rotated Levy Function,20,15,1000000,900.0437414961942,0.0437414961942295,False,40.624892473220825
de_local_search,5,F5: Shifted and Rotated Levy Function,20,16,1000000,900.0782282927098,0.0782282927098094,False,42.0084400177002
de_local_search,5,F5: Shifted and Rotated Levy Function,20,17,1000000,900.0160589132211,0.0160589132210589,False,42.9472815990448
de_local_search,5,F5: Shifted and Rotated Levy Function,20,18,1000000,900.0071427027253,0.0071427027253321,False,41.28279948234558
de_local_search,5,F5: Shifted and Rotated Levy Function,20,19,1000000,900.0251659830869,0.0251659830869357,False,40.3949019908905
de_local_search,5,F5: Shifted and Rotated Levy Function,20,20,1000000,900.0395871395566,0.0395871395566018,False,40.15455365180969
de_local_search,5,F5: Shifted and Rotated Levy Function,20,21,1000000,900.0088666241579,0.0088666241579176,False,40.33873391151428
de_local_search,5,F5: Shifted and Rotated Levy Function,20,22,1000000,900.0786291625582,0.0786291625581725,False,40.57579278945923
de_local_search,5,F5: Shifted and Rotated Levy Function,20,23,1000000,900.0183434692818,0.0183434692818309,False,40.55700922012329
de_local_search,5,F5: Shifted and Rotated Levy Function,20,24,1000000,900.0537380515511,0.0537380515511358,False,40.11006140708923
de_local_search,5,F5: Shifted and Rotated Levy Function,20,25,1000000,900.0100671380599,0.0100671380598669,False,40.73535132408142
de_local_search,5,F5: Shifted and Rotated Levy Function,20,26,1000000,900.0305316779103,0.0305316779102895,False,40.00650763511658
de_local_search,5,F5: Shifted and Rotated Levy Function,20,27,1000000,900.0190507318312,0.0190507318311574,False,40.72345280647278
de_local_search,5,F5: Shifted and Rotated Levy Function,20,28,1000000,900.1014047912504,0.1014047912503883,False,40.270347356796265
de_local_search,5,F5: Shifted and Rotated Levy Function,20,29,1000000,900.0133974895039,0.0133974895038591,False,40.92581582069397
de_local_search,5,F5: Shifted and Rotated Levy Function,20,30,1000000,900.0110664506439,0.0110664506438524,False,41.88141465187073
de_local_search,6,F6: Hybrid Function 1,20,1,1000000,1753888.83069148,1752088.83069148,False,47.81417417526245
de_local_search,6,F6: Hybrid Function 1,20,2,1000000,9558864.461952422,9557064.461952422,False,48.048402547836304
de_local_search,6,F6: Hybrid Function 1,20,3,1000000,19445581.761566605,19443781.761566605,False,49.132559061050415
de_local_search,6,F6: Hybrid Function 1,20,4,1000000,1574333.0369368317,1572533.0369368317,False,49.088658571243286
de_local_search,6,F6: Hybrid Function 1,20,5,1000000,4732701.064917085,4730901.064917085,False,48.40055537223816
de_local_search,6,F6: Hybrid Function 1,20,6,1000000,1476344.3404790468,1474544.3404790468,False,48.74553918838501
de_local_search,6,F6: Hybrid Function 1,20,7,1000000,3114121.7762315143,3112321.7762315143,False,49.30235075950623
de_local_search,6,F6: Hybrid Function 1,20,8,1000000,2922347.7147327284,2920547.7147327284,False,49.96426010131836
de_local_search,6,F6: Hybrid Function 1,20,9,1000000,2954861.130101279,2953061.130101279,False,49.12089276313782
de_local_search,6,F6: Hybrid Function 1,20,10,1000000,1726419.3550496935,1724619.3550496935,False,49.38417172431946
de_local_search,6,F6: Hybrid Function 1,20,11,1000000,2257017.250366979,2255217.250366979,False,48.17206573486328
de_local_search,6,F6: Hybrid Function 1,20,12,1000000,6128945.73874455,6127145.73874455,False,48.7484347820282
de_local_search,6,F6: Hybrid Function 1,20,13,1000000,8046874.280911227,8045074.280911227,False,48.40326809883118
de_local_search,6,F6: Hybrid Function 1,20,14,1000000,2418908.563426264,2417108.563426264,False,49.456652879714966
de_local_search,6,F6: Hybrid Function 1,20,15,1000000,2819147.4857227416,2817347.4857227416,False,48.08627700805664
de_local_search,6,F6: Hybrid Function 1,20,16,1000000,5180545.738503067,5178745.738503067,False,48.798377990722656
de_local_search,6,F6: Hybrid Function 1,20,17,1000000,789468.0470929657,787668.0470929657,False,48.47503042221069
de_local_search,6,F6: Hybrid Function 1,20,18,1000000,6974633.922283689,6972833.922283689,False,49.301344871521
de_local_search,6,F6: Hybrid Function 1,20,19,1000000,10195579.56206867,10193779.56206867,False,49.23244309425354
de_local_search,6,F6: Hybrid Function 1,20,20,1000000,5540490.101187317,5538690.101187317,False,48.85010504722595
de_local_search,6,F6: Hybrid Function 1,20,21,1000000,3079612.451776109,3077812.451776109,False,48.197460651397705
de_local_search,6,F6: Hybrid Function 1,20,22,1000000,2162944.8477450586,2161144.8477450586,False,47.449485778808594
de_local_search,6,F6: Hybrid Function 1,20,23,1000000,3889910.6406465983,3888110.6406465983,False,49.11539578437805
de_local_search,6,F6: Hybrid Function 1,20,24,1000000,4635431.202467889,4633631.202467889,False,47.09891295433045
de_local_search,6,F6: Hybrid Function 1,20,25,1000000,2308583.5237434064,2306783.5237434064,False,46.04405856132507
de_local_search,6,F6: Hybrid Function 1,20,26,1000000,2139409.237647448,2137609.237647448,False,45.22638654708862
de_local_search,6,F6: Hybrid Function 1,20,27,1000000,3958181.522981838,3956381.522981838,False,45.62856864929199
de_local_search,6,F6: Hybrid Function 1,20,28,1000000,538248.2667610212,536448.2667610212,False,45.66796135902405
de_local_search,6,F6: Hybrid Function 1,20,29,1000000,2686194.767089972,2684394.767089972,False,45.24464678764343
de_local_search,6,F6: Hybrid Function 1,20,30,1000000,6121819.529889266,6120019.529889266,False,47.163636445999146
de_local_search,7,F7: Hybrid Function 2,20,1,1000000,2111.868881484009,111.86888148400884,False,816.4092030525208
de_local_search,7,F7: Hybrid Function 2,20,2,1000000,2074.995493797696,74.99549379769587,False,850.2050819396973
de_local_search,7,F7: Hybrid Function 2,20,3,1000000,2067.783986261502,67.78398626150192,False,843.0125524997711
de_local_search,7,F7: Hybrid Function 2,20,4,1000000,2060.0590455874494,60.05904558744942,False,817.7264170646667
de_local_search,7,F7: Hybrid Function 2,20,5,1000000,2109.0296049444246,109.0296049444246,False,818.4250581264496
de_local_search,7,F7: Hybrid Function 2,20,6,1000000,2139.3966393294613,139.39663932946132,False,817.9162409305573
de_local_search,7,F7: Hybrid Function 2,20,7,1000000,2175.363042423795,175.36304242379492,False,819.840815782547
de_local_search,7,F7: Hybrid Function 2,20,8,1000000,2164.757283694976,164.75728369497574,False,816.0398979187012
de_local_search,7,F7: Hybrid Function 2,20,9,1000000,2107.216644950867,107.2166449508668,False,821.945175409317
de_local_search,7,F7: Hybrid Function 2,20,10,1000000,2163.924327911021,163.92432791102055,False,817.0855300426483
de_local_search,7,F7: Hybrid Function 2,20,11,1000000,2076.5796885307304,76.57968853073044,False,823.70290184021
de_local_search,7,F7: Hybrid Function 2,20,12,1000000,2086.34822213743,86.34822213743018,False,818.0502557754517
de_local_search,7,F7: Hybrid Function 2,20,13,1000000,2091.9909766196247,91.99097661962467,False,825.3646399974823
de_local_search,7,F7: Hybrid Function 2,20,14,1000000,2171.4233103467936,171.42331034679364,False,820.4333231449127
de_local_search,7,F7: Hybrid Function 2,20,15,1000000,2068.643949745186,68.64394974518609,False,826.4691233634949
de_local_search,7,F7: Hybrid Function 2,20,16,1000000,2180.1206943032007,180.1206943032007,False,825.015881061554
de_local_search,7,F7: Hybrid Function 2,20,17,1000000,2070.968536759354,70.96853675935381,False,821.0312614440918
de_local_search,7,F7: Hybrid Function 2,20,18,1000000,2125.524960627898,125.52496062789804,False,819.560081243515
de_local_search,7,F7: Hybrid Function 2,20,19,1000000,2082.146599438073,82.14659943807283,False,816.497745513916
de_local_search,7,F7: Hybrid Function 2,20,20,1000000,2325.583451367849,325.5834513678492,False,824.1669671535492
de_local_search,7,F7: Hybrid Function 2,20,21,1000000,2178.617731212334,178.6177312123341,False,821.2602753639221
de_local_search,7,F7: Hybrid Function 2,20,22,1000000,2115.589463258916,115.58946325891613,False,817.7043135166168
de_local_search,7,F7: Hybrid Function 2,20,23,1000000,2105.25489431836,105.25489431835967,False,814.9673264026642
de_local_search,7,F7: Hybrid Function 2,20,24,1000000,2186.47556204338,186.4755620433793,False,812.5234053134918
de_local_search,7,F7: Hybrid Function 2,20,25,1000000,2070.387298570136,70.38729857013595,False,812.2608225345612
de_local_search,7,F7: Hybrid Function 2,20,26,1000000,2099.701360638709,99.7013606387095,False,812.7527873516083
de_local_search,7,F7: Hybrid Function 2,20,27,1000000,2096.4446600352576,96.44466003525758,False,816.7316863536835
de_local_search,7,F7: Hybrid Function 2,20,28,1000000,2076.477046651849,76.47704665184892,False,818.9482855796814
de_local_search,7,F7: Hybrid Function 2,20,29,1000000,2180.5345642408333,180.53456424083333,False,813.862598657608
de_local_search,7,F7: Hybrid Function 2,20,30,1000000,2073.688111966865,73.68811196686511,False,820.6734108924866
de_local_search,8,F8: Hybrid Function 3,20,1,1000000,2281.496127267529,81.49612726752912,False,1153.8609471321106
de_local_search,8,F8: Hybrid Function 3,20,2,1000000,2335.6613628170003,135.66136281700028,False,1148.6009829044342
de_local_search,8,F8: Hybrid Function 3,20,3,1000000,2275.53256273759,75.53256273759007,False,1154.0365142822266
de_local_search,8,F8: Hybrid Function 3,20,4,1000000,2363.2688642254566,163.26886422545658,False,1153.2584037780762
de_local_search,8,F8: Hybrid Function 3,20,5,1000000,2296.118245377388,96.11824537738768,False,1153.1961345672607
de_local_search,8,F8: Hybrid Function 3,20,6,1000000,2285.131563887359,85.13156388735888,False,1156.3430700302124
de_local_search,8,F8: Hybrid Function 3,20,7,1000000,2394.848871957964,194.8488719579641,False,1152.2151844501495
de_local_search,8,F8: Hybrid Function 3,20,8,1000000,2532.96766523972,332.9676652397202,False,1153.3086426258087
de_local_search,8,F8: Hybrid Function 3,20,9,1000000,2366.722404083024,166.72240408302332,False,1152.276270866394
de_local_search,8,F8: Hybrid Function 3,20,10,1000000,2406.8276153872985,206.8276153872985,False,1148.7575380802157
de_local_search,8,F8: Hybrid Function 3,20,11,1000000,2370.9980377878583,170.99803778785827,False,1153.3347747325895
de_local_search,8,F8: Hybrid Function 3,20,12,1000000,2300.689200100899,100.68920010089914,False,1155.8407711982727
de_local_search,8,F8: Hybrid Function 3,20,13,1000000,2333.102263068163,133.1022630681632,False,1152.6903357505798
de_local_search,8,F8: Hybrid Function 3,20,14,1000000,2716.6406704031083,516.6406704031083,False,1153.5815455913544
de_local_search,8,F8: Hybrid Function 3,20,15,1000000,2382.393434202649,182.39343420264916,False,1150.708439826965
de_local_search,8,F8: Hybrid Function 3,20,16,1000000,2284.716628563361,84.71662856336116,False,1152.4416530132294
de_local_search,8,F8: Hybrid Function 3,20,17,1000000,2430.6568107070634,230.6568107070634,False,1159.409172296524
de_local_search,8,F8: Hybrid Function 3,20,18,1000000,2382.2670512187287,182.26705121872877,False,1151.034985780716
de_local_search,8,F8: Hybrid Function 3,20,19,1000000,2258.9470738448945,58.94707384489448,False,1152.4620306491852
de_local_search,8,F8: Hybrid Function 3,20,20,1000000,2849.2694968253245,649.2694968253245,False,1154.6283571720123
de_local_search,8,F8: Hybrid Function 3,20,21,1000000,2357.7430418803674,157.7430418803674,False,1152.8692953586578
de_local_search,8,F8: Hybrid Function 3,20,22,1000000,2434.2973102421265,234.2973102421265,False,1158.106112241745
de_local_search,8,F8: Hybrid Function 3,20,23,1000000,2299.824254025232,99.82425402523222,False,1155.8061728477478
de_local_search,8,F8: Hybrid Function 3,20,24,1000000,2367.2131523777284,167.21315237772842,False,1150.994712352753
de_local_search,8,F8: Hybrid Function 3,20,25,1000000,2360.7441671482084,160.74416714820836,False,1153.4190340042114
de_local_search,8,F8: Hybrid Function 3,20,26,1000000,2259.021114402317,59.021114402316925,False,1156.3143389225006
de_local_search,8,F8: Hybrid Function 3,20,27,1000000,2336.1308726732545,136.13087267325454,False,1153.0487525463104
de_local_search,8,F8: Hybrid Function 3,20,28,1000000,2315.5458550179364,115.54585501793645,False,1157.3057701587677
de_local_search,8,F8: Hybrid Function 3,20,29,1000000,2401.589995085896,201.5899950858961,False,1162.2340235710144
de_local_search,8,F8: Hybrid Function 3,20,30,1000000,2384.425487094682,184.425487094682,False,1183.3516709804535
de_local_search,9,F9: Composition Function 1,20,1,1000000,2635.651168510772,335.6511685107721,False,142.56780862808228
de_local_search,9,F9: Composition Function 1,20,2,1000000,2635.662274916704,335.6622749167036,False,141.27975273132324
de_local_search,9,F9: Composition Function 1,20,3,1000000,2635.694335053811,335.69433505381085,False,140.95346593856812
de_local_search,9,F9: Composition Function 1,20,4,1000000,2635.657821896191,335.65782189619085,False,141.28333044052124
de_local_search,9,F9: Composition Function 1,20,5,1000000,2635.647673982008,335.6476739820082,False,139.96907591819763
de_local_search,9,F9: Composition Function 1,20,6,1000000,2635.644068660531,335.64406866053105,False,139.78194165229797
de_local_search,9,F9: Composition Function 1,20,7,1000000,2635.722469694303,335.7224696943031,False,141.18772053718567
de_local_search,9,F9: Composition Function 1,20,8,1000000,2635.6410155941867,335.6410155941867,False,140.0499153137207
de_local_search,9,F9: Composition Function 1,20,9,1000000,2635.650524547584,335.6505245475837,False,140.47383308410645
de_local_search,9,F9: Composition Function 1,20,10,1000000,2635.6391443084967,335.6391443084967,False,139.51987767219543
de_local_search,9,F9: Composition Function 1,20,11,1000000,2635.6710388277256,335.6710388277256,False,139.8141622543335
de_local_search,9,F9: Composition Function 1,20,12,1000000,2635.642473265271,335.64247326527084,False,140.2828733921051
de_local_search,9,F9: Composition Function 1,20,13,1000000,2635.643388318259,335.643388318259,False,140.43168711662292
de_local_search,9,F9: Composition Function 1,20,14,1000000,2635.642832093006,335.64283209300584,False,141.50402116775513
de_local_search,9,F9: Composition Function 1,20,15,1000000,2635.71795845931,335.71795845931,False,141.46661496162417
de_local_search,9,F9: Composition Function 1,20,16,1000000,2635.648522621997,335.64852262199656,False,140.97101664543152
de_local_search,9,F9: Composition Function 1,20,17,1000000,2635.6581225172777,335.65812251727766,False,140.2927041053772
de_local_search,9,F9: Composition Function 1,20,18,1000000,2635.739115850836,335.73911585083533,False,142.4951605796814
de_local_search,9,F9: Composition Function 1,20,19,1000000,2635.642856769261,335.642856769261,False,138.99183678627014
de_local_search,9,F9: Composition Function 1,20,20,1000000,2635.64338023806,335.64338023805976,False,143.4870219230652
de_local_search,9,F9: Composition Function 1,20,21,1000000,2635.642456419686,335.6424564196859,False,144.87602591514587
de_local_search,9,F9: Composition Function 1,20,22,1000000,2635.717138382926,335.7171383829259,False,142.9809341430664
de_local_search,9,F9: Composition Function 1,20,23,1000000,2635.641167619668,335.6411676196676,False,141.19971871376038
de_local_search,9,F9: Composition Function 1,20,24,1000000,2635.646015371585,335.64601537158524,False,138.162371635437
de_local_search,9,F9: Composition Function 1,20,25,1000000,2635.681603291766,335.6816032917659,False,141.53914308547974
de_local_search,9,F9: Composition Function 1,20,26,1000000,2635.662067777921,335.66206777792104,False,138.62457752227783
de_local_search,9,F9: Composition Function 1,20,27,1000000,2635.7382756681163,335.7382756681164,False,139.2339174747467
de_local_search,9,F9: Composition Function 1,20,28,1000000,2635.6858171925523,335.68581719255235,False,138.16437578201294
de_local_search,9,F9: Composition Function 1,20,29,1000000,2635.646051559156,335.6460515591561,False,138.92079401016235
de_local_search,9,F9: Composition Function 1,20,30,1000000,2635.685172246904,335.6851722469037,False,141.84307432174683
de_local_search,10,F10: Composition Function 2,20,1,1000000,2819.631907467364,419.6319074673638,False,146.8061499595642
de_local_search,10,F10: Composition Function 2,20,2,1000000,2802.0872867206244,402.0872867206244,False,146.3418836593628
de_local_search,10,F10: Composition Function 2,20,3,1000000,2806.6800786991744,406.6800786991744,False,143.56707906723022
de_local_search,10,F10: Composition Function 2,20,4,1000000,2811.853533222734,411.85353322273386,False,145.37059593200684
de_local_search,10,F10: Composition Function 2,20,5,1000000,2802.5926868936517,402.59268689365126,False,145.5763440132141
de_local_search,10,F10: Composition Function 2,20,6,1000000,3250.9356402378544,850.9356402378544,False,142.1536045074463
de_local_search,10,F10: Composition Function 2,20,7,1000000,2812.6795828483987,412.6795828483987,False,144.74843788146973
de_local_search,10,F10: Composition Function 2,20,8,1000000,2813.1216392928577,413.1216392928577,False,146.52164435386658
de_local_search,10,F10: Composition Function 2,20,9,1000000,2824.399884275379,424.399884275379,False,147.36128306388855
de_local_search,10,F10: Composition Function 2,20,10,1000000,2967.078938065244,567.0789380652441,False,142.05563020706177
de_local_search,10,F10: Composition Function 2,20,11,1000000,2806.400282470303,406.40028247030295,False,144.40272045135498
de_local_search,10,F10: Composition Function 2,20,12,1000000,2802.408125525192,402.4081255251917,False,142.2696557044983
de_local_search,10,F10: Composition Function 2,20,13,1000000,2801.8389526267515,401.8389526267515,False,141.63824248313904
de_local_search,10,F10: Composition Function 2,20,14,1000000,2808.3403417664867,408.34034176648674,False,142.8953104019165
de_local_search,10,F10: Composition Function 2,20,15,1000000,4561.626430436324,2161.626430436324,False,143.3083298206329
de_local_search,10,F10: Composition Function 2,20,16,1000000,2917.775690024608,517.7756900246077,False,145.70867037773132
de_local_search,10,F10: Composition Function 2,20,17,1000000,4643.208925335588,2243.208925335588,False,143.4533760547638
de_local_search,10,F10: Composition Function 2,20,18,1000000,4064.1330807098666,1664.1330807098666,False,142.22730350494385
de_local_search,10,F10: Composition Function 2,20,19,1000000,2820.1954614294214,420.19546142942136,False,144.56317567825317
de_local_search,10,F10: Composition Function 2,20,20,1000000,2810.669165351864,410.6691653518642,False,144.67072248458862
de_local_search,10,F10: Composition Function 2,20,21,1000000,2804.826071327862,404.8260713278619,False,143.56477332115173
de_local_search,10,F10: Composition Function 2,20,22,1000000,2806.413034312816,406.4130343128159,False,142.87919759750366
de_local_search,10,F10: Composition Function 2,20,23,1000000,2817.633125992298,417.6331259922981,False,143.65162587165833
de_local_search,10,F10: Composition Function 2,20,24,1000000,4595.451590731898,2195.4515907318982,False,144.88753652572632
de_local_search,10,F10: Composition Function 2,20,25,1000000,4142.504823163285,1742.5048231632854,False,144.65388941764832
de_local_search,10,F10: Composition Function 2,20,26,1000000,2960.7063585718506,560.7063585718506,False,141.13707280158997
de_local_search,10,F10: Composition Function 2,20,27,1000000,2811.618675856298,411.61867585629807,False,144.20064067840576
de_local_search,10,F10: Composition Function 2,20,28,1000000,2809.253856921902,409.2538569219018,False,145.87163281440735
de_local_search,10,F10: Composition Function 2,20,29,1000000,2807.5923295635857,407.59232956358574,False,145.40279483795166
de_local_search,10,F10: Composition Function 2,20,30,1000000,2804.962270833212,404.9622708332117,False,146.7033293247223
de_local_search,11,F11: Composition Function 3,20,1,1000000,2600.203203087614,0.2032030876139288,False,228.81827330589292
de_local_search,11,F11: Composition Function 3,20,2,1000000,2600.1145247209865,0.1145247209865374,False,222.25667572021484
de_local_search,11,F11: Composition Function 3,20,3,1000000,2600.1778729845973,0.177872984597343,False,226.9788703918457
de_local_search,11,F11: Composition Function 3,20,4,1000000,2600.165398946305,0.1653989463047764,False,232.4950895309448
de_local_search,11,F11: Composition Function 3,20,5,1000000,2600.1904786322125,0.1904786322124891,False,233.6938843727112
de_local_search,11,F11: Composition Function 3,20,6,1000000,2600.185981164961,0.1859811649610492,False,232.0738849639893
de_local_search,11,F11: Composition Function 3,20,7,1000000,2600.329740763974,0.3297407639738594,False,233.3061134815216
de_local_search,11,F11: Composition Function 3,20,8,1000000,2600.1613750282263,0.1613750282263026,False,227.32598042488095
de_local_search,11,F11: Composition Function 3,20,9,1000000,2600.04127458344,0.0412745834400993,False,227.9209027290344
de_local_search,11,F11: Composition Function 3,20,10,1000000,2600.054717170955,0.0547171709549729,False,229.36759567260745
de_local_search,11,F11: Composition Function 3,20,11,1000000,2600.172908039898,0.1729080398986298,False,232.4364302158356
de_local_search,11,F11: Composition Function 3,20,12,1000000,2600.4426877384667,0.4426877384667023,False,230.78057312965396
de_local_search,11,F11: Composition Function 3,20,13,1000000,2600.155324438406,0.1553244384058416,False,235.41817355155945
de_local_search,11,F11: Composition Function 3,20,14,1000000,2600.0932434550214,0.0932434550213656,False,226.85084795951843
de_local_search,11,F11: Composition Function 3,20,15,1000000,2600.17314382242,0.1731438224201156,False,226.93711376190183
de_local_search,11,F11: Composition Function 3,20,16,1000000,2600.5579334535078,0.5579334535073031,False,228.13363981246948
de_local_search,11,F11: Composition Function 3,20,17,1000000,2600.2952842104137,0.2952842104136834,False,227.5111691951752
de_local_search,11,F11: Composition Function 3,20,18,1000000,2600.1617959345112,0.1617959345112467,False,227.17915511131287
de_local_search,11,F11: Composition Function 3,20,19,1000000,2600.1201977651804,0.1201977651803645,False,227.47128224372864
de_local_search,11,F11: Composition Function 3,20,20,1000000,2600.2385274063327,0.2385274063326505,False,227.86065459251404
de_local_search,11,F11: Composition Function 3,20,21,1000000,2600.2987355851697,0.298735585169652,False,227.2636730670929
de_local_search,11,F11: Composition Function 3,20,22,1000000,2600.127174482463,0.1271744824630332,False,228.45043635368347
de_local_search,11,F11: Composition Function 3,20,23,1000000,2600.065701397956,0.0657013979557632,False,225.8073606491089
de_local_search,11,F11: Composition Function 3,20,24,1000000,2600.102425233831,0.1024252338311271,False,223.21226382255557
de_local_search,11,F11: Composition Function 3,20,25,1000000,2600.109322210581,0.1093222105810127,False,220.3709545135498
de_local_search,11,F11: Composition Function 3,20,26,1000000,2600.2950992174333,0.2950992174332896,False,219.4967086315155
de_local_search,11,F11: Composition Function 3,20,27,1000000,2600.2046770162347,0.2046770162346547,False,220.49659538269043
de_local_search,11,F11: Composition Function 3,20,28,1000000,2600.400666890792,0.4006668907918538,False,221.4245598316193
de_local_search,11,F11: Composition Function 3,20,29,1000000,2600.1879511298152,0.1879511298152465,False,220.0364384651184
de_local_search,11,F11: Composition Function 3,20,30,1000000,2600.3610254348687,0.3610254348686794,False,221.20898389816284
de_local_search,12,F12: Composition Function 4,20,1,1000000,2944.6229138874987,244.62291388749875,False,251.21249794960025
de_local_search,12,F12: Composition Function 4,20,2,1000000,2938.285034384628,238.28503438462803,False,249.1281416416168
de_local_search,12,F12: Composition Function 4,20,3,1000000,2938.285037806694,238.28503780669416,False,249.52271938323972
de_local_search,12,F12: Composition Function 4,20,4,1000000,2965.5376067558345,265.53760675583453,False,253.4142508506775
de_local_search,12,F12: Composition Function 4,20,5,1000000,2948.5109570338614,248.51095703386136,False,251.0698597431183
de_local_search,12,F12: Composition Function 4,20,6,1000000,2966.445502552609,266.44550255260856,False,251.14061903953552
de_local_search,12,F12: Composition Function 4,20,7,1000000,2943.4622294807714,243.46222948077136,False,251.57433819770813
de_local_search,12,F12: Composition Function 4,20,8,1000000,2946.106375768995,246.1063757689949,False,250.1619930267334
de_local_search,12,F12: Composition Function 4,20,9,1000000,2968.3876649978274,268.3876649978274,False,252.0368545055389
de_local_search,12,F12: Composition Function 4,20,10,1000000,2940.251554478979,240.25155447897896,False,251.34723281860352
de_local_search,12,F12: Composition Function 4,20,11,1000000,2940.277953498227,240.2779534982269,False,249.80228805541992
de_local_search,12,F12: Composition Function 4,20,12,1000000,2944.8430724412165,244.8430724412165,False,252.9071056842804
de_local_search,12,F12: Composition Function 4,20,13,1000000,2947.651571318601,247.65157131860087,False,249.20247530937195
de_local_search,12,F12: Composition Function 4,20,14,1000000,2972.3402239951965,272.34022399519654,False,253.59720158576965
de_local_search,12,F12: Composition Function 4,20,15,1000000,2946.7534476629544,246.7534476629544,False,237.18691492080688
de_local_search,12,F12: Composition Function 4,20,16,1000000,2967.497425828413,267.4974258284128,False,235.13871908187863
de_local_search,12,F12: Composition Function 4,20,17,1000000,2934.862614943071,234.8626149430711,False,238.433176279068
de_local_search,12,F12: Composition Function 4,20,18,1000000,2940.7227021072003,240.72270210720035,False,240.2003238201141
de_local_search,12,F12: Composition Function 4,20,19,1000000,2944.8668217572404,244.8668217572404,False,237.6191592216492
de_local_search,12,F12: Composition Function 4,20,20,1000000,2940.371220613908,240.371220613908,False,235.84285020828247
de_local_search,12,F12: Composition Function 4,20,21,1000000,2943.9318689463635,243.9318689463635,False,239.2323293685913
de_local_search,12,F12: Composition Function 4,20,22,1000000,2938.2851282979464,238.2851282979464,False,237.0437963008881
de_local_search,12,F12: Composition Function 4,20,23,1000000,2965.537528711487,265.5375287114871,False,239.72989988327024
de_local_search,12,F12: Composition Function 4,20,24,1000000,2939.0933656016914,239.0933656016914,False,257.31315779685974
de_local_search,12,F12: Composition Function 4,20,25,1000000,2939.4979329339217,239.49793293392167,False,255.07804012298584
de_local_search,12,F12: Composition Function 4,20,26,1000000,2938.2850361545225,238.2850361545225,False,257.32176208496094
de_local_search,12,F12: Composition Function 4,20,27,1000000,2945.2306222647912,245.23062226479124,False,258.7039840221405
de_local_search,12,F12: Composition Function 4,20,28,1000000,2944.3273645907293,244.3273645907293,False,244.26385807991028
de_local_search,12,F12: Composition Function 4,20,29,1000000,2938.285034782493,238.2850347824929,False,252.9710731506348
de_local_search,12,F12: Composition Function 4,20,30,1000000,2934.881155212627,234.8811552126272,False,249.40890049934387
de_memetic_search,1,F1: Shifted and full Rotated Zakharov Function,10,1,200000,300.0000000000033,3.353761712787673e-12,True,4.229827880859375
de_memetic_search,1,F1: Shifted and full Rotated Zakharov Function,10,2,200000,300.0000000000054,5.400124791776762e-12,True,4.3762266635894775
de_memetic_search,1,F1: Shifted and full Rotated Zakharov Function,10,3,200000,300.0000000000028,2.7284841053187847e-12,True,4.393122673034668
de_memetic_search,1,F1: Shifted and full Rotated Zakharov Function,10,4,200000,300.0000000000037,3.751665644813329e-12,True,4.3188416957855225
de_memetic_search,1,F1: Shifted and full Rotated Zakharov Function,10,5,200000,300.0000000000049,4.888534022029489e-12,True,4.377296447753906
de_memetic_search,1,F1: Shifted and full Rotated Zakharov Function,10,6,200000,300.00000000000364,3.637978807091713e-12,True,4.404768705368042
de_memetic_search,1,F1: Shifted and full Rotated Zakharov Function,10,7,200000,300.0000000000029,2.8990143619012088e-12,True,4.120802640914917
de_memetic_search,1,F1: Shifted and full Rotated Zakharov Function,10,8,200000,300.0000000000031,3.126388037344441e-12,True,4.394012689590454
de_memetic_search,1,F1: Shifted and full Rotated Zakharov Function,10,9,200000,300.00000000000205,2.0463630789890885e-12,True,4.45223593711853
de_memetic_search,1,F1: Shifted and full Rotated Zakharov Function,10,10,200000,300.0000000000035,3.524291969370097e-12,True,4.318204402923584
de_memetic_search,1,F1: Shifted and full Rotated Zakharov Function,10,11,200000,300.000000000003,3.0127011996228248e-12,True,4.4545416831970215
de_memetic_search,1,F1: Shifted and full Rotated Zakharov Function,10,12,200000,300.0000000000082,8.185452315956354e-12,True,4.214934349060059
de_memetic_search,1,F1: Shifted and full Rotated Zakharov Function,10,13,200000,300.0000000000032,3.183231456205249e-12,True,4.2388997077941895
de_memetic_search,1,F1: Shifted and full Rotated Zakharov Function,10,14,200000,300.0000000000027,2.671640686457977e-12,True,4.084914445877075
de_memetic_search,1,F1: Shifted and full Rotated Zakharov Function,10,15,200000,300.00000000000443,4.433786671143025e-12,True,3.746288299560547
de_memetic_search,1,F1: Shifted and full Rotated Zakharov Function,10,16,200000,300.00000000000466,4.661160346586257e-12,True,4.066273927688599
de_memetic_search,1,F1: Shifted and full Rotated Zakharov Function,10,17,200000,300.0000000000049,4.888534022029489e-12,True,4.251798152923584
de_memetic_search,1,F1: Shifted and full Rotated Zakharov Function,10,18,200000,300.0000000000065,6.480149750132114e-12,True,4.504784822463989
de_memetic_search,1,F1: Shifted and full Rotated Zakharov Function,10,19,200000,300.00000000000693,6.934897101018578e-12,True,4.537255525588989
de_memetic_search,1,F1: Shifted and full Rotated Zakharov Function,10,20,200000,300.0000000000041,4.092726157978177e-12,True,4.115864038467407
de_memetic_search,1,F1: Shifted and full Rotated Zakharov Function,10,21,200000,300.00000000000387,3.865352482534945e-12,True,4.123172283172607
de_memetic_search,1,F1: Shifted and full Rotated Zakharov Function,10,22,200000,300.0000000000032,3.183231456205249e-12,True,4.0662925243377686
de_memetic_search,1,F1: Shifted and full Rotated Zakharov Function,10,23,200000,300.0000000000038,3.808509063674137e-12,True,3.9941885471344
de_memetic_search,1,F1: Shifted and full Rotated Zakharov Function,10,24,200000,300.00000000000506,5.059064278611913e-12,True,3.8564624786376953
de_memetic_search,1,F1: Shifted and full Rotated Zakharov Function,10,25,200000,300.0000000000043,4.320099833421409e-12,True,4.034621715545654
de_memetic_search,1,F1: Shifted and full Rotated Zakharov Function,10,26,200000,300.00000000000455,4.547473508864641e-12,True,4.093717813491821
de_memetic_search,1,F1: Shifted and full Rotated Zakharov Function,10,27,200000,300.000000000006,5.9685589803848416e-12,True,4.1036577224731445
de_memetic_search,1,F1: Shifted and full Rotated Zakharov Function,10,28,200000,300.0000000000033,3.353761712787673e-12,True,3.887819528579712
de_memetic_search,1,F1: Shifted and full Rotated Zakharov Function,10,29,200000,300.0000000000041,4.149569576838985e-12,True,4.211703538894653
de_memetic_search,1,F1: Shifted and full Rotated Zakharov Function,10,30,200000,300.0000000000026,2.614797267597169e-12,True,4.223082780838013
de_memetic_search,2,F2: Shifted and Rotated Rosenbrock’s Function,10,1,200000,400.3552189951892,0.3552189951891478,False,5.62117862701416
de_memetic_search,2,F2: Shifted and Rotated Rosenbrock’s Function,10,2,200000,404.3145939197649,4.314593919764889,False,5.407496690750122
de_memetic_search,2,F2: Shifted and Rotated Rosenbrock’s Function,10,3,200000,408.91610194700064,8.91610194700064,False,5.91191840171814
de_memetic_search,2,F2: Shifted and Rotated Rosenbrock’s Function,10,4,200000,475.6552587633281,75.6552587633281,False,5.596192598342896
de_memetic_search,2,F2: Shifted and Rotated Rosenbrock’s Function,10,5,200000,404.2327331403891,4.232733140389087,False,5.531801223754883
de_memetic_search,2,F2: Shifted and Rotated Rosenbrock’s Function,10,6,200000,470.7812528328516,70.78125283285158,False,5.545883893966675
de_memetic_search,2,F2: Shifted and Rotated Rosenbrock’s Function,10,7,200000,400.15884721591175,0.1588472159117486,False,5.406522989273071
de_memetic_search,2,F2: Shifted and Rotated Rosenbrock’s Function,10,8,200000,400.1225576451324,0.1225576451324172,False,5.632951021194458
de_memetic_search,2,F2: Shifted and Rotated Rosenbrock’s Function,10,9,200000,400.3639228834664,0.3639228834663868,False,5.998136520385742
de_memetic_search,2,F2: Shifted and Rotated Rosenbrock’s Function,10,10,200000,408.91610192838647,8.916101928386468,False,5.537555694580078
de_memetic_search,2,F2: Shifted and Rotated Rosenbrock’s Function,10,11,200000,400.1723990157784,0.1723990157784101,False,5.72913932800293
de_memetic_search,2,F2: Shifted and Rotated Rosenbrock’s Function,10,12,200000,404.2628810730286,4.262881073028609,False,5.605687379837036
de_memetic_search,2,F2: Shifted and Rotated Rosenbrock’s Function,10,13,200000,408.916101936931,8.916101936931,False,5.530221223831177
de_memetic_search,2,F2: Shifted and Rotated Rosenbrock’s Function,10,14,200000,408.9161019401485,8.916101940148451,False,5.722280025482178
de_memetic_search,2,F2: Shifted and Rotated Rosenbrock’s Function,10,15,200000,404.2057297267726,4.205729726772574,False,5.504582643508911
de_memetic_search,2,F2: Shifted and Rotated Rosenbrock’s Function,10,16,200000,404.23472473584127,4.234724735841269,False,5.297282695770264
de_memetic_search,2,F2: Shifted and Rotated Rosenbrock’s Function,10,17,200000,408.9161019583387,8.916101958338686,False,5.952887296676636
de_memetic_search,2,F2: Shifted and Rotated Rosenbrock’s Function,10,18,200000,408.9161019312671,8.916101931267065,False,5.760391473770142
de_memetic_search,2,F2: Shifted and Rotated Rosenbrock’s Function,10,19,200000,400.18745570265,0.1874557026500269,False,6.059837341308594
de_memetic_search,2,F2: Shifted and Rotated Rosenbrock’s Function,10,20,200000,408.9161019331854,8.916101933185416,False,5.379338264465332
de_memetic_search,2,F2: Shifted and Rotated Rosenbrock’s Function,10,21,200000,404.1995129655487,4.199512965548706,False,5.665908336639404
de_memetic_search,2,F2: Shifted and Rotated Rosenbrock’s Function,10,22,200000,400.0694365316384,0.0694365316384164,False,5.341105699539185
de_memetic_search,2,F2: Shifted and Rotated Rosenbrock’s Function,10,23,200000,404.2226788590872,4.222678859087239,False,5.276930570602417
de_memetic_search,2,F2: Shifted and Rotated Rosenbrock’s Function,10,24,200000,408.916101930803,8.916101930802995,False,5.793742418289185
de_memetic_search,2,F2: Shifted and Rotated Rosenbrock’s Function,10,25,200000,470.7811536356289,70.78115363562893,False,5.971286296844482
de_memetic_search,2,F2: Shifted and Rotated Rosenbrock’s Function,10,26,200000,400.00696160880176,0.0069616088017596,False,5.477627277374268
de_memetic_search,2,F2: Shifted and Rotated Rosenbrock’s Function,10,27,200000,408.9161019320821,8.916101932082142,False,5.890808582305908
de_memetic_search,2,F2: Shifted and Rotated Rosenbrock’s Function,10,28,200000,408.9161019371985,8.916101937198505,False,5.48026442527771
de_memetic_search,2,F2: Shifted and Rotated Rosenbrock’s Function,10,29,200000,404.2433966044658,4.243396604465772,False,6.024010181427002
de_memetic_search,2,F2: Shifted and Rotated Rosenbrock’s Function,10,30,200000,408.91610193561297,8.916101935612971,False,5.46816611289978
de_memetic_search,3,F3: Shifted and full Rotated Expanded Schaffer’s F7,10,1,200000,600.0000005231565,5.231564728092053e-07,False,9.260764360427856
de_memetic_search,3,F3: Shifted and full Rotated Expanded Schaffer’s F7,10,2,200000,600.0000002808131,2.8081308300897945e-07,False,9.2109055519104
de_memetic_search,3,F3: Shifted and full Rotated Expanded Schaffer’s F7,10,3,200000,600.000000381378,3.813779585470911e-07,False,8.79258394241333
de_memetic_search,3,F3: Shifted and full Rotated Expanded Schaffer’s F7,10,4,200000,600.0000004366021,4.366021357782302e-07,False,8.591357946395874
de_memetic_search,3,F3: Shifted and full Rotated Expanded Schaffer’s F7,10,5,200000,600.0000003637075,3.637074996731826e-07,False,9.130264520645142
de_memetic_search,3,F3: Shifted and full Rotated Expanded Schaffer’s F7,10,6,200000,600.0000005532034,5.532034492716775e-07,False,9.17567753791809
de_memetic_search,3,F3: Shifted and full Rotated Expanded Schaffer’s F7,10,7,200000,600.0000003890895,3.890894504365861e-07,False,8.92212200164795
de_memetic_search,3,F3: Shifted and full Rotated Expanded Schaffer’s F7,10,8,200000,600.0000002355231,2.3552308903163066e-07,False,9.081295728683472
de_memetic_search,3,F3: Shifted and full Rotated Expanded Schaffer’s F7,10,9,200000,600.0000004078521,4.078520987604861e-07,False,9.006657123565674
de_memetic_search,3,F3: Shifted and full Rotated Expanded Schaffer’s F7,10,10,200000,600.0000006125097,6.125096660980489e-07,False,8.70439100265503
de_memetic_search,3,F3: Shifted and full Rotated Expanded Schaffer’s F7,10,11,200000,600.0000002847175,2.847175437636907e-07,False,8.683303833007812
de_memetic_search,3,F3: Shifted and full Rotated Expanded Schaffer’s F7,10,12,200000,600.000000529337,5.293369440551032e-07,False,9.41596531867981
de_memetic_search,3,F3: Shifted and full Rotated Expanded Schaffer’s F7,10,13,200000,600.0000002973716,2.973715709231328e-07,False,9.310706615447998
de_memetic_search,3,F3: Shifted and full Rotated Expanded Schaffer’s F7,10,14,200000,600.0000005360287,5.360286650102353e-07,False,9.364973068237305
de_memetic_search,3,F3: Shifted and full Rotated Expanded Schaffer’s F7,10,15,200000,600.000000486845,4.868450105277589e-07,False,8.91921091079712
de_memetic_search,3,F3: Shifted and full Rotated Expanded Schaffer’s F7,10,16,200000,600.0000005790233,5.790233217339846e-07,False,9.39472198486328
de_memetic_search,3,F3: Shifted and full Rotated Expanded Schaffer’s F7,10,17,200000,600.0000003742782,3.742782155313762e-07,False,9.228929042816162
de_memetic_search,3,F3: Shifted and full Rotated Expanded Schaffer’s F7,10,18,200000,600.0000004436508,4.436508334038081e-07,False,8.610549211502075
de_memetic_search,3,F3: Shifted and full Rotated Expanded Schaffer’s F7,10,19,200000,600.0000006115557,6.115557198427268e-07,False,8.77620553970337
de_memetic_search,3,F3: Shifted and full Rotated Expanded Schaffer’s F7,10,20,200000,600.0000004511057,4.511057341005653e-07,False,8.871690273284912
de_memetic_search,3,F3: Shifted and full Rotated Expanded Schaffer’s F7,10,21,200000,600.0000002357799,2.357799075980438e-07,False,8.687678337097168
de_memetic_search,3,F3: Shifted and full Rotated Expanded Schaffer’s F7,10,22,200000,600.000000363294,3.632940206443891e-07,False,9.199835777282717
de_memetic_search,3,F3: Shifted and full Rotated Expanded Schaffer’s F7,10,23,200000,600.0000005453205,5.453205176308984e-07,False,9.518121480941772
de_memetic_search,3,F3: Shifted and full Rotated Expanded Schaffer’s F7,10,24,200000,600.0000004311545,4.311544898882858e-07,False,9.30592942237854
de_memetic_search,3,F3: Shifted and full Rotated Expanded Schaffer’s F7,10,25,200000,600.0000004661175,4.661175125875161e-07,False,9.300398111343384
de_memetic_search,3,F3: Shifted and full Rotated Expanded Schaffer’s F7,10,26,200000,600.0000004076255,4.0762552089290693e-07,False,9.453678131103516
de_memetic_search,3,F3: Shifted and full Rotated Expanded Schaffer’s F7,10,27,200000,600.0000004506401,4.506400728132576e-07,False,9.437302112579346
de_memetic_search,3,F3: Shifted and full Rotated Expanded Schaffer’s F7,10,28,200000,600.0000004894672,4.894671974398079e-07,False,9.200400352478027
de_memetic_search,3,F3: Shifted and full Rotated Expanded Schaffer’s F7,10,29,200000,600.0000003129123,3.129123342660023e-07,False,9.43430519104004
de_memetic_search,3,F3: Shifted and full Rotated Expanded Schaffer’s F7,10,30,200000,600.0000005138169,5.138168717166991e-07,False,9.394696950912476
de_memetic_search,4,F4: Shifted and Rotated Non-Continuous Rastrigin’s Function,10,1,200000,1017.5,217.5,False,14.250300168991089
de_memetic_search,4,F4: Shifted and Rotated Non-Continuous Rastrigin’s Function,10,2,200000,1084.5,284.5,False,14.41560983657837
de_memetic_search,4,F4: Shifted and Rotated Non-Continuous Rastrigin’s Function,10,3,200000,1017.5,217.5,False,14.437101364135742
de_memetic_search,4,F4: Shifted and Rotated Non-Continuous Rastrigin’s Function,10,4,200000,972.000000000006,172.00000000000614,False,14.433095455169678
de_memetic_search,4,F4: Shifted and Rotated Non-Continuous Rastrigin’s Function,10,5,200000,1009.5000000000232,209.5000000000232,False,14.52194094657898
de_memetic_search,4,F4: Shifted and Rotated Non-Continuous Rastrigin’s Function,10,6,200000,1092.5000000000227,292.50000000002274,False,14.381005048751833
de_memetic_search,4,F4: Shifted and Rotated Non-Continuous Rastrigin’s Function,10,7,200000,964.5,164.5,False,14.218969583511353
de_memetic_search,4,F4: Shifted and Rotated Non-Continuous Rastrigin’s Function,10,8,200000,930.500000000016,130.50000000001614,False,14.84708309173584
de_memetic_search,4,F4: Shifted and Rotated Non-Continuous Rastrigin’s Function,10,9,200000,923.0000000000152,123.00000000001523,False,14.350699424743652
de_memetic_search,4,F4: Shifted and Rotated Non-Continuous Rastrigin’s Function,10,10,200000,985.0000000000282,185.0000000000282,False,14.684923887252808
de_memetic_search,4,F4: Shifted and Rotated Non-Continuous Rastrigin’s Function,10,11,200000,1049.5000000000011,249.50000000000117,False,14.289595603942873
de_memetic_search,4,F4: Shifted and Rotated Non-Continuous Rastrigin’s Function,10,12,200000,989.5000000000113,189.50000000001117,False,14.275392055511476
de_memetic_search,4,F4: Shifted and Rotated Non-Continuous Rastrigin’s Function,10,13,200000,1058.0000000000728,258.0000000000728,False,14.633554458618164
de_memetic_search,4,F4: Shifted and Rotated Non-Continuous Rastrigin’s Function,10,14,200000,976.5000000000186,176.50000000001864,False,14.230567932128906
de_memetic_search,4,F4: Shifted and Rotated Non-Continuous Rastrigin’s Function,10,15,200000,1060.5000000000823,260.5000000000823,False,14.510974407196043
de_memetic_search,4,F4: Shifted and Rotated Non-Continuous Rastrigin’s Function,10,16,200000,1027.5,227.5,False,14.727945566177368
de_memetic_search,4,F4: Shifted and Rotated Non-Continuous Rastrigin’s Function,10,17,200000,979.5000000000308,179.50000000003092,False,15.59963607788086
de_memetic_search,4,F4: Shifted and Rotated Non-Continuous Rastrigin’s Function,10,18,200000,906.5000000000211,106.50000000002116,False,14.616394281387327
de_memetic_search,4,F4: Shifted and Rotated Non-Continuous Rastrigin’s Function,10,19,200000,967.500000000034,167.50000000003388,False,14.767513990402222
de_memetic_search,4,F4: Shifted and Rotated Non-Continuous Rastrigin’s Function,10,20,200000,978.5,178.5,False,14.860739946365356
de_memetic_search,4,F4: Shifted and Rotated Non-Continuous Rastrigin’s Function,10,21,200000,982.5,182.5,False,14.578081369400024
de_memetic_search,4,F4: Shifted and Rotated Non-Continuous Rastrigin’s Function,10,22,200000,985.0000000000008,185.0000000000008,False,14.909306526184082
de_memetic_search,4,F4: Shifted and Rotated Non-Continuous Rastrigin’s Function,10,23,200000,1054.5000000000264,254.5000000000264,False,15.528839349746704
de_memetic_search,4,F4: Shifted and Rotated Non-Continuous Rastrigin’s Function,10,24,200000,962.0000000000146,162.00000000001455,False,15.147093057632446
de_memetic_search,4,F4: Shifted and Rotated Non-Continuous Rastrigin’s Function,10,25,200000,960.500000000016,160.50000000001614,False,14.992236614227297
de_memetic_search,4,F4: Shifted and Rotated Non-Continuous Rastrigin’s Function,10,26,200000,1033.0000000000837,233.00000000008367,False,15.119104385375977
de_memetic_search,4,F4: Shifted and Rotated Non-Continuous Rastrigin’s Function,10,27,200000,880.0000000000107,80.00000000001069,False,14.092681646347046
de_memetic_search,4,F4: Shifted and Rotated Non-Continuous Rastrigin’s Function,10,28,200000,916.5000000000268,116.50000000002684,False,14.750867128372192
de_memetic_search,4,F4: Shifted and Rotated Non-Continuous Rastrigin’s Function,10,29,200000,995.0000000000202,195.00000000002024,False,14.307755947113035
de_memetic_search,4,F4: Shifted and Rotated Non-Continuous Rastrigin’s Function,10,30,200000,1033.0000000000002,233.00000000000023,False,13.846436023712158
de_memetic_search,5,F5: Shifted and Rotated Levy Function,10,1,200000,902.2716144375412,2.2716144375411886,False,7.751998424530029
de_memetic_search,5,F5: Shifted and Rotated Levy Function,10,2,200000,903.398262326274,3.39826232627388,False,7.500315427780151
de_memetic_search,5,F5: Shifted and Rotated Levy Function,10,3,200000,901.1772431647744,1.1772431647742678,False,7.767889976501465
de_memetic_search,5,F5: Shifted and Rotated Levy Function,10,4,200000,906.2387225539766,6.238722553976572,False,8.125690698623657
de_memetic_search,5,F5: Shifted and Rotated Levy Function,10,5,200000,904.5432039749963,4.543203974996345,False,8.4431791305542
de_memetic_search,5,F5: Shifted and Rotated Levy Function,10,6,200000,900.5438574550384,0.5438574550383919,False,7.624138355255127
de_memetic_search,5,F5: Shifted and Rotated Levy Function,10,7,200000,906.6544588648202,6.654458864820185,False,8.166852235794067
de_memetic_search,5,F5: Shifted and Rotated Levy Function,10,8,200000,903.1802619029924,3.18026190299247,False,7.88219141960144
de_memetic_search,5,F5: Shifted and Rotated Levy Function,10,9,200000,902.4506615342632,2.4506615342630766,False,7.985230445861816
de_memetic_search,5,F5: Shifted and Rotated Levy Function,10,10,200000,907.9074423598788,7.907442359878701,False,7.6229774951934814
de_memetic_search,5,F5: Shifted and Rotated Levy Function,10,11,200000,903.3114041725418,3.3114041725417565,False,8.149068832397461
de_memetic_search,5,F5: Shifted and Rotated Levy Function,10,12,200000,904.883534573846,4.883534573846077,False,7.796296119689941
de_memetic_search,5,F5: Shifted and Rotated Levy Function,10,13,200000,901.6966235247792,1.6966235247792838,False,7.82264232635498
de_memetic_search,5,F5: Shifted and Rotated Levy Function,10,14,200000,903.342543371092,3.34254337109212,False,7.913529396057129
de_memetic_search,5,F5: Shifted and Rotated Levy Function,10,15,200000,904.4615014914456,4.461501491445574,False,8.118321657180786
de_memetic_search,5,F5: Shifted and Rotated Levy Function,10,16,200000,907.402047881862,7.402047881862131,False,7.739387273788452
de_memetic_search,5,F5: Shifted and Rotated Levy Function,10,17,200000,903.8938429717432,3.893842971743197,False,7.921461343765259
de_memetic_search,5,F5: Shifted and Rotated Levy Function,10,18,200000,902.9480527095612,2.9480527095612388,False,7.857706308364868
de_memetic_search,5,F5: Shifted and Rotated Levy Function,10,19,200000,900.6333862414016,0.6333862414015812,False,7.735119819641113
de_memetic_search,5,F5: Shifted and Rotated Levy Function,10,20,200000,905.4596796140444,5.459679614044262,False,8.25905990600586
de_memetic_search,5,F5: Shifted and Rotated Levy Function,10,21,200000,903.491039671363,3.4910396713629552,False,7.959920644760132
de_memetic_search,5,F5: Shifted and Rotated Levy Function,10,22,200000,902.5401929047264,2.5401929047262684,False,7.678422212600708
de_memetic_search,5,F5: Shifted and Rotated Levy Function,10,23,200000,902.3611344455096,2.36113444550972,False,7.78739595413208
de_memetic_search,5,F5: Shifted and Rotated Levy Function,10,24,200000,904.9247015583992,4.924701558399306,False,8.065127611160278
de_memetic_search,5,F5: Shifted and Rotated Levy Function,10,25,200000,901.4525040131592,1.452504013159114,False,7.774364233016968
de_memetic_search,5,F5: Shifted and Rotated Levy Function,10,26,200000,905.524609557442,5.524609557441977,False,7.61309003829956
de_memetic_search,5,F5: Shifted and Rotated Levy Function,10,27,200000,904.2206315545368,4.220631554536908,False,7.463165998458862
de_memetic_search,5,F5: Shifted and Rotated Levy Function,10,28,200000,903.067264832994,3.067264832994056,False,7.767068862915039
de_memetic_search,5,F5: Shifted and Rotated Levy Function,10,29,200000,906.2371432769056,6.237143276905499,False,7.487114667892456
de_memetic_search,5,F5: Shifted and Rotated Levy Function,10,30,200000,903.4477997171826,3.4477997171826478,False,7.864147424697876
de_memetic_search,6,F6: Hybrid Function 1,10,1,200000,26883.890085375468,25083.890085375468,False,9.214126110076904
de_memetic_search,6,F6: Hybrid Function 1,10,2,200000,50867.87052807915,49067.87052807915,False,9.147737741470335
de_memetic_search,6,F6: Hybrid Function 1,10,3,200000,64388.06820477611,62588.06820477611,False,9.183362483978271
de_memetic_search,6,F6: Hybrid Function 1,10,4,200000,86563.21094795782,84763.21094795782,False,8.991007804870605
de_memetic_search,6,F6: Hybrid Function 1,10,5,200000,66101.16468113783,64301.16468113783,False,9.256931066513062
de_memetic_search,6,F6: Hybrid Function 1,10,6,200000,52471.44330527519,50671.44330527519,False,8.781050205230713
de_memetic_search,6,F6: Hybrid Function 1,10,7,200000,41785.65190449621,39985.65190449621,False,9.298970222473145
de_memetic_search,6,F6: Hybrid Function 1,10,8,200000,39458.48186420916,37658.48186420916,False,9.39689040184021
de_memetic_search,6,F6: Hybrid Function 1,10,9,200000,48962.13492966094,47162.13492966094,False,9.0128812789917
de_memetic_search,6,F6: Hybrid Function 1,10,10,200000,24840.37888175656,23040.37888175656,False,8.912307262420654
de_memetic_search,6,F6: Hybrid Function 1,10,11,200000,30457.39271849369,28657.39271849369,False,9.04675006866455
de_memetic_search,6,F6: Hybrid Function 1,10,12,200000,58830.565431378505,57030.565431378505,False,9.112917423248293
de_memetic_search,6,F6: Hybrid Function 1,10,13,200000,60206.99930429944,58406.99930429944,False,9.264556884765623
de_memetic_search,6,F6: Hybrid Function 1,10,14,200000,39299.62949873346,37499.62949873346,False,8.584616422653198
de_memetic_search,6,F6: Hybrid Function 1,10,15,200000,29727.176488725887,27927.176488725887,False,9.228602886199951
de_memetic_search,6,F6: Hybrid Function 1,10,16,200000,49845.154807981446,48045.154807981446,False,9.688272476196287
de_memetic_search,6,F6: Hybrid Function 1,10,17,200000,34899.081470698846,33099.081470698846,False,9.217151880264282
de_memetic_search,6,F6: Hybrid Function 1,10,18,200000,46323.856372082686,44523.856372082686,False,9.3067729473114
de_memetic_search,6,F6: Hybrid Function 1,10,19,200000,57577.892227215605,55777.892227215605,False,9.935634851455688
de_memetic_search,6,F6: Hybrid Function 1,10,20,200000,46920.41743441748,45120.41743441748,False,10.454240798950195
de_memetic_search,6,F6: Hybrid Function 1,10,21,200000,65327.040885410286,63527.040885410286,False,9.26736330986023
de_memetic_search,6,F6: Hybrid Function 1,10,22,200000,42074.63431564667,40274.63431564667,False,9.176723003387451
de_memetic_search,6,F6: Hybrid Function 1,10,23,200000,40844.54969361922,39044.54969361922,False,8.935626983642578
de_memetic_search,6,F6: Hybrid Function 1,10,24,200000,18350.52033054194,16550.52033054194,False,9.087175607681274
de_memetic_search,6,F6: Hybrid Function 1,10,25,200000,98292.22193149796,96492.22193149796,False,9.034735441207886
de_memetic_search,6,F6: Hybrid Function 1,10,26,200000,115468.83490856552,113668.83490856552,False,8.906379699707031
de_memetic_search,6,F6: Hybrid Function 1,10,27,200000,95427.10956561367,93627.10956561367,False,8.992902755737305
de_memetic_search,6,F6: Hybrid Function 1,10,28,200000,40052.0413577622,38252.0413577622,False,9.205615997314451
de_memetic_search,6,F6: Hybrid Function 1,10,29,200000,39571.711983091394,37771.711983091394,False,9.186274766921995
de_memetic_search,6,F6: Hybrid Function 1,10,30,200000,68679.21049721492,66879.21049721492,False,9.524418592453005
de_memetic_search,7,F7: Hybrid Function 2,10,1,200000,2853.260990313154,853.2609903131538,False,94.39930987358092
de_memetic_search,7,F7: Hybrid Function 2,10,2,200000,2892.4792257930544,892.4792257930544,False,94.55793523788452
de_memetic_search,7,F7: Hybrid Function 2,10,3,200000,3474.839052586832,1474.8390525868322,False,96.0913152694702
de_memetic_search,7,F7: Hybrid Function 2,10,4,200000,3010.259499873996,1010.259499873996,False,93.79546308517456
de_memetic_search,7,F7: Hybrid Function 2,10,5,200000,3073.3835837573724,1073.3835837573724,False,92.83294892311096
de_memetic_search,7,F7: Hybrid Function 2,10,6,200000,2504.883399983288,504.88339998328775,False,96.03945136070251
de_memetic_search,7,F7: Hybrid Function 2,10,7,200000,2870.861683007616,870.8616830076157,False,94.86081314086914
de_memetic_search,7,F7: Hybrid Function 2,10,8,200000,2647.5389392974366,647.5389392974366,False,94.799414396286
de_memetic_search,7,F7: Hybrid Function 2,10,9,200000,3473.9151127913624,1473.9151127913624,False,94.2377519607544
de_memetic_search,7,F7: Hybrid Function 2,10,10,200000,2939.176443931874,939.176443931874,False,98.75956892967224
de_memetic_search,7,F7: Hybrid Function 2,10,11,200000,2740.304744937527,740.3047449375272,False,99.65568828582764
de_memetic_search,7,F7: Hybrid Function 2,10,12,200000,2917.102669196133,917.1026691961328,False,95.97117233276369
de_memetic_search,7,F7: Hybrid Function 2,10,13,200000,2312.762382894472,312.762382894472,False,94.05235171318054
de_memetic_search,7,F7: Hybrid Function 2,10,14,200000,2247.45207390468,247.45207390467976,False,93.16865921020508
de_memetic_search,7,F7: Hybrid Function 2,10,15,200000,2901.7453213654526,901.7453213654526,False,93.00395345687866
de_memetic_search,7,F7: Hybrid Function 2,10,16,200000,2193.2838193654848,193.2838193654848,False,96.43730807304382
de_memetic_search,7,F7: Hybrid Function 2,10,17,200000,2893.141122700691,893.1411227006911,False,95.2779004573822
de_memetic_search,7,F7: Hybrid Function 2,10,18,200000,2158.700836092706,158.70083609270614,False,97.44652342796326
de_memetic_search,7,F7: Hybrid Function 2,10,19,200000,3113.813292206808,1113.813292206808,False,96.72046518325806
de_memetic_search,7,F7: Hybrid Function 2,10,20,200000,3160.5223567969665,1160.5223567969665,False,95.19203281402588
de_memetic_search,7,F7: Hybrid Function 2,10,21,200000,3039.052675843232,1039.052675843232,False,96.42712807655334
de_memetic_search,7,F7: Hybrid Function 2,10,22,200000,2538.878346120313,538.8783461203129,False,96.70033097267152
de_memetic_search,7,F7: Hybrid Function 2,10,23,200000,3281.7970644856287,1281.7970644856289,False,90.1723563671112
de_memetic_search,7,F7: Hybrid Function 2,10,24,200000,2244.942206444936,244.9422064449359,False,94.89146423339844
de_memetic_search,7,F7: Hybrid Function 2,10,25,200000,3099.594205967774,1099.594205967774,False,94.35075378417967
de_memetic_search,7,F7: Hybrid Function 2,10,26,200000,2893.8054318707905,893.8054318707905,False,92.13779926300047
de_memetic_search,7,F7: Hybrid Function 2,10,27,200000,2513.747061670808,513.7470616708079,False,90.56719279289246
de_memetic_search,7,F7: Hybrid Function 2,10,28,200000,2681.848131690417,681.8481316904172,False,91.23866438865662
de_memetic_search,7,F7: Hybrid Function 2,10,29,200000,3122.992154424624,1122.992154424624,False,90.46464157104492
de_memetic_search,7,F7: Hybrid Function 2,10,30,200000,2979.598927350935,979.5989273509348,False,91.31867671012878
de_memetic_search,8,F8: Hybrid Function 3,10,1,200000,2298.975768885272,98.97576888527192,False,126.89491748809814
de_memetic_search,8,F8: Hybrid Function 3,10,2,200000,2379.9136005232594,179.91360052325945,False,123.58170199394226
de_memetic_search,8,F8: Hybrid Function 3,10,3,200000,2493.483360228015,293.48336022801504,False,123.42729878425598
de_memetic_search,8,F8: Hybrid Function 3,10,4,200000,2529.3659448856347,329.3659448856347,False,126.76673555374146
de_memetic_search,8,F8: Hybrid Function 3,10,5,200000,2977.570370719239,777.5703707192388,False,125.66908717155457
de_memetic_search,8,F8: Hybrid Function 3,10,6,200000,2714.784366625987,514.7843666259869,False,124.69360089302064
de_memetic_search,8,F8: Hybrid Function 3,10,7,200000,2423.157570037347,223.1575700373469,False,124.2559723854065
de_memetic_search,8,F8: Hybrid Function 3,10,8,200000,2303.9984311785734,103.99843117857336,False,126.03292560577393
de_memetic_search,8,F8: Hybrid Function 3,10,9,200000,2971.246434380977,771.2464343809775,False,126.5769591331482
de_memetic_search,8,F8: Hybrid Function 3,10,10,200000,2388.3621372268512,188.36213722685125,False,126.60888767242432
de_memetic_search,8,F8: Hybrid Function 3,10,11,200000,2439.6984182268425,239.69841822684248,False,124.77225279808044
de_memetic_search,8,F8: Hybrid Function 3,10,12,200000,2380.7536214490856,180.7536214490856,False,123.6768355369568
de_memetic_search,8,F8: Hybrid Function 3,10,13,200000,2909.691804309177,709.6918043091769,False,123.89836192131042
de_memetic_search,8,F8: Hybrid Function 3,10,14,200000,2713.584395372949,513.5843953729495,False,126.02523040771484
de_memetic_search,8,F8: Hybrid Function 3,10,15,200000,2427.151745246046,227.15174524604615,False,123.6980996131897
de_memetic_search,8,F8: Hybrid Function 3,10,16,200000,2802.554111758015,602.5541117580151,False,126.06764674186708
de_memetic_search,8,F8: Hybrid Function 3,10,17,200000,2813.7102115536445,613.7102115536445,False,124.62619662284852
de_memetic_search,8,F8: Hybrid Function 3,10,18,200000,2498.72992284948,298.72992284947986,False,125.47197461128236
de_memetic_search,8,F8: Hybrid Function 3,10,19,200000,2763.346910342323,563.3469103423231,False,122.46734118461607
de_memetic_search,8,F8: Hybrid Function 3,10,20,200000,3010.762738135292,810.7627381352922,False,125.24646615982056
de_memetic_search,8,F8: Hybrid Function 3,10,21,200000,2462.7224915035627,262.72249150356265,False,124.40605998039246
de_memetic_search,8,F8: Hybrid Function 3,10,22,200000,2940.762181342101,740.762181342101,False,123.2586750984192
de_memetic_search,8,F8: Hybrid Function 3,10,23,200000,2517.16525659262,317.1652565926197,False,125.48218035697936
de_memetic_search,8,F8: Hybrid Function 3,10,24,200000,2686.5285973551927,486.5285973551927,False,124.65146470069884
de_memetic_search,8,F8: Hybrid Function 3,10,25,200000,2347.400236882392,147.40023688239216,False,124.9794716835022
de_memetic_search,8,F8: Hybrid Function 3,10,26,200000,2551.441716648672,351.4417166486719,False,129.99861335754397
de_memetic_search,8,F8: Hybrid Function 3,10,27,200000,2309.1477618045888,109.14776180458875,False,129.90249729156494
de_memetic_search,8,F8: Hybrid Function 3,10,28,200000,2989.981838921973,789.9818389219731,False,130.2281849384308
de_memetic_search,8,F8: Hybrid Function 3,10,29,200000,2534.899255988205,334.8992559882049,False,131.9426474571228
de_memetic_search,8,F8: Hybrid Function 3,10,30,200000,2703.697844951909,503.6978449519093,False,131.6613872051239
de_memetic_search,9,F9: Composition Function 1,10,1,200000,2659.0945929867567,359.09459298675665,False,28.02346134185791
de_memetic_search,9,F9: Composition Function 1,10,2,200000,2300.001522341456,0.001522341456166,False,27.439570665359497
de_memetic_search,9,F9: Composition Function 1,10,3,200000,2662.9979835648464,362.9979835648464,False,27.496309518814087
de_memetic_search,9,F9: Composition Function 1,10,4,200000,2659.094372698386,359.094372698386,False,27.07082343101501
de_memetic_search,9,F9: Composition Function 1,10,5,200000,2666.9413933136034,366.9413933136034,False,27.756235599517822
de_memetic_search,9,F9: Composition Function 1,10,6,200000,2659.1103617777785,359.1103617777785,False,27.4624183177948
de_memetic_search,9,F9: Composition Function 1,10,7,200000,2659.094906132121,359.0949061321212,False,28.471428871154785
de_memetic_search,9,F9: Composition Function 1,10,8,200000,2659.0947039798657,359.0947039798657,False,27.31078720092773
de_memetic_search,9,F9: Composition Function 1,10,9,200000,2661.85622153808,361.8562215380798,False,26.84390163421631
de_memetic_search,9,F9: Composition Function 1,10,10,200000,2667.536449752067,367.5364497520668,False,27.79599404335022
de_memetic_search,9,F9: Composition Function 1,10,11,200000,2659.094422757917,359.0944227579175,False,27.55455684661865
de_memetic_search,9,F9: Composition Function 1,10,12,200000,2665.0591455042268,365.0591455042268,False,27.75868844985962
de_memetic_search,9,F9: Composition Function 1,10,13,200000,2659.09435428837,359.09435428837014,False,27.0088415145874
de_memetic_search,9,F9: Composition Function 1,10,14,200000,2659.0944841691426,359.09448416914256,False,27.82068109512329
de_memetic_search,9,F9: Composition Function 1,10,15,200000,2300.001444767074,0.0014447670741901,False,27.014155626297
de_memetic_search,9,F9: Composition Function 1,10,16,200000,2659.0947603060526,359.09476030605265,False,27.40668892860413
de_memetic_search,9,F9: Composition Function 1,10,17,200000,2659.09435905294,359.0943590529396,False,27.975605726242065
de_memetic_search,9,F9: Composition Function 1,10,18,200000,2659.0945134746485,359.09451347464847,False,28.439608335494995
de_memetic_search,9,F9: Composition Function 1,10,19,200000,2659.204595294683,359.2045952946828,False,28.415096044540405
de_memetic_search,9,F9: Composition Function 1,10,20,200000,2668.8994694616126,368.8994694616126,False,27.71392798423767
de_memetic_search,9,F9: Composition Function 1,10,21,200000,2659.0943929072187,359.09439290721866,False,28.192769289016724
de_memetic_search,9,F9: Composition Function 1,10,22,200000,2673.065521805887,373.0655218058869,False,28.328917026519772
de_memetic_search,9,F9: Composition Function 1,10,23,200000,2659.094364218837,359.0943642188372,False,28.04537415504456
de_memetic_search,9,F9: Composition Function 1,10,24,200000,2665.7609753223705,365.76097532237054,False,27.687418699264526
de_memetic_search,9,F9: Composition Function 1,10,25,200000,2659.094366085329,359.09436608532906,False,27.43216633796692
de_memetic_search,9,F9: Composition Function 1,10,26,200000,2659.1577168663853,359.1577168663853,False,27.89929270744324
de_memetic_search,9,F9: Composition Function 1,10,27,200000,2659.1457227054234,359.1457227054234,False,27.49844098091125
de_memetic_search,9,F9: Composition Function 1,10,28,200000,2659.094378359124,359.09437835912377,False,27.728630781173703
de_memetic_search,9,F9: Composition Function 1,10,29,200000,2659.094388585129,359.09438858512885,False,28.536553859710693
de_memetic_search,9,F9: Composition Function 1,10,30,200000,2659.094433319342,359.094433319342,False,28.02053928375244
de_memetic_search,10,F10: Composition Function 2,10,1,200000,2879.5111975197906,479.5111975197906,False,28.67290425300598
de_memetic_search,10,F10: Composition Function 2,10,2,200000,2654.2176636432414,254.2176636432414,False,28.79133129119873
de_memetic_search,10,F10: Composition Function 2,10,3,200000,2644.576845505969,244.5768455059688,False,30.38264322280884
de_memetic_search,10,F10: Composition Function 2,10,4,200000,2970.015931711554,570.015931711554,False,28.46467995643616
de_memetic_search,10,F10: Composition Function 2,10,5,200000,2634.920287463417,234.92028746341705,False,28.75248670578003
de_memetic_search,10,F10: Composition Function 2,10,6,200000,2819.811656781826,419.81165678182606,False,27.985669136047363
de_memetic_search,10,F10: Composition Function 2,10,7,200000,2841.0875993248164,441.0875993248165,False,28.558581829071045
de_memetic_search,10,F10: Composition Function 2,10,8,200000,2634.6936370605017,234.6936370605017,False,29.47633099555969
de_memetic_search,10,F10: Composition Function 2,10,9,200000,2868.894267142303,468.8942671423029,False,29.34669017791748
de_memetic_search,10,F10: Composition Function 2,10,10,200000,3344.802227549498,944.8022275494982,False,28.905230283737183
de_memetic_search,10,F10: Composition Function 2,10,11,200000,2776.5721534432,376.5721534431996,False,28.24022889137268
de_memetic_search,10,F10: Composition Function 2,10,12,200000,2641.5258796659164,241.5258796659164,False,28.29213833808899
de_memetic_search,10,F10: Composition Function 2,10,13,200000,2664.8932145240933,264.8932145240933,False,28.53167843818665
de_memetic_search,10,F10: Composition Function 2,10,14,200000,2687.245147090325,287.2451470903252,False,29.078953504562374
de_memetic_search,10,F10: Composition Function 2,10,15,200000,2660.34361905929,260.3436190592902,False,27.946129083633423
de_memetic_search,10,F10: Composition Function 2,10,16,200000,2950.950403615405,550.9504036154049,False,28.42785716056824
de_memetic_search,10,F10: Composition Function 2,10,17,200000,3705.358973105833,1305.3589731058328,False,28.44275188446045
de_memetic_search,10,F10: Composition Function 2,10,18,200000,2897.571533585201,497.571533585201,False,29.93055391311645
de_memetic_search,10,F10: Composition Function 2,10,19,200000,4454.44132433573,2054.4413243357303,False,30.028480768203732
de_memetic_search,10,F10: Composition Function 2,10,20,200000,2629.2230141069303,229.22301410693035,False,29.55520081520081
de_memetic_search,10,F10: Composition Function 2,10,21,200000,2895.9868374443517,495.9868374443513,False,29.372183084487915
de_memetic_search,10,F10: Composition Function 2,10,22,200000,2880.998772273137,480.9987722731376,False,29.06723141670227
de_memetic_search,10,F10: Composition Function 2,10,23,200000,2629.962211104857,229.9622111048575,False,29.26226758956909
de_memetic_search,10,F10: Composition Function 2,10,24,200000,2624.9411056891954,224.9411056891954,False,28.463022708892822
de_memetic_search,10,F10: Composition Function 2,10,25,200000,2669.1837866188844,269.1837866188844,False,27.784971952438354
de_memetic_search,10,F10: Composition Function 2,10,26,200000,2846.0537724461765,446.0537724461765,False,28.124239206314087
de_memetic_search,10,F10: Composition Function 2,10,27,200000,2901.329892858715,501.3298928587151,False,29.202755451202396
de_memetic_search,10,F10: Composition Function 2,10,28,200000,3560.9169918065704,1160.9169918065704,False,29.03019380569458
de_memetic_search,10,F10: Composition Function 2,10,29,200000,2644.4712269742217,244.4712269742217,False,29.23695373535156
de_memetic_search,10,F10: Composition Function 2,10,30,200000,3842.854647789733,1442.8546477897326,False,28.00491499900818
de_memetic_search,11,F11: Composition Function 3,10,1,200000,2673.869499124444,73.86949912444334,False,46.97165966033936
de_memetic_search,11,F11: Composition Function 3,10,2,200000,3527.291753849848,927.2917538498482,False,48.20129323005676
de_memetic_search,11,F11: Composition Function 3,10,3,200000,3528.50746506266,928.5074650626592,False,47.456775426864624
de_memetic_search,11,F11: Composition Function 3,10,4,200000,2622.656558156951,22.656558156951174,False,44.74420928955078
de_memetic_search,11,F11: Composition Function 3,10,5,200000,2636.024469193901,36.024469193901496,False,46.368040561676025
de_memetic_search,11,F11: Composition Function 3,10,6,200000,2624.9083644047264,24.9083644047264,False,46.390082597732544
de_memetic_search,11,F11: Composition Function 3,10,7,200000,3515.9263386435096,915.9263386435096,False,47.05953025817871
de_memetic_search,11,F11: Composition Function 3,10,8,200000,3530.2275701224053,930.2275701224052,False,46.90931463241577
de_memetic_search,11,F11: Composition Function 3,10,9,200000,2681.9934129613757,81.99341296137527,False,46.2825129032135
de_memetic_search,11,F11: Composition Function 3,10,10,200000,3532.844169093264,932.8441690932636,False,47.626675844192505
de_memetic_search,11,F11: Composition Function 3,10,11,200000,3528.484933277281,928.484933277281,False,46.405776500701904
de_memetic_search,11,F11: Composition Function 3,10,12,200000,2625.5124316961346,25.512431696134627,False,46.45710706710816
de_memetic_search,11,F11: Composition Function 3,10,13,200000,2682.243099726506,82.24309972650599,False,45.50278687477112
de_memetic_search,11,F11: Composition Function 3,10,14,200000,2632.5912857313947,32.59128573139469,False,46.22322154045105
de_memetic_search,11,F11: Composition Function 3,10,15,200000,3509.896816538229,909.8968165382288,False,46.93871855735779
de_memetic_search,11,F11: Composition Function 3,10,16,200000,3546.4680461626785,946.4680461626784,False,45.563992500305176
de_memetic_search,11,F11: Composition Function 3,10,17,200000,3115.957177628127,515.9571776281268,False,45.84485578536987
de_memetic_search,11,F11: Composition Function 3,10,18,200000,2770.6397052139764,170.6397052139764,False,46.961278200149536
de_memetic_search,11,F11: Composition Function 3,10,19,200000,3904.146638845893,1304.146638845893,False,46.10829734802246
de_memetic_search,11,F11: Composition Function 3,10,20,200000,3549.738924741934,949.7389247419342,False,46.51980352401733
de_memetic_search,11,F11: Composition Function 3,10,21,200000,2600.000712718383,0.0007127183830561,False,42.93997764587402
de_memetic_search,11,F11: Composition Function 3,10,22,200000,2647.2766760123504,47.27667601235044,False,46.55533766746521
de_memetic_search,11,F11: Composition Function 3,10,23,200000,2600.0005862738512,0.0005862738512405,False,44.95307922363281
de_memetic_search,11,F11: Composition Function 3,10,24,200000,3529.684508767565,929.6845087675651,False,46.759663105010986
de_memetic_search,11,F11: Composition Function 3,10,25,200000,2600.001108603743,0.0011086037429777,False,44.5356502532959
de_memetic_search,11,F11: Composition Function 3,10,26,200000,2624.032713415344,24.03271341534401,False,46.13676071166992
de_memetic_search,11,F11: Composition Function 3,10,27,200000,2705.4464039441755,105.44640394417549,False,46.43758583068848
de_memetic_search,11,F11: Composition Function 3,10,28,200000,2625.06038652562,25.060386525619837,False,46.76801800727844
de_memetic_search,11,F11: Composition Function 3,10,29,200000,3960.134200476632,1360.1342004766316,False,46.852813720703125
de_memetic_search,11,F11: Composition Function 3,10,30,200000,2600.0000894395816,8.943958164309151e-05,False,45.03508949279785
de_memetic_search,12,F12: Composition Function 4,10,1,200000,2992.803932870722,292.80393287072184,False,50.13064050674439
de_memetic_search,12,F12: Composition Function 4,10,2,200000,2955.097910626038,255.0979106260379,False,51.72746801376343
de_memetic_search,12,F12: Composition Function 4,10,3,200000,2876.6629963484147,176.6629963484147,False,51.59228277206421
de_memetic_search,12,F12: Composition Function 4,10,4,200000,3033.877854912173,333.877854912173,False,50.41757845878601
de_memetic_search,12,F12: Composition Function 4,10,5,200000,2964.340842555537,264.3408425555372,False,49.66513776779175
de_memetic_search,12,F12: Composition Function 4,10,6,200000,2994.6106705502266,294.6106705502266,False,49.987212896347046
de_memetic_search,12,F12: Composition Function 4,10,7,200000,2957.2744443456577,257.2744443456577,False,49.17876291275024
de_memetic_search,12,F12: Composition Function 4,10,8,200000,3021.2883975248506,321.2883975248505,False,50.45002889633179
de_memetic_search,12,F12: Composition Function 4,10,9,200000,2892.8317699600057,192.8317699600057,False,49.66202139854431
de_memetic_search,12,F12: Composition Function 4,10,10,200000,2934.3814780050643,234.3814780050643,False,49.6519889831543
de_memetic_search,12,F12: Composition Function 4,10,11,200000,3056.925483154748,356.9254831547478,False,51.92437791824341
de_memetic_search,12,F12: Composition Function 4,10,12,200000,2970.801121540947,270.8011215409469,False,52.65528082847595
de_memetic_search,12,F12: Composition Function 4,10,13,200000,2977.827488246987,277.82748824698683,False,51.23290681838989
de_memetic_search,12,F12: Composition Function 4,10,14,200000,2934.394353800389,234.39435380038915,False,51.71528792381287
de_memetic_search,12,F12: Composition Function 4,10,15,200000,3120.449800223497,420.4498002234968,False,50.63999247550965
de_memetic_search,12,F12: Composition Function 4,10,16,200000,3002.331258675589,302.3312586755892,False,52.46154451370239
de_memetic_search,12,F12: Composition Function 4,10,17,200000,2973.116899702357,273.11689970235693,False,53.361987352371216
de_memetic_search,12,F12: Composition Function 4,10,18,200000,2925.027303239929,225.0273032399291,False,51.25139880180359
de_memetic_search,12,F12: Composition Function 4,10,19,200000,2919.9856830489525,219.98568304895247,False,51.88669395446777
de_memetic_search,12,F12: Composition Function 4,10,20,200000,2887.1455520375084,187.1455520375084,False,51.180073261260986
de_memetic_search,12,F12: Composition Function 4,10,21,200000,2962.116893630832,262.1168936308313,False,50.24132990837097
de_memetic_search,12,F12: Composition Function 4,10,22,200000,2963.627408965832,263.6274089658318,False,52.48914623260498
de_memetic_search,12,F12: Composition Function 4,10,23,200000,2970.3782258272136,270.3782258272136,False,55.889968156814575
de_memetic_search,12,F12: Composition Function 4,10,24,200000,2899.5770118649484,199.5770118649484,False,53.684786558151245
de_memetic_search,12,F12: Composition Function 4,10,25,200000,3223.6763200078885,523.6763200078885,False,51.25888800621033
de_memetic_search,12,F12: Composition Function 4,10,26,200000,2950.353625877417,250.35362587741656,False,51.76129961013794
de_memetic_search,12,F12: Composition Function 4,10,27,200000,2927.590726841838,227.5907268418382,False,51.81993579864502
de_memetic_search,12,F12: Composition Function 4,10,28,200000,2902.153421154134,202.15342115413387,False,53.42827320098877
de_memetic_search,12,F12: Composition Function 4,10,29,200000,2909.5653332232405,209.5653332232405,False,52.733131408691406
de_memetic_search,12,F12: Composition Function 4,10,30,200000,2923.900317459528,223.9003174595282,False,52.36565375328064
de_memetic_search,1,F1: Shifted and full Rotated Zakharov Function,20,1,1000000,300.0000000000096,9.606537787476556e-12,True,23.322277307510376
de_memetic_search,1,F1: Shifted and full Rotated Zakharov Function,20,2,1000000,300.00000000001273,1.2732925824820995e-11,True,24.020176887512207
de_memetic_search,1,F1: Shifted and full Rotated Zakharov Function,20,3,1000000,300.00000000000915,9.151790436590089e-12,True,21.9163670539856
de_memetic_search,1,F1: Shifted and full Rotated Zakharov Function,20,4,1000000,300.0000000000061,6.0822458181064576e-12,True,21.804733991622925
de_memetic_search,1,F1: Shifted and full Rotated Zakharov Function,20,5,1000000,300.0000000000062,6.195932655828074e-12,True,22.49928951263428
de_memetic_search,1,F1: Shifted and full Rotated Zakharov Function,20,6,1000000,300.0000000000088,8.810729923425242e-12,True,23.37561655044556
de_memetic_search,1,F1: Shifted and full Rotated Zakharov Function,20,7,1000000,300.0000000000062,6.195932655828074e-12,True,21.40994691848755
de_memetic_search,1,F1: Shifted and full Rotated Zakharov Function,20,8,1000000,300.0000000000051,5.1159076974727205e-12,True,22.11948823928833
de_memetic_search,1,F1: Shifted and full Rotated Zakharov Function,20,9,1000000,300.00000000000506,5.059064278611913e-12,True,23.283413410186768
de_memetic_search,1,F1: Shifted and full Rotated Zakharov Function,20,10,1000000,300.00000000000955,9.549694368615746e-12,True,21.96722841262817
de_memetic_search,1,F1: Shifted and full Rotated Zakharov Function,20,11,1000000,300.0000000000096,9.606537787476556e-12,True,21.435778379440308
de_memetic_search,1,F1: Shifted and full Rotated Zakharov Function,20,12,1000000,300.0000000000055,5.5138116294983774e-12,True,21.69368934631348
de_memetic_search,1,F1: Shifted and full Rotated Zakharov Function,20,13,1000000,300.0000000000056,5.6274984672199935e-12,True,22.24705147743225
de_memetic_search,1,F1: Shifted and full Rotated Zakharov Function,20,14,1000000,300.0000000000028,2.7284841053187847e-12,True,21.610719680786133
de_memetic_search,1,F1: Shifted and full Rotated Zakharov Function,20,15,1000000,300.00000000000864,8.640199666842818e-12,True,22.36116671562195
de_memetic_search,1,F1: Shifted and full Rotated Zakharov Function,20,16,1000000,300.0000000000054,5.400124791776762e-12,True,22.135008096694943
de_memetic_search,1,F1: Shifted and full Rotated Zakharov Function,20,17,1000000,300.0000000000043,4.320099833421409e-12,True,21.87090802192688
de_memetic_search,1,F1: Shifted and full Rotated Zakharov Function,20,18,1000000,300.0000000000041,4.092726157978177e-12,True,21.823439121246334
de_memetic_search,1,F1: Shifted and full Rotated Zakharov Function,20,19,1000000,300.00000000000364,3.637978807091713e-12,True,21.717913389205933
de_memetic_search,1,F1: Shifted and full Rotated Zakharov Function,20,20,1000000,300.0000000000094,9.379164112033322e-12,True,22.026878356933597
de_memetic_search,1,F1: Shifted and full Rotated Zakharov Function,20,21,1000000,300.00000000000296,2.9558577807620168e-12,True,22.05016231536865
de_memetic_search,1,F1: Shifted and full Rotated Zakharov Function,20,22,1000000,300.00000000000705,7.048583938740194e-12,True,22.09662079811096
de_memetic_search,1,F1: Shifted and full Rotated Zakharov Function,20,23,1000000,300.0000000000057,5.6843418860808015e-12,True,21.77570652961731
de_memetic_search,1,F1: Shifted and full Rotated Zakharov Function,20,24,1000000,300.00000000000364,3.637978807091713e-12,True,22.066428422927856
de_memetic_search,1,F1: Shifted and full Rotated Zakharov Function,20,25,1000000,300.00000000000864,8.640199666842818e-12,True,21.74491548538208
de_memetic_search,1,F1: Shifted and full Rotated Zakharov Function,20,26,1000000,300.0000000000033,3.296918293926865e-12,True,21.805351734161377
de_memetic_search,1,F1: Shifted and full Rotated Zakharov Function,20,27,1000000,300.0000000000017,1.7053025658242404e-12,True,21.84884476661682
de_memetic_search,1,F1: Shifted and full Rotated Zakharov Function,20,28,1000000,300.0000000000072,7.219114195322618e-12,True,22.04800271987915
de_memetic_search,1,F1: Shifted and full Rotated Zakharov Function,20,29,1000000,300.0000000000053,5.2864379540551446e-12,True,24.17871189117432
de_memetic_search,1,F1: Shifted and full Rotated Zakharov Function,20,30,1000000,300.0000000000043,4.320099833421409e-12,True,24.533307790756226
de_memetic_search,2,F2: Shifted and Rotated Rosenbrock’s Function,20,1,1000000,400.3799778303136,0.3799778303135781,False,31.26421093940735
de_memetic_search,2,F2: Shifted and Rotated Rosenbrock’s Function,20,2,1000000,449.08454792256265,49.08454792256265,False,30.543176651000977
de_memetic_search,2,F2: Shifted and Rotated Rosenbrock’s Function,20,3,1000000,400.2305689805289,0.2305689805289148,False,30.93280816078186
de_memetic_search,2,F2: Shifted and Rotated Rosenbrock’s Function,20,4,1000000,400.4846989815544,0.484698981554402,False,30.51052713394165
de_memetic_search,2,F2: Shifted and Rotated Rosenbrock’s Function,20,5,1000000,400.4967163525647,0.4967163525647038,False,30.403218269348145
de_memetic_search,2,F2: Shifted and Rotated Rosenbrock’s Function,20,6,1000000,449.0845774671251,49.08457746712509,False,30.507173538208008
de_memetic_search,2,F2: Shifted and Rotated Rosenbrock’s Function,20,7,1000000,449.0846104587168,49.08461045871684,False,30.86161971092224
de_memetic_search,2,F2: Shifted and Rotated Rosenbrock’s Function,20,8,1000000,449.0845752357143,49.08457523571428,False,31.640648126602173
de_memetic_search,2,F2: Shifted and Rotated Rosenbrock’s Function,20,9,1000000,449.0845285999357,49.08452859993571,False,31.449238538742065
de_memetic_search,2,F2: Shifted and Rotated Rosenbrock’s Function,20,10,1000000,400.3879415666121,0.3879415666120849,False,30.659868955612183
de_memetic_search,2,F2: Shifted and Rotated Rosenbrock’s Function,20,11,1000000,449.0845195628106,49.08451956281061,False,29.671136140823364
de_memetic_search,2,F2: Shifted and Rotated Rosenbrock’s Function,20,12,1000000,400.1642112227589,0.1642112227589223,False,30.281182527542114
de_memetic_search,2,F2: Shifted and Rotated Rosenbrock’s Function,20,13,1000000,449.0846634273876,49.08466342738757,False,30.449299573898315
de_memetic_search,2,F2: Shifted and Rotated Rosenbrock’s Function,20,14,1000000,449.08458849784034,49.08458849784034,False,29.792293071746823
de_memetic_search,2,F2: Shifted and Rotated Rosenbrock’s Function,20,15,1000000,449.0845292509146,49.08452925091467,False,30.927810192108154
de_memetic_search,2,F2: Shifted and Rotated Rosenbrock’s Function,20,16,1000000,449.08453286485246,49.08453286485246,False,30.75729751586914
de_memetic_search,2,F2: Shifted and Rotated Rosenbrock’s Function,20,17,1000000,444.89546932152,44.895469321519954,False,30.20191240310669
de_memetic_search,2,F2: Shifted and Rotated Rosenbrock’s Function,20,18,1000000,400.1637831065645,0.1637831065644945,False,30.93130326271057
de_memetic_search,2,F2: Shifted and Rotated Rosenbrock’s Function,20,19,1000000,449.0844799367198,49.08447993671979,False,30.833887338638306
de_memetic_search,2,F2: Shifted and Rotated Rosenbrock’s Function,20,20,1000000,444.8954693183713,44.89546931837128,False,30.76697468757629
de_memetic_search,2,F2: Shifted and Rotated Rosenbrock’s Function,20,21,1000000,449.08451601201256,49.08451601201256,False,31.23059391975403
de_memetic_search,2,F2: Shifted and Rotated Rosenbrock’s Function,20,22,1000000,400.5258282364272,0.5258282364272304,False,31.04033589363098
de_memetic_search,2,F2: Shifted and Rotated Rosenbrock’s Function,20,23,1000000,444.89546938267546,44.89546938267546,False,30.75884962081909
de_memetic_search,2,F2: Shifted and Rotated Rosenbrock’s Function,20,24,1000000,449.0844801631613,49.08448016316129,False,31.005332708358765
de_memetic_search,2,F2: Shifted and Rotated Rosenbrock’s Function,20,25,1000000,467.79072661819663,67.79072661819663,False,30.775135040283203
de_memetic_search,2,F2: Shifted and Rotated Rosenbrock’s Function,20,26,1000000,444.89546932797504,44.89546932797504,False,30.734346628189087
de_memetic_search,2,F2: Shifted and Rotated Rosenbrock’s Function,20,27,1000000,400.4225445910736,0.4225445910736312,False,32.14894771575928
de_memetic_search,2,F2: Shifted and Rotated Rosenbrock’s Function,20,28,1000000,449.0844880305142,49.084488030514194,False,30.524901151657104
de_memetic_search,2,F2: Shifted and Rotated Rosenbrock’s Function,20,29,1000000,444.8954693300374,44.89546933003737,False,29.76514196395874
de_memetic_search,2,F2: Shifted and Rotated Rosenbrock’s Function,20,30,1000000,449.0845073044386,49.0845073044386,False,30.168476581573486
de_memetic_search,3,F3: Shifted and full Rotated Expanded Schaffer’s F7,20,1,1000000,600.0000016796963,1.6796963109300125e-06,False,48.28839707374573
de_memetic_search,3,F3: Shifted and full Rotated Expanded Schaffer’s F7,20,2,1000000,600.0000021078603,2.107860268552031e-06,False,48.41793966293335
de_memetic_search,3,F3: Shifted and full Rotated Expanded Schaffer’s F7,20,3,1000000,600.000002118557,2.11855694942642e-06,False,48.261871099472046
de_memetic_search,3,F3: Shifted and full Rotated Expanded Schaffer’s F7,20,4,1000000,600.0000019532619,1.9532618580342387e-06,False,48.41785359382629
de_memetic_search,3,F3: Shifted and full Rotated Expanded Schaffer’s F7,20,5,1000000,600.0000014993113,1.4993113381933654e-06,False,49.41533613204956
de_memetic_search,3,F3: Shifted and full Rotated Expanded Schaffer’s F7,20,6,1000000,600.0000021625387,2.162538748962106e-06,False,49.85566711425781
de_memetic_search,3,F3: Shifted and full Rotated Expanded Schaffer’s F7,20,7,1000000,600.000001944218,1.9442179564066464e-06,False,47.58346438407898
de_memetic_search,3,F3: Shifted and full Rotated Expanded Schaffer’s F7,20,8,1000000,600.0000019824621,1.9824620949293603e-06,False,48.28296399116516
de_memetic_search,3,F3: Shifted and full Rotated Expanded Schaffer’s F7,20,9,1000000,600.00000223297,2.2329700186674017e-06,False,48.88487339019776
de_memetic_search,3,F3: Shifted and full Rotated Expanded Schaffer’s F7,20,10,1000000,600.0000023408393,2.3408392735291272e-06,False,48.39221167564392
de_memetic_search,3,F3: Shifted and full Rotated Expanded Schaffer’s F7,20,11,1000000,600.0000018066564,1.80665642801614e-06,False,48.66110610961914
de_memetic_search,3,F3: Shifted and full Rotated Expanded Schaffer’s F7,20,12,1000000,600.0000021799135,2.1799135083711008e-06,False,48.78281760215759
de_memetic_search,3,F3: Shifted and full Rotated Expanded Schaffer’s F7,20,13,1000000,600.0000015136048,1.513604843239591e-06,False,48.61569881439209
de_memetic_search,3,F3: Shifted and full Rotated Expanded Schaffer’s F7,20,14,1000000,600.0000018317057,1.83170573109237e-06,False,48.76784038543701
de_memetic_search,3,F3: Shifted and full Rotated Expanded Schaffer’s F7,20,15,1000000,600.0000018542215,1.8542215229899737e-06,False,48.54261755943298
de_memetic_search,3,F3: Shifted and full Rotated Expanded Schaffer’s F7,20,16,1000000,600.0000019461052,1.946105157912825e-06,False,48.888927698135376
de_memetic_search,3,F3: Shifted and full Rotated Expanded Schaffer’s F7,20,17,1000000,600.0000021721921,2.172192125726724e-06,False,49.08358025550842
de_memetic_search,3,F3: Shifted and full Rotated Expanded Schaffer’s F7,20,18,1000000,600.000001705166,1.7051660279321368e-06,False,48.52943539619446
de_memetic_search,3,F3: Shifted and full Rotated Expanded Schaffer’s F7,20,19,1000000,600.0000012696707,1.2696707472059645e-06,False,47.891008615493774
de_memetic_search,3,F3: Shifted and full Rotated Expanded Schaffer’s F7,20,20,1000000,600.0000013677416,1.3677415608981391e-06,False,48.38451886177063
de_memetic_search,3,F3: Shifted and full Rotated Expanded Schaffer’s F7,20,21,1000000,600.0000018132451,1.8132451486962964e-06,False,48.323545932769775
de_memetic_search,3,F3: Shifted and full Rotated Expanded Schaffer’s F7,20,22,1000000,600.0000019232583,1.923258309943776e-06,False,48.08681631088257
de_memetic_search,3,F3: Shifted and full Rotated Expanded Schaffer’s F7,20,23,1000000,600.0000016810426,1.6810425904623116e-06,False,47.29456329345703
de_memetic_search,3,F3: Shifted and full Rotated Expanded Schaffer’s F7,20,24,1000000,600.0000024354351,2.435435135339503e-06,False,47.85118889808655
de_memetic_search,3,F3: Shifted and full Rotated Expanded Schaffer’s F7,20,25,1000000,600.0000026030876,2.60308763699868e-06,False,48.64946961402893
de_memetic_search,3,F3: Shifted and full Rotated Expanded Schaffer’s F7,20,26,1000000,600.000002120561,2.1205610210017767e-06,False,48.211793422698975
de_memetic_search,3,F3: Shifted and full Rotated Expanded Schaffer’s F7,20,27,1000000,600.000001480261,1.480260948483192e-06,False,48.52344751358032
de_memetic_search,3,F3: Shifted and full Rotated Expanded Schaffer’s F7,20,28,1000000,600.0000015766766,1.5766765955049775e-06,False,44.958234548568726
de_memetic_search,3,F3: Shifted and full Rotated Expanded Schaffer’s F7,20,29,1000000,600.0000021817664,2.181766376452288e-06,False,46.67802572250366
de_memetic_search,3,F3: Shifted and full Rotated Expanded Schaffer’s F7,20,30,1000000,600.0000014322848,1.4322847619041568e-06,False,46.162999391555786
de_memetic_search,4,F4: Shifted and Rotated Non-Continuous Rastrigin’s Function,20,1,1000000,1300.000000000172,500.0000000001719,False,74.16087365150452
de_memetic_search,4,F4: Shifted and Rotated Non-Continuous Rastrigin’s Function,20,2,1000000,1276.5,476.5,False,81.16007232666016
de_memetic_search,4,F4: Shifted and Rotated Non-Continuous Rastrigin’s Function,20,3,1000000,1458.000000000065,658.000000000065,False,78.30858397483826
de_memetic_search,4,F4: Shifted and Rotated Non-Continuous Rastrigin’s Function,20,4,1000000,1448.0,648.0,False,81.44790267944336
de_memetic_search,4,F4: Shifted and Rotated Non-Continuous Rastrigin’s Function,20,5,1000000,1169.5000000001733,369.50000000017326,False,83.77611231803894
de_memetic_search,4,F4: Shifted and Rotated Non-Continuous Rastrigin’s Function,20,6,1000000,1253.00000000016,453.00000000016007,False,80.2095365524292
de_memetic_search,4,F4: Shifted and Rotated Non-Continuous Rastrigin’s Function,20,7,1000000,1220.000000000252,420.00000000025193,False,75.52553462982178
de_memetic_search,4,F4: Shifted and Rotated Non-Continuous Rastrigin’s Function,20,8,1000000,1192.5000000001564,392.5000000001564,False,76.34318542480469
de_memetic_search,4,F4: Shifted and Rotated Non-Continuous Rastrigin’s Function,20,9,1000000,1372.0,572.0,False,76.39342045783997
de_memetic_search,4,F4: Shifted and Rotated Non-Continuous Rastrigin’s Function,20,10,1000000,1235.0000000000791,435.0000000000791,False,75.67480421066284
de_memetic_search,4,F4: Shifted and Rotated Non-Continuous Rastrigin’s Function,20,11,1000000,1457.0,657.0,False,76.79079222679138
de_memetic_search,4,F4: Shifted and Rotated Non-Continuous Rastrigin’s Function,20,12,1000000,1250.000000000104,450.00000000010414,False,83.52715182304382
de_memetic_search,4,F4: Shifted and Rotated Non-Continuous Rastrigin’s Function,20,13,1000000,1212.500000000082,412.50000000008185,False,85.70794820785522
de_memetic_search,4,F4: Shifted and Rotated Non-Continuous Rastrigin’s Function,20,14,1000000,1387.0000000002797,587.0000000002797,False,79.16336393356323
de_memetic_search,4,F4: Shifted and Rotated Non-Continuous Rastrigin’s Function,20,15,1000000,1351.5000000000002,551.5000000000002,False,76.41795444488525
de_memetic_search,4,F4: Shifted and Rotated Non-Continuous Rastrigin’s Function,20,16,1000000,1336.5000000000755,536.5000000000755,False,74.71458745002747
de_memetic_search,4,F4: Shifted and Rotated Non-Continuous Rastrigin’s Function,20,17,1000000,1255.500000000165,455.5000000001651,False,77.18931269645691
de_memetic_search,4,F4: Shifted and Rotated Non-Continuous Rastrigin’s Function,20,18,1000000,1303.5000000001123,503.5000000001123,False,73.2527322769165
de_memetic_search,4,F4: Shifted and Rotated Non-Continuous Rastrigin’s Function,20,19,1000000,1390.000000000089,590.0000000000887,False,70.88064098358154
de_memetic_search,4,F4: Shifted and Rotated Non-Continuous Rastrigin’s Function,20,20,1000000,1414.0000000001369,614.0000000001369,False,72.15953493118286
de_memetic_search,4,F4: Shifted and Rotated Non-Continuous Rastrigin’s Function,20,21,1000000,1434.0,634.0,False,76.97215509414673
de_memetic_search,4,F4: Shifted and Rotated Non-Continuous Rastrigin’s Function,20,22,1000000,1408.500000000002,608.500000000002,False,72.66941356658936
de_memetic_search,4,F4: Shifted and Rotated Non-Continuous Rastrigin’s Function,20,23,1000000,1319.000000000261,519.000000000261,False,72.12628030776978
de_memetic_search,4,F4: Shifted and Rotated Non-Continuous Rastrigin’s Function,20,24,1000000,1434.0000000000014,634.0000000000014,False,73.76371216773987
de_memetic_search,4,F4: Shifted and Rotated Non-Continuous Rastrigin’s Function,20,25,1000000,1416.0,616.0,False,76.10922122001648
de_memetic_search,4,F4: Shifted and Rotated Non-Continuous Rastrigin’s Function,20,26,1000000,1201.5000000001746,401.5000000001746,False,76.65962290763855
de_memetic_search,4,F4: Shifted and Rotated Non-Continuous Rastrigin’s Function,20,27,1000000,1128.000000000171,328.000000000171,False,77.11295819282532
de_memetic_search,4,F4: Shifted and Rotated Non-Continuous Rastrigin’s Function,20,28,1000000,1318.000000000157,518.0000000001569,False,77.00598955154419
de_memetic_search,4,F4: Shifted and Rotated Non-Continuous Rastrigin’s Function,20,29,1000000,1262.0000000001064,462.0000000001064,False,77.65588212013245
de_memetic_search,4,F4: Shifted and Rotated Non-Continuous Rastrigin’s Function,20,30,1000000,1280.500000000091,480.50000000009095,False,77.59376072883606
de_memetic_search,5,F5: Shifted and Rotated Levy Function,20,1,1000000,903.150152274108,3.1501522741079957,False,40.46541953086853
de_memetic_search,5,F5: Shifted and Rotated Levy Function,20,2,1000000,913.3983080499688,13.398308049968932,False,40.56348156929016
de_memetic_search,5,F5: Shifted and Rotated Levy Function,20,3,1000000,916.9800115770436,16.980011577043683,False,40.639198303222656
de_memetic_search,5,F5: Shifted and Rotated Levy Function,20,4,1000000,907.0335525859156,7.033552585915686,False,40.16528129577637
de_memetic_search,5,F5: Shifted and Rotated Levy Function,20,5,1000000,910.459870145226,10.459870145226091,False,40.01454162597656
de_memetic_search,5,F5: Shifted and Rotated Levy Function,20,6,1000000,909.526517202836,9.526517202835976,False,40.07686948776245
de_memetic_search,5,F5: Shifted and Rotated Levy Function,20,7,1000000,905.97226765168,5.972267651680113,False,40.72881484031677
de_memetic_search,5,F5: Shifted and Rotated Levy Function,20,8,1000000,908.6762175977497,8.676217597749655,False,40.73568367958069
de_memetic_search,5,F5: Shifted and Rotated Levy Function,20,9,1000000,905.541447413632,5.541447413632,False,40.368282318115234
de_memetic_search,5,F5: Shifted and Rotated Levy Function,20,10,1000000,903.4489361808407,3.4489361808407466,False,40.2333607673645
de_memetic_search,5,F5: Shifted and Rotated Levy Function,20,11,1000000,910.3733229609712,10.373322960971224,False,40.56844902038574
de_memetic_search,5,F5: Shifted and Rotated Levy Function,20,12,1000000,904.2445802623656,4.244580262365503,False,40.04098558425903
de_memetic_search,5,F5: Shifted and Rotated Levy Function,20,13,1000000,910.9019653755964,10.90196537559632,False,39.30615329742432
de_memetic_search,5,F5: Shifted and Rotated Levy Function,20,14,1000000,908.2506115439636,8.250611543963714,False,40.0610773563385
de_memetic_search,5,F5: Shifted and Rotated Levy Function,20,15,1000000,910.5204476208733,10.520447620873256,False,39.39606785774231
de_memetic_search,5,F5: Shifted and Rotated Levy Function,20,16,1000000,916.4332643667362,16.43326436673624,False,40.66138339042664
de_memetic_search,5,F5: Shifted and Rotated Levy Function,20,17,1000000,921.1071961784432,21.10719617844325,False,40.723718881607056
de_memetic_search,5,F5: Shifted and Rotated Levy Function,20,18,1000000,907.0355216718218,7.035521671821812,False,41.232494831085205
de_memetic_search,5,F5: Shifted and Rotated Levy Function,20,19,1000000,910.735069558614,10.735069558613873,False,41.03506112098694
de_memetic_search,5,F5: Shifted and Rotated Levy Function,20,20,1000000,916.7087418526072,16.708741852607204,False,41.20100402832031
de_memetic_search,5,F5: Shifted and Rotated Levy Function,20,21,1000000,914.6936637760444,14.693663776044332,False,41.14910864830017
de_memetic_search,5,F5: Shifted and Rotated Levy Function,20,22,1000000,914.8459797147552,14.845979714755345,False,41.976797580718994
de_memetic_search,5,F5: Shifted and Rotated Levy Function,20,23,1000000,904.1482975526708,4.14829755267067,False,41.55431413650513
de_memetic_search,5,F5: Shifted and Rotated Levy Function,20,24,1000000,906.7019065762112,6.701906576211059,False,40.298359394073486
de_memetic_search,5,F5: Shifted and Rotated Levy Function,20,25,1000000,910.7335583947228,10.733558394722763,False,39.84111166000366
de_memetic_search,5,F5: Shifted and Rotated Levy Function,20,26,1000000,908.5384532968548,8.538453296854868,False,39.866459608078
de_memetic_search,5,F5: Shifted and Rotated Levy Function,20,27,1000000,908.816102655506,8.816102655506029,False,39.932701587677
de_memetic_search,5,F5: Shifted and Rotated Levy Function,20,28,1000000,904.0587964763248,4.058796476324915,False,40.8709876537323
de_memetic_search,5,F5: Shifted and Rotated Levy Function,20,29,1000000,909.974180385799,9.974180385798944,False,40.11725068092346
de_memetic_search,5,F5: Shifted and Rotated Levy Function,20,30,1000000,914.8154340605772,14.815434060577331,False,40.57498288154602
de_memetic_search,6,F6: Hybrid Function 1,20,1,1000000,63005.62429934532,61205.62429934532,False,46.374454975128174
de_memetic_search,6,F6: Hybrid Function 1,20,2,1000000,77679.21009988312,75879.21009988312,False,46.06542682647705
de_memetic_search,6,F6: Hybrid Function 1,20,3,1000000,106946.65729548066,105146.65729548066,False,46.45539474487305
de_memetic_search,6,F6: Hybrid Function 1,20,4,1000000,72710.69542241583,70910.69542241583,False,47.53777027130127
de_memetic_search,6,F6: Hybrid Function 1,20,5,1000000,72392.52021242525,70592.52021242525,False,48.2654242515564
de_memetic_search,6,F6: Hybrid Function 1,20,6,1000000,71791.82821279162,69991.82821279162,False,47.43573188781738
de_memetic_search,6,F6: Hybrid Function 1,20,7,1000000,94179.717616089,92379.717616089,False,48.064077377319336
de_memetic_search,6,F6: Hybrid Function 1,20,8,1000000,98323.49601859722,96523.49601859722,False,46.38560152053833
de_memetic_search,6,F6: Hybrid Function 1,20,9,1000000,66106.82951457199,64306.82951457199,False,48.36625528335571
de_memetic_search,6,F6: Hybrid Function 1,20,10,1000000,105857.93157942512,104057.93157942512,False,47.714184522628784
de_memetic_search,6,F6: Hybrid Function 1,20,11,1000000,77181.65361904966,75381.65361904966,False,47.542243003845215
de_memetic_search,6,F6: Hybrid Function 1,20,12,1000000,66327.67671946518,64527.67671946518,False,48.79079818725586
de_memetic_search,6,F6: Hybrid Function 1,20,13,1000000,101262.6130916159,99462.6130916159,False,48.88951659202576
de_memetic_search,6,F6: Hybrid Function 1,20,14,1000000,83799.10809246812,81999.10809246812,False,47.91006278991699
de_memetic_search,6,F6: Hybrid Function 1,20,15,1000000,120838.98687418114,119038.98687418114,False,48.54924750328064
de_memetic_search,6,F6: Hybrid Function 1,20,16,1000000,143526.85449482634,141726.85449482634,False,46.87249207496643
de_memetic_search,6,F6: Hybrid Function 1,20,17,1000000,74464.32892640548,72664.32892640548,False,48.33067965507507
de_memetic_search,6,F6: Hybrid Function 1,20,18,1000000,104535.70136750596,102735.70136750596,False,48.12731122970581
de_memetic_search,6,F6: Hybrid Function 1,20,19,1000000,72888.3383185314,71088.3383185314,False,48.53151082992554
de_memetic_search,6,F6: Hybrid Function 1,20,20,1000000,133525.75116338226,131725.75116338226,False,47.63668465614319
de_memetic_search,6,F6: Hybrid Function 1,20,21,1000000,65122.461442355496,63322.461442355496,False,48.54606294631958
de_memetic_search,6,F6: Hybrid Function 1,20,22,1000000,86940.7772850943,85140.7772850943,False,48.56013560295105
de_memetic_search,6,F6: Hybrid Function 1,20,23,1000000,46069.80192683346,44269.80192683346,False,48.65294098854065
de_memetic_search,6,F6: Hybrid Function 1,20,24,1000000,40947.705754495335,39147.705754495335,False,47.571852922439575
de_memetic_search,6,F6: Hybrid Function 1,20,25,1000000,93642.56667640097,91842.56667640097,False,48.88353371620178
de_memetic_search,6,F6: Hybrid Function 1,20,26,1000000,79534.21157310462,77734.21157310462,False,46.83658337593079
de_memetic_search,6,F6: Hybrid Function 1,20,27,1000000,55151.39326868627,53351.39326868627,False,47.20076036453247
de_memetic_search,6,F6: Hybrid Function 1,20,28,1000000,81704.16670727995,79904.16670727995,False,48.934900522232056
de_memetic_search,6,F6: Hybrid Function 1,20,29,1000000,71515.54437713168,69715.54437713168,False,44.63024663925171
de_memetic_search,6,F6: Hybrid Function 1,20,30,1000000,78952.8854462571,77152.8854462571,False,46.14086675643921
de_memetic_search,7,F7: Hybrid Function 2,20,1,1000000,3725.737661515405,1725.7376615154044,False,799.141608953476
de_memetic_search,7,F7: Hybrid Function 2,20,2,1000000,2627.5928233574778,627.5928233574778,False,839.6362974643707
de_memetic_search,7,F7: Hybrid Function 2,20,3,1000000,3082.540777483835,1082.540777483835,False,849.6743478775024
de_memetic_search,7,F7: Hybrid Function 2,20,4,1000000,3132.115965628745,1132.1159656287457,False,819.4768979549408
de_memetic_search,7,F7: Hybrid Function 2,20,5,1000000,3431.6593257754585,1431.6593257754585,False,808.711984872818
de_memetic_search,7,F7: Hybrid Function 2,20,6,1000000,2838.2897977966168,838.2897977966168,False,817.2269394397736
de_memetic_search,7,F7: Hybrid Function 2,20,7,1000000,3062.542981028584,1062.542981028584,False,810.3482484817505
de_memetic_search,7,F7: Hybrid Function 2,20,8,1000000,3283.9255971292114,1283.9255971292114,False,817.8461229801178
de_memetic_search,7,F7: Hybrid Function 2,20,9,1000000,3455.851486199594,1455.851486199594,False,810.4177010059357
de_memetic_search,7,F7: Hybrid Function 2,20,10,1000000,3893.6110451853447,1893.611045185345,False,819.6629319190979
de_memetic_search,7,F7: Hybrid Function 2,20,11,1000000,2868.3399152381853,868.3399152381853,False,819.4958975315094
de_memetic_search,7,F7: Hybrid Function 2,20,12,1000000,3556.207844403676,1556.207844403676,False,816.101133108139
de_memetic_search,7,F7: Hybrid Function 2,20,13,1000000,3328.2976310343765,1328.2976310343763,False,809.0821824073792
de_memetic_search,7,F7: Hybrid Function 2,20,14,1000000,3782.039404090858,1782.0394040908582,False,812.0978531837463
de_memetic_search,7,F7: Hybrid Function 2,20,15,1000000,3547.9748961609694,1547.9748961609694,False,817.5381996631622
de_memetic_search,7,F7: Hybrid Function 2,20,16,1000000,2637.1463664645294,637.1463664645294,False,813.6896755695343
de_memetic_search,7,F7: Hybrid Function 2,20,17,1000000,3434.024997713624,1434.024997713624,False,808.9294822216034
de_memetic_search,7,F7: Hybrid Function 2,20,18,1000000,2870.4801311108,870.4801311107999,False,806.91299700737
de_memetic_search,7,F7: Hybrid Function 2,20,19,1000000,3150.2520555864658,1150.2520555864658,False,813.9149913787842
de_memetic_search,7,F7: Hybrid Function 2,20,20,1000000,2966.4821272243857,966.4821272243856,False,806.5964336395264
de_memetic_search,7,F7: Hybrid Function 2,20,21,1000000,2711.925238357207,711.925238357207,False,814.5932724475861
de_memetic_search,7,F7: Hybrid Function 2,20,22,1000000,3358.2567561005703,1358.2567561005703,False,805.7060148715973
de_memetic_search,7,F7: Hybrid Function 2,20,23,1000000,3167.2407833443285,1167.2407833443283,False,808.3783676624298
de_memetic_search,7,F7: Hybrid Function 2,20,24,1000000,3981.6380524124233,1981.6380524124236,False,806.2428920269012
de_memetic_search,7,F7: Hybrid Function 2,20,25,1000000,3335.296791248549,1335.2967912485492,False,812.5136873722076
de_memetic_search,7,F7: Hybrid Function 2,20,26,1000000,3261.702112512885,1261.702112512885,False,813.6077148914337
de_memetic_search,7,F7: Hybrid Function 2,20,27,1000000,3718.008676484972,1718.008676484972,False,809.2132258415222
de_memetic_search,7,F7: Hybrid Function 2,20,28,1000000,3411.1309381798465,1411.1309381798465,False,811.137717962265
de_memetic_search,7,F7: Hybrid Function 2,20,29,1000000,3639.484465062983,1639.484465062983,False,810.0618600845337
de_memetic_search,7,F7: Hybrid Function 2,20,30,1000000,3760.039841621031,1760.039841621031,False,822.7405207157135
de_memetic_search,8,F8: Hybrid Function 3,20,1,1000000,2313.8698663796745,113.86986637967448,False,1139.331353187561
de_memetic_search,8,F8: Hybrid Function 3,20,2,1000000,2323.368826563877,123.36882656387752,False,1143.584591627121
de_memetic_search,8,F8: Hybrid Function 3,20,3,1000000,2446.7652398468563,246.76523984685628,False,1143.4382956027985
de_memetic_search,8,F8: Hybrid Function 3,20,4,1000000,2693.222064087248,493.2220640872479,False,1146.7700021266935
de_memetic_search,8,F8: Hybrid Function 3,20,5,1000000,2371.53782843921,171.53782843921,False,1144.3040099143982
de_memetic_search,8,F8: Hybrid Function 3,20,6,1000000,2421.9658534258274,221.9658534258274,False,1145.4770061969757
de_memetic_search,8,F8: Hybrid Function 3,20,7,1000000,2471.6156840031954,271.6156840031954,False,1147.8567640781405
de_memetic_search,8,F8: Hybrid Function 3,20,8,1000000,2484.9306575410446,284.93065754104464,False,1147.4599690437317
de_memetic_search,8,F8: Hybrid Function 3,20,9,1000000,2910.13174476322,710.13174476322,False,1142.5122051239014
de_memetic_search,8,F8: Hybrid Function 3,20,10,1000000,2410.585636371596,210.5856363715961,False,1153.4236619472504
de_memetic_search,8,F8: Hybrid Function 3,20,11,1000000,2402.394582124164,202.3945821241637,False,1152.8716201782229
de_memetic_search,8,F8: Hybrid Function 3,20,12,1000000,2447.9012857155576,247.9012857155576,False,1147.080213546753
de_memetic_search,8,F8: Hybrid Function 3,20,13,1000000,2413.291028989177,213.29102898917745,False,1150.6684112548828
de_memetic_search,8,F8: Hybrid Function 3,20,14,1000000,2350.7783939823653,150.7783939823653,False,1161.7656729221344
de_memetic_search,8,F8: Hybrid Function 3,20,15,1000000,2391.9493764826752,191.94937648267523,False,1150.326459646225
de_memetic_search,8,F8: Hybrid Function 3,20,16,1000000,2430.829514119577,230.8295141195772,False,1147.453368186951
de_memetic_search,8,F8: Hybrid Function 3,20,17,1000000,2420.605742020638,220.605742020638,False,1152.4345920085907
de_memetic_search,8,F8: Hybrid Function 3,20,18,1000000,2385.344496849596,185.344496849596,False,1148.5900659561155
de_memetic_search,8,F8: Hybrid Function 3,20,19,1000000,2358.4947909719813,158.49479097198127,False,1151.3497426509855
de_memetic_search,8,F8: Hybrid Function 3,20,20,1000000,2681.627986451678,481.6279864516782,False,1148.623803138733
de_memetic_search,8,F8: Hybrid Function 3,20,21,1000000,2342.878132637232,142.87813263723183,False,1144.3198010921478
de_memetic_search,8,F8: Hybrid Function 3,20,22,1000000,2476.476929416423,276.476929416423,False,1146.379118680954
de_memetic_search,8,F8: Hybrid Function 3,20,23,1000000,2316.958816941303,116.9588169413032,False,1149.064679145813
de_memetic_search,8,F8: Hybrid Function 3,20,24,1000000,2382.087920779908,182.0879207799076,False,1146.9804780483246
de_memetic_search,8,F8: Hybrid Function 3,20,25,1000000,2366.012729223089,166.01272922308954,False,1153.0412282943726
de_memetic_search,8,F8: Hybrid Function 3,20,26,1000000,2367.6944450416904,167.6944450416904,False,1154.0189564228058
de_memetic_search,8,F8: Hybrid Function 3,20,27,1000000,2428.327410210055,228.32741021005492,False,1153.123104095459
de_memetic_search,8,F8: Hybrid Function 3,20,28,1000000,2373.6704578137937,173.67045781379375,False,1154.590334892273
de_memetic_search,8,F8: Hybrid Function 3,20,29,1000000,2803.70840446647,603.7084044664698,False,1156.5424208641052
de_memetic_search,8,F8: Hybrid Function 3,20,30,1000000,2345.756744100887,145.75674410088686,False,1164.2495744228363
de_memetic_search,9,F9: Composition Function 1,20,1,1000000,2635.7002657708185,335.70026577081853,False,141.18283200263977
de_memetic_search,9,F9: Composition Function 1,20,2,1000000,2635.6780736274964,335.6780736274964,False,139.05794548988342
de_memetic_search,9,F9: Composition Function 1,20,3,1000000,2636.202986339796,336.20298633979564,False,143.5340735912323
de_memetic_search,9,F9: Composition Function 1,20,4,1000000,2636.0219330446416,336.0219330446416,False,143.46790432929993
de_memetic_search,9,F9: Composition Function 1,20,5,1000000,2635.910470954359,335.91047095435897,False,144.1013298034668
de_memetic_search,9,F9: Composition Function 1,20,6,1000000,2635.9051146632623,335.90511466326234,False,141.85392236709595
de_memetic_search,9,F9: Composition Function 1,20,7,1000000,2635.7893383842184,335.78933838421835,False,142.38010263442993
de_memetic_search,9,F9: Composition Function 1,20,8,1000000,2636.5748575519783,336.5748575519783,False,143.25361800193787
de_memetic_search,9,F9: Composition Function 1,20,9,1000000,2636.237228805035,336.2372288050351,False,141.81304264068604
de_memetic_search,9,F9: Composition Function 1,20,10,1000000,2635.9073526184698,335.90735261846976,False,141.91822934150696
de_memetic_search,9,F9: Composition Function 1,20,11,1000000,2635.87534426724,335.87534426724005,False,141.15895080566406
de_memetic_search,9,F9: Composition Function 1,20,12,1000000,2636.262901053105,336.262901053105,False,141.30983066558838
de_memetic_search,9,F9: Composition Function 1,20,13,1000000,2635.997714501131,335.9977145011312,False,142.03685092926025
de_memetic_search,9,F9: Composition Function 1,20,14,1000000,2635.7187895667894,335.7187895667894,False,140.79783749580383
de_memetic_search,9,F9: Composition Function 1,20,15,1000000,2636.43809827508,336.43809827507994,False,142.15934920310974
de_memetic_search,9,F9: Composition Function 1,20,16,1000000,2636.185286079873,336.18528607987355,False,142.53633165359497
de_memetic_search,9,F9: Composition Function 1,20,17,1000000,2635.943122445577,335.94312244557705,False,142.89207530021667
de_memetic_search,9,F9: Composition Function 1,20,18,1000000,2635.686823462419,335.68682346241894,False,144.3979823589325
de_memetic_search,9,F9: Composition Function 1,20,19,1000000,2636.148924996594,336.1489249965939,False,143.42598128318787
de_memetic_search,9,F9: Composition Function 1,20,20,1000000,2635.660484739224,335.6604847392241,False,141.9828224182129
de_memetic_search,9,F9: Composition Function 1,20,21,1000000,2635.781623747845,335.78162374784506,False,141.99265027046204
de_memetic_search,9,F9: Composition Function 1,20,22,1000000,2636.31019154615,336.3101915461498,False,142.90936994552612
de_memetic_search,9,F9: Composition Function 1,20,23,1000000,2635.669922037686,335.66992203768586,False,142.4461534023285
de_memetic_search,9,F9: Composition Function 1,20,24,1000000,2635.856736851788,335.8567368517879,False,145.22100591659546
de_memetic_search,9,F9: Composition Function 1,20,25,1000000,2636.316622974712,336.31662297471166,False,146.74173426628113
de_memetic_search,9,F9: Composition Function 1,20,26,1000000,2636.0814841193837,336.0814841193833,False,143.17133712768555
de_memetic_search,9,F9: Composition Function 1,20,27,1000000,2635.69404183499,335.69404183499,False,142.57254934310913
de_memetic_search,9,F9: Composition Function 1,20,28,1000000,2636.1869586333305,336.1869586333305,False,139.3130240440369
de_memetic_search,9,F9: Composition Function 1,20,29,1000000,2635.787212090197,335.7872120901975,False,142.8360047340393
de_memetic_search,9,F9: Composition Function 1,20,30,1000000,2636.378058033674,336.3780580336738,False,138.12385964393616
de_memetic_search,10,F10: Composition Function 2,20,1,1000000,5975.871441891143,3575.871441891143,False,143.3752772808075
de_memetic_search,10,F10: Composition Function 2,20,2,1000000,6713.707883758065,4313.707883758065,False,139.94599533081055
de_memetic_search,10,F10: Composition Function 2,20,3,1000000,5045.832551908678,2645.8325519086784,False,143.0593409538269
de_memetic_search,10,F10: Composition Function 2,20,4,1000000,5140.136258781118,2740.136258781118,False,145.2170250415802
de_memetic_search,10,F10: Composition Function 2,20,5,1000000,4760.5500924213975,2360.550092421397,False,146.55048060417175
de_memetic_search,10,F10: Composition Function 2,20,6,1000000,5194.127164973417,2794.127164973417,False,143.80304193496704
de_memetic_search,10,F10: Composition Function 2,20,7,1000000,5621.821553211172,3221.821553211172,False,142.6908941268921
de_memetic_search,10,F10: Composition Function 2,20,8,1000000,5219.942563027184,2819.9425630271835,False,146.017076253891
de_memetic_search,10,F10: Composition Function 2,20,9,1000000,5593.687563063941,3193.6875630639406,False,144.27326726913452
de_memetic_search,10,F10: Composition Function 2,20,10,1000000,5510.553704112919,3110.553704112919,False,142.1996190547943
de_memetic_search,10,F10: Composition Function 2,20,11,1000000,4811.1384538643615,2411.138453864361,False,147.4168198108673
de_memetic_search,10,F10: Composition Function 2,20,12,1000000,5218.777117847751,2818.7771178477506,False,145.98347187042236
de_memetic_search,10,F10: Composition Function 2,20,13,1000000,5048.867451814817,2648.8674518148173,False,145.13321685791016
de_memetic_search,10,F10: Composition Function 2,20,14,1000000,4273.106466476739,1873.1064664767391,False,142.7892129421234
de_memetic_search,10,F10: Composition Function 2,20,15,1000000,5422.146334398727,3022.146334398727,False,144.27814936637878
de_memetic_search,10,F10: Composition Function 2,20,16,1000000,2845.309810850665,445.30981085066514,False,140.30276799201965
de_memetic_search,10,F10: Composition Function 2,20,17,1000000,5450.197998493692,3050.197998493692,False,141.70659518241882
de_memetic_search,10,F10: Composition Function 2,20,18,1000000,5442.415496000057,3042.415496000057,False,142.8095669746399
de_memetic_search,10,F10: Composition Function 2,20,19,1000000,4837.523612168651,2437.523612168651,False,145.15327167510986
de_memetic_search,10,F10: Composition Function 2,20,20,1000000,6169.649504003892,3769.649504003892,False,145.10760259628296
de_memetic_search,10,F10: Composition Function 2,20,21,1000000,5978.1770191911255,3578.177019191125,False,142.01481914520264
de_memetic_search,10,F10: Composition Function 2,20,22,1000000,5325.078329738311,2925.078329738312,False,143.45282745361328
de_memetic_search,10,F10: Composition Function 2,20,23,1000000,5478.797392785564,3078.797392785564,False,144.17224431037903
de_memetic_search,10,F10: Composition Function 2,20,24,1000000,5244.203287807758,2844.203287807758,False,144.04497623443604
de_memetic_search,10,F10: Composition Function 2,20,25,1000000,5165.2348706357925,2765.2348706357925,False,142.75268721580505
de_memetic_search,10,F10: Composition Function 2,20,26,1000000,5919.2647289340175,3519.264728934017,False,143.34813809394836
de_memetic_search,10,F10: Composition Function 2,20,27,1000000,2831.709303977097,431.7093039770971,False,143.46464920043945
de_memetic_search,10,F10: Composition Function 2,20,28,1000000,5279.868886253946,2879.8688862539457,False,145.55803966522217
de_memetic_search,10,F10: Composition Function 2,20,29,1000000,5527.490694371269,3127.4906943712685,False,142.00647568702698
de_memetic_search,10,F10: Composition Function 2,20,30,1000000,4821.998080616768,2421.998080616768,False,138.84799337387085
de_memetic_search,11,F11: Composition Function 3,20,1,1000000,2600.000459210016,0.0004592100158333,False,226.08363962173465
de_memetic_search,11,F11: Composition Function 3,20,2,1000000,2600.000209104436,0.0002091044357257,False,228.41145300865173
de_memetic_search,11,F11: Composition Function 3,20,3,1000000,2600.00006997033,6.997033005973208e-05,False,229.859703540802
de_memetic_search,11,F11: Composition Function 3,20,4,1000000,2600.000230081367,0.0002300813671354,False,217.97645449638367
de_memetic_search,11,F11: Composition Function 3,20,5,1000000,2600.0003331340977,0.0003331340976728,False,220.5542495250702
de_memetic_search,11,F11: Composition Function 3,20,6,1000000,2600.0002239793725,0.0002239793725493,False,227.13365387916565
de_memetic_search,11,F11: Composition Function 3,20,7,1000000,2600.0002867284925,0.0002867284924832,False,226.2909684181213
de_memetic_search,11,F11: Composition Function 3,20,8,1000000,2632.2466877882757,32.24668778827527,False,236.07918453216556
de_memetic_search,11,F11: Composition Function 3,20,9,1000000,2600.0002517558287,0.0002517558286854,False,222.57814741134644
de_memetic_search,11,F11: Composition Function 3,20,10,1000000,2600.000436727914,0.0004367279138932,False,225.45270776748657
de_memetic_search,11,F11: Composition Function 3,20,11,1000000,2600.00029922086,0.0002992208601426,False,223.95256781578064
de_memetic_search,11,F11: Composition Function 3,20,12,1000000,2600.000281605236,0.0002816052356138,False,224.39162516593933
de_memetic_search,11,F11: Composition Function 3,20,13,1000000,2600.000106859708,0.000106859708012,False,226.83354258537287
de_memetic_search,11,F11: Composition Function 3,20,14,1000000,2600.0002586336414,0.0002586336413514,False,224.99476289749143
de_memetic_search,11,F11: Composition Function 3,20,15,1000000,2600.000372950866,0.0003729508662217,False,225.90831470489505
de_memetic_search,11,F11: Composition Function 3,20,16,1000000,2600.000092099281,9.209928111886256e-05,False,229.82827711105347
de_memetic_search,11,F11: Composition Function 3,20,17,1000000,2600.000110359264,0.0001103592639992,False,222.80314183235168
de_memetic_search,11,F11: Composition Function 3,20,18,1000000,2600.0000419780667,4.197806674710591e-05,False,223.07967329025269
de_memetic_search,11,F11: Composition Function 3,20,19,1000000,2600.00045928421,0.0004592842101374,False,222.2052335739136
de_memetic_search,11,F11: Composition Function 3,20,20,1000000,2600.0004398117226,0.0004398117225719,False,222.0302062034607
de_memetic_search,11,F11: Composition Function 3,20,21,1000000,2600.000435009435,0.0004350094350229,False,220.29952907562256
de_memetic_search,11,F11: Composition Function 3,20,22,1000000,2600.00049373839,0.0004937383901051,False,221.65152716636655
de_memetic_search,11,F11: Composition Function 3,20,23,1000000,2600.00038504488,0.000385044880204,False,222.79568672180176
de_memetic_search,11,F11: Composition Function 3,20,24,1000000,2631.8363785486945,31.836378548694483,False,229.70509386062625
de_memetic_search,11,F11: Composition Function 3,20,25,1000000,2600.0000658734434,6.587344341824064e-05,False,224.05313062667847
de_memetic_search,11,F11: Composition Function 3,20,26,1000000,2632.735015660932,32.73501566093182,False,228.14219880104065
de_memetic_search,11,F11: Composition Function 3,20,27,1000000,2634.3707771432355,34.3707771432355,False,222.55577278137207
de_memetic_search,11,F11: Composition Function 3,20,28,1000000,2600.000281332077,0.0002813320775203,False,216.38494420051572
de_memetic_search,11,F11: Composition Function 3,20,29,1000000,2600.000323116325,0.0003231163250347,False,215.95061087608337
de_memetic_search,11,F11: Composition Function 3,20,30,1000000,2600.0004388444418,0.00043884444176,False,216.6602065563202
de_memetic_search,12,F12: Composition Function 4,20,1,1000000,3530.4562596428245,830.4562596428245,False,239.2768862247467
de_memetic_search,12,F12: Composition Function 4,20,2,1000000,3583.5653551328824,883.5653551328824,False,236.42475008964536
de_memetic_search,12,F12: Composition Function 4,20,3,1000000,3536.3487215992973,836.3487215992973,False,242.1788122653961
de_memetic_search,12,F12: Composition Function 4,20,4,1000000,3656.10604111357,956.10604111357,False,249.0845372676849
de_memetic_search,12,F12: Composition Function 4,20,5,1000000,3514.413313305343,814.4133133053429,False,251.12321591377255
de_memetic_search,12,F12: Composition Function 4,20,6,1000000,3378.360046006048,678.3600460060479,False,250.72147226333615
de_memetic_search,12,F12: Composition Function 4,20,7,1000000,3433.891845139449,733.8918451394488,False,252.52070307731628
de_memetic_search,12,F12: Composition Function 4,20,8,1000000,3376.280724038588,676.2807240385873,False,251.6021056175232
de_memetic_search,12,F12: Composition Function 4,20,9,1000000,3020.0115220625444,320.0115220625444,False,252.4341626167297
de_memetic_search,12,F12: Composition Function 4,20,10,1000000,3184.555477632526,484.55547763252616,False,250.20652794837952
de_memetic_search,12,F12: Composition Function 4,20,11,1000000,3333.6960455314197,633.6960455314193,False,252.53283429145813
de_memetic_search,12,F12: Composition Function 4,20,12,1000000,3632.023826560719,932.0238265607186,False,252.4051434993744
de_memetic_search,12,F12: Composition Function 4,20,13,1000000,3456.248778753149,756.248778753149,False,251.2280049324036
de_memetic_search,12,F12: Composition Function 4,20,14,1000000,3416.959825242787,716.9598252427868,False,251.94494128227237
de_memetic_search,12,F12: Composition Function 4,20,15,1000000,3730.80016121764,1030.8001612176397,False,249.9785642623901
de_memetic_search,12,F12: Composition Function 4,20,16,1000000,3244.7753294578147,544.7753294578147,False,250.71268963813785
de_memetic_search,12,F12: Composition Function 4,20,17,1000000,3492.4075622174696,792.4075622174696,False,246.7254297733307
de_memetic_search,12,F12: Composition Function 4,20,18,1000000,3241.576761962678,541.5767619626781,False,237.752206325531
de_memetic_search,12,F12: Composition Function 4,20,19,1000000,3754.037284272583,1054.0372842725828,False,238.3676285743713
de_memetic_search,12,F12: Composition Function 4,20,20,1000000,3550.903252608294,850.9032526082942,False,239.14736342430115
de_memetic_search,12,F12: Composition Function 4,20,21,1000000,3187.9427728683954,487.9427728683954,False,237.16970539093015
de_memetic_search,12,F12: Composition Function 4,20,22,1000000,3212.002279190605,512.0022791906049,False,236.9188437461853
de_memetic_search,12,F12: Composition Function 4,20,23,1000000,3419.5944618073195,719.5944618073195,False,236.9031674861908
de_memetic_search,12,F12: Composition Function 4,20,24,1000000,4130.148272703647,1430.1482727036473,False,236.38761830329892
de_memetic_search,12,F12: Composition Function 4,20,25,1000000,3622.547174778116,922.5471747781156,False,239.59702277183533
de_memetic_search,12,F12: Composition Function 4,20,26,1000000,3326.976953389471,626.976953389471,False,240.11214661598208
de_memetic_search,12,F12: Composition Function 4,20,27,1000000,3379.3822408706355,679.3822408706355,False,263.17503476142883
de_memetic_search,12,F12: Composition Function 4,20,28,1000000,3470.88656887648,770.8865688764799,False,251.9794087409973
de_memetic_search,12,F12: Composition Function 4,20,29,1000000,3210.8677667936818,510.86776679368177,False,256.72679901123047
de_memetic_search,12,F12: Composition Function 4,20,30,1000000,3258.3879054047075,558.3879054047075,False,253.61995601654053
de_perturbation,1,F1: Shifted and full Rotated Zakharov Function,10,1,200000,300.20298918490045,0.2029891849004457,False,7.879929780960083
de_perturbation,1,F1: Shifted and full Rotated Zakharov Function,10,2,200000,300.1936674068568,0.1936674068567754,False,7.349641561508179
de_perturbation,1,F1: Shifted and full Rotated Zakharov Function,10,3,200000,300.23066266128524,0.2306626612852369,False,7.390757083892822
de_perturbation,1,F1: Shifted and full Rotated Zakharov Function,10,4,200000,300.10728272342493,0.1072827234249302,False,6.925499677658081
de_perturbation,1,F1: Shifted and full Rotated Zakharov Function,10,5,200000,300.1747615995492,0.1747615995491287,False,7.747011661529541
de_perturbation,1,F1: Shifted and full Rotated Zakharov Function,10,6,200000,300.2104895112335,0.2104895112335043,False,7.380387306213379
de_perturbation,1,F1: Shifted and full Rotated Zakharov Function,10,7,200000,300.3936614670724,0.393661467072377,False,7.136221408843994
de_perturbation,1,F1: Shifted and full Rotated Zakharov Function,10,8,200000,300.59462601798106,0.5946260179810565,False,7.220484733581543
de_perturbation,1,F1: Shifted and full Rotated Zakharov Function,10,9,200000,300.42959367133795,0.4295936713379547,False,7.033668279647827
de_perturbation,1,F1: Shifted and full Rotated Zakharov Function,10,10,200000,300.1131287730374,0.1131287730373742,False,6.891017436981201
de_perturbation,1,F1: Shifted and full Rotated Zakharov Function,10,11,200000,300.3299434288596,0.3299434288595648,False,7.436071634292602
de_perturbation,1,F1: Shifted and full Rotated Zakharov Function,10,12,200000,300.4312525535192,0.4312525535191298,False,6.879284858703613
de_perturbation,1,F1: Shifted and full Rotated Zakharov Function,10,13,200000,300.2430905300465,0.2430905300465156,False,7.089961528778076
de_perturbation,1,F1: Shifted and full Rotated Zakharov Function,10,14,200000,300.28973051657056,0.2897305165705575,False,7.375635862350464
de_perturbation,1,F1: Shifted and full Rotated Zakharov Function,10,15,200000,300.1766125427732,0.1766125427732277,False,7.230798721313477
de_perturbation,1,F1: Shifted and full Rotated Zakharov Function,10,16,200000,300.5929986792109,0.5929986792108934,False,7.174603700637817
de_perturbation,1,F1: Shifted and full Rotated Zakharov Function,10,17,200000,300.2433323286975,0.2433323286974769,False,7.173455953598023
de_perturbation,1,F1: Shifted and full Rotated Zakharov Function,10,18,200000,300.25251631699825,0.2525163169982534,False,7.342668533325195
de_perturbation,1,F1: Shifted and full Rotated Zakharov Function,10,19,200000,300.1300733892276,0.1300733892275616,False,7.155572414398193
de_perturbation,1,F1: Shifted and full Rotated Zakharov Function,10,20,200000,300.1963956940343,0.1963956940343223,False,7.111839532852173
de_perturbation,1,F1: Shifted and full Rotated Zakharov Function,10,21,200000,300.3121630886695,0.3121630886694788,False,7.1752917766571045
de_perturbation,1,F1: Shifted and full Rotated Zakharov Function,10,22,200000,300.21355358605115,0.2135535860511481,False,6.568505764007568
de_perturbation,1,F1: Shifted and full Rotated Zakharov Function,10,23,200000,300.2387575178216,0.2387575178216252,False,6.924071550369263
de_perturbation,1,F1: Shifted and full Rotated Zakharov Function,10,24,200000,300.1955426717949,0.1955426717949535,False,7.338592290878296
de_perturbation,1,F1: Shifted and full Rotated Zakharov Function,10,25,200000,300.1548917478609,0.1548917478609155,False,7.190768241882324
de_perturbation,1,F1: Shifted and full Rotated Zakharov Function,10,26,200000,300.384127978689,0.3841279786889799,False,6.825346946716309
de_perturbation,1,F1: Shifted and full Rotated Zakharov Function,10,27,200000,300.8937241253293,0.8937241253292996,False,7.505821228027344
de_perturbation,1,F1: Shifted and full Rotated Zakharov Function,10,28,200000,300.4503590313284,0.4503590313283894,False,7.309528350830078
de_perturbation,1,F1: Shifted and full Rotated Zakharov Function,10,29,200000,300.3945297403189,0.3945297403188874,False,7.160344839096069
de_perturbation,1,F1: Shifted and full Rotated Zakharov Function,10,30,200000,300.2878348499609,0.287834849960916,False,7.331044912338257
de_perturbation,2,F2: Shifted and Rotated Rosenbrock’s Function,10,1,200000,404.7821368188847,4.7821368188846805,False,8.358924150466919
de_perturbation,2,F2: Shifted and Rotated Rosenbrock’s Function,10,2,200000,404.90232994441885,4.902329944418852,False,8.677099466323853
de_perturbation,2,F2: Shifted and Rotated Rosenbrock’s Function,10,3,200000,405.3357410178035,5.335741017803514,False,8.803844690322876
de_perturbation,2,F2: Shifted and Rotated Rosenbrock’s Function,10,4,200000,408.9196807472987,8.919680747298685,False,9.084631443023682
de_perturbation,2,F2: Shifted and Rotated Rosenbrock’s Function,10,5,200000,404.5752121064265,4.575212106426534,False,8.895772218704224
de_perturbation,2,F2: Shifted and Rotated Rosenbrock’s Function,10,6,200000,408.917031399377,8.917031399376981,False,8.619438171386719
de_perturbation,2,F2: Shifted and Rotated Rosenbrock’s Function,10,7,200000,404.3896564141034,4.389656414103399,False,8.633640766143799
de_perturbation,2,F2: Shifted and Rotated Rosenbrock’s Function,10,8,200000,408.9172361841947,8.917236184194678,False,8.402469396591187
de_perturbation,2,F2: Shifted and Rotated Rosenbrock’s Function,10,9,200000,408.9195029172699,8.919502917269881,False,8.856575727462769
de_perturbation,2,F2: Shifted and Rotated Rosenbrock’s Function,10,10,200000,405.354916679592,5.354916679591952,False,8.66220235824585
de_perturbation,2,F2: Shifted and Rotated Rosenbrock’s Function,10,11,200000,408.9179741814447,8.91797418144472,False,8.230321884155273
de_perturbation,2,F2: Shifted and Rotated Rosenbrock’s Function,10,12,200000,405.3416635479149,5.341663547914891,False,8.916968584060669
de_perturbation,2,F2: Shifted and Rotated Rosenbrock’s Function,10,13,200000,404.2392666628736,4.239266662873547,False,8.819360494613647
de_perturbation,2,F2: Shifted and Rotated Rosenbrock’s Function,10,14,200000,408.9210255172932,8.921025517293174,False,8.537405014038086
de_perturbation,2,F2: Shifted and Rotated Rosenbrock’s Function,10,15,200000,408.9201934534563,8.920193453456307,False,8.684284210205078
de_perturbation,2,F2: Shifted and Rotated Rosenbrock’s Function,10,16,200000,408.92287778826375,8.922877788263747,False,9.15779972076416
de_perturbation,2,F2: Shifted and Rotated Rosenbrock’s Function,10,17,200000,408.918060195776,8.918060195776036,False,8.594941854476929
de_perturbation,2,F2: Shifted and Rotated Rosenbrock’s Function,10,18,200000,408.92151672802703,8.92151672802703,False,8.434307098388672
de_perturbation,2,F2: Shifted and Rotated Rosenbrock’s Function,10,19,200000,404.8727741995969,4.872774199596847,False,8.700749397277832
de_perturbation,2,F2: Shifted and Rotated Rosenbrock’s Function,10,20,200000,408.9263664694688,8.926366469468803,False,8.420337915420532
de_perturbation,2,F2: Shifted and Rotated Rosenbrock’s Function,10,21,200000,408.91761230140105,8.91761230140105,False,8.672554731369019
de_perturbation,2,F2: Shifted and Rotated Rosenbrock’s Function,10,22,200000,404.4592379807409,4.459237980740909,False,8.27886962890625
de_perturbation,2,F2: Shifted and Rotated Rosenbrock’s Function,10,23,200000,404.6058849334643,4.605884933464324,False,8.794071912765503
de_perturbation,2,F2: Shifted and Rotated Rosenbrock’s Function,10,24,200000,404.660868550424,4.66086855042397,False,8.423841714859009
de_perturbation,2,F2: Shifted and Rotated Rosenbrock’s Function,10,25,200000,408.9210176699005,8.921017669900436,False,8.348567008972168
de_perturbation,2,F2: Shifted and Rotated Rosenbrock’s Function,10,26,200000,408.9194748068956,8.91947480689555,False,8.591002225875854
de_perturbation,2,F2: Shifted and Rotated Rosenbrock’s Function,10,27,200000,408.9223610403121,8.922361040312126,False,8.968390941619873
de_perturbation,2,F2: Shifted and Rotated Rosenbrock’s Function,10,28,200000,408.9174874330104,8.917487433010422,False,8.648638248443604
de_perturbation,2,F2: Shifted and Rotated Rosenbrock’s Function,10,29,200000,408.9213274138679,8.921327413867857,False,8.327949285507202
de_perturbation,2,F2: Shifted and Rotated Rosenbrock’s Function,10,30,200000,405.98814684703854,5.988146847038536,False,8.501338243484497
de_perturbation,3,F3: Shifted and full Rotated Expanded Schaffer’s F7,10,1,200000,600.0000074813394,7.481339366677275e-06,False,12.627122163772585
de_perturbation,3,F3: Shifted and full Rotated Expanded Schaffer’s F7,10,2,200000,600.0000101449427,1.0144942734768849e-05,False,12.20794939994812
de_perturbation,3,F3: Shifted and full Rotated Expanded Schaffer’s F7,10,3,200000,600.0000051475231,5.147523097548401e-06,False,12.71992325782776
de_perturbation,3,F3: Shifted and full Rotated Expanded Schaffer’s F7,10,4,200000,600.0000021887012,2.1887011598664685e-06,False,12.236746788024902
de_perturbation,3,F3: Shifted and full Rotated Expanded Schaffer’s F7,10,5,200000,600.0000055608499,5.560849899666209e-06,False,13.099202871322632
de_perturbation,3,F3: Shifted and full Rotated Expanded Schaffer’s F7,10,6,200000,600.0000025027524,2.502752408872766e-06,False,12.297338247299194
de_perturbation,3,F3: Shifted and full Rotated Expanded Schaffer’s F7,10,7,200000,600.0000042694862,4.26948622589407e-06,False,12.626002550125122
de_perturbation,3,F3: Shifted and full Rotated Expanded Schaffer’s F7,10,8,200000,600.0000041583045,4.15830447764165e-06,False,12.348028182983398
de_perturbation,3,F3: Shifted and full Rotated Expanded Schaffer’s F7,10,9,200000,600.0000074010217,7.401021662190033e-06,False,12.151586294174194
de_perturbation,3,F3: Shifted and full Rotated Expanded Schaffer’s F7,10,10,200000,600.0000042093565,4.209356461615244e-06,False,12.776897192001345
de_perturbation,3,F3: Shifted and full Rotated Expanded Schaffer’s F7,10,11,200000,600.0000063098698,6.309869831966353e-06,False,12.617264747619627
de_perturbation,3,F3: Shifted and full Rotated Expanded Schaffer’s F7,10,12,200000,600.0000045161737,4.516173703450477e-06,False,12.59340214729309
de_perturbation,3,F3: Shifted and full Rotated Expanded Schaffer’s F7,10,13,200000,600.0000050036937,5.003693672733789e-06,False,12.491128206253052
de_perturbation,3,F3: Shifted and full Rotated Expanded Schaffer’s F7,10,14,200000,600.0000045111087,4.511108727456303e-06,False,12.388107776641846
de_perturbation,3,F3: Shifted and full Rotated Expanded Schaffer’s F7,10,15,200000,600.0000059574883,5.957488269814348e-06,False,12.118571043014526
de_perturbation,3,F3: Shifted and full Rotated Expanded Schaffer’s F7,10,16,200000,600.0000065022831,6.502283099507622e-06,False,12.305388689041138
de_perturbation,3,F3: Shifted and full Rotated Expanded Schaffer’s F7,10,17,200000,600.0000067001557,6.700155722683121e-06,False,12.374622106552124
de_perturbation,3,F3: Shifted and full Rotated Expanded Schaffer’s F7,10,18,200000,600.000004212299,4.212299018035992e-06,False,12.30819296836853
de_perturbation,3,F3: Shifted and full Rotated Expanded Schaffer’s F7,10,19,200000,600.0000041835928,4.183592750450771e-06,False,11.948100805282593
de_perturbation,3,F3: Shifted and full Rotated Expanded Schaffer’s F7,10,20,200000,600.0000099122503,9.912250334309649e-06,False,12.697753429412842
de_perturbation,3,F3: Shifted and full Rotated Expanded Schaffer’s F7,10,21,200000,600.0000100878727,1.008787273804046e-05,False,12.35440182685852
de_perturbation,3,F3: Shifted and full Rotated Expanded Schaffer’s F7,10,22,200000,600.0000090678697,9.067869655154936e-06,False,12.509504556655884
de_perturbation,3,F3: Shifted and full Rotated Expanded Schaffer’s F7,10,23,200000,600.000007300126,7.300125957954151e-06,False,12.293735027313232
de_perturbation,3,F3: Shifted and full Rotated Expanded Schaffer’s F7,10,24,200000,600.0000046539894,4.6539894356101286e-06,False,12.453368663787842
de_perturbation,3,F3: Shifted and full Rotated Expanded Schaffer’s F7,10,25,200000,600.0000028696979,2.869697937057936e-06,False,12.412038803100586
de_perturbation,3,F3: Shifted and full Rotated Expanded Schaffer’s F7,10,26,200000,600.0000053974496,5.397449626798334e-06,False,12.751504182815552
de_perturbation,3,F3: Shifted and full Rotated Expanded Schaffer’s F7,10,27,200000,600.000003195553,3.1955529493643557e-06,False,13.087693214416504
de_perturbation,3,F3: Shifted and full Rotated Expanded Schaffer’s F7,10,28,200000,600.0000014716322,1.471632231186959e-06,False,12.661896467208862
de_perturbation,3,F3: Shifted and full Rotated Expanded Schaffer’s F7,10,29,200000,600.0000056553,5.655300014950626e-06,False,12.5955331325531
de_perturbation,3,F3: Shifted and full Rotated Expanded Schaffer’s F7,10,30,200000,600.0000061631303,6.163130251479743e-06,False,12.638566255569458
de_perturbation,4,F4: Shifted and Rotated Non-Continuous Rastrigin’s Function,10,1,200000,883.1532222505662,83.15322225056616,False,18.38060188293457
de_perturbation,4,F4: Shifted and Rotated Non-Continuous Rastrigin’s Function,10,2,200000,867.6156755888978,67.61567558889783,False,17.785989999771118
de_perturbation,4,F4: Shifted and Rotated Non-Continuous Rastrigin’s Function,10,3,200000,871.7432436031692,71.74324360316916,False,19.073413848876957
de_perturbation,4,F4: Shifted and Rotated Non-Continuous Rastrigin’s Function,10,4,200000,884.5152907104451,84.51529071044513,False,19.32725501060486
de_perturbation,4,F4: Shifted and Rotated Non-Continuous Rastrigin’s Function,10,5,200000,877.3908355898321,77.39083558983214,False,17.6861412525177
de_perturbation,4,F4: Shifted and Rotated Non-Continuous Rastrigin’s Function,10,6,200000,884.3498270764719,84.34982707647191,False,18.603368997573853
de_perturbation,4,F4: Shifted and Rotated Non-Continuous Rastrigin’s Function,10,7,200000,856.3024711824814,56.30247118248144,False,18.13983154296875
de_perturbation,4,F4: Shifted and Rotated Non-Continuous Rastrigin’s Function,10,8,200000,875.9330727529932,75.93307275299321,False,17.553256273269653
de_perturbation,4,F4: Shifted and Rotated Non-Continuous Rastrigin’s Function,10,9,200000,845.9641075035026,45.964107503502646,False,17.716163635253906
de_perturbation,4,F4: Shifted and Rotated Non-Continuous Rastrigin’s Function,10,10,200000,859.0895225765044,59.08952257650435,False,17.453359127044678
de_perturbation,4,F4: Shifted and Rotated Non-Continuous Rastrigin’s Function,10,11,200000,850.6247591358369,50.62475913583694,False,19.18353152275085
de_perturbation,4,F4: Shifted and Rotated Non-Continuous Rastrigin’s Function,10,12,200000,877.49116853552,77.49116853552005,False,18.27316236495972
de_perturbation,4,F4: Shifted and Rotated Non-Continuous Rastrigin’s Function,10,13,200000,883.4677594086338,83.46775940863381,False,18.149299144744877
de_perturbation,4,F4: Shifted and Rotated Non-Continuous Rastrigin’s Function,10,14,200000,874.359259518372,74.35925951837203,False,18.22571182250977
de_perturbation,4,F4: Shifted and Rotated Non-Continuous Rastrigin’s Function,10,15,200000,873.916506617346,73.91650661734604,False,18.581488370895386
de_perturbation,4,F4: Shifted and Rotated Non-Continuous Rastrigin’s Function,10,16,200000,855.613246441064,55.61324644106401,False,18.264692068099976
de_perturbation,4,F4: Shifted and Rotated Non-Continuous Rastrigin’s Function,10,17,200000,866.8536384949991,66.85363849499913,False,18.636642694473267
de_perturbation,4,F4: Shifted and Rotated Non-Continuous Rastrigin’s Function,10,18,200000,894.7112594452491,94.71125944524908,False,18.369614362716675
de_perturbation,4,F4: Shifted and Rotated Non-Continuous Rastrigin’s Function,10,19,200000,845.6564575619079,45.65645756190793,False,18.73538875579834
de_perturbation,4,F4: Shifted and Rotated Non-Continuous Rastrigin’s Function,10,20,200000,866.0,66.0,False,18.114471435546875
de_perturbation,4,F4: Shifted and Rotated Non-Continuous Rastrigin’s Function,10,21,200000,858.5450622362174,58.545062236217404,False,18.333929777145386
de_perturbation,4,F4: Shifted and Rotated Non-Continuous Rastrigin’s Function,10,22,200000,860.3462276720197,60.34622767201972,False,17.900771856307983
de_perturbation,4,F4: Shifted and Rotated Non-Continuous Rastrigin’s Function,10,23,200000,874.6246523174987,74.62465231749866,False,17.70872688293457
de_perturbation,4,F4: Shifted and Rotated Non-Continuous Rastrigin’s Function,10,24,200000,865.8391013345688,65.8391013345688,False,17.429012537002563
de_perturbation,4,F4: Shifted and Rotated Non-Continuous Rastrigin’s Function,10,25,200000,840.0570229120393,40.05702291203932,False,18.56553840637207
de_perturbation,4,F4: Shifted and Rotated Non-Continuous Rastrigin’s Function,10,26,200000,868.0594443512529,68.05944435125286,False,18.453434467315677
de_perturbation,4,F4: Shifted and Rotated Non-Continuous Rastrigin’s Function,10,27,200000,875.8042625545953,75.80426255459531,False,18.485727071762085
de_perturbation,4,F4: Shifted and Rotated Non-Continuous Rastrigin’s Function,10,28,200000,876.313712177521,76.31371217752098,False,18.1479754447937
de_perturbation,4,F4: Shifted and Rotated Non-Continuous Rastrigin’s Function,10,29,200000,866.0,66.0,False,17.993314027786255
de_perturbation,4,F4: Shifted and Rotated Non-Continuous Rastrigin’s Function,10,30,200000,876.0,76.0,False,18.35213422775269
de_perturbation,5,F5: Shifted and Rotated Levy Function,10,1,200000,900.0005248407609,0.0005248407609315,False,11.075684785842896
de_perturbation,5,F5: Shifted and Rotated Levy Function,10,2,200000,900.0009230061326,0.0009230061325524,False,11.934634447097778
de_perturbation,5,F5: Shifted and Rotated Levy Function,10,3,200000,900.0007146425368,0.0007146425367636,False,11.901706218719482
de_perturbation,5,F5: Shifted and Rotated Levy Function,10,4,200000,900.0009972678922,0.0009972678922167,False,11.011765718460085
de_perturbation,5,F5: Shifted and Rotated Levy Function,10,5,200000,900.0008562142083,0.0008562142082837,False,11.023990154266356
de_perturbation,5,F5: Shifted and Rotated Levy Function,10,6,200000,900.0006142544966,0.0006142544965541,False,11.059279441833496
de_perturbation,5,F5: Shifted and Rotated Levy Function,10,7,200000,900.0004465131321,0.0004465131321467,False,11.16345763206482
de_perturbation,5,F5: Shifted and Rotated Levy Function,10,8,200000,900.0012981426058,0.0012981426058331,False,10.588254451751707
de_perturbation,5,F5: Shifted and Rotated Levy Function,10,9,200000,900.0004850675739,0.0004850675738907,False,10.799568176269531
de_perturbation,5,F5: Shifted and Rotated Levy Function,10,10,200000,900.0004377135762,0.0004377135761615,False,11.109439611434937
de_perturbation,5,F5: Shifted and Rotated Levy Function,10,11,200000,900.0010467376999,0.0010467376998803,False,11.333488464355469
de_perturbation,5,F5: Shifted and Rotated Levy Function,10,12,200000,900.0007383092576,0.0007383092575992,False,11.203842878341677
de_perturbation,5,F5: Shifted and Rotated Levy Function,10,13,200000,900.001236070035,0.00123607003502,False,10.58333158493042
de_perturbation,5,F5: Shifted and Rotated Levy Function,10,14,200000,900.0010925818976,0.0010925818976375,False,10.259528875350952
de_perturbation,5,F5: Shifted and Rotated Levy Function,10,15,200000,900.0006479164638,0.0006479164637767,False,10.749642133712769
de_perturbation,5,F5: Shifted and Rotated Levy Function,10,16,200000,900.000501904832,0.0005019048320491,False,10.635297775268556
de_perturbation,5,F5: Shifted and Rotated Levy Function,10,17,200000,900.0007228575248,0.0007228575248063,False,10.92058277130127
de_perturbation,5,F5: Shifted and Rotated Levy Function,10,18,200000,900.0003963495928,0.0003963495928474,False,10.449669361114502
de_perturbation,5,F5: Shifted and Rotated Levy Function,10,19,200000,900.0009569435874,0.0009569435874254,False,10.482769250869753
de_perturbation,5,F5: Shifted and Rotated Levy Function,10,20,200000,900.0002538166385,0.0002538166385193,False,11.080354690551758
de_perturbation,5,F5: Shifted and Rotated Levy Function,10,21,200000,900.0004486365691,0.0004486365691036,False,10.860883474349976
de_perturbation,5,F5: Shifted and Rotated Levy Function,10,22,200000,900.0002731780114,0.0002731780114118,False,10.715097665786743
de_perturbation,5,F5: Shifted and Rotated Levy Function,10,23,200000,900.0003910094198,0.0003910094197863,False,10.951520681381226
de_perturbation,5,F5: Shifted and Rotated Levy Function,10,24,200000,900.5440194202487,0.5440194202486737,False,10.842748641967772
de_perturbation,5,F5: Shifted and Rotated Levy Function,10,25,200000,900.0005982325656,0.0005982325656077,False,10.889880895614624
de_perturbation,5,F5: Shifted and Rotated Levy Function,10,26,200000,900.00063963442,0.0006396344200538,False,10.714520454406738
de_perturbation,5,F5: Shifted and Rotated Levy Function,10,27,200000,900.0002849278811,0.0002849278811254,False,10.698968648910522
de_perturbation,5,F5: Shifted and Rotated Levy Function,10,28,200000,900.0010690631815,0.0010690631814895,False,11.00681471824646
de_perturbation,5,F5: Shifted and Rotated Levy Function,10,29,200000,900.0010708546891,0.0010708546891464,False,10.9624502658844
de_perturbation,5,F5: Shifted and Rotated Levy Function,10,30,200000,900.0001812548522,0.0001812548522366,False,11.30274486541748
de_perturbation,6,F6: Hybrid Function 1,10,1,200000,15144.756375149916,13344.756375149916,False,12.849311351776125
de_perturbation,6,F6: Hybrid Function 1,10,2,200000,14442.291143371584,12642.291143371584,False,12.57894229888916
de_perturbation,6,F6: Hybrid Function 1,10,3,200000,13150.743469903524,11350.743469903524,False,12.104485511779783
de_perturbation,6,F6: Hybrid Function 1,10,4,200000,2613.0969885935942,813.0969885935942,False,12.219069004058838
de_perturbation,6,F6: Hybrid Function 1,10,5,200000,29809.28891877015,28009.28891877015,False,12.59463620185852
de_perturbation,6,F6: Hybrid Function 1,10,6,200000,10929.513261988151,9129.513261988151,False,13.192623138427734
de_perturbation,6,F6: Hybrid Function 1,10,7,200000,6500.708484640699,4700.708484640699,False,13.11218547821045
de_perturbation,6,F6: Hybrid Function 1,10,8,200000,10696.374693165057,8896.374693165057,False,12.79905652999878
de_perturbation,6,F6: Hybrid Function 1,10,9,200000,2781.3705618914205,981.3705618914204,False,12.466731548309326
de_perturbation,6,F6: Hybrid Function 1,10,10,200000,13002.835834401369,11202.835834401369,False,12.346374988555908
de_perturbation,6,F6: Hybrid Function 1,10,11,200000,12916.952900227803,11116.952900227803,False,12.357496738433838
de_perturbation,6,F6: Hybrid Function 1,10,12,200000,28986.88753983205,27186.88753983205,False,12.358655452728271
de_perturbation,6,F6: Hybrid Function 1,10,13,200000,30173.21780481796,28373.21780481796,False,12.4105966091156
de_perturbation,6,F6: Hybrid Function 1,10,14,200000,2117.364580937183,317.36458093718284,False,12.026899814605711
de_perturbation,6,F6: Hybrid Function 1,10,15,200000,39295.48887276663,37495.48887276663,False,12.217834234237673
de_perturbation,6,F6: Hybrid Function 1,10,16,200000,39834.39568304957,38034.39568304957,False,12.169209480285645
de_perturbation,6,F6: Hybrid Function 1,10,17,200000,16888.291544129275,15088.291544129275,False,11.7265145778656
de_perturbation,6,F6: Hybrid Function 1,10,18,200000,15713.512679922633,13913.512679922633,False,12.083341121673584
de_perturbation,6,F6: Hybrid Function 1,10,19,200000,3199.342276766523,1399.342276766523,False,11.804612159729004
de_perturbation,6,F6: Hybrid Function 1,10,20,200000,12899.831008378802,11099.831008378802,False,11.992872953414915
de_perturbation,6,F6: Hybrid Function 1,10,21,200000,4670.78626529587,2870.78626529587,False,12.374804735183716
de_perturbation,6,F6: Hybrid Function 1,10,22,200000,5939.789888779742,4139.789888779742,False,12.323386430740356
de_perturbation,6,F6: Hybrid Function 1,10,23,200000,8488.419955147623,6688.419955147623,False,12.130028009414673
de_perturbation,6,F6: Hybrid Function 1,10,24,200000,32953.29032643576,31153.29032643576,False,12.176507472991943
de_perturbation,6,F6: Hybrid Function 1,10,25,200000,3287.8621994424466,1487.8621994424466,False,12.04504132270813
de_perturbation,6,F6: Hybrid Function 1,10,26,200000,4202.485145534023,2402.485145534023,False,13.163976430892944
de_perturbation,6,F6: Hybrid Function 1,10,27,200000,12635.275442770686,10835.275442770686,False,12.67814588546753
de_perturbation,6,F6: Hybrid Function 1,10,28,200000,39055.53672230797,37255.53672230797,False,13.12126326560974
de_perturbation,6,F6: Hybrid Function 1,10,29,200000,29433.74172846845,27633.74172846845,False,12.81972622871399
de_perturbation,6,F6: Hybrid Function 1,10,30,200000,18461.384263338598,16661.384263338594,False,12.746169567108154
de_perturbation,7,F7: Hybrid Function 2,10,1,200000,2027.892673243612,27.892673243611853,False,98.57482194900513
de_perturbation,7,F7: Hybrid Function 2,10,2,200000,2013.4849196192988,13.484919619298807,False,98.06535768508913
de_perturbation,7,F7: Hybrid Function 2,10,3,200000,2026.4348411990552,26.4348411990552,False,97.58663773536682
de_perturbation,7,F7: Hybrid Function 2,10,4,200000,2020.6251546021367,20.62515460213717,False,101.28955149650574
de_perturbation,7,F7: Hybrid Function 2,10,5,200000,2025.5789045088493,25.57890450884929,False,100.47185039520264
de_perturbation,7,F7: Hybrid Function 2,10,6,200000,2034.749949938012,34.74994993801215,False,100.31868505477904
de_perturbation,7,F7: Hybrid Function 2,10,7,200000,2023.1398490794516,23.139849079451324,False,97.3911919593811
de_perturbation,7,F7: Hybrid Function 2,10,8,200000,2123.602553404866,123.60255340486584,False,97.51266860961914
de_perturbation,7,F7: Hybrid Function 2,10,9,200000,2032.7189213026732,32.71892130267338,False,97.58113360404968
de_perturbation,7,F7: Hybrid Function 2,10,10,200000,2027.1728096015163,27.17280960151629,False,98.64615607261658
de_perturbation,7,F7: Hybrid Function 2,10,11,200000,2023.1619149983148,23.16191499831484,False,100.464262008667
de_perturbation,7,F7: Hybrid Function 2,10,12,200000,2027.702744278804,27.702744278803948,False,99.9671745300293
de_perturbation,7,F7: Hybrid Function 2,10,13,200000,2027.833016311288,27.83301631128802,False,100.08471989631651
de_perturbation,7,F7: Hybrid Function 2,10,14,200000,2033.5890330535767,33.58903305357717,False,99.34315705299376
de_perturbation,7,F7: Hybrid Function 2,10,15,200000,2036.0559927107988,36.05599271079882,False,99.82448601722716
de_perturbation,7,F7: Hybrid Function 2,10,16,200000,2039.871086736107,39.87108673610692,False,96.59728693962096
de_perturbation,7,F7: Hybrid Function 2,10,17,200000,2030.590318714521,30.59031871452112,False,92.30043935775755
de_perturbation,7,F7: Hybrid Function 2,10,18,200000,2034.442538397642,34.44253839764201,False,94.97633814811708
de_perturbation,7,F7: Hybrid Function 2,10,19,200000,2026.628333693445,26.62833369344503,False,95.68787813186646
de_perturbation,7,F7: Hybrid Function 2,10,20,200000,2025.056218212331,25.056218212331032,False,94.35937476158142
de_perturbation,7,F7: Hybrid Function 2,10,21,200000,2136.4377416638945,136.43774166389449,False,95.71573853492735
de_perturbation,7,F7: Hybrid Function 2,10,22,200000,2025.4288574931632,25.42885749316315,False,94.4980161190033
de_perturbation,7,F7: Hybrid Function 2,10,23,200000,2033.1796140048232,33.17961400482318,False,93.47004294395448
de_perturbation,7,F7: Hybrid Function 2,10,24,200000,2028.5918864190023,28.59188641900255,False,96.46205925941469
de_perturbation,7,F7: Hybrid Function 2,10,25,200000,2131.308060351089,131.3080603510889,False,95.29258489608765
de_perturbation,7,F7: Hybrid Function 2,10,26,200000,2027.525379649468,27.525379649467595,False,93.58666467666626
de_perturbation,7,F7: Hybrid Function 2,10,27,200000,2035.7183984060944,35.71839840609459,False,94.2122926712036
de_perturbation,7,F7: Hybrid Function 2,10,28,200000,2031.31949482322,31.319494823219884,False,94.95481896400452
de_perturbation,7,F7: Hybrid Function 2,10,29,200000,2026.159612716906,26.15961271690594,False,93.74047756195068
de_perturbation,7,F7: Hybrid Function 2,10,30,200000,2040.150077327053,40.15007732705294,False,93.83873987197876
de_perturbation,8,F8: Hybrid Function 3,10,1,200000,2228.5332262399984,28.533226239998385,False,126.67234015464784
de_perturbation,8,F8: Hybrid Function 3,10,2,200000,2212.3372975528428,12.337297552842756,False,129.13510537147522
de_perturbation,8,F8: Hybrid Function 3,10,3,200000,2224.1983551799685,24.19835517996853,False,127.90351462364195
de_perturbation,8,F8: Hybrid Function 3,10,4,200000,2225.606603288757,25.60660328875747,False,127.00394630432127
de_perturbation,8,F8: Hybrid Function 3,10,5,200000,2226.422814857548,26.422814857547564,False,128.7051763534546
de_perturbation,8,F8: Hybrid Function 3,10,6,200000,2227.340270616768,27.340270616768063,False,127.9790244102478
de_perturbation,8,F8: Hybrid Function 3,10,7,200000,2227.53579270516,27.535792705159565,False,128.6311731338501
de_perturbation,8,F8: Hybrid Function 3,10,8,200000,2226.0656899823907,26.06568998239072,False,128.36158871650696
de_perturbation,8,F8: Hybrid Function 3,10,9,200000,2225.9783468369365,25.978346836936453,False,127.84499835968018
de_perturbation,8,F8: Hybrid Function 3,10,10,200000,2226.388351902831,26.38835190283089,False,126.28719758987428
de_perturbation,8,F8: Hybrid Function 3,10,11,200000,2225.4905189773,25.49051897729987,False,128.11414670944214
de_perturbation,8,F8: Hybrid Function 3,10,12,200000,2215.380781693248,15.380781693247627,False,128.795006275177
de_perturbation,8,F8: Hybrid Function 3,10,13,200000,2223.31985598174,23.319855981740147,False,129.06684827804563
de_perturbation,8,F8: Hybrid Function 3,10,14,200000,2225.0448224215666,25.04482242156655,False,128.9974274635315
de_perturbation,8,F8: Hybrid Function 3,10,15,200000,2225.3181014368447,25.3181014368447,False,126.71681714057922
de_perturbation,8,F8: Hybrid Function 3,10,16,200000,2224.643551209622,24.64355120962182,False,129.0273551940918
de_perturbation,8,F8: Hybrid Function 3,10,17,200000,4167.24098157267,1967.2409815726696,False,129.1704616546631
de_perturbation,8,F8: Hybrid Function 3,10,18,200000,2225.804000758392,25.80400075839225,False,126.5605251789093
de_perturbation,8,F8: Hybrid Function 3,10,19,200000,2228.170958011768,28.170958011768107,False,128.93297958374023
de_perturbation,8,F8: Hybrid Function 3,10,20,200000,2223.7148382201613,23.71483822016125,False,131.5359628200531
de_perturbation,8,F8: Hybrid Function 3,10,21,200000,166082.7496108692,163882.7496108692,False,133.3208601474762
de_perturbation,8,F8: Hybrid Function 3,10,22,200000,2227.5586911901373,27.558691190137324,False,133.2844853401184
de_perturbation,8,F8: Hybrid Function 3,10,23,200000,2226.83402167675,26.83402167675013,False,136.1690092086792
de_perturbation,8,F8: Hybrid Function 3,10,24,200000,2212.5848781511118,12.584878151111296,False,135.0382912158966
de_perturbation,8,F8: Hybrid Function 3,10,25,200000,2226.754585134633,26.75458513463309,False,134.39817214012146
de_perturbation,8,F8: Hybrid Function 3,10,26,200000,2209.9470474873638,9.947047487363308,False,132.69167351722717
de_perturbation,8,F8: Hybrid Function 3,10,27,200000,2224.3456032051968,24.345603205196767,False,132.57704663276672
de_perturbation,8,F8: Hybrid Function 3,10,28,200000,2223.306080129041,23.30608012904122,False,134.47161722183228
de_perturbation,8,F8: Hybrid Function 3,10,29,200000,2226.599188588316,26.599188588315883,False,134.75445985794067
de_perturbation,8,F8: Hybrid Function 3,10,30,200000,2224.4161504256845,24.416150425684464,False,132.9485125541687
de_perturbation,9,F9: Composition Function 1,10,1,200000,2659.1123496476903,359.1123496476903,False,30.859335899353027
de_perturbation,9,F9: Composition Function 1,10,2,200000,2659.212832973013,359.21283297301306,False,31.06313109397888
de_perturbation,9,F9: Composition Function 1,10,3,200000,2659.107532134344,359.1075321343442,False,31.05388045310974
de_perturbation,9,F9: Composition Function 1,10,4,200000,2659.197305534188,359.19730553418776,False,32.70717430114746
de_perturbation,9,F9: Composition Function 1,10,5,200000,2659.7538257755405,359.75382577554046,False,31.831001043319706
de_perturbation,9,F9: Composition Function 1,10,6,200000,2659.097375425923,359.097375425923,False,31.390438318252563
de_perturbation,9,F9: Composition Function 1,10,7,200000,2659.1284798556703,359.1284798556703,False,30.19013977050781
de_perturbation,9,F9: Composition Function 1,10,8,200000,2659.1395787227243,359.1395787227243,False,31.24073815345764
de_perturbation,9,F9: Composition Function 1,10,9,200000,2659.1121602142816,359.11216021428163,False,32.20900249481201
de_perturbation,9,F9: Composition Function 1,10,10,200000,2659.2106569022108,359.2106569022108,False,32.00205087661743
de_perturbation,9,F9: Composition Function 1,10,11,200000,2659.4068916042106,359.4068916042106,False,31.81778383255005
de_perturbation,9,F9: Composition Function 1,10,12,200000,2659.347320598268,359.34732059826774,False,30.76150107383728
de_perturbation,9,F9: Composition Function 1,10,13,200000,2660.795336748126,360.7953367481259,False,30.980570793151852
de_perturbation,9,F9: Composition Function 1,10,14,200000,2659.129204934346,359.12920493434603,False,30.879415273666385
de_perturbation,9,F9: Composition Function 1,10,15,200000,2659.601149238709,359.60114923870924,False,31.213581323623657
de_perturbation,9,F9: Composition Function 1,10,16,200000,2659.190117846739,359.1901178467392,False,30.38108968734741
de_perturbation,9,F9: Composition Function 1,10,17,200000,2659.522598342041,359.52259834204096,False,31.19283175468445
de_perturbation,9,F9: Composition Function 1,10,18,200000,2659.329755924497,359.32975592449657,False,31.48482871055603
de_perturbation,9,F9: Composition Function 1,10,19,200000,2664.9719669243573,364.9719669243573,False,32.49323630332947
de_perturbation,9,F9: Composition Function 1,10,20,200000,2659.101591099419,359.1015910994188,False,31.74805974960327
de_perturbation,9,F9: Composition Function 1,10,21,200000,2659.1037236028696,359.10372360286965,False,31.5828070640564
de_perturbation,9,F9: Composition Function 1,10,22,200000,2659.103449654831,359.1034496548309,False,31.719885110855103
de_perturbation,9,F9: Composition Function 1,10,23,200000,2659.1103617767662,359.11036177676624,False,31.73012590408325
de_perturbation,9,F9: Composition Function 1,10,24,200000,2659.102593035533,359.1025930355331,False,30.729682207107544
de_perturbation,9,F9: Composition Function 1,10,25,200000,2659.315015172656,359.3150151726559,False,29.774693250656128
de_perturbation,9,F9: Composition Function 1,10,26,200000,2659.2646709554347,359.26467095543467,False,31.04051089286804
de_perturbation,9,F9: Composition Function 1,10,27,200000,2659.099279629232,359.0992796292321,False,31.92812418937683
de_perturbation,9,F9: Composition Function 1,10,28,200000,2659.096150350972,359.0961503509716,False,31.687634706497192
de_perturbation,9,F9: Composition Function 1,10,29,200000,2659.120578559476,359.12057855947614,False,31.72818875312805
de_perturbation,9,F9: Composition Function 1,10,30,200000,2659.583074595708,359.58307459570733,False,31.756892442703247
de_perturbation,10,F10: Composition Function 2,10,1,200000,2621.302128200722,221.3021282007221,False,33.473079442977905
de_perturbation,10,F10: Composition Function 2,10,2,200000,2620.597818947877,220.59781894787693,False,32.96480631828308
de_perturbation,10,F10: Composition Function 2,10,3,200000,2621.258845700577,221.2588457005768,False,31.77914023399353
de_perturbation,10,F10: Composition Function 2,10,4,200000,2621.1708686466814,221.17086864668136,False,32.41457533836365
de_perturbation,10,F10: Composition Function 2,10,5,200000,2621.1844306779635,221.18443067796352,False,31.82033371925354
de_perturbation,10,F10: Composition Function 2,10,6,200000,2764.417017262371,364.4170172623708,False,32.178202629089355
de_perturbation,10,F10: Composition Function 2,10,7,200000,2621.1889299354166,221.18892993541655,False,32.229079484939575
de_perturbation,10,F10: Composition Function 2,10,8,200000,2621.426183887782,221.42618388778192,False,32.00785040855408
de_perturbation,10,F10: Composition Function 2,10,9,200000,2620.916883750163,220.91688375016287,False,32.52896046638489
de_perturbation,10,F10: Composition Function 2,10,10,200000,2620.9110112690105,220.9110112690105,False,32.524019956588745
de_perturbation,10,F10: Composition Function 2,10,11,200000,2623.062238341987,223.0622383419868,False,32.36071753501892
de_perturbation,10,F10: Composition Function 2,10,12,200000,2619.601012508258,219.601012508258,False,32.251657247543335
de_perturbation,10,F10: Composition Function 2,10,13,200000,2620.99452086706,220.9945208670597,False,31.936862230300903
de_perturbation,10,F10: Composition Function 2,10,14,200000,2620.944561319901,220.9445613199009,False,32.39695167541504
de_perturbation,10,F10: Composition Function 2,10,15,200000,2620.907906655452,220.90790665545185,False,32.38618779182434
de_perturbation,10,F10: Composition Function 2,10,16,200000,2621.172277148256,221.17227714825597,False,31.812860250473022
de_perturbation,10,F10: Composition Function 2,10,17,200000,2621.027622293433,221.02762229343307,False,31.74602031707764
de_perturbation,10,F10: Composition Function 2,10,18,200000,2622.4946290758635,222.4946290758635,False,31.550363779067997
de_perturbation,10,F10: Composition Function 2,10,19,200000,2742.7385468015123,342.73854680151226,False,32.169837474823
de_perturbation,10,F10: Composition Function 2,10,20,200000,2719.3400902401654,319.3400902401654,False,31.60968518257141
de_perturbation,10,F10: Composition Function 2,10,21,200000,2621.402252168381,221.40225216838095,False,31.960567951202396
de_perturbation,10,F10: Composition Function 2,10,22,200000,2620.8981214481155,220.8981214481155,False,31.69133281707764
de_perturbation,10,F10: Composition Function 2,10,23,200000,2621.014421615568,221.0144216155677,False,32.25195264816284
de_perturbation,10,F10: Composition Function 2,10,24,200000,2621.0131598633,221.0131598633002,False,32.33220076560974
de_perturbation,10,F10: Composition Function 2,10,25,200000,2622.1861464204267,222.18614642042667,False,33.69424271583557
de_perturbation,10,F10: Composition Function 2,10,26,200000,2622.2646603395974,222.2646603395974,False,31.63836407661438
de_perturbation,10,F10: Composition Function 2,10,27,200000,2621.169314351338,221.169314351338,False,31.94501495361328
de_perturbation,10,F10: Composition Function 2,10,28,200000,2622.1538007736085,222.1538007736085,False,32.47563576698303
de_perturbation,10,F10: Composition Function 2,10,29,200000,2620.903284325465,220.9032843254649,False,30.75325894355774
de_perturbation,10,F10: Composition Function 2,10,30,200000,2619.564144229485,219.564144229485,False,30.64927577972412
de_perturbation,11,F11: Composition Function 3,10,1,200000,2600.1767047428507,0.1767047428506885,False,49.09269380569458
de_perturbation,11,F11: Composition Function 3,10,2,200000,2600.3576532982697,0.3576532982697245,False,49.37130522727966
de_perturbation,11,F11: Composition Function 3,10,3,200000,2600.328853503941,0.3288535039409908,False,48.107263803482056
de_perturbation,11,F11: Composition Function 3,10,4,200000,2600.2363714633752,0.2363714633752351,False,48.54913353919983
de_perturbation,11,F11: Composition Function 3,10,5,200000,2600.358971751169,0.3589717511690651,False,49.26357936859131
de_perturbation,11,F11: Composition Function 3,10,6,200000,2600.20085184699,0.2008518469901901,False,48.85396599769592
de_perturbation,11,F11: Composition Function 3,10,7,200000,2600.121519687417,0.1215196874168214,False,48.86523246765137
de_perturbation,11,F11: Composition Function 3,10,8,200000,2600.257938725747,0.2579387257469534,False,49.51878929138184
de_perturbation,11,F11: Composition Function 3,10,9,200000,2600.12466914541,0.1246691454098254,False,48.485151052474976
de_perturbation,11,F11: Composition Function 3,10,10,200000,2600.2253115448275,0.2253115448274911,False,49.91488552093506
de_perturbation,11,F11: Composition Function 3,10,11,200000,2600.2048013936906,0.204801393690559,False,50.71261096000672
de_perturbation,11,F11: Composition Function 3,10,12,200000,2600.4876526997964,0.4876526997963992,False,49.03353238105774
de_perturbation,11,F11: Composition Function 3,10,13,200000,2600.3525660367745,0.3525660367745331,False,48.55490016937256
de_perturbation,11,F11: Composition Function 3,10,14,200000,2600.166128350971,0.1661283509711211,False,48.697776556015015
de_perturbation,11,F11: Composition Function 3,10,15,200000,2600.6489128003977,0.6489128003977385,False,48.6768810749054
de_perturbation,11,F11: Composition Function 3,10,16,200000,3476.4689179231527,876.4689179231527,False,49.66420531272888
de_perturbation,11,F11: Composition Function 3,10,17,200000,3476.468052607384,876.4680526073839,False,50.16184687614441
de_perturbation,11,F11: Composition Function 3,10,18,200000,3477.0047075966654,877.0047075966654,False,50.76327466964722
de_perturbation,11,F11: Composition Function 3,10,19,200000,2600.1234995211207,0.1234995211207206,False,49.65442967414856
de_perturbation,11,F11: Composition Function 3,10,20,200000,3476.0701875556942,876.0701875556942,False,51.49125409126282
de_perturbation,11,F11: Composition Function 3,10,21,200000,2600.308513809514,0.3085138095138973,False,51.41628885269165
de_perturbation,11,F11: Composition Function 3,10,22,200000,3477.300494798729,877.3004947987288,False,52.286680698394775
de_perturbation,11,F11: Composition Function 3,10,23,200000,2600.141581494217,0.1415814942165525,False,50.236387729644775
de_perturbation,11,F11: Composition Function 3,10,24,200000,2623.1221562320625,23.12215623206248,False,51.75552845001221
de_perturbation,11,F11: Composition Function 3,10,25,200000,2600.224325648539,0.2243256485389793,False,52.72865891456604
de_perturbation,11,F11: Composition Function 3,10,26,200000,2600.4255694487365,0.4255694487364962,False,50.041213512420654
de_perturbation,11,F11: Composition Function 3,10,27,200000,2600.223309332276,0.2233093322756758,False,50.297998666763306
de_perturbation,11,F11: Composition Function 3,10,28,200000,2600.262260446017,0.2622604460170805,False,52.02097845077515
de_perturbation,11,F11: Composition Function 3,10,29,200000,2600.128181234419,0.1281812344191166,False,49.24093413352966
de_perturbation,11,F11: Composition Function 3,10,30,200000,2600.193643371716,0.1936433717155523,False,49.44810390472412
de_perturbation,12,F12: Composition Function 4,10,1,200000,2866.425455696808,166.4254556968076,False,59.78478455543518
de_perturbation,12,F12: Composition Function 4,10,2,200000,2865.9046429643968,165.90464296439677,False,57.799620151519775
de_perturbation,12,F12: Composition Function 4,10,3,200000,2866.2288756597527,166.2288756597527,False,56.31847047805786
de_perturbation,12,F12: Composition Function 4,10,4,200000,2866.385536048572,166.38553604857225,False,55.80181813240051
de_perturbation,12,F12: Composition Function 4,10,5,200000,2864.901451011748,164.90145101174767,False,55.725616455078125
de_perturbation,12,F12: Composition Function 4,10,6,200000,2866.423881705604,166.4238817056039,False,57.22868609428406
de_perturbation,12,F12: Composition Function 4,10,7,200000,2864.5002529906083,164.50025299060826,False,56.733009338378906
de_perturbation,12,F12: Composition Function 4,10,8,200000,2871.645972381731,171.6459723817311,False,56.25006127357483
de_perturbation,12,F12: Composition Function 4,10,9,200000,2867.4823668938247,167.48236689382475,False,56.174917697906494
de_perturbation,12,F12: Composition Function 4,10,10,200000,2866.427376886178,166.42737688617808,False,53.645522117614746
de_perturbation,12,F12: Composition Function 4,10,11,200000,2866.9791404353305,166.97914043533046,False,54.28723096847534
de_perturbation,12,F12: Composition Function 4,10,12,200000,2866.4247538876866,166.42475388768662,False,54.637470722198486
de_perturbation,12,F12: Composition Function 4,10,13,200000,2865.907741682932,165.90774168293183,False,52.37207198143005
de_perturbation,12,F12: Composition Function 4,10,14,200000,2863.83530778063,163.83530778063005,False,53.45153498649597
de_perturbation,12,F12: Composition Function 4,10,15,200000,2865.9205093450887,165.9205093450887,False,52.93270564079285
de_perturbation,12,F12: Composition Function 4,10,16,200000,2865.9073964030968,165.90739640309675,False,52.7122528553009
de_perturbation,12,F12: Composition Function 4,10,17,200000,2863.8427532651785,163.84275326517854,False,52.07869815826416
de_perturbation,12,F12: Composition Function 4,10,18,200000,2866.42479531943,166.4247953194299,False,52.94119477272034
de_perturbation,12,F12: Composition Function 4,10,19,200000,2865.902701029321,165.90270102932118,False,52.62348675727844
de_perturbation,12,F12: Composition Function 4,10,20,200000,2866.3946485247343,166.3946485247343,False,56.24439430236816
de_perturbation,12,F12: Composition Function 4,10,21,200000,2865.9227818602167,165.92278186021667,False,56.47588539123535
de_perturbation,12,F12: Composition Function 4,10,22,200000,2871.64976941035,171.64976941035002,False,54.78729009628296
de_perturbation,12,F12: Composition Function 4,10,23,200000,2865.91557837092,165.91557837091975,False,53.73651337623596
de_perturbation,12,F12: Composition Function 4,10,24,200000,2865.898534562892,165.89853456289163,False,52.84920263290405
de_perturbation,12,F12: Composition Function 4,10,25,200000,2865.905792553356,165.9057925533557,False,55.70216178894043
de_perturbation,12,F12: Composition Function 4,10,26,200000,2866.390940883107,166.39094088310685,False,54.866724252700806
de_perturbation,12,F12: Composition Function 4,10,27,200000,2866.426767508556,166.42676750855617,False,53.81759786605835
de_perturbation,12,F12: Composition Function 4,10,28,200000,2868.1843160679914,168.1843160679914,False,52.94504499435425
de_perturbation,12,F12: Composition Function 4,10,29,200000,2865.9067300343413,165.9067300343413,False,53.71066784858704
de_perturbation,12,F12: Composition Function 4,10,30,200000,2866.4565101219787,166.45651012197868,False,53.92775011062622
de_perturbation,1,F1: Shifted and full Rotated Zakharov Function,20,1,1000000,1887.9676836155832,1587.9676836155832,False,31.287434101104736
de_perturbation,1,F1: Shifted and full Rotated Zakharov Function,20,2,1000000,328.98210726291575,28.982107262915747,False,31.55032515525818
de_perturbation,1,F1: Shifted and full Rotated Zakharov Function,20,3,1000000,305.00923213860955,5.009232138609548,False,31.68332815170288
de_perturbation,1,F1: Shifted and full Rotated Zakharov Function,20,4,1000000,346.79103213005624,46.79103213005624,False,31.471795320510864
de_perturbation,1,F1: Shifted and full Rotated Zakharov Function,20,5,1000000,308.51667903828195,8.51667903828195,False,31.3949990272522
de_perturbation,1,F1: Shifted and full Rotated Zakharov Function,20,6,1000000,306.3019989410035,6.30199894100349,False,31.3268678188324
de_perturbation,1,F1: Shifted and full Rotated Zakharov Function,20,7,1000000,313.3239328368905,13.323932836890547,False,31.397500038146973
de_perturbation,1,F1: Shifted and full Rotated Zakharov Function,20,8,1000000,303.4562854384117,3.456285438411726,False,31.154619455337524
de_perturbation,1,F1: Shifted and full Rotated Zakharov Function,20,9,1000000,305.80446529215834,5.804465292158341,False,32.124964237213135
de_perturbation,1,F1: Shifted and full Rotated Zakharov Function,20,10,1000000,300.83717563406765,0.8371756340676484,False,32.08591842651367
de_perturbation,1,F1: Shifted and full Rotated Zakharov Function,20,11,1000000,322.66028159470943,22.66028159470943,False,30.832510709762573
de_perturbation,1,F1: Shifted and full Rotated Zakharov Function,20,12,1000000,341.5374765422673,41.537476542267314,False,31.04966950416565
de_perturbation,1,F1: Shifted and full Rotated Zakharov Function,20,13,1000000,309.17912583876586,9.179125838765856,False,30.901255130767822
de_perturbation,1,F1: Shifted and full Rotated Zakharov Function,20,14,1000000,316.01814612170347,16.018146121703467,False,30.38124418258667
de_perturbation,1,F1: Shifted and full Rotated Zakharov Function,20,15,1000000,329.32495512329365,29.32495512329365,False,30.779125452041622
de_perturbation,1,F1: Shifted and full Rotated Zakharov Function,20,16,1000000,300.588100719356,0.588100719355964,False,30.946796655654907
de_perturbation,1,F1: Shifted and full Rotated Zakharov Function,20,17,1000000,386.1121692054241,86.1121692054241,False,30.84254193305969
de_perturbation,1,F1: Shifted and full Rotated Zakharov Function,20,18,1000000,301.95638535986296,1.9563853598629637,False,31.415356636047363
de_perturbation,1,F1: Shifted and full Rotated Zakharov Function,20,19,1000000,319.86378742990723,19.863787429907237,False,30.670498609542847
de_perturbation,1,F1: Shifted and full Rotated Zakharov Function,20,20,1000000,312.3567358491319,12.356735849131894,False,31.40502691268921
de_perturbation,1,F1: Shifted and full Rotated Zakharov Function,20,21,1000000,302.2356120366432,2.235612036643204,False,32.01720428466797
de_perturbation,1,F1: Shifted and full Rotated Zakharov Function,20,22,1000000,330.17060169241216,30.170601692412163,False,31.69771456718445
de_perturbation,1,F1: Shifted and full Rotated Zakharov Function,20,23,1000000,303.4321970684578,3.4321970684578105,False,30.722988843917847
de_perturbation,1,F1: Shifted and full Rotated Zakharov Function,20,24,1000000,304.01795584425565,4.017955844255653,False,30.81789374351501
de_perturbation,1,F1: Shifted and full Rotated Zakharov Function,20,25,1000000,346.3310725151835,46.33107251518351,False,31.29714274406433
de_perturbation,1,F1: Shifted and full Rotated Zakharov Function,20,26,1000000,311.59700813591235,11.597008135912349,False,30.72952890396118
de_perturbation,1,F1: Shifted and full Rotated Zakharov Function,20,27,1000000,1014.7134565102637,714.7134565102637,False,31.35085129737854
de_perturbation,1,F1: Shifted and full Rotated Zakharov Function,20,28,1000000,311.99421211283203,11.994212112832033,False,31.073953866958615
de_perturbation,1,F1: Shifted and full Rotated Zakharov Function,20,29,1000000,374.18318114012834,74.18318114012834,False,30.950593948364254
de_perturbation,1,F1: Shifted and full Rotated Zakharov Function,20,30,1000000,314.1102003184216,14.110200318421562,False,30.74697494506836
de_perturbation,2,F2: Shifted and Rotated Rosenbrock’s Function,20,1,1000000,449.09531407813887,49.09531407813887,False,38.50694727897644
de_perturbation,2,F2: Shifted and Rotated Rosenbrock’s Function,20,2,1000000,449.09855150901217,49.09855150901217,False,38.2356550693512
de_perturbation,2,F2: Shifted and Rotated Rosenbrock’s Function,20,3,1000000,444.9055110604639,44.90551106046388,False,38.10227370262146
de_perturbation,2,F2: Shifted and Rotated Rosenbrock’s Function,20,4,1000000,444.9023599011638,44.90235990116378,False,38.11642146110535
de_perturbation,2,F2: Shifted and Rotated Rosenbrock’s Function,20,5,1000000,489.1163490618485,89.11634906184844,False,38.347686529159546
de_perturbation,2,F2: Shifted and Rotated Rosenbrock’s Function,20,6,1000000,449.0962242445142,49.09622424451419,False,39.29848098754883
de_perturbation,2,F2: Shifted and Rotated Rosenbrock’s Function,20,7,1000000,449.0976856348414,49.09768563484141,False,39.788026094436646
de_perturbation,2,F2: Shifted and Rotated Rosenbrock’s Function,20,8,1000000,449.08978390723496,49.08978390723496,False,37.39355158805847
de_perturbation,2,F2: Shifted and Rotated Rosenbrock’s Function,20,9,1000000,444.903035984176,44.90303598417603,False,38.35757255554199
de_perturbation,2,F2: Shifted and Rotated Rosenbrock’s Function,20,10,1000000,449.099082699612,49.09908269961204,False,38.17380237579346
de_perturbation,2,F2: Shifted and Rotated Rosenbrock’s Function,20,11,1000000,449.101963764101,49.101963764101015,False,38.15398144721985
de_perturbation,2,F2: Shifted and Rotated Rosenbrock’s Function,20,12,1000000,449.0927167766204,49.09271677662042,False,37.6857476234436
de_perturbation,2,F2: Shifted and Rotated Rosenbrock’s Function,20,13,1000000,449.09413746609073,49.09413746609073,False,38.05009508132935
de_perturbation,2,F2: Shifted and Rotated Rosenbrock’s Function,20,14,1000000,449.1024476687024,49.10244766870244,False,37.5325391292572
de_perturbation,2,F2: Shifted and Rotated Rosenbrock’s Function,20,15,1000000,405.7995841336506,5.799584133650626,False,37.65551471710205
de_perturbation,2,F2: Shifted and Rotated Rosenbrock’s Function,20,16,1000000,449.1327801666211,49.1327801666211,False,37.47833609580994
de_perturbation,2,F2: Shifted and Rotated Rosenbrock’s Function,20,17,1000000,449.0912481158916,49.09124811589163,False,37.74789786338806
de_perturbation,2,F2: Shifted and Rotated Rosenbrock’s Function,20,18,1000000,449.0965428681132,49.0965428681132,False,38.96294450759888
de_perturbation,2,F2: Shifted and Rotated Rosenbrock’s Function,20,19,1000000,449.0924786144243,49.09247861442429,False,38.138649463653564
de_perturbation,2,F2: Shifted and Rotated Rosenbrock’s Function,20,20,1000000,449.0974446537727,49.0974446537727,False,39.55569815635681
de_perturbation,2,F2: Shifted and Rotated Rosenbrock’s Function,20,21,1000000,444.9025726401951,44.9025726401951,False,36.21255278587341
de_perturbation,2,F2: Shifted and Rotated Rosenbrock’s Function,20,22,1000000,449.09707428646914,49.09707428646914,False,36.27152061462402
de_perturbation,2,F2: Shifted and Rotated Rosenbrock’s Function,20,23,1000000,449.0916146224298,49.0916146224298,False,36.849132776260376
de_perturbation,2,F2: Shifted and Rotated Rosenbrock’s Function,20,24,1000000,449.103289469012,49.10328946901194,False,36.40704035758972
de_perturbation,2,F2: Shifted and Rotated Rosenbrock’s Function,20,25,1000000,449.1060983516016,49.106098351601645,False,36.93355107307434
de_perturbation,2,F2: Shifted and Rotated Rosenbrock’s Function,20,26,1000000,444.9023853518986,44.9023853518986,False,35.84723997116089
de_perturbation,2,F2: Shifted and Rotated Rosenbrock’s Function,20,27,1000000,475.4260802059807,75.42608020598067,False,36.27148079872131
de_perturbation,2,F2: Shifted and Rotated Rosenbrock’s Function,20,28,1000000,444.9023345371842,44.90233453718423,False,42.427005767822266
de_perturbation,2,F2: Shifted and Rotated Rosenbrock’s Function,20,29,1000000,406.18886615918274,6.188866159182737,False,39.062312602996826
de_perturbation,2,F2: Shifted and Rotated Rosenbrock’s Function,20,30,1000000,449.0899009581926,49.08990095819257,False,39.155909299850464
de_perturbation,3,F3: Shifted and full Rotated Expanded Schaffer’s F7,20,1,1000000,600.0000033256433,3.32564331984031e-06,False,60.92042112350464
de_perturbation,3,F3: Shifted and full Rotated Expanded Schaffer’s F7,20,2,1000000,600.0000039975738,3.997573799097154e-06,False,58.94841694831848
de_perturbation,3,F3: Shifted and full Rotated Expanded Schaffer’s F7,20,3,1000000,600.0000040199545,4.019954531031544e-06,False,62.24667048454285
de_perturbation,3,F3: Shifted and full Rotated Expanded Schaffer’s F7,20,4,1000000,600.000006462399,6.462399028350774e-06,False,60.44464993476868
de_perturbation,3,F3: Shifted and full Rotated Expanded Schaffer’s F7,20,5,1000000,600.0000038616323,3.8616323081441806e-06,False,56.53974485397339
de_perturbation,3,F3: Shifted and full Rotated Expanded Schaffer’s F7,20,6,1000000,600.0000030793693,3.079369321312697e-06,False,55.3248918056488
de_perturbation,3,F3: Shifted and full Rotated Expanded Schaffer’s F7,20,7,1000000,600.0000047850393,4.785039322996454e-06,False,56.39532160758972
de_perturbation,3,F3: Shifted and full Rotated Expanded Schaffer’s F7,20,8,1000000,600.0000063760804,6.376080364134396e-06,False,57.5120804309845
de_perturbation,3,F3: Shifted and full Rotated Expanded Schaffer’s F7,20,9,1000000,600.0000049851911,4.985191139894596e-06,False,55.33716917037964
de_perturbation,3,F3: Shifted and full Rotated Expanded Schaffer’s F7,20,10,1000000,600.0000030935411,3.093541067755723e-06,False,56.10309934616089
de_perturbation,3,F3: Shifted and full Rotated Expanded Schaffer’s F7,20,11,1000000,600.0000032146875,3.2146874673344428e-06,False,56.50494647026062
de_perturbation,3,F3: Shifted and full Rotated Expanded Schaffer’s F7,20,12,1000000,600.0000029586902,2.958690174637013e-06,False,62.88602423667908
de_perturbation,3,F3: Shifted and full Rotated Expanded Schaffer’s F7,20,13,1000000,600.0000029632633,2.963263341371203e-06,False,63.82531476020813
de_perturbation,3,F3: Shifted and full Rotated Expanded Schaffer’s F7,20,14,1000000,600.0000054823031,5.482303095050156e-06,False,60.008039474487305
de_perturbation,3,F3: Shifted and full Rotated Expanded Schaffer’s F7,20,15,1000000,600.0000035783705,3.5783705243375152e-06,False,58.31334042549133
de_perturbation,3,F3: Shifted and full Rotated Expanded Schaffer’s F7,20,16,1000000,600.0000029436188,2.943618824247096e-06,False,55.76374769210816
de_perturbation,3,F3: Shifted and full Rotated Expanded Schaffer’s F7,20,17,1000000,600.0000061937722,6.193772151164012e-06,False,55.98092603683472
de_perturbation,3,F3: Shifted and full Rotated Expanded Schaffer’s F7,20,18,1000000,600.0000040106996,4.010699626633141e-06,False,55.30725646018982
de_perturbation,3,F3: Shifted and full Rotated Expanded Schaffer’s F7,20,19,1000000,600.0000054332138,5.433213800642989e-06,False,56.37117767333984
de_perturbation,3,F3: Shifted and full Rotated Expanded Schaffer’s F7,20,20,1000000,600.000002683405,2.683405000425409e-06,False,54.94665813446045
de_perturbation,3,F3: Shifted and full Rotated Expanded Schaffer’s F7,20,21,1000000,600.0000048647961,4.864796096626378e-06,False,53.54294562339783
de_perturbation,3,F3: Shifted and full Rotated Expanded Schaffer’s F7,20,22,1000000,600.000001302415,1.302414943893382e-06,False,54.466322898864746
de_perturbation,3,F3: Shifted and full Rotated Expanded Schaffer’s F7,20,23,1000000,600.0000041329382,4.132938215661852e-06,False,55.17323112487793
de_perturbation,3,F3: Shifted and full Rotated Expanded Schaffer’s F7,20,24,1000000,600.0000032575524,3.257552407376352e-06,False,57.12187004089356
de_perturbation,3,F3: Shifted and full Rotated Expanded Schaffer’s F7,20,25,1000000,600.0000034679258,3.4679258078540443e-06,False,54.48494744300842
de_perturbation,3,F3: Shifted and full Rotated Expanded Schaffer’s F7,20,26,1000000,600.0000041169765,4.1169764699589e-06,False,55.26154041290283
de_perturbation,3,F3: Shifted and full Rotated Expanded Schaffer’s F7,20,27,1000000,600.0000043305633,4.330563342591631e-06,False,53.1449191570282
de_perturbation,3,F3: Shifted and full Rotated Expanded Schaffer’s F7,20,28,1000000,600.0000065575254,6.557525352945959e-06,False,54.4632728099823
de_perturbation,3,F3: Shifted and full Rotated Expanded Schaffer’s F7,20,29,1000000,600.0000048522566,4.852256552112522e-06,False,55.895519971847534
de_perturbation,3,F3: Shifted and full Rotated Expanded Schaffer’s F7,20,30,1000000,600.0000045272675,4.527267492449028e-06,False,56.7410249710083
de_perturbation,4,F4: Shifted and Rotated Non-Continuous Rastrigin’s Function,20,1,1000000,1057.193975563983,257.19397556398303,False,85.65738487243652
de_perturbation,4,F4: Shifted and Rotated Non-Continuous Rastrigin’s Function,20,2,1000000,1034.6446286383937,234.64462863839367,False,86.39254927635193
de_perturbation,4,F4: Shifted and Rotated Non-Continuous Rastrigin’s Function,20,3,1000000,1035.8636524768438,235.86365247684373,False,86.55909299850464
de_perturbation,4,F4: Shifted and Rotated Non-Continuous Rastrigin’s Function,20,4,1000000,1035.758375427551,235.75837542755107,False,86.31764101982117
de_perturbation,4,F4: Shifted and Rotated Non-Continuous Rastrigin’s Function,20,5,1000000,1044.9542323327032,244.9542323327032,False,85.5300030708313
de_perturbation,4,F4: Shifted and Rotated Non-Continuous Rastrigin’s Function,20,6,1000000,984.2588858332348,184.25888583323467,False,84.84101104736328
de_perturbation,4,F4: Shifted and Rotated Non-Continuous Rastrigin’s Function,20,7,1000000,1079.880957134522,279.8809571345221,False,85.1221616268158
de_perturbation,4,F4: Shifted and Rotated Non-Continuous Rastrigin’s Function,20,8,1000000,996.6513354189716,196.65133541897148,False,85.10964226722717
de_perturbation,4,F4: Shifted and Rotated Non-Continuous Rastrigin’s Function,20,9,1000000,1007.84697274468,207.8469727446801,False,84.26455855369568
de_perturbation,4,F4: Shifted and Rotated Non-Continuous Rastrigin’s Function,20,10,1000000,1075.3199045615186,275.31990456151857,False,85.02199268341064
de_perturbation,4,F4: Shifted and Rotated Non-Continuous Rastrigin’s Function,20,11,1000000,1035.2258196770342,235.22581967703425,False,83.27430820465088
de_perturbation,4,F4: Shifted and Rotated Non-Continuous Rastrigin’s Function,20,12,1000000,1048.5281858257977,248.5281858257977,False,84.04771161079407
de_perturbation,4,F4: Shifted and Rotated Non-Continuous Rastrigin’s Function,20,13,1000000,1047.7127458688838,247.71274586888376,False,85.96263241767883
de_perturbation,4,F4: Shifted and Rotated Non-Continuous Rastrigin’s Function,20,14,1000000,982.7645723797524,182.76457237975228,False,85.02796077728271
de_perturbation,4,F4: Shifted and Rotated Non-Continuous Rastrigin’s Function,20,15,1000000,1012.3587302315966,212.3587302315966,False,88.99826383590698
de_perturbation,4,F4: Shifted and Rotated Non-Continuous Rastrigin’s Function,20,16,1000000,1048.3568158113087,248.3568158113087,False,83.33041715621948
de_perturbation,4,F4: Shifted and Rotated Non-Continuous Rastrigin’s Function,20,17,1000000,1056.6177789391677,256.61777893916747,False,82.95154881477356
de_perturbation,4,F4: Shifted and Rotated Non-Continuous Rastrigin’s Function,20,18,1000000,1069.5,269.5,False,84.64455485343933
de_perturbation,4,F4: Shifted and Rotated Non-Continuous Rastrigin’s Function,20,19,1000000,1021.689309034942,221.689309034942,False,83.38586568832397
de_perturbation,4,F4: Shifted and Rotated Non-Continuous Rastrigin’s Function,20,20,1000000,1041.904234690663,241.9042346906633,False,83.31782174110413
de_perturbation,4,F4: Shifted and Rotated Non-Continuous Rastrigin’s Function,20,21,1000000,1003.7768168852838,203.77681688528375,False,85.73279595375061
de_perturbation,4,F4: Shifted and Rotated Non-Continuous Rastrigin’s Function,20,22,1000000,967.1606157035532,167.16061570355316,False,84.81222534179688
de_perturbation,4,F4: Shifted and Rotated Non-Continuous Rastrigin’s Function,20,23,1000000,1044.1944447740827,244.19444477408277,False,85.58559060096741
de_perturbation,4,F4: Shifted and Rotated Non-Continuous Rastrigin’s Function,20,24,1000000,1044.337718877227,244.33771887722696,False,86.60925793647766
de_perturbation,4,F4: Shifted and Rotated Non-Continuous Rastrigin’s Function,20,25,1000000,1023.336313884436,223.33631388443587,False,87.48258686065674
de_perturbation,4,F4: Shifted and Rotated Non-Continuous Rastrigin’s Function,20,26,1000000,1060.585334431659,260.585334431659,False,89.02532124519348
de_perturbation,4,F4: Shifted and Rotated Non-Continuous Rastrigin’s Function,20,27,1000000,1044.1754541677983,244.1754541677985,False,87.26988053321838
de_perturbation,4,F4: Shifted and Rotated Non-Continuous Rastrigin’s Function,20,28,1000000,1008.51880365511,208.5188036551101,False,86.21411347389221
de_perturbation,4,F4: Shifted and Rotated Non-Continuous Rastrigin’s Function,20,29,1000000,1007.283300979302,207.28330097930188,False,87.74890613555908
de_perturbation,4,F4: Shifted and Rotated Non-Continuous Rastrigin’s Function,20,30,1000000,987.7937098416952,187.7937098416951,False,85.96529054641724
de_perturbation,5,F5: Shifted and Rotated Levy Function,20,1,1000000,900.4544335279257,0.4544335279257439,False,49.66944360733032
de_perturbation,5,F5: Shifted and Rotated Levy Function,20,2,1000000,900.0001526878985,0.0001526878985487,False,48.77282500267029
de_perturbation,5,F5: Shifted and Rotated Levy Function,20,3,1000000,900.0002198438162,0.0002198438162395,False,50.43694710731506
de_perturbation,5,F5: Shifted and Rotated Levy Function,20,4,1000000,900.0002497244832,0.0002497244831829,False,48.59167265892029
de_perturbation,5,F5: Shifted and Rotated Levy Function,20,5,1000000,900.0004968341339,0.0004968341338553,False,49.38741493225098
de_perturbation,5,F5: Shifted and Rotated Levy Function,20,6,1000000,900.0001855946796,0.0001855946795785,False,48.518415451049805
de_perturbation,5,F5: Shifted and Rotated Levy Function,20,7,1000000,900.0001923240952,0.0001923240952237,False,49.622963190078735
de_perturbation,5,F5: Shifted and Rotated Levy Function,20,8,1000000,900.0002952216182,0.0002952216182166,False,46.61134195327759
de_perturbation,5,F5: Shifted and Rotated Levy Function,20,9,1000000,900.0001640043508,0.0001640043508359,False,45.000508308410645
de_perturbation,5,F5: Shifted and Rotated Levy Function,20,10,1000000,900.0002098237476,0.000209823747582,False,45.35306596755981
de_perturbation,5,F5: Shifted and Rotated Levy Function,20,11,1000000,900.0003154945219,0.0003154945219421,False,45.77216720581055
de_perturbation,5,F5: Shifted and Rotated Levy Function,20,12,1000000,900.0001682958767,0.0001682958767332,False,45.616339921951294
de_perturbation,5,F5: Shifted and Rotated Levy Function,20,13,1000000,900.0001385903487,0.0001385903486834,False,46.429983377456665
de_perturbation,5,F5: Shifted and Rotated Levy Function,20,14,1000000,900.0026969108513,0.0026969108513412,False,45.655988693237305
de_perturbation,5,F5: Shifted and Rotated Levy Function,20,15,1000000,900.0005908619846,0.0005908619846195,False,46.2557373046875
de_perturbation,5,F5: Shifted and Rotated Levy Function,20,16,1000000,900.0002081742043,0.0002081742043174,False,46.04698133468628
de_perturbation,5,F5: Shifted and Rotated Levy Function,20,17,1000000,900.0001112315083,0.0001112315082991,False,46.00392770767212
de_perturbation,5,F5: Shifted and Rotated Levy Function,20,18,1000000,900.0003801280152,0.0003801280151947,False,46.49883008003235
de_perturbation,5,F5: Shifted and Rotated Levy Function,20,19,1000000,900.000284190781,0.0002841907810307,False,46.40062427520752
de_perturbation,5,F5: Shifted and Rotated Levy Function,20,20,1000000,900.0020174305845,0.0020174305844875,False,47.50001120567322
de_perturbation,5,F5: Shifted and Rotated Levy Function,20,21,1000000,900.0002857923909,0.000285792390855,False,46.8594388961792
de_perturbation,5,F5: Shifted and Rotated Levy Function,20,22,1000000,900.9090977220352,0.9090977220350852,False,44.703303813934326
de_perturbation,5,F5: Shifted and Rotated Levy Function,20,23,1000000,900.0896857391782,0.0896857391782077,False,45.82273602485657
de_perturbation,5,F5: Shifted and Rotated Levy Function,20,24,1000000,900.0003005908663,0.0003005908663453,False,46.09928965568543
de_perturbation,5,F5: Shifted and Rotated Levy Function,20,25,1000000,900.0003104516143,0.0003104516142684,False,45.82929039001465
de_perturbation,5,F5: Shifted and Rotated Levy Function,20,26,1000000,900.0001491515576,0.0001491515575935,False,44.71126103401184
de_perturbation,5,F5: Shifted and Rotated Levy Function,20,27,1000000,900.000206497967,0.0002064979670421,False,46.87693667411804
de_perturbation,5,F5: Shifted and Rotated Levy Function,20,28,1000000,900.0001211392103,0.0001211392102504,False,45.68745398521423
de_perturbation,5,F5: Shifted and Rotated Levy Function,20,29,1000000,900.0002086051802,0.0002086051802052,False,44.678303241729736
de_perturbation,5,F5: Shifted and Rotated Levy Function,20,30,1000000,900.0001462869822,0.000146286982158,False,55.73047685623169
de_perturbation,6,F6: Hybrid Function 1,20,1,1000000,623421.3073774524,621621.3073774524,False,56.48854374885559
de_perturbation,6,F6: Hybrid Function 1,20,2,1000000,1111053.9151977818,1109253.9151977818,False,55.446229457855225
de_perturbation,6,F6: Hybrid Function 1,20,3,1000000,2935767.5784658347,2933967.5784658347,False,55.00292754173279
de_perturbation,6,F6: Hybrid Function 1,20,4,1000000,976334.8057154226,974534.8057154226,False,57.84572076797485
de_perturbation,6,F6: Hybrid Function 1,20,5,1000000,993368.1977793206,991568.1977793206,False,54.90284442901611
de_perturbation,6,F6: Hybrid Function 1,20,6,1000000,107501.04388106387,105701.04388106387,False,54.26678490638733
de_perturbation,6,F6: Hybrid Function 1,20,7,1000000,1116872.056076143,1115072.056076143,False,54.32890510559082
de_perturbation,6,F6: Hybrid Function 1,20,8,1000000,1095561.293858794,1093761.293858794,False,54.93861389160156
de_perturbation,6,F6: Hybrid Function 1,20,9,1000000,240010.36773081872,238210.36773081872,False,54.39690852165222
de_perturbation,6,F6: Hybrid Function 1,20,10,1000000,115699.42223181255,113899.42223181255,False,55.21758055686951
de_perturbation,6,F6: Hybrid Function 1,20,11,1000000,269481.6259944236,267681.6259944236,False,55.24549841880798
de_perturbation,6,F6: Hybrid Function 1,20,12,1000000,190243.1030714877,188443.1030714877,False,55.59915971755981
de_perturbation,6,F6: Hybrid Function 1,20,13,1000000,471026.8854457387,469226.8854457387,False,55.51037764549256
de_perturbation,6,F6: Hybrid Function 1,20,14,1000000,175489.2331191206,173689.2331191206,False,57.22030520439148
de_perturbation,6,F6: Hybrid Function 1,20,15,1000000,135274.87875143206,133474.87875143206,False,56.78581309318543
de_perturbation,6,F6: Hybrid Function 1,20,16,1000000,175933.01781887925,174133.01781887925,False,55.466625452041626
de_perturbation,6,F6: Hybrid Function 1,20,17,1000000,2785972.59757868,2784172.59757868,False,55.276259422302246
de_perturbation,6,F6: Hybrid Function 1,20,18,1000000,174824.3163314438,173024.3163314438,False,55.13489818572998
de_perturbation,6,F6: Hybrid Function 1,20,19,1000000,119751.27079993008,117951.27079993008,False,55.19932126998901
de_perturbation,6,F6: Hybrid Function 1,20,20,1000000,228545.1161624964,226745.1161624964,False,55.90597343444824
de_perturbation,6,F6: Hybrid Function 1,20,21,1000000,126775.67531110455,124975.67531110455,False,54.99958682060242
de_perturbation,6,F6: Hybrid Function 1,20,22,1000000,243260.06025366377,241460.06025366377,False,54.865602016448975
de_perturbation,6,F6: Hybrid Function 1,20,23,1000000,240430.4381276724,238630.4381276724,False,54.61723566055298
de_perturbation,6,F6: Hybrid Function 1,20,24,1000000,781670.0905067283,779870.0905067283,False,54.61030244827271
de_perturbation,6,F6: Hybrid Function 1,20,25,1000000,233454.84562410676,231654.84562410676,False,62.84429478645325
de_perturbation,6,F6: Hybrid Function 1,20,26,1000000,193169.0856091272,191369.0856091272,False,59.23218774795532
de_perturbation,6,F6: Hybrid Function 1,20,27,1000000,293077.1103838833,291277.1103838833,False,56.457364082336426
de_perturbation,6,F6: Hybrid Function 1,20,28,1000000,2496397.585460511,2494597.585460511,False,53.2559130191803
de_perturbation,6,F6: Hybrid Function 1,20,29,1000000,615170.2432763067,613370.2432763067,False,54.409780502319336
de_perturbation,6,F6: Hybrid Function 1,20,30,1000000,2343566.014196748,2341766.014196748,False,53.348986864089966
de_perturbation,7,F7: Hybrid Function 2,20,1,1000000,2073.065192140939,73.06519214093896,False,824.9442274570465
de_perturbation,7,F7: Hybrid Function 2,20,2,1000000,2072.529896374008,72.52989637400788,False,823.8405973911285
de_perturbation,7,F7: Hybrid Function 2,20,3,1000000,2038.389683332806,38.38968333280605,False,817.2118942737579
de_perturbation,7,F7: Hybrid Function 2,20,4,1000000,2146.0345910811684,146.0345910811684,False,826.9982814788818
de_perturbation,7,F7: Hybrid Function 2,20,5,1000000,2092.3841729318874,92.3841729318874,False,820.2232637405396
de_perturbation,7,F7: Hybrid Function 2,20,6,1000000,2174.1046143836797,174.1046143836793,False,832.0850670337677
de_perturbation,7,F7: Hybrid Function 2,20,7,1000000,2068.866149821627,68.866149821627,False,821.1459076404572
de_perturbation,7,F7: Hybrid Function 2,20,8,1000000,2089.580081166066,89.58008116606607,False,824.0684616565704
de_perturbation,7,F7: Hybrid Function 2,20,9,1000000,2135.055948848716,135.05594884871607,False,831.0054333209991
de_perturbation,7,F7: Hybrid Function 2,20,10,1000000,2279.842956561072,279.84295656107224,False,832.9647634029388
de_perturbation,7,F7: Hybrid Function 2,20,11,1000000,2088.720297531333,88.72029753133347,False,832.2132203578949
de_perturbation,7,F7: Hybrid Function 2,20,12,1000000,2064.292848155184,64.29284815518395,False,838.0140058994293
de_perturbation,7,F7: Hybrid Function 2,20,13,1000000,2109.9579701266725,109.95797012667254,False,834.8018550872803
de_perturbation,7,F7: Hybrid Function 2,20,14,1000000,2059.472114356221,59.47211435622148,False,828.4640529155731
de_perturbation,7,F7: Hybrid Function 2,20,15,1000000,2521.5063086764026,521.5063086764026,False,831.1214501857758
de_perturbation,7,F7: Hybrid Function 2,20,16,1000000,2092.330412100544,92.33041210054398,False,823.6961824893951
de_perturbation,7,F7: Hybrid Function 2,20,17,1000000,2086.490519127929,86.49051912792902,False,830.4650421142578
de_perturbation,7,F7: Hybrid Function 2,20,18,1000000,2057.124645613416,57.12464561341585,False,816.2092616558075
de_perturbation,7,F7: Hybrid Function 2,20,19,1000000,2119.5017401825908,119.50174018259077,False,827.4261200428009
de_perturbation,7,F7: Hybrid Function 2,20,20,1000000,2094.779642117886,94.77964211788594,False,820.2133021354675
de_perturbation,7,F7: Hybrid Function 2,20,21,1000000,2092.509383521948,92.50938352194773,False,818.1876757144928
de_perturbation,7,F7: Hybrid Function 2,20,22,1000000,2098.9162765284022,98.91627652840224,False,819.8543074131012
de_perturbation,7,F7: Hybrid Function 2,20,23,1000000,2046.407900661544,46.40790066154386,False,818.3462760448456
de_perturbation,7,F7: Hybrid Function 2,20,24,1000000,2210.0830787734267,210.08307877342668,False,825.0854589939117
de_perturbation,7,F7: Hybrid Function 2,20,25,1000000,2096.661301591969,96.66130159196882,False,824.2479898929596
de_perturbation,7,F7: Hybrid Function 2,20,26,1000000,2087.098954986084,87.09895498608421,False,826.5595104694366
de_perturbation,7,F7: Hybrid Function 2,20,27,1000000,2260.460849201153,260.460849201153,False,818.2040026187897
de_perturbation,7,F7: Hybrid Function 2,20,28,1000000,2094.656136980258,94.656136980258,False,824.3857915401459
de_perturbation,7,F7: Hybrid Function 2,20,29,1000000,2070.4412433510024,70.44124335100241,False,818.3624613285065
de_perturbation,7,F7: Hybrid Function 2,20,30,1000000,2182.848321653525,182.84832165352557,False,823.7996776103973
de_perturbation,8,F8: Hybrid Function 3,20,1,1000000,5403.196921944258,3203.196921944258,False,1163.7023923397064
de_perturbation,8,F8: Hybrid Function 3,20,2,1000000,2526.833233973419,326.8332339734188,False,1160.2554070949554
de_perturbation,8,F8: Hybrid Function 3,20,3,1000000,2684.042544369021,484.0425443690215,False,1161.5782511234283
de_perturbation,8,F8: Hybrid Function 3,20,4,1000000,2318.431314482473,118.43131448247324,False,1156.8628504276276
de_perturbation,8,F8: Hybrid Function 3,20,5,1000000,2946.14933656676,746.1493365667602,False,1160.4636027812958
de_perturbation,8,F8: Hybrid Function 3,20,6,1000000,2257.9420726346384,57.94207263463841,False,1156.5976111888883
de_perturbation,8,F8: Hybrid Function 3,20,7,1000000,2465.5223687325124,265.5223687325124,False,1156.8204429149628
de_perturbation,8,F8: Hybrid Function 3,20,8,1000000,2337.47271821429,137.47271821429013,False,1165.1146936416626
de_perturbation,8,F8: Hybrid Function 3,20,9,1000000,2473.532945603162,273.5329456031618,False,1164.9675154685974
de_perturbation,8,F8: Hybrid Function 3,20,10,1000000,2638.152853399191,438.1528533991909,False,1157.99946808815
de_perturbation,8,F8: Hybrid Function 3,20,11,1000000,2308.4774029020778,108.47740290207776,False,1163.7245638370514
de_perturbation,8,F8: Hybrid Function 3,20,12,1000000,6912.40125019512,4712.40125019512,False,1158.1731960773468
de_perturbation,8,F8: Hybrid Function 3,20,13,1000000,3058.950731294636,858.9507312946357,False,1160.5997061729431
de_perturbation,8,F8: Hybrid Function 3,20,14,1000000,2346.669332122908,146.66933212290814,False,1157.560987949371
de_perturbation,8,F8: Hybrid Function 3,20,15,1000000,2361.3949716059283,161.39497160592828,False,1156.2306280136108
de_perturbation,8,F8: Hybrid Function 3,20,16,1000000,2280.8437248021523,80.84372480215234,False,1162.5992341041565
de_perturbation,8,F8: Hybrid Function 3,20,17,1000000,3954.065049234018,1754.0650492340174,False,1158.7209904193878
de_perturbation,8,F8: Hybrid Function 3,20,18,1000000,2387.0370945484497,187.0370945484497,False,1160.5255253314972
de_perturbation,8,F8: Hybrid Function 3,20,19,1000000,2472.4066547508,272.4066547507996,False,1161.605123758316
de_perturbation,8,F8: Hybrid Function 3,20,20,1000000,2262.568843599577,62.56884359957712,False,1158.7123682498932
de_perturbation,8,F8: Hybrid Function 3,20,21,1000000,2242.8120085855767,42.81200858557668,False,1168.4046604633331
de_perturbation,8,F8: Hybrid Function 3,20,22,1000000,2366.261061060758,166.26106106075804,False,1165.882112979889
de_perturbation,8,F8: Hybrid Function 3,20,23,1000000,2581.9768026487177,381.9768026487177,False,1162.0730953216553
de_perturbation,8,F8: Hybrid Function 3,20,24,1000000,2281.291717901875,81.29171790187502,False,1160.9326696395874
de_perturbation,8,F8: Hybrid Function 3,20,25,1000000,5486.019592530396,3286.019592530396,False,1167.8110959529877
de_perturbation,8,F8: Hybrid Function 3,20,26,1000000,2348.8333048945333,148.83330489453328,False,1165.8540132045746
de_perturbation,8,F8: Hybrid Function 3,20,27,1000000,2280.240016401482,80.24001640148208,False,1173.6688060760498
de_perturbation,8,F8: Hybrid Function 3,20,28,1000000,4576.885305848367,2376.885305848368,False,1206.6760957241058
de_perturbation,8,F8: Hybrid Function 3,20,29,1000000,2339.994954427116,139.99495442711623,False,1207.833253622055
de_perturbation,8,F8: Hybrid Function 3,20,30,1000000,2254.5634749346605,54.56347493466046,False,1205.073741197586
de_perturbation,9,F9: Composition Function 1,20,1,1000000,2635.644723574141,335.64472357414115,False,152.35045552253723
de_perturbation,9,F9: Composition Function 1,20,2,1000000,2635.6404650788527,335.6404650788527,False,150.51145148277283
de_perturbation,9,F9: Composition Function 1,20,3,1000000,2635.65112094519,335.6511209451901,False,146.58613681793213
de_perturbation,9,F9: Composition Function 1,20,4,1000000,2635.6419492451405,335.6419492451405,False,148.12025904655457
de_perturbation,9,F9: Composition Function 1,20,5,1000000,2635.6464791138737,335.64647911387374,False,146.94393658638
de_perturbation,9,F9: Composition Function 1,20,6,1000000,2635.6618891783373,335.66188917833733,False,146.84307193756104
de_perturbation,9,F9: Composition Function 1,20,7,1000000,2635.642432455574,335.6424324555742,False,146.95064282417297
de_perturbation,9,F9: Composition Function 1,20,8,1000000,2635.6448980336754,335.6448980336754,False,146.20246481895447
de_perturbation,9,F9: Composition Function 1,20,9,1000000,2635.6405123265868,335.6405123265868,False,150.67483735084534
de_perturbation,9,F9: Composition Function 1,20,10,1000000,2635.644680214969,335.64468021496896,False,151.87980818748474
de_perturbation,9,F9: Composition Function 1,20,11,1000000,2635.669927540517,335.6699275405172,False,150.56008458137512
de_perturbation,9,F9: Composition Function 1,20,12,1000000,2635.646252814116,335.646252814116,False,148.53882551193237
de_perturbation,9,F9: Composition Function 1,20,13,1000000,2635.699993007925,335.69999300792506,False,150.94655203819275
de_perturbation,9,F9: Composition Function 1,20,14,1000000,2635.828725265751,335.828725265751,False,148.73941850662231
de_perturbation,9,F9: Composition Function 1,20,15,1000000,2635.6683331403583,335.6683331403583,False,147.67307472229004
de_perturbation,9,F9: Composition Function 1,20,16,1000000,2635.648277158052,335.64827715805177,False,151.66972398757937
de_perturbation,9,F9: Composition Function 1,20,17,1000000,2635.653774810336,335.6537748103356,False,151.21035170555115
de_perturbation,9,F9: Composition Function 1,20,18,1000000,2635.643177376494,335.6431773764939,False,150.40953969955444
de_perturbation,9,F9: Composition Function 1,20,19,1000000,2635.642751334406,335.64275133440606,False,147.4094259738922
de_perturbation,9,F9: Composition Function 1,20,20,1000000,2635.646135291476,335.6461352914762,False,149.58356499671936
de_perturbation,9,F9: Composition Function 1,20,21,1000000,2635.64807462441,335.6480746244101,False,145.23469734191897
de_perturbation,9,F9: Composition Function 1,20,22,1000000,2635.6405650298493,335.6405650298493,False,146.89321327209473
de_perturbation,9,F9: Composition Function 1,20,23,1000000,2635.6435559904494,335.6435559904494,False,147.4408574104309
de_perturbation,9,F9: Composition Function 1,20,24,1000000,2635.6496377206704,335.6496377206704,False,151.22563481330872
de_perturbation,9,F9: Composition Function 1,20,25,1000000,2635.642099418606,335.642099418606,False,149.46557569503784
de_perturbation,9,F9: Composition Function 1,20,26,1000000,2635.6469155593504,335.6469155593504,False,147.60791110992432
de_perturbation,9,F9: Composition Function 1,20,27,1000000,2635.647174534852,335.64717453485173,False,148.96930575370789
de_perturbation,9,F9: Composition Function 1,20,28,1000000,2635.642752399596,335.6427523995958,False,149.1335961818695
de_perturbation,9,F9: Composition Function 1,20,29,1000000,2635.6522190227142,335.65221902271423,False,148.25127625465393
de_perturbation,9,F9: Composition Function 1,20,30,1000000,2635.640056459756,335.6400564597561,False,148.06398677825928
de_perturbation,10,F10: Composition Function 2,20,1,1000000,2802.412447869533,402.412447869533,False,152.05386447906494
de_perturbation,10,F10: Composition Function 2,20,2,1000000,3026.0210887135704,626.0210887135704,False,153.32907104492188
de_perturbation,10,F10: Composition Function 2,20,3,1000000,2841.071135520515,441.0711355205149,False,152.88522362709045
de_perturbation,10,F10: Composition Function 2,20,4,1000000,2800.4572929614733,400.4572929614733,False,150.3661253452301
de_perturbation,10,F10: Composition Function 2,20,5,1000000,6842.433598662393,4442.433598662393,False,153.94664335250854
de_perturbation,10,F10: Composition Function 2,20,6,1000000,2799.403592046277,399.403592046277,False,153.3441867828369
de_perturbation,10,F10: Composition Function 2,20,7,1000000,6361.433377645251,3961.4333776452513,False,154.36311030387878
de_perturbation,10,F10: Composition Function 2,20,8,1000000,3042.4154292266194,642.4154292266194,False,154.36522364616394
de_perturbation,10,F10: Composition Function 2,20,9,1000000,2799.073524762658,399.07352476265805,False,152.09441685676575
de_perturbation,10,F10: Composition Function 2,20,10,1000000,2801.0155979827964,401.0155979827964,False,148.23626613616943
de_perturbation,10,F10: Composition Function 2,20,11,1000000,7160.884768284135,4760.884768284135,False,147.25594544410706
de_perturbation,10,F10: Composition Function 2,20,12,1000000,2799.9815143573787,399.9815143573787,False,150.78517985343933
de_perturbation,10,F10: Composition Function 2,20,13,1000000,2982.568417521225,582.5684175212255,False,152.46400547027588
de_perturbation,10,F10: Composition Function 2,20,14,1000000,2799.188169636779,399.1881696367791,False,154.04590392112732
de_perturbation,10,F10: Composition Function 2,20,15,1000000,7240.882504742904,4840.882504742904,False,154.86699104309082
de_perturbation,10,F10: Composition Function 2,20,16,1000000,6494.186145876685,4094.186145876685,False,157.52610516548157
de_perturbation,10,F10: Composition Function 2,20,17,1000000,2802.373660096277,402.3736600962775,False,149.43189477920532
de_perturbation,10,F10: Composition Function 2,20,18,1000000,6905.03493640182,4505.03493640182,False,155.1044647693634
de_perturbation,10,F10: Composition Function 2,20,19,1000000,2796.608086352765,396.60808635276544,False,152.29228687286377
de_perturbation,10,F10: Composition Function 2,20,20,1000000,2798.9071007338825,398.90710073388254,False,151.499365568161
de_perturbation,10,F10: Composition Function 2,20,21,1000000,6601.916068677806,4201.916068677806,False,151.8122363090515
de_perturbation,10,F10: Composition Function 2,20,22,1000000,4369.381199771139,1969.381199771139,False,152.50946497917175
de_perturbation,10,F10: Composition Function 2,20,23,1000000,6729.948410578827,4329.948410578827,False,152.6975612640381
de_perturbation,10,F10: Composition Function 2,20,24,1000000,6850.29752131297,4450.29752131297,False,152.88214254379272
de_perturbation,10,F10: Composition Function 2,20,25,1000000,6770.955559924552,4370.955559924552,False,152.96969270706177
de_perturbation,10,F10: Composition Function 2,20,26,1000000,6569.1564384288,4169.1564384288,False,154.2249686717987
de_perturbation,10,F10: Composition Function 2,20,27,1000000,6537.085947095383,4137.085947095383,False,155.8941309452057
de_perturbation,10,F10: Composition Function 2,20,28,1000000,2800.7998314206297,400.79983142062974,False,151.8319218158722
de_perturbation,10,F10: Composition Function 2,20,29,1000000,6993.462898791246,4593.462898791246,False,149.7236077785492
de_perturbation,10,F10: Composition Function 2,20,30,1000000,2800.244725621917,400.2447256219175,False,150.71820616722107
de_perturbation,11,F11: Composition Function 3,20,1,1000000,2600.419569863414,0.4195698634139262,False,236.8273138999939
de_perturbation,11,F11: Composition Function 3,20,2,1000000,2600.134408826158,0.1344088261580509,False,234.9688377380371
de_perturbation,11,F11: Composition Function 3,20,3,1000000,2600.094620793536,0.0946207935353413,False,236.0329041481018
de_perturbation,11,F11: Composition Function 3,20,4,1000000,2600.173362527871,0.173362527871177,False,236.0763189792633
de_perturbation,11,F11: Composition Function 3,20,5,1000000,2600.19339068713,0.1933906871299768,False,237.00261521339417
de_perturbation,11,F11: Composition Function 3,20,6,1000000,2600.105123215194,0.1051232151939984,False,235.52010869979856
de_perturbation,11,F11: Composition Function 3,20,7,1000000,2600.120288944277,0.1202889442770356,False,234.95936107635495
de_perturbation,11,F11: Composition Function 3,20,8,1000000,2600.304422799856,0.3044227998557289,False,235.76748919487
de_perturbation,11,F11: Composition Function 3,20,9,1000000,2600.241534455533,0.2415344555329284,False,233.7673492431641
de_perturbation,11,F11: Composition Function 3,20,10,1000000,2600.1673218574906,0.1673218574906059,False,228.44115900993347
de_perturbation,11,F11: Composition Function 3,20,11,1000000,2600.2459144957547,0.2459144957547323,False,227.68295550346372
de_perturbation,11,F11: Composition Function 3,20,12,1000000,2600.2073115063754,0.2073115063753903,False,225.52839851379397
de_perturbation,11,F11: Composition Function 3,20,13,1000000,2600.086225031252,0.08622503125207,False,229.78685784339905
de_perturbation,11,F11: Composition Function 3,20,14,1000000,2600.342441584258,0.3424415842578128,False,228.82108092308044
de_perturbation,11,F11: Composition Function 3,20,15,1000000,2600.5114983722365,0.5114983722364741,False,232.35125160217285
de_perturbation,11,F11: Composition Function 3,20,16,1000000,2600.2948764671078,0.2948764671073149,False,244.8277711868286
de_perturbation,11,F11: Composition Function 3,20,17,1000000,2600.137515734507,0.1375157345069055,False,239.9340214729309
de_perturbation,11,F11: Composition Function 3,20,18,1000000,2600.1304462637727,0.1304462637726828,False,240.1037197113037
de_perturbation,11,F11: Composition Function 3,20,19,1000000,2600.326837965611,0.3268379656110483,False,245.4673454761505
de_perturbation,11,F11: Composition Function 3,20,20,1000000,2600.1507559810784,0.1507559810784187,False,242.39958429336548
de_perturbation,11,F11: Composition Function 3,20,21,1000000,2600.295316591325,0.2953165913249904,False,245.46214509010315
de_perturbation,11,F11: Composition Function 3,20,22,1000000,2600.1630618951763,0.1630618951762699,False,240.7427101135254
de_perturbation,11,F11: Composition Function 3,20,23,1000000,2600.1705175753164,0.170517575316353,False,242.2428903579712
de_perturbation,11,F11: Composition Function 3,20,24,1000000,2600.12630408708,0.1263040870799159,False,242.42650651931763
de_perturbation,11,F11: Composition Function 3,20,25,1000000,2600.2615587686328,0.2615587686327671,False,243.4263572692871
de_perturbation,11,F11: Composition Function 3,20,26,1000000,2600.205829397774,0.2058293977738685,False,241.67379212379456
de_perturbation,11,F11: Composition Function 3,20,27,1000000,2600.705322194769,0.7053221947689963,False,247.71530842781067
de_perturbation,11,F11: Composition Function 3,20,28,1000000,2600.242054111342,0.2420541113419858,False,242.02314376831052
de_perturbation,11,F11: Composition Function 3,20,29,1000000,2600.361959561107,0.3619595611071418,False,246.92360877990723
de_perturbation,11,F11: Composition Function 3,20,30,1000000,2600.5569597242024,0.5569597242024429,False,233.4130172729492
de_perturbation,12,F12: Composition Function 4,20,1,1000000,2939.470921679184,239.4709216791839,False,249.9081699848175
de_perturbation,12,F12: Composition Function 4,20,2,1000000,2939.470552729066,239.47055272906664,False,248.51166200637817
de_perturbation,12,F12: Composition Function 4,20,3,1000000,2987.9467091073207,287.94670910732066,False,247.7733528614044
de_perturbation,12,F12: Composition Function 4,20,4,1000000,2946.440431603515,246.4404316035152,False,246.1204102039337
de_perturbation,12,F12: Composition Function 4,20,5,1000000,2944.77905952265,244.7790595226502,False,246.1925070285797
de_perturbation,12,F12: Composition Function 4,20,6,1000000,2941.6210238492195,241.62102384921943,False,246.17878079414368
de_perturbation,12,F12: Composition Function 4,20,7,1000000,2948.07754046144,248.0775404614401,False,246.5777449607849
de_perturbation,12,F12: Composition Function 4,20,8,1000000,2969.729668994388,269.72966899438825,False,250.9702973365784
de_perturbation,12,F12: Composition Function 4,20,9,1000000,2958.048715881974,258.0487158819742,False,269.2175941467285
de_perturbation,12,F12: Composition Function 4,20,10,1000000,2942.5395454887603,242.53954548876027,False,265.4166097640991
de_perturbation,12,F12: Composition Function 4,20,11,1000000,2949.336779615921,249.33677961592093,False,270.33547496795654
de_perturbation,12,F12: Composition Function 4,20,12,1000000,3014.091135160292,314.0911351602922,False,265.15548944473267
de_perturbation,12,F12: Composition Function 4,20,13,1000000,2944.868156233188,244.8681562331876,False,253.0531630516052
de_perturbation,12,F12: Composition Function 4,20,14,1000000,2945.300077785996,245.30007778599563,False,264.7061724662781
de_perturbation,12,F12: Composition Function 4,20,15,1000000,2954.27991542809,254.2799154280901,False,258.86954379081726
de_perturbation,12,F12: Composition Function 4,20,16,1000000,2939.948821310844,239.94882131084387,False,253.9174840450287
de_perturbation,12,F12: Composition Function 4,20,17,1000000,2939.950911264331,239.9509112643309,False,255.01542329788208
de_perturbation,12,F12: Composition Function 4,20,18,1000000,2965.8292716281835,265.8292716281835,False,246.3857970237732
de_perturbation,12,F12: Composition Function 4,20,19,1000000,2938.0200090266085,238.02000902660848,False,249.67773175239563
de_perturbation,12,F12: Composition Function 4,20,20,1000000,2938.286444262967,238.28644426296705,False,247.94815039634705
de_perturbation,12,F12: Composition Function 4,20,21,1000000,2939.093632471226,239.0936324712261,False,255.18467903137207
de_perturbation,12,F12: Composition Function 4,20,22,1000000,2939.093517467426,239.09351746742595,False,248.6660022735596
de_perturbation,12,F12: Composition Function 4,20,23,1000000,2934.87308137686,234.87308137685977,False,247.31074023246765
de_perturbation,12,F12: Composition Function 4,20,24,1000000,2951.249102787111,251.24910278711104,False,250.22034430503845
de_perturbation,12,F12: Composition Function 4,20,25,1000000,2939.949735197248,239.9497351972477,False,246.0935742855072
de_perturbation,12,F12: Composition Function 4,20,26,1000000,2965.3449765498485,265.3449765498485,False,242.37649822235107
de_perturbation,12,F12: Composition Function 4,20,27,1000000,2956.7381793093755,256.7381793093755,False,245.63957595825195
de_perturbation,12,F12: Composition Function 4,20,28,1000000,2988.853208111286,288.8532081112862,False,247.46452808380127
de_perturbation,12,F12: Composition Function 4,20,29,1000000,2968.3892341097358,268.3892341097353,False,237.55066084861755
de_perturbation,12,F12: Composition Function 4,20,30,1000000,2974.442989774643,274.44298977464314,False,237.04092168807983
de_plus,1,F1: Shifted and full Rotated Zakharov Function,10,1,200000,300.0000388310933,3.883109332036838e-05,False,11.172709703445436
de_plus,1,F1: Shifted and full Rotated Zakharov Function,10,2,200000,300.00000833671646,8.336716462054028e-06,False,11.273985862731934
de_plus,1,F1: Shifted and full Rotated Zakharov Function,10,3,200000,300.0000613064689,6.130646892188452e-05,False,10.733038187026978
de_plus,1,F1: Shifted and full Rotated Zakharov Function,10,4,200000,300.50782607267075,0.5078260726707526,False,11.06125783920288
de_plus,1,F1: Shifted and full Rotated Zakharov Function,10,5,200000,301.94805795149625,1.9480579514962528,False,10.678523778915403
de_plus,1,F1: Shifted and full Rotated Zakharov Function,10,6,200000,300.0002013732703,0.0002013732702721,False,10.309481143951416
de_plus,1,F1: Shifted and full Rotated Zakharov Function,10,7,200000,300.00000427121614,4.271216141660261e-06,False,10.929548978805542
de_plus,1,F1: Shifted and full Rotated Zakharov Function,10,8,200000,300.0000042609216,4.260921627974312e-06,False,10.618908166885376
de_plus,1,F1: Shifted and full Rotated Zakharov Function,10,9,200000,300.00000005759847,5.7598469993536134e-08,False,10.43416953086853
de_plus,1,F1: Shifted and full Rotated Zakharov Function,10,10,200000,300.0002158212528,0.000215821252766,False,10.358073472976685
de_plus,1,F1: Shifted and full Rotated Zakharov Function,10,11,200000,300.1340376800211,0.1340376800210947,False,10.51246213912964
de_plus,1,F1: Shifted and full Rotated Zakharov Function,10,12,200000,300.0001003259833,0.0001003259832828,False,11.079999446868896
de_plus,1,F1: Shifted and full Rotated Zakharov Function,10,13,200000,300.00025004334185,0.0002500433418504,False,11.147935628890991
de_plus,1,F1: Shifted and full Rotated Zakharov Function,10,14,200000,300.65384983898434,0.6538498389843426,False,10.748920440673828
de_plus,1,F1: Shifted and full Rotated Zakharov Function,10,15,200000,300.12593203895085,0.1259320389508502,False,10.725135803222656
de_plus,1,F1: Shifted and full Rotated Zakharov Function,10,16,200000,300.0000021447344,2.1447343669933616e-06,False,10.863712787628174
de_plus,1,F1: Shifted and full Rotated Zakharov Function,10,17,200000,300.0159201779192,0.015920177919213,False,10.456845998764038
de_plus,1,F1: Shifted and full Rotated Zakharov Function,10,18,200000,300.0001981316169,0.0001981316169121,False,10.197918891906738
de_plus,1,F1: Shifted and full Rotated Zakharov Function,10,19,200000,300.00000729410425,7.294104250377131e-06,False,10.563815593719482
de_plus,1,F1: Shifted and full Rotated Zakharov Function,10,20,200000,300.56247769786864,0.5624776978686441,False,10.183213710784912
de_plus,1,F1: Shifted and full Rotated Zakharov Function,10,21,200000,300.0005441132188,0.0005441132187797,False,10.29158902168274
de_plus,1,F1: Shifted and full Rotated Zakharov Function,10,22,200000,302.463763210005,2.463763210005027,False,10.94897961616516
de_plus,1,F1: Shifted and full Rotated Zakharov Function,10,23,200000,300.000350089728,0.0003500897279877,False,10.615804433822632
de_plus,1,F1: Shifted and full Rotated Zakharov Function,10,24,200000,300.02365279585786,0.0236527958578562,False,10.234256982803345
de_plus,1,F1: Shifted and full Rotated Zakharov Function,10,25,200000,300.00001596001226,1.5960012262894452e-05,False,10.771830320358276
de_plus,1,F1: Shifted and full Rotated Zakharov Function,10,26,200000,300.0000008018498,8.018498078854464e-07,False,10.81290578842163
de_plus,1,F1: Shifted and full Rotated Zakharov Function,10,27,200000,300.0024387307614,0.0024387307614119,False,10.334216833114624
de_plus,1,F1: Shifted and full Rotated Zakharov Function,10,28,200000,300.0000044663542,4.466354198484623e-06,False,10.794707298278809
de_plus,1,F1: Shifted and full Rotated Zakharov Function,10,29,200000,303.6373324044307,3.637332404430708,False,10.668376445770264
de_plus,1,F1: Shifted and full Rotated Zakharov Function,10,30,200000,300.0000000195986,1.9598587641667112e-08,False,10.712687015533447
de_plus,2,F2: Shifted and Rotated Rosenbrock’s Function,10,1,200000,407.55424382756166,7.554243827561663,False,12.268283128738403
de_plus,2,F2: Shifted and Rotated Rosenbrock’s Function,10,2,200000,404.0336221235424,4.033622123542443,False,11.816189765930176
de_plus,2,F2: Shifted and Rotated Rosenbrock’s Function,10,3,200000,400.6019829229426,0.601982922942625,False,12.414955854415894
de_plus,2,F2: Shifted and Rotated Rosenbrock’s Function,10,4,200000,404.0126091921704,4.012609192170373,False,11.634273529052734
de_plus,2,F2: Shifted and Rotated Rosenbrock’s Function,10,5,200000,405.5384991031557,5.538499103155687,False,12.32522678375244
de_plus,2,F2: Shifted and Rotated Rosenbrock’s Function,10,6,200000,407.5209227654771,7.52092276547711,False,12.14260482788086
de_plus,2,F2: Shifted and Rotated Rosenbrock’s Function,10,7,200000,407.5090996691732,7.509099669173224,False,12.02342653274536
de_plus,2,F2: Shifted and Rotated Rosenbrock’s Function,10,8,200000,401.7441775435604,1.7441775435603972,False,12.43596053123474
de_plus,2,F2: Shifted and Rotated Rosenbrock’s Function,10,9,200000,406.8421919935045,6.842191993504514,False,11.641104698181152
de_plus,2,F2: Shifted and Rotated Rosenbrock’s Function,10,10,200000,405.92198837940737,5.921988379407367,False,12.62704086303711
de_plus,2,F2: Shifted and Rotated Rosenbrock’s Function,10,11,200000,408.9204708105668,8.920470810566826,False,12.2231342792511
de_plus,2,F2: Shifted and Rotated Rosenbrock’s Function,10,12,200000,408.92432355365065,8.924323553650652,False,12.0754873752594
de_plus,2,F2: Shifted and Rotated Rosenbrock’s Function,10,13,200000,408.9164679280282,8.916467928028226,False,12.5309636592865
de_plus,2,F2: Shifted and Rotated Rosenbrock’s Function,10,14,200000,401.9916729316501,1.9916729316501005,False,12.067878723144531
de_plus,2,F2: Shifted and Rotated Rosenbrock’s Function,10,15,200000,470.24042796427256,70.24042796427256,False,12.169750928878784
de_plus,2,F2: Shifted and Rotated Rosenbrock’s Function,10,16,200000,400.56272440207687,0.5627244020768671,False,12.734568357467651
de_plus,2,F2: Shifted and Rotated Rosenbrock’s Function,10,17,200000,416.798100272332,16.798100272331965,False,12.470350742340088
de_plus,2,F2: Shifted and Rotated Rosenbrock’s Function,10,18,200000,407.2108095077219,7.210809507721876,False,12.683077096939089
de_plus,2,F2: Shifted and Rotated Rosenbrock’s Function,10,19,200000,408.9188243446745,8.918824344674476,False,12.498653411865234
de_plus,2,F2: Shifted and Rotated Rosenbrock’s Function,10,20,200000,400.00337251479255,0.0033725147925451,False,12.323602199554443
de_plus,2,F2: Shifted and Rotated Rosenbrock’s Function,10,21,200000,400.76791457978015,0.7679145797801539,False,12.071180820465088
de_plus,2,F2: Shifted and Rotated Rosenbrock’s Function,10,22,200000,406.4338000379546,6.433800037954597,False,12.276610851287842
de_plus,2,F2: Shifted and Rotated Rosenbrock’s Function,10,23,200000,407.412183012623,7.412183012623018,False,12.406610488891602
de_plus,2,F2: Shifted and Rotated Rosenbrock’s Function,10,24,200000,400.0018763437784,0.0018763437784059,False,12.651100158691406
de_plus,2,F2: Shifted and Rotated Rosenbrock’s Function,10,25,200000,406.3629706717889,6.362970671788901,False,12.320183753967283
de_plus,2,F2: Shifted and Rotated Rosenbrock’s Function,10,26,200000,400.1329252788415,0.1329252788414692,False,12.380045890808104
de_plus,2,F2: Shifted and Rotated Rosenbrock’s Function,10,27,200000,407.4607198249174,7.460719824917419,False,12.282000541687012
de_plus,2,F2: Shifted and Rotated Rosenbrock’s Function,10,28,200000,400.0679716278409,0.0679716278408477,False,11.95625615119934
de_plus,2,F2: Shifted and Rotated Rosenbrock’s Function,10,29,200000,406.45679558167984,6.456795581679842,False,12.383729696273804
de_plus,2,F2: Shifted and Rotated Rosenbrock’s Function,10,30,200000,404.2140470796353,4.214047079635293,False,12.297105550765991
de_plus,3,F3: Shifted and full Rotated Expanded Schaffer’s F7,10,1,200000,600.0032616559705,0.0032616559705047,False,16.4887752532959
de_plus,3,F3: Shifted and full Rotated Expanded Schaffer’s F7,10,2,200000,600.0288595400598,0.0288595400597841,False,16.560556888580322
de_plus,3,F3: Shifted and full Rotated Expanded Schaffer’s F7,10,3,200000,600.0032937352713,0.0032937352713133,False,16.375273942947388
de_plus,3,F3: Shifted and full Rotated Expanded Schaffer’s F7,10,4,200000,600.0000000815998,8.15997509562294e-08,False,16.582388877868652
de_plus,3,F3: Shifted and full Rotated Expanded Schaffer’s F7,10,5,200000,600.0000121208508,1.2120850783503556e-05,False,16.031036853790283
de_plus,3,F3: Shifted and full Rotated Expanded Schaffer’s F7,10,6,200000,600.0441802788915,0.044180278891531,False,16.17758297920227
de_plus,3,F3: Shifted and full Rotated Expanded Schaffer’s F7,10,7,200000,600.0000280731936,2.807319356179505e-05,False,17.04671573638916
de_plus,3,F3: Shifted and full Rotated Expanded Schaffer’s F7,10,8,200000,600.0001780579908,0.0001780579907517,False,17.03274393081665
de_plus,3,F3: Shifted and full Rotated Expanded Schaffer’s F7,10,9,200000,600.000620037212,0.0006200372120019,False,16.939380884170532
de_plus,3,F3: Shifted and full Rotated Expanded Schaffer’s F7,10,10,200000,600.0000042682603,4.268260340722918e-06,False,16.964226007461548
de_plus,3,F3: Shifted and full Rotated Expanded Schaffer’s F7,10,11,200000,600.0025250129984,0.002525012998376,False,16.989527940750122
de_plus,3,F3: Shifted and full Rotated Expanded Schaffer’s F7,10,12,200000,600.000014760273,1.476027296121174e-05,False,16.989890336990356
de_plus,3,F3: Shifted and full Rotated Expanded Schaffer’s F7,10,13,200000,600.0000925742103,9.25742102708682e-05,False,17.780502319335938
de_plus,3,F3: Shifted and full Rotated Expanded Schaffer’s F7,10,14,200000,600.0000000000088,8.753886504564434e-12,True,17.35182785987854
de_plus,3,F3: Shifted and full Rotated Expanded Schaffer’s F7,10,15,200000,600.0046887302466,0.0046887302465847,False,16.2218599319458
de_plus,3,F3: Shifted and full Rotated Expanded Schaffer’s F7,10,16,200000,600.0000001191294,1.1912936770386297e-07,False,17.37351393699646
de_plus,3,F3: Shifted and full Rotated Expanded Schaffer’s F7,10,17,200000,600.0092949419067,0.0092949419066599,False,16.370480060577393
de_plus,3,F3: Shifted and full Rotated Expanded Schaffer’s F7,10,18,200000,600.0000113189773,1.1318977271912443e-05,False,15.772773027420044
de_plus,3,F3: Shifted and full Rotated Expanded Schaffer’s F7,10,19,200000,600.0000014913021,1.4913021004758775e-06,False,16.142707347869873
de_plus,3,F3: Shifted and full Rotated Expanded Schaffer’s F7,10,20,200000,600.0006709687606,0.0006709687605734,False,16.257415056228638
de_plus,3,F3: Shifted and full Rotated Expanded Schaffer’s F7,10,21,200000,600.0006504506723,0.0006504506723103,False,16.915557384490967
de_plus,3,F3: Shifted and full Rotated Expanded Schaffer’s F7,10,22,200000,600.0000003230982,3.230982201785082e-07,False,16.914424896240234
de_plus,3,F3: Shifted and full Rotated Expanded Schaffer’s F7,10,23,200000,600.0082483267179,0.0082483267178758,False,17.211469650268555
de_plus,3,F3: Shifted and full Rotated Expanded Schaffer’s F7,10,24,200000,600.0000000768484,7.68484369473299e-08,False,16.278773307800293
de_plus,3,F3: Shifted and full Rotated Expanded Schaffer’s F7,10,25,200000,600.0000019325784,1.932578356900194e-06,False,17.03295636177063
de_plus,3,F3: Shifted and full Rotated Expanded Schaffer’s F7,10,26,200000,600.0000000000754,7.537437340943143e-11,True,17.07029938697815
de_plus,3,F3: Shifted and full Rotated Expanded Schaffer’s F7,10,27,200000,600.0000004362904,4.362904064691975e-07,False,17.095091342926025
de_plus,3,F3: Shifted and full Rotated Expanded Schaffer’s F7,10,28,200000,600.0000524790008,5.24790008284981e-05,False,17.17896318435669
de_plus,3,F3: Shifted and full Rotated Expanded Schaffer’s F7,10,29,200000,600.0009880945117,0.0009880945117402,False,17.12975788116455
de_plus,3,F3: Shifted and full Rotated Expanded Schaffer’s F7,10,30,200000,600.0000048624403,4.862440277975111e-06,False,16.936766147613525
de_plus,4,F4: Shifted and Rotated Non-Continuous Rastrigin’s Function,10,1,200000,840.004464497161,40.00446449716105,False,22.428656816482544
de_plus,4,F4: Shifted and Rotated Non-Continuous Rastrigin’s Function,10,2,200000,828.0005082708402,28.00050827084021,False,21.524322748184204
de_plus,4,F4: Shifted and Rotated Non-Continuous Rastrigin’s Function,10,3,200000,826.0003767508907,26.000376750890723,False,21.630321264266968
de_plus,4,F4: Shifted and Rotated Non-Continuous Rastrigin’s Function,10,4,200000,828.0002141314068,28.00021413140678,False,21.743054389953613
de_plus,4,F4: Shifted and Rotated Non-Continuous Rastrigin’s Function,10,5,200000,810.0604132550394,10.060413255039409,False,22.3141131401062
de_plus,4,F4: Shifted and Rotated Non-Continuous Rastrigin’s Function,10,6,200000,826.0001845712071,26.000184571207114,False,22.63151526451111
de_plus,4,F4: Shifted and Rotated Non-Continuous Rastrigin’s Function,10,7,200000,826.0043753295648,26.004375329564823,False,22.67264175415039
de_plus,4,F4: Shifted and Rotated Non-Continuous Rastrigin’s Function,10,8,200000,822.0331720826896,22.03317208268959,False,22.11895251274109
de_plus,4,F4: Shifted and Rotated Non-Continuous Rastrigin’s Function,10,9,200000,836.0000002946608,36.00000029466082,False,22.593592643737797
de_plus,4,F4: Shifted and Rotated Non-Continuous Rastrigin’s Function,10,10,200000,830.0366431605897,30.036643160589733,False,23.25912117958069
de_plus,4,F4: Shifted and Rotated Non-Continuous Rastrigin’s Function,10,11,200000,830.0206398001845,30.02063980018454,False,24.15631484985352
de_plus,4,F4: Shifted and Rotated Non-Continuous Rastrigin’s Function,10,12,200000,832.0015085453401,32.00150854534013,False,22.79603242874145
de_plus,4,F4: Shifted and Rotated Non-Continuous Rastrigin’s Function,10,13,200000,818.0000000747347,18.000000074734658,False,22.34224510192871
de_plus,4,F4: Shifted and Rotated Non-Continuous Rastrigin’s Function,10,14,200000,830.2375929218347,30.23759292183468,False,22.057885885238647
de_plus,4,F4: Shifted and Rotated Non-Continuous Rastrigin’s Function,10,15,200000,818.0085901405132,18.008590140513206,False,23.08684778213501
de_plus,4,F4: Shifted and Rotated Non-Continuous Rastrigin’s Function,10,16,200000,832.0370311141297,32.03703111412972,False,22.29809284210205
de_plus,4,F4: Shifted and Rotated Non-Continuous Rastrigin’s Function,10,17,200000,828.0001451061779,28.00014510617791,False,22.04657816886902
de_plus,4,F4: Shifted and Rotated Non-Continuous Rastrigin’s Function,10,18,200000,818.0888523985417,18.08885239854169,False,22.52844858169556
de_plus,4,F4: Shifted and Rotated Non-Continuous Rastrigin’s Function,10,19,200000,822.000041607011,22.000041607010985,False,22.0569372177124
de_plus,4,F4: Shifted and Rotated Non-Continuous Rastrigin’s Function,10,20,200000,828.0000839305909,28.000083930590904,False,22.08040332794189
de_plus,4,F4: Shifted and Rotated Non-Continuous Rastrigin’s Function,10,21,200000,816.1067855753284,16.106785575328445,False,21.75372004508972
de_plus,4,F4: Shifted and Rotated Non-Continuous Rastrigin’s Function,10,22,200000,822.0000025363386,22.00000253633857,False,21.91927695274353
de_plus,4,F4: Shifted and Rotated Non-Continuous Rastrigin’s Function,10,23,200000,818.0299774163101,18.02997741631009,False,22.331594944000244
de_plus,4,F4: Shifted and Rotated Non-Continuous Rastrigin’s Function,10,24,200000,834.0000005146073,34.000000514607336,False,22.933027982711792
de_plus,4,F4: Shifted and Rotated Non-Continuous Rastrigin’s Function,10,25,200000,830.035763995256,30.035763995256048,False,22.928817987442017
de_plus,4,F4: Shifted and Rotated Non-Continuous Rastrigin’s Function,10,26,200000,812.0094393513956,12.0094393513956,False,22.50095820426941
de_plus,4,F4: Shifted and Rotated Non-Continuous Rastrigin’s Function,10,27,200000,830.001907099816,30.00190709981598,False,23.000587701797485
de_plus,4,F4: Shifted and Rotated Non-Continuous Rastrigin’s Function,10,28,200000,830.0000081839361,30.000008183936075,False,23.72284865379333
de_plus,4,F4: Shifted and Rotated Non-Continuous Rastrigin’s Function,10,29,200000,820.0081256549213,20.008125654921287,False,21.97999763488769
de_plus,4,F4: Shifted and Rotated Non-Continuous Rastrigin’s Function,10,30,200000,830.6075983080834,30.607598308083425,False,22.016062259674072
de_plus,5,F5: Shifted and Rotated Levy Function,10,1,200000,900.0000000000475,4.7521098167635494e-11,True,14.79114818572998
de_plus,5,F5: Shifted and Rotated Levy Function,10,2,200000,900.0000004762878,4.762878234032542e-07,False,14.488195896148682
de_plus,5,F5: Shifted and Rotated Levy Function,10,3,200000,900.0001092288791,0.0001092288790687,False,14.308371305465698
de_plus,5,F5: Shifted and Rotated Levy Function,10,4,200000,900.0000028675207,2.867520720428729e-06,False,14.014101028442385
de_plus,5,F5: Shifted and Rotated Levy Function,10,5,200000,900.000000756135,7.561350230389507e-07,False,14.027667760849
de_plus,5,F5: Shifted and Rotated Levy Function,10,6,200000,900.0101317532782,0.0101317532781877,False,14.438390254974363
de_plus,5,F5: Shifted and Rotated Levy Function,10,7,200000,900.0000012442523,1.2442523029676522e-06,False,14.394775390625
de_plus,5,F5: Shifted and Rotated Levy Function,10,8,200000,900.0003944473617,0.0003944473617139,False,14.383237600326538
de_plus,5,F5: Shifted and Rotated Levy Function,10,9,200000,900.000041732878,4.173287800313119e-05,False,13.80499815940857
de_plus,5,F5: Shifted and Rotated Levy Function,10,10,200000,900.0000000226202,2.2620156414632223e-08,False,14.79080867767334
de_plus,5,F5: Shifted and Rotated Levy Function,10,11,200000,900.0000458140134,4.5814013446943136e-05,False,14.335607767105104
de_plus,5,F5: Shifted and Rotated Levy Function,10,12,200000,900.000000932414,9.32413968257606e-07,False,14.77262258529663
de_plus,5,F5: Shifted and Rotated Levy Function,10,13,200000,900.0000002376863,2.3768632217979762e-07,False,14.98156237602234
de_plus,5,F5: Shifted and Rotated Levy Function,10,14,200000,900.0000008638987,8.638986628284329e-07,False,15.363147020339966
de_plus,5,F5: Shifted and Rotated Levy Function,10,15,200000,900.0000036140794,3.614079446379037e-06,False,15.259982824325562
de_plus,5,F5: Shifted and Rotated Levy Function,10,16,200000,900.0000003045033,3.045032599402475e-07,False,14.86736822128296
de_plus,5,F5: Shifted and Rotated Levy Function,10,17,200000,900.0000000324574,3.245736479584593e-08,False,14.888899087905884
de_plus,5,F5: Shifted and Rotated Levy Function,10,18,200000,900.000092045795,9.204579498600653e-05,False,15.05788254737854
de_plus,5,F5: Shifted and Rotated Levy Function,10,19,200000,900.0000108153672,1.0815367204486392e-05,False,14.011824131011965
de_plus,5,F5: Shifted and Rotated Levy Function,10,20,200000,900.000006022081,6.0220810382816126e-06,False,13.95331358909607
de_plus,5,F5: Shifted and Rotated Levy Function,10,21,200000,900.0000008362009,8.362009111806401e-07,False,14.691688060760498
de_plus,5,F5: Shifted and Rotated Levy Function,10,22,200000,900.0000035781276,3.578127575565304e-06,False,14.149230480194092
de_plus,5,F5: Shifted and Rotated Levy Function,10,23,200000,900.0000006772651,6.772651204300928e-07,False,14.787906169891356
de_plus,5,F5: Shifted and Rotated Levy Function,10,24,200000,900.0000000024897,2.489741746103391e-09,True,14.77397608757019
de_plus,5,F5: Shifted and Rotated Levy Function,10,25,200000,900.000000080313,8.031304332689616e-08,False,14.66744089126587
de_plus,5,F5: Shifted and Rotated Levy Function,10,26,200000,900.018073143882,0.0180731438820203,False,14.446725368499756
de_plus,5,F5: Shifted and Rotated Levy Function,10,27,200000,900.0000267699305,2.6769930514092263e-05,False,14.697515487670898
de_plus,5,F5: Shifted and Rotated Levy Function,10,28,200000,900.0002834489725,0.0002834489724818,False,14.43890905380249
de_plus,5,F5: Shifted and Rotated Levy Function,10,29,200000,900.0000129619881,1.2961988090864908e-05,False,14.545974493026732
de_plus,5,F5: Shifted and Rotated Levy Function,10,30,200000,900.0000163537546,1.635375463138189e-05,False,14.450463771820068
de_plus,6,F6: Hybrid Function 1,10,1,200000,1974.546649204937,174.546649204937,False,16.295466423034668
de_plus,6,F6: Hybrid Function 1,10,2,200000,1917.642759020488,117.6427590204878,False,15.811917781829834
de_plus,6,F6: Hybrid Function 1,10,3,200000,6117.408313496633,4317.408313496633,False,16.300273656845093
de_plus,6,F6: Hybrid Function 1,10,4,200000,8402.355984988964,6602.355984988964,False,16.32453989982605
de_plus,6,F6: Hybrid Function 1,10,5,200000,8303.63511174639,6503.635111746389,False,16.01826524734497
de_plus,6,F6: Hybrid Function 1,10,6,200000,2248.473849594103,448.4738495941028,False,17.17740750312805
de_plus,6,F6: Hybrid Function 1,10,7,200000,3217.0547509871167,1417.054750987117,False,16.69169855117798
de_plus,6,F6: Hybrid Function 1,10,8,200000,2094.42995673281,294.42995673280984,False,17.68783211708069
de_plus,6,F6: Hybrid Function 1,10,9,200000,15170.053358786085,13370.053358786085,False,16.810307502746582
de_plus,6,F6: Hybrid Function 1,10,10,200000,4424.334408304163,2624.334408304163,False,16.761396408081055
de_plus,6,F6: Hybrid Function 1,10,11,200000,8616.186151293408,6816.186151293408,False,16.55745792388916
de_plus,6,F6: Hybrid Function 1,10,12,200000,1963.770687657051,163.77068765705098,False,17.330573320388794
de_plus,6,F6: Hybrid Function 1,10,13,200000,2206.306979976158,406.3069799761579,False,17.724547624588013
de_plus,6,F6: Hybrid Function 1,10,14,200000,5551.598167767698,3751.598167767698,False,17.496819496154785
de_plus,6,F6: Hybrid Function 1,10,15,200000,11855.62544927191,10055.62544927191,False,17.446341037750244
de_plus,6,F6: Hybrid Function 1,10,16,200000,8191.012935945919,6391.012935945919,False,16.456344842910767
de_plus,6,F6: Hybrid Function 1,10,17,200000,13468.917297365228,11668.917297365228,False,16.070005178451538
de_plus,6,F6: Hybrid Function 1,10,18,200000,5864.035368628336,4064.035368628336,False,16.511324882507324
de_plus,6,F6: Hybrid Function 1,10,19,200000,8910.921039600946,7110.921039600946,False,17.33421277999878
de_plus,6,F6: Hybrid Function 1,10,20,200000,1856.767599055855,56.76759905585504,False,16.90178656578064
de_plus,6,F6: Hybrid Function 1,10,21,200000,11298.920095869686,9498.920095869686,False,16.250469207763672
de_plus,6,F6: Hybrid Function 1,10,22,200000,1988.640349268678,188.64034926867797,False,16.766026735305786
de_plus,6,F6: Hybrid Function 1,10,23,200000,7588.928060809729,5788.928060809729,False,16.55646538734436
de_plus,6,F6: Hybrid Function 1,10,24,200000,10551981.49178481,10550181.49178481,False,16.6001558303833
de_plus,6,F6: Hybrid Function 1,10,25,200000,2237.935985421943,437.93598542194286,False,16.17152237892151
de_plus,6,F6: Hybrid Function 1,10,26,200000,1871.447370011032,71.44737001103204,False,15.855159282684326
de_plus,6,F6: Hybrid Function 1,10,27,200000,1801.986419255584,1.986419255584224,False,15.326778888702393
de_plus,6,F6: Hybrid Function 1,10,28,200000,2961.394584664012,1161.3945846640115,False,16.6928391456604
de_plus,6,F6: Hybrid Function 1,10,29,200000,9643.634223152636,7843.634223152636,False,16.208791494369507
de_plus,6,F6: Hybrid Function 1,10,30,200000,20637.61129480538,18837.61129480538,False,16.166104316711426
de_plus,7,F7: Hybrid Function 2,10,1,200000,2001.092206848119,1.0922068481190763,False,101.7569181919098
de_plus,7,F7: Hybrid Function 2,10,2,200000,2002.3161076587637,2.316107658763485,False,103.1358118057251
de_plus,7,F7: Hybrid Function 2,10,3,200000,2020.3407916202543,20.34079162025432,False,104.2182297706604
de_plus,7,F7: Hybrid Function 2,10,4,200000,2000.2985987618692,0.2985987618694707,False,106.06658124923706
de_plus,7,F7: Hybrid Function 2,10,5,200000,2028.1912416373864,28.19124163738616,False,105.03740954399107
de_plus,7,F7: Hybrid Function 2,10,6,200000,2020.185819836284,20.1858198362836,False,104.559663772583
de_plus,7,F7: Hybrid Function 2,10,7,200000,2020.2037930568492,20.203793056849463,False,104.61217522621156
de_plus,7,F7: Hybrid Function 2,10,8,200000,2020.2305500605255,20.23055006052573,False,104.11911368370056
de_plus,7,F7: Hybrid Function 2,10,9,200000,2021.272662693227,21.27266269322695,False,100.2395703792572
de_plus,7,F7: Hybrid Function 2,10,10,200000,2001.3614544468687,1.3614544468691747,False,98.45070934295654
de_plus,7,F7: Hybrid Function 2,10,11,200000,2024.157085287648,24.15708528764776,False,100.76301956176758
de_plus,7,F7: Hybrid Function 2,10,12,200000,2001.273392197885,1.2733921978849594,False,99.91874718666077
de_plus,7,F7: Hybrid Function 2,10,13,200000,2021.210992312804,21.210992312804137,False,100.29037475585938
de_plus,7,F7: Hybrid Function 2,10,14,200000,2021.399148580749,21.399148580748943,False,98.4815125465393
de_plus,7,F7: Hybrid Function 2,10,15,200000,2021.2707773051488,21.270777305148613,False,99.87523341178894
de_plus,7,F7: Hybrid Function 2,10,16,200000,2007.3827374827808,7.38273748278084,False,98.33562660217284
de_plus,7,F7: Hybrid Function 2,10,17,200000,2020.1466079067493,20.146607906749296,False,99.01716709136964
de_plus,7,F7: Hybrid Function 2,10,18,200000,2020.1973889221065,20.197388922106256,False,99.96520519256592
de_plus,7,F7: Hybrid Function 2,10,19,200000,2001.2681130679564,1.268113067956392,False,99.67212080955504
de_plus,7,F7: Hybrid Function 2,10,20,200000,2000.046785121891,0.0467851218909345,False,98.85230040550232
de_plus,7,F7: Hybrid Function 2,10,21,200000,2020.1526445344136,20.15264453441364,False,97.99044585227966
de_plus,7,F7: Hybrid Function 2,10,22,200000,2001.0556592298133,1.0556592298132728,False,97.59299898147584
de_plus,7,F7: Hybrid Function 2,10,23,200000,2029.1527508279992,29.15275082799917,False,99.5394251346588
de_plus,7,F7: Hybrid Function 2,10,24,200000,2021.1178485489932,21.11784854899338,False,97.43793439865112
de_plus,7,F7: Hybrid Function 2,10,25,200000,2000.267399581064,0.2673995810639553,False,97.98389673233032
de_plus,7,F7: Hybrid Function 2,10,26,200000,2002.2178611930603,2.217861193060344,False,98.9488353729248
de_plus,7,F7: Hybrid Function 2,10,27,200000,2022.1900054277903,22.19000542779031,False,97.99503684043884
de_plus,7,F7: Hybrid Function 2,10,28,200000,2000.7946247582995,0.7946247582992783,False,98.31889247894289
de_plus,7,F7: Hybrid Function 2,10,29,200000,2021.519233592855,21.519233592855016,False,99.01278686523438
de_plus,7,F7: Hybrid Function 2,10,30,200000,2030.2764105626477,30.27641056264747,False,100.58466172218324
de_plus,8,F8: Hybrid Function 3,10,1,200000,2300.6695332375493,100.66953323754932,False,134.09738278388977
de_plus,8,F8: Hybrid Function 3,10,2,200000,2382.5199108073684,182.51991080736843,False,134.38350653648376
de_plus,8,F8: Hybrid Function 3,10,3,200000,2200.294262039388,0.2942620393878314,False,132.94507455825806
de_plus,8,F8: Hybrid Function 3,10,4,200000,2323.2305646148798,123.23056461487931,False,132.70243954658508
de_plus,8,F8: Hybrid Function 3,10,5,200000,2280.830694920576,80.83069492057575,False,133.78483533859253
de_plus,8,F8: Hybrid Function 3,10,6,200000,2211.3845374556586,11.384537455658574,False,132.55224466323853
de_plus,8,F8: Hybrid Function 3,10,7,200000,2262.7010054718053,62.70100547180528,False,133.1565341949463
de_plus,8,F8: Hybrid Function 3,10,8,200000,2221.543915259601,21.543915259600908,False,131.0914008617401
de_plus,8,F8: Hybrid Function 3,10,9,200000,2397.11287886485,197.1128788648498,False,134.19813203811646
de_plus,8,F8: Hybrid Function 3,10,10,200000,2260.292287366799,60.29228736679897,False,131.82796716690063
de_plus,8,F8: Hybrid Function 3,10,11,200000,2200.8970640054727,0.8970640054726573,False,134.79188203811646
de_plus,8,F8: Hybrid Function 3,10,12,200000,2200.56083484348,0.5608348434798245,False,133.2185378074646
de_plus,8,F8: Hybrid Function 3,10,13,200000,2200.55922434554,0.5592243455398602,False,138.7058801651001
de_plus,8,F8: Hybrid Function 3,10,14,200000,2212.710606667679,12.710606667678803,False,138.01695704460144
de_plus,8,F8: Hybrid Function 3,10,15,200000,2220.144671105407,20.14467110540681,False,139.1337022781372
de_plus,8,F8: Hybrid Function 3,10,16,200000,2200.4956907158785,0.4956907158784815,False,141.0995864868164
de_plus,8,F8: Hybrid Function 3,10,17,200000,2200.334936245174,0.3349362451740489,False,138.85160541534424
de_plus,8,F8: Hybrid Function 3,10,18,200000,2207.001883491606,7.001883491605895,False,138.8514039516449
de_plus,8,F8: Hybrid Function 3,10,19,200000,2201.3294706366955,1.3294706366955324,False,137.0207326412201
de_plus,8,F8: Hybrid Function 3,10,20,200000,2200.630074012892,0.6300740128922371,False,137.59407687187195
de_plus,8,F8: Hybrid Function 3,10,21,200000,2200.4268129062607,0.4268129062606931,False,139.2267506122589
de_plus,8,F8: Hybrid Function 3,10,22,200000,2273.8764935638187,73.87649356381871,False,138.03857350349426
de_plus,8,F8: Hybrid Function 3,10,23,200000,2010854.6590110995,2008654.6590110995,False,139.49741005897522
de_plus,8,F8: Hybrid Function 3,10,24,200000,2220.4973614050687,20.49736140506866,False,142.3161659240723
de_plus,8,F8: Hybrid Function 3,10,25,200000,2220.2316188916343,20.231618891634294,False,141.32479643821716
de_plus,8,F8: Hybrid Function 3,10,26,200000,2203.40752819956,3.407528199560147,False,139.09424924850464
de_plus,8,F8: Hybrid Function 3,10,27,200000,2220.6588141685897,20.658814168589743,False,140.5123131275177
de_plus,8,F8: Hybrid Function 3,10,28,200000,2220.442158786347,20.442158786347136,False,144.0511543750763
de_plus,8,F8: Hybrid Function 3,10,29,200000,2220.578617475951,20.578617475950978,False,140.49880123138428
de_plus,8,F8: Hybrid Function 3,10,30,200000,2220.506733999845,20.50673399984544,False,143.09169054031372
de_plus,9,F9: Composition Function 1,10,1,200000,2335.517261670046,35.51726167004608,False,36.250582456588745
de_plus,9,F9: Composition Function 1,10,2,200000,2661.609146590951,361.6091465909508,False,34.5422568321228
de_plus,9,F9: Composition Function 1,10,3,200000,2662.377156191504,362.3771561915037,False,35.16136598587036
de_plus,9,F9: Composition Function 1,10,4,200000,2664.366843402986,364.366843402986,False,35.738975524902344
de_plus,9,F9: Composition Function 1,10,5,200000,2669.7210074815894,369.72100748158937,False,35.18025183677673
de_plus,9,F9: Composition Function 1,10,6,200000,2660.8768490950565,360.8768490950565,False,35.683183908462524
de_plus,9,F9: Composition Function 1,10,7,200000,2697.8165860851163,397.81658608511634,False,35.757704973220825
de_plus,9,F9: Composition Function 1,10,8,200000,2661.138479025288,361.1384790252878,False,35.53654170036316
de_plus,9,F9: Composition Function 1,10,9,200000,2659.3047913530622,359.3047913530622,False,34.89750552177429
de_plus,9,F9: Composition Function 1,10,10,200000,2659.373144887872,359.37314488787206,False,35.44366669654846
de_plus,9,F9: Composition Function 1,10,11,200000,2304.463172919186,4.463172919186036,False,35.44055795669556
de_plus,9,F9: Composition Function 1,10,12,200000,2300.547977767936,0.5479777679361177,False,35.01230597496033
de_plus,9,F9: Composition Function 1,10,13,200000,2670.110844399777,370.11084439977685,False,35.09653162956238
de_plus,9,F9: Composition Function 1,10,14,200000,2669.192769701429,369.1927697014289,False,35.04564070701599
de_plus,9,F9: Composition Function 1,10,15,200000,2668.165278676837,368.1652786768368,False,35.40745711326599
de_plus,9,F9: Composition Function 1,10,16,200000,2668.432215065526,368.4322150655266,False,34.850714445114136
de_plus,9,F9: Composition Function 1,10,17,200000,2668.991600107739,368.99160010773903,False,34.48142647743225
de_plus,9,F9: Composition Function 1,10,18,200000,2675.335953431349,375.335953431349,False,34.67035102844238
de_plus,9,F9: Composition Function 1,10,19,200000,2669.123001291948,369.1230012919482,False,34.74025583267212
de_plus,9,F9: Composition Function 1,10,20,200000,2659.775374676983,359.7753746769831,False,35.45084547996521
de_plus,9,F9: Composition Function 1,10,21,200000,2668.8665378249493,368.8665378249493,False,35.2805335521698
de_plus,9,F9: Composition Function 1,10,22,200000,2661.382362387897,361.38236238789705,False,33.74772429466248
de_plus,9,F9: Composition Function 1,10,23,200000,2660.5664379285117,360.5664379285113,False,34.68951964378357
de_plus,9,F9: Composition Function 1,10,24,200000,2664.5017412273046,364.5017412273046,False,34.53420686721802
de_plus,9,F9: Composition Function 1,10,25,200000,2308.729888449223,8.729888449222926,False,33.7300980091095
de_plus,9,F9: Composition Function 1,10,26,200000,2303.7940722341987,3.7940722341986657,False,35.183900356292725
de_plus,9,F9: Composition Function 1,10,27,200000,2659.518445798113,359.51844579811313,False,35.2803270816803
de_plus,9,F9: Composition Function 1,10,28,200000,2668.763426993168,368.7634269931682,False,35.665026903152466
de_plus,9,F9: Composition Function 1,10,29,200000,2669.411553199543,369.4115531995431,False,35.05746841430664
de_plus,9,F9: Composition Function 1,10,30,200000,2665.5781664673123,365.57816646731226,False,34.66249489784241
de_plus,10,F10: Composition Function 2,10,1,200000,2619.8271769926373,219.8271769926373,False,36.45807933807373
de_plus,10,F10: Composition Function 2,10,2,200000,2620.7515417582654,220.75154175826535,False,36.49300527572632
de_plus,10,F10: Composition Function 2,10,3,200000,2625.61970378708,225.6197037870802,False,36.17093682289124
de_plus,10,F10: Composition Function 2,10,4,200000,2622.140020106916,222.14002010691596,False,36.93750715255737
de_plus,10,F10: Composition Function 2,10,5,200000,2622.149758437032,222.14975843703127,False,36.71632194519043
de_plus,10,F10: Composition Function 2,10,6,200000,2625.2750400720706,225.27504007207065,False,36.80109715461731
de_plus,10,F10: Composition Function 2,10,7,200000,2620.872705452882,220.8727054528822,False,36.26151585578919
de_plus,10,F10: Composition Function 2,10,8,200000,2622.940575174971,222.94057517497092,False,36.1729621887207
de_plus,10,F10: Composition Function 2,10,9,200000,2622.481296273588,222.48129627358776,False,37.4950315952301
de_plus,10,F10: Composition Function 2,10,10,200000,2620.872654038025,220.87265403802485,False,38.32533144950867
de_plus,10,F10: Composition Function 2,10,11,200000,2621.485122343718,221.4851223437181,False,36.4774067401886
de_plus,10,F10: Composition Function 2,10,12,200000,2622.108907851008,222.1089078510081,False,36.22129702568054
de_plus,10,F10: Composition Function 2,10,13,200000,2621.807776210606,221.80777621060588,False,36.23730850219727
de_plus,10,F10: Composition Function 2,10,14,200000,2620.8727022421267,220.8727022421267,False,36.49964356422424
de_plus,10,F10: Composition Function 2,10,15,200000,2622.185142420319,222.18514242031915,False,36.10474610328674
de_plus,10,F10: Composition Function 2,10,16,200000,2622.353963917417,222.35396391741688,False,36.232365131378174
de_plus,10,F10: Composition Function 2,10,17,200000,2620.9044029376714,220.90440293767145,False,36.1188554763794
de_plus,10,F10: Composition Function 2,10,18,200000,2620.872658858235,220.8726588582349,False,36.3920841217041
de_plus,10,F10: Composition Function 2,10,19,200000,2620.8776097864675,220.87760978646747,False,35.98259377479553
de_plus,10,F10: Composition Function 2,10,20,200000,2627.302456766643,227.302456766643,False,36.39665150642395
de_plus,10,F10: Composition Function 2,10,21,200000,2620.873022506335,220.87302250633505,False,37.23041844367981
de_plus,10,F10: Composition Function 2,10,22,200000,2622.4738884987228,222.4738884987228,False,37.98584985733032
de_plus,10,F10: Composition Function 2,10,23,200000,2620.879801867893,220.8798018678931,False,38.35157608985901
de_plus,10,F10: Composition Function 2,10,24,200000,2559.165505193718,159.16550519371822,False,37.3820526599884
de_plus,10,F10: Composition Function 2,10,25,200000,2620.875531990055,220.87553199005515,False,37.5686182975769
de_plus,10,F10: Composition Function 2,10,26,200000,2620.8726517806563,220.87265178065627,False,38.21677613258362
de_plus,10,F10: Composition Function 2,10,27,200000,2621.123274218697,221.12327421869716,False,37.13666915893555
de_plus,10,F10: Composition Function 2,10,28,200000,2620.9329529739503,220.93295297395025,False,38.31278443336487
de_plus,10,F10: Composition Function 2,10,29,200000,2621.4887736513265,221.48877365132648,False,39.14459800720215
de_plus,10,F10: Composition Function 2,10,30,200000,2714.972631522462,314.97263152246205,False,37.18604612350464
de_plus,11,F11: Composition Function 3,10,1,200000,2622.425931774094,22.425931774093897,False,56.541905879974365
de_plus,11,F11: Composition Function 3,10,2,200000,2621.858632346921,21.858632346920785,False,56.20782828330994
de_plus,11,F11: Composition Function 3,10,3,200000,2600.0329415132774,0.0329415132773647,False,53.703222036361694
de_plus,11,F11: Composition Function 3,10,4,200000,2622.621586371485,22.621586371485137,False,55.03947567939758
de_plus,11,F11: Composition Function 3,10,5,200000,2600.0654250386065,0.0654250386064632,False,59.46356558799744
de_plus,11,F11: Composition Function 3,10,6,200000,2600.343918030382,0.3439180303821558,False,58.161295652389526
de_plus,11,F11: Composition Function 3,10,7,200000,2605.447410294634,5.44741029463421,False,57.52630543708801
de_plus,11,F11: Composition Function 3,10,8,200000,2601.1029095452577,1.102909545257717,False,56.301201820373535
de_plus,11,F11: Composition Function 3,10,9,200000,2621.560259706581,21.56025970658084,False,56.86875104904175
de_plus,11,F11: Composition Function 3,10,10,200000,2601.0144418977907,1.0144418977906753,False,57.46932077407837
de_plus,11,F11: Composition Function 3,10,11,200000,2600.33871476357,0.3387147635698966,False,58.08063554763794
de_plus,11,F11: Composition Function 3,10,12,200000,2600.0495291878788,0.0495291878787611,False,56.67682099342346
de_plus,11,F11: Composition Function 3,10,13,200000,2622.4266230694334,22.42662306943339,False,57.84462380409241
de_plus,11,F11: Composition Function 3,10,14,200000,2619.0690874942425,19.069087494242467,False,55.73518705368042
de_plus,11,F11: Composition Function 3,10,15,200000,2600.037069839245,0.0370698392448503,False,54.29543399810791
de_plus,11,F11: Composition Function 3,10,16,200000,2618.619525444815,18.619525444814823,False,55.50823473930359
de_plus,11,F11: Composition Function 3,10,17,200000,2600.0981423015683,0.0981423015682594,False,53.50257968902588
de_plus,11,F11: Composition Function 3,10,18,200000,2602.266837808312,2.2668378083117204,False,54.907137393951416
de_plus,11,F11: Composition Function 3,10,19,200000,2600.0127358412064,0.0127358412064495,False,53.64580798149109
de_plus,11,F11: Composition Function 3,10,20,200000,2600.2732717411595,0.2732717411595331,False,52.69145321846008
de_plus,11,F11: Composition Function 3,10,21,200000,2601.666347088768,1.6663470887679068,False,52.90790319442749
de_plus,11,F11: Composition Function 3,10,22,200000,2622.567323401756,22.567323401755857,False,53.79858756065369
de_plus,11,F11: Composition Function 3,10,23,200000,2600.2909812334487,0.2909812334487469,False,53.74452757835388
de_plus,11,F11: Composition Function 3,10,24,200000,2600.8811737204933,0.8811737204932797,False,58.13514041900635
de_plus,11,F11: Composition Function 3,10,25,200000,2623.546183070217,23.546183070217467,False,56.73635816574097
de_plus,11,F11: Composition Function 3,10,26,200000,2601.1151515148435,1.1151515148435465,False,55.46029233932495
de_plus,11,F11: Composition Function 3,10,27,200000,2926.7760285183704,326.7760285183704,False,55.60296082496643
de_plus,11,F11: Composition Function 3,10,28,200000,2600.0144199933197,0.0144199933192794,False,54.5525758266449
de_plus,11,F11: Composition Function 3,10,29,200000,2603.896912731613,3.896912731613156,False,56.8404393196106
de_plus,11,F11: Composition Function 3,10,30,200000,2600.037422547841,0.0374225478408334,False,54.543792724609375
de_plus,12,F12: Composition Function 4,10,1,200000,2870.9757762306194,170.97577623061943,False,58.15777325630188
de_plus,12,F12: Composition Function 4,10,2,200000,2868.1910873504653,168.1910873504653,False,58.69508266448975
de_plus,12,F12: Composition Function 4,10,3,200000,2868.188762867756,168.18876286775594,False,59.76477074623108
de_plus,12,F12: Composition Function 4,10,4,200000,2875.226618821876,175.22661882187597,False,59.492516040802
de_plus,12,F12: Composition Function 4,10,5,200000,2871.045735622613,171.04573562261294,False,61.65674829483032
de_plus,12,F12: Composition Function 4,10,6,200000,2869.559003501868,169.55900350186812,False,60.33937335014343
de_plus,12,F12: Composition Function 4,10,7,200000,2866.901406668315,166.90140666831485,False,60.04016327857971
de_plus,12,F12: Composition Function 4,10,8,200000,2868.755394723764,168.75539472376386,False,60.980146408081055
de_plus,12,F12: Composition Function 4,10,9,200000,2875.1433293868936,175.14332938689358,False,60.77344274520874
de_plus,12,F12: Composition Function 4,10,10,200000,2868.7181470600585,168.71814706005853,False,58.59984707832336
de_plus,12,F12: Composition Function 4,10,11,200000,2867.671134141684,167.67113414168398,False,58.30399227142334
de_plus,12,F12: Composition Function 4,10,12,200000,2872.273395475619,172.27339547561905,False,59.22442817687988
de_plus,12,F12: Composition Function 4,10,13,200000,2867.8114452068025,167.81144520680257,False,59.66168427467346
de_plus,12,F12: Composition Function 4,10,14,200000,2867.1024954704158,167.1024954704153,False,60.90855693817139
de_plus,12,F12: Composition Function 4,10,15,200000,2878.4239899583336,178.42398995833355,False,60.587382555007935
de_plus,12,F12: Composition Function 4,10,16,200000,2866.4752380620016,166.4752380620016,False,58.80740737915039
de_plus,12,F12: Composition Function 4,10,17,200000,2868.604773542572,168.60477354257182,False,59.91651153564453
de_plus,12,F12: Composition Function 4,10,18,200000,2869.173126313713,169.1731263137135,False,59.831339836120605
de_plus,12,F12: Composition Function 4,10,19,200000,2872.975447225197,172.97544722519706,False,59.599082231521606
de_plus,12,F12: Composition Function 4,10,20,200000,2868.7995364196963,168.79953641969632,False,59.60310339927673
de_plus,12,F12: Composition Function 4,10,21,200000,2868.1818379897504,168.18183798975042,False,59.77481937408447
de_plus,12,F12: Composition Function 4,10,22,200000,2869.7728640295336,169.7728640295336,False,58.75176978111267
de_plus,12,F12: Composition Function 4,10,23,200000,2875.8998995332777,175.89989953327768,False,60.43612456321716
de_plus,12,F12: Composition Function 4,10,24,200000,2867.3440989506366,167.34409895063663,False,60.01525044441223
de_plus,12,F12: Composition Function 4,10,25,200000,2870.6273319403804,170.62733194038037,False,57.85105872154236
de_plus,12,F12: Composition Function 4,10,26,200000,2871.8509695630846,171.85096956308462,False,59.809569120407104
de_plus,12,F12: Composition Function 4,10,27,200000,2871.8839598609984,171.8839598609984,False,58.066564083099365
de_plus,12,F12: Composition Function 4,10,28,200000,2871.137662165616,171.1376621656159,False,58.0658929347992
de_plus,12,F12: Composition Function 4,10,29,200000,2867.4881851201094,167.4881851201094,False,57.91963243484497
de_plus,12,F12: Composition Function 4,10,30,200000,2869.184849977717,169.18484997771657,False,59.75452733039856
de_plus,1,F1: Shifted and full Rotated Zakharov Function,20,1,1000000,800.497582997204,500.497582997204,False,56.2389543056488
de_plus,1,F1: Shifted and full Rotated Zakharov Function,20,2,1000000,344.24591136466057,44.24591136466057,False,56.33991193771362
de_plus,1,F1: Shifted and full Rotated Zakharov Function,20,3,1000000,1426.197027887965,1126.197027887965,False,54.26934051513672
de_plus,1,F1: Shifted and full Rotated Zakharov Function,20,4,1000000,300.14640547649475,0.1464054764947491,False,54.09005832672119
de_plus,1,F1: Shifted and full Rotated Zakharov Function,20,5,1000000,305.7510780168377,5.75107801683771,False,53.87390398979187
de_plus,1,F1: Shifted and full Rotated Zakharov Function,20,6,1000000,300.5091395786454,0.5091395786453745,False,54.19739770889282
de_plus,1,F1: Shifted and full Rotated Zakharov Function,20,7,1000000,407.2434789668822,107.2434789668822,False,58.1162486076355
de_plus,1,F1: Shifted and full Rotated Zakharov Function,20,8,1000000,397.0608098496831,97.0608098496831,False,59.51193165779114
de_plus,1,F1: Shifted and full Rotated Zakharov Function,20,9,1000000,623.1413249317187,323.1413249317187,False,57.893715620040894
de_plus,1,F1: Shifted and full Rotated Zakharov Function,20,10,1000000,577.0814684014256,277.0814684014256,False,61.32638359069824
de_plus,1,F1: Shifted and full Rotated Zakharov Function,20,11,1000000,1146.3014343317818,846.3014343317818,False,60.92286849021912
de_plus,1,F1: Shifted and full Rotated Zakharov Function,20,12,1000000,300.0011832639335,0.0011832639335125,False,62.69534397125244
de_plus,1,F1: Shifted and full Rotated Zakharov Function,20,13,1000000,304.54296105935475,4.542961059354752,False,57.73687553405762
de_plus,1,F1: Shifted and full Rotated Zakharov Function,20,14,1000000,482.53317908883673,182.53317908883676,False,56.11693811416626
de_plus,1,F1: Shifted and full Rotated Zakharov Function,20,15,1000000,303.4698098464676,3.4698098464676264,False,56.305814027786255
de_plus,1,F1: Shifted and full Rotated Zakharov Function,20,16,1000000,300.00230052966566,0.0023005296656606,False,58.20142388343811
de_plus,1,F1: Shifted and full Rotated Zakharov Function,20,17,1000000,411.3941216721857,111.39412167218568,False,56.30591773986816
de_plus,1,F1: Shifted and full Rotated Zakharov Function,20,18,1000000,336.2605063084898,36.26050630848982,False,56.06799530982971
de_plus,1,F1: Shifted and full Rotated Zakharov Function,20,19,1000000,310.4844081870849,10.48440818708491,False,57.48467111587525
de_plus,1,F1: Shifted and full Rotated Zakharov Function,20,20,1000000,1251.9118745923424,951.9118745923424,False,59.591176986694336
de_plus,1,F1: Shifted and full Rotated Zakharov Function,20,21,1000000,300.674736469952,0.6747364699519949,False,64.06407618522644
de_plus,1,F1: Shifted and full Rotated Zakharov Function,20,22,1000000,300.06904481136263,0.0690448113626303,False,61.926443338394165
de_plus,1,F1: Shifted and full Rotated Zakharov Function,20,23,1000000,657.014964004994,357.014964004994,False,58.71155142784119
de_plus,1,F1: Shifted and full Rotated Zakharov Function,20,24,1000000,306.3867365246273,6.386736524627281,False,57.87287092208862
de_plus,1,F1: Shifted and full Rotated Zakharov Function,20,25,1000000,305.1161791114377,5.116179111437702,False,54.31059217453003
de_plus,1,F1: Shifted and full Rotated Zakharov Function,20,26,1000000,301.50863566822375,1.5086356682237465,False,56.377769231796265
de_plus,1,F1: Shifted and full Rotated Zakharov Function,20,27,1000000,736.0318466078973,436.0318466078973,False,56.33551526069641
de_plus,1,F1: Shifted and full Rotated Zakharov Function,20,28,1000000,300.00148080445103,0.0014808044510346,False,55.994038105010986
de_plus,1,F1: Shifted and full Rotated Zakharov Function,20,29,1000000,331.0734267800775,31.07342678007751,False,53.379539012908936
de_plus,1,F1: Shifted and full Rotated Zakharov Function,20,30,1000000,306.6402250638505,6.640225063850551,False,55.34614944458008
de_plus,2,F2: Shifted and Rotated Rosenbrock’s Function,20,1,1000000,443.5616049980681,43.561604998068105,False,61.48309302330017
de_plus,2,F2: Shifted and Rotated Rosenbrock’s Function,20,2,1000000,452.3337883052368,52.3337883052368,False,62.35352802276611
de_plus,2,F2: Shifted and Rotated Rosenbrock’s Function,20,3,1000000,449.7241484359613,49.72414843596124,False,64.24929618835449
de_plus,2,F2: Shifted and Rotated Rosenbrock’s Function,20,4,1000000,444.9756734840209,44.97567348402089,False,60.57924842834473
de_plus,2,F2: Shifted and Rotated Rosenbrock’s Function,20,5,1000000,461.7997990570837,61.7997990570837,False,61.17513060569763
de_plus,2,F2: Shifted and Rotated Rosenbrock’s Function,20,6,1000000,449.2789685478107,49.27896854781068,False,62.05434465408325
de_plus,2,F2: Shifted and Rotated Rosenbrock’s Function,20,7,1000000,449.1315304008938,49.13153040089378,False,63.869556188583374
de_plus,2,F2: Shifted and Rotated Rosenbrock’s Function,20,8,1000000,449.1875195323595,49.18751953235949,False,65.09014058113098
de_plus,2,F2: Shifted and Rotated Rosenbrock’s Function,20,9,1000000,504.7790413498017,104.77904134980172,False,63.99087238311768
de_plus,2,F2: Shifted and Rotated Rosenbrock’s Function,20,10,1000000,449.0847715308412,49.08477153084118,False,65.16023826599121
de_plus,2,F2: Shifted and Rotated Rosenbrock’s Function,20,11,1000000,445.0380426283005,45.0380426283005,False,65.32744693756104
de_plus,2,F2: Shifted and Rotated Rosenbrock’s Function,20,12,1000000,449.088443033478,49.08844303347803,False,65.20304274559021
de_plus,2,F2: Shifted and Rotated Rosenbrock’s Function,20,13,1000000,449.1261633731984,49.12616337319844,False,65.66826033592224
de_plus,2,F2: Shifted and Rotated Rosenbrock’s Function,20,14,1000000,450.26417560435016,50.26417560435016,False,64.91507077217102
de_plus,2,F2: Shifted and Rotated Rosenbrock’s Function,20,15,1000000,467.79225105347473,67.79225105347473,False,64.55497527122498
de_plus,2,F2: Shifted and Rotated Rosenbrock’s Function,20,16,1000000,449.1195313679879,49.11953136798786,False,63.55185866355896
de_plus,2,F2: Shifted and Rotated Rosenbrock’s Function,20,17,1000000,453.1374273386924,53.13742733869236,False,64.19635057449341
de_plus,2,F2: Shifted and Rotated Rosenbrock’s Function,20,18,1000000,450.1208956861016,50.12089568610156,False,65.11195874214172
de_plus,2,F2: Shifted and Rotated Rosenbrock’s Function,20,19,1000000,449.1971693124037,49.19716931240373,False,64.12958455085754
de_plus,2,F2: Shifted and Rotated Rosenbrock’s Function,20,20,1000000,465.8742612758723,65.8742612758723,False,65.13554239273071
de_plus,2,F2: Shifted and Rotated Rosenbrock’s Function,20,21,1000000,454.1698758099896,54.16987580998955,False,63.78127145767212
de_plus,2,F2: Shifted and Rotated Rosenbrock’s Function,20,22,1000000,474.1065640558628,74.1065640558628,False,63.349738359451294
de_plus,2,F2: Shifted and Rotated Rosenbrock’s Function,20,23,1000000,454.90492933368887,54.90492933368887,False,62.43344378471375
de_plus,2,F2: Shifted and Rotated Rosenbrock’s Function,20,24,1000000,450.7610961418351,50.76109614183508,False,65.64710998535156
de_plus,2,F2: Shifted and Rotated Rosenbrock’s Function,20,25,1000000,464.45560692066266,64.45560692066266,False,65.38216876983643
de_plus,2,F2: Shifted and Rotated Rosenbrock’s Function,20,26,1000000,437.700793989687,37.700793989686986,False,64.61553955078125
de_plus,2,F2: Shifted and Rotated Rosenbrock’s Function,20,27,1000000,461.9746046275922,61.97460462759221,False,66.3216507434845
de_plus,2,F2: Shifted and Rotated Rosenbrock’s Function,20,28,1000000,467.6197564225321,67.61975642253208,False,65.84586310386658
de_plus,2,F2: Shifted and Rotated Rosenbrock’s Function,20,29,1000000,467.1903515669375,67.19035156693747,False,63.49177074432373
de_plus,2,F2: Shifted and Rotated Rosenbrock’s Function,20,30,1000000,452.2527062858518,52.25270628585179,False,63.98500490188599
de_plus,3,F3: Shifted and full Rotated Expanded Schaffer’s F7,20,1,1000000,600.0120797760136,0.0120797760135928,False,86.54514360427856
de_plus,3,F3: Shifted and full Rotated Expanded Schaffer’s F7,20,2,1000000,600.0014022193972,0.0014022193971641,False,85.3952693939209
de_plus,3,F3: Shifted and full Rotated Expanded Schaffer’s F7,20,3,1000000,600.0086264182643,0.0086264182642707,False,85.24587154388428
de_plus,3,F3: Shifted and full Rotated Expanded Schaffer’s F7,20,4,1000000,600.001515108419,0.001515108418971,False,87.9322681427002
de_plus,3,F3: Shifted and full Rotated Expanded Schaffer’s F7,20,5,1000000,600.0032612367403,0.0032612367402862,False,86.5453827381134
de_plus,3,F3: Shifted and full Rotated Expanded Schaffer’s F7,20,6,1000000,600.0013284402178,0.001328440217776,False,87.74028420448303
de_plus,3,F3: Shifted and full Rotated Expanded Schaffer’s F7,20,7,1000000,600.0008589742991,0.0008589742991489,False,88.75363731384277
de_plus,3,F3: Shifted and full Rotated Expanded Schaffer’s F7,20,8,1000000,600.0063752747132,0.0063752747131502,False,88.45841813087463
de_plus,3,F3: Shifted and full Rotated Expanded Schaffer’s F7,20,9,1000000,600.0023218706325,0.0023218706324996,False,90.89481711387634
de_plus,3,F3: Shifted and full Rotated Expanded Schaffer’s F7,20,10,1000000,600.001031225121,0.0010312251209825,False,88.10472631454468
de_plus,3,F3: Shifted and full Rotated Expanded Schaffer’s F7,20,11,1000000,600.0013104258176,0.0013104258175644,False,89.14277911186218
de_plus,3,F3: Shifted and full Rotated Expanded Schaffer’s F7,20,12,1000000,600.0004155502269,0.0004155502268758,False,89.57490801811218
de_plus,3,F3: Shifted and full Rotated Expanded Schaffer’s F7,20,13,1000000,600.0001889042137,0.0001889042137008,False,87.86269855499268
de_plus,3,F3: Shifted and full Rotated Expanded Schaffer’s F7,20,14,1000000,600.0021741458052,0.0021741458051565,False,89.90773487091064
de_plus,3,F3: Shifted and full Rotated Expanded Schaffer’s F7,20,15,1000000,600.0064224321932,0.006422432193176,False,88.43150520324707
de_plus,3,F3: Shifted and full Rotated Expanded Schaffer’s F7,20,16,1000000,600.0003403219307,0.0003403219307074,False,87.5441381931305
de_plus,3,F3: Shifted and full Rotated Expanded Schaffer’s F7,20,17,1000000,600.0000002085509,2.0855088678217728e-07,False,87.32500171661377
de_plus,3,F3: Shifted and full Rotated Expanded Schaffer’s F7,20,18,1000000,600.0069273925925,0.0069273925925017,False,81.0889241695404
de_plus,3,F3: Shifted and full Rotated Expanded Schaffer’s F7,20,19,1000000,600.0062876808371,0.0062876808370901,False,81.47215557098389
de_plus,3,F3: Shifted and full Rotated Expanded Schaffer’s F7,20,20,1000000,600.0147236552386,0.0147236552386402,False,83.10747933387756
de_plus,3,F3: Shifted and full Rotated Expanded Schaffer’s F7,20,21,1000000,600.0061326577066,0.0061326577066438,False,81.07189345359802
de_plus,3,F3: Shifted and full Rotated Expanded Schaffer’s F7,20,22,1000000,600.0402355900208,0.0402355900207567,False,82.97314143180847
de_plus,3,F3: Shifted and full Rotated Expanded Schaffer’s F7,20,23,1000000,600.0005128668231,0.0005128668231009,False,81.79484128952026
de_plus,3,F3: Shifted and full Rotated Expanded Schaffer’s F7,20,24,1000000,600.0042610878319,0.0042610878318782,False,81.22089099884033
de_plus,3,F3: Shifted and full Rotated Expanded Schaffer’s F7,20,25,1000000,600.0048934031031,0.0048934031030967,False,82.30540156364441
de_plus,3,F3: Shifted and full Rotated Expanded Schaffer’s F7,20,26,1000000,600.0009776792697,0.0009776792696811,False,81.13115406036377
de_plus,3,F3: Shifted and full Rotated Expanded Schaffer’s F7,20,27,1000000,600.0056149369956,0.0056149369955846,False,80.56043243408203
de_plus,3,F3: Shifted and full Rotated Expanded Schaffer’s F7,20,28,1000000,600.0016259193153,0.0016259193153018,False,82.40935349464417
de_plus,3,F3: Shifted and full Rotated Expanded Schaffer’s F7,20,29,1000000,600.007352964605,0.0073529646050474,False,82.93861627578735
de_plus,3,F3: Shifted and full Rotated Expanded Schaffer’s F7,20,30,1000000,600.006312462536,0.006312462536016,False,94.0878677368164
de_plus,4,F4: Shifted and Rotated Non-Continuous Rastrigin’s Function,20,1,1000000,916.0145695790196,116.01456957901974,False,115.1956582069397
de_plus,4,F4: Shifted and Rotated Non-Continuous Rastrigin’s Function,20,2,1000000,900.0010306959321,100.00103069593206,False,117.1058566570282
de_plus,4,F4: Shifted and Rotated Non-Continuous Rastrigin’s Function,20,3,1000000,908.001429051074,108.00142905107408,False,113.40142369270325
de_plus,4,F4: Shifted and Rotated Non-Continuous Rastrigin’s Function,20,4,1000000,900.0052055807707,100.00520558077072,False,114.21724820137024
de_plus,4,F4: Shifted and Rotated Non-Continuous Rastrigin’s Function,20,5,1000000,922.009726547412,122.00972654741211,False,114.72261786460876
de_plus,4,F4: Shifted and Rotated Non-Continuous Rastrigin’s Function,20,6,1000000,916.0007544372606,116.00075443726064,False,116.1490330696106
de_plus,4,F4: Shifted and Rotated Non-Continuous Rastrigin’s Function,20,7,1000000,910.0002769379934,110.00027693799336,False,117.78500533103944
de_plus,4,F4: Shifted and Rotated Non-Continuous Rastrigin’s Function,20,8,1000000,924.0065255576428,124.0065255576427,False,114.6366274356842
de_plus,4,F4: Shifted and Rotated Non-Continuous Rastrigin’s Function,20,9,1000000,932.0006980196844,132.00069801968448,False,114.90812826156616
de_plus,4,F4: Shifted and Rotated Non-Continuous Rastrigin’s Function,20,10,1000000,920.5096584830744,120.50965848307452,False,113.69258189201356
de_plus,4,F4: Shifted and Rotated Non-Continuous Rastrigin’s Function,20,11,1000000,890.0365408014462,90.03654080144622,False,113.13887643814088
de_plus,4,F4: Shifted and Rotated Non-Continuous Rastrigin’s Function,20,12,1000000,920.0000016202528,120.00000162025276,False,125.5440456867218
de_plus,4,F4: Shifted and Rotated Non-Continuous Rastrigin’s Function,20,13,1000000,892.0008287176163,92.00082871761629,False,114.90433287620544
de_plus,4,F4: Shifted and Rotated Non-Continuous Rastrigin’s Function,20,14,1000000,936.0004713537736,136.00047135377372,False,110.60546708106996
de_plus,4,F4: Shifted and Rotated Non-Continuous Rastrigin’s Function,20,15,1000000,886.000000121036,86.00000012103601,False,110.21219205856325
de_plus,4,F4: Shifted and Rotated Non-Continuous Rastrigin’s Function,20,16,1000000,866.0000698047733,66.00006980477326,False,107.30325603485107
de_plus,4,F4: Shifted and Rotated Non-Continuous Rastrigin’s Function,20,17,1000000,876.0077221690661,76.00772216906614,False,109.5499713420868
de_plus,4,F4: Shifted and Rotated Non-Continuous Rastrigin’s Function,20,18,1000000,950.0007609442536,150.00076094425367,False,117.07488441467284
de_plus,4,F4: Shifted and Rotated Non-Continuous Rastrigin’s Function,20,19,1000000,924.0021247667116,124.00212476671165,False,113.4752163887024
de_plus,4,F4: Shifted and Rotated Non-Continuous Rastrigin’s Function,20,20,1000000,942.0007795682136,142.0007795682136,False,109.30396962165833
de_plus,4,F4: Shifted and Rotated Non-Continuous Rastrigin’s Function,20,21,1000000,936.5118757661148,136.51187576611483,False,111.00110960006714
de_plus,4,F4: Shifted and Rotated Non-Continuous Rastrigin’s Function,20,22,1000000,914.0001940873574,114.0001940873574,False,108.7044780254364
de_plus,4,F4: Shifted and Rotated Non-Continuous Rastrigin’s Function,20,23,1000000,866.0012374027139,66.00123740271385,False,109.63131403923036
de_plus,4,F4: Shifted and Rotated Non-Continuous Rastrigin’s Function,20,24,1000000,884.0119101654113,84.01191016541134,False,110.97065782546996
de_plus,4,F4: Shifted and Rotated Non-Continuous Rastrigin’s Function,20,25,1000000,864.0015223339706,64.00152233397057,False,109.07664895057678
de_plus,4,F4: Shifted and Rotated Non-Continuous Rastrigin’s Function,20,26,1000000,908.0007276322602,108.00072763226024,False,108.84202027320862
de_plus,4,F4: Shifted and Rotated Non-Continuous Rastrigin’s Function,20,27,1000000,900.0023831961081,100.0023831961081,False,110.01682257652284
de_plus,4,F4: Shifted and Rotated Non-Continuous Rastrigin’s Function,20,28,1000000,916.0000081912996,116.00000819129946,False,110.56094288825987
de_plus,4,F4: Shifted and Rotated Non-Continuous Rastrigin’s Function,20,29,1000000,928.007448985499,128.00744898549897,False,110.70935297012328
de_plus,4,F4: Shifted and Rotated Non-Continuous Rastrigin’s Function,20,30,1000000,914.1624583152296,114.16245831522964,False,110.34958028793336
de_plus,5,F5: Shifted and Rotated Levy Function,20,1,1000000,901.5717961296456,1.571796129645577,False,72.55416059494019
de_plus,5,F5: Shifted and Rotated Levy Function,20,2,1000000,900.2725728921847,0.2725728921847121,False,72.66466522216797
de_plus,5,F5: Shifted and Rotated Levy Function,20,3,1000000,904.4288874162746,4.42888741627462,False,71.21033668518066
de_plus,5,F5: Shifted and Rotated Levy Function,20,4,1000000,903.496166732385,3.4961667323849497,False,72.76964569091797
de_plus,5,F5: Shifted and Rotated Levy Function,20,5,1000000,901.1426974457106,1.1426974457106098,False,71.8302903175354
de_plus,5,F5: Shifted and Rotated Levy Function,20,6,1000000,900.6669290824775,0.6669290824775089,False,71.35635995864868
de_plus,5,F5: Shifted and Rotated Levy Function,20,7,1000000,901.1823453348708,1.1823453348707744,False,71.71014404296875
de_plus,5,F5: Shifted and Rotated Levy Function,20,8,1000000,905.8771816923846,5.8771816923846245,False,71.66346502304077
de_plus,5,F5: Shifted and Rotated Levy Function,20,9,1000000,900.2693929697855,0.2693929697854855,False,71.35470747947693
de_plus,5,F5: Shifted and Rotated Levy Function,20,10,1000000,901.1149589285244,1.114958928524402,False,71.56888675689697
de_plus,5,F5: Shifted and Rotated Levy Function,20,11,1000000,900.922884647714,0.922884647713886,False,71.59915494918823
de_plus,5,F5: Shifted and Rotated Levy Function,20,12,1000000,902.6087570372569,2.6087570372568507,False,71.62638878822327
de_plus,5,F5: Shifted and Rotated Levy Function,20,13,1000000,901.4922934680422,1.4922934680422486,False,72.20797514915466
de_plus,5,F5: Shifted and Rotated Levy Function,20,14,1000000,900.0031403950038,0.0031403950038111,False,71.25324010848999
de_plus,5,F5: Shifted and Rotated Levy Function,20,15,1000000,900.9384648815176,0.9384648815174614,False,71.86248874664307
de_plus,5,F5: Shifted and Rotated Levy Function,20,16,1000000,900.8138627599204,0.8138627599205392,False,72.0824818611145
de_plus,5,F5: Shifted and Rotated Levy Function,20,17,1000000,900.0001392027222,0.0001392027221527,False,72.25694489479065
de_plus,5,F5: Shifted and Rotated Levy Function,20,18,1000000,901.1111444731064,1.1111444731062647,False,72.1359007358551
de_plus,5,F5: Shifted and Rotated Levy Function,20,19,1000000,901.637079784829,1.637079784828984,False,71.29387187957764
de_plus,5,F5: Shifted and Rotated Levy Function,20,20,1000000,901.6383244079652,1.6383244079653425,False,72.61663961410522
de_plus,5,F5: Shifted and Rotated Levy Function,20,21,1000000,900.0899575496021,0.0899575496021043,False,71.36318278312683
de_plus,5,F5: Shifted and Rotated Levy Function,20,22,1000000,900.6341264410224,0.6341264410224312,False,71.5687370300293
de_plus,5,F5: Shifted and Rotated Levy Function,20,23,1000000,903.24651267566,3.2465126756600284,False,71.06365323066711
de_plus,5,F5: Shifted and Rotated Levy Function,20,24,1000000,901.5457049000858,1.5457049000857523,False,71.12527203559875
de_plus,5,F5: Shifted and Rotated Levy Function,20,25,1000000,902.9329006243532,2.932900624353124,False,71.69740343093872
de_plus,5,F5: Shifted and Rotated Levy Function,20,26,1000000,905.9292628766736,5.929262876673647,False,71.97466135025024
de_plus,5,F5: Shifted and Rotated Levy Function,20,27,1000000,904.344490714696,4.344490714695894,False,71.91562294960022
de_plus,5,F5: Shifted and Rotated Levy Function,20,28,1000000,901.9330672419702,1.9330672419702069,False,71.77356696128845
de_plus,5,F5: Shifted and Rotated Levy Function,20,29,1000000,900.5448365312169,0.5448365312169017,False,71.68816685676575
de_plus,5,F5: Shifted and Rotated Levy Function,20,30,1000000,903.2681774189746,3.268177418974574,False,71.68635320663452
de_plus,6,F6: Hybrid Function 1,20,1,1000000,26672.23139843552,24872.23139843552,False,79.74574375152588
de_plus,6,F6: Hybrid Function 1,20,2,1000000,31225.87482984955,29425.87482984955,False,80.43544673919678
de_plus,6,F6: Hybrid Function 1,20,3,1000000,44496.085542392655,42696.085542392655,False,79.37710952758789
de_plus,6,F6: Hybrid Function 1,20,4,1000000,21201.630764235637,19401.630764235637,False,79.83258986473083
de_plus,6,F6: Hybrid Function 1,20,5,1000000,44928.63853098972,43128.63853098972,False,78.71443843841553
de_plus,6,F6: Hybrid Function 1,20,6,1000000,16592.31916046245,14792.319160462452,False,78.74732565879822
de_plus,6,F6: Hybrid Function 1,20,7,1000000,28282.25551108847,26482.25551108847,False,79.22229623794556
de_plus,6,F6: Hybrid Function 1,20,8,1000000,31294.92157999564,29494.92157999564,False,79.72503972053528
de_plus,6,F6: Hybrid Function 1,20,9,1000000,26350.87751841612,24550.87751841612,False,78.61776733398438
de_plus,6,F6: Hybrid Function 1,20,10,1000000,23823.451222305484,22023.451222305484,False,77.88250279426575
de_plus,6,F6: Hybrid Function 1,20,11,1000000,28278.65310534843,26478.65310534843,False,79.31383204460144
de_plus,6,F6: Hybrid Function 1,20,12,1000000,48941.49083633514,47141.49083633514,False,79.12557721138
de_plus,6,F6: Hybrid Function 1,20,13,1000000,35031.41626902383,33231.41626902383,False,78.51063704490662
de_plus,6,F6: Hybrid Function 1,20,14,1000000,35989.05973660889,34189.05973660889,False,79.35484051704407
de_plus,6,F6: Hybrid Function 1,20,15,1000000,25493.858346212808,23693.858346212808,False,79.9302225112915
de_plus,6,F6: Hybrid Function 1,20,16,1000000,35227.19981749544,33427.19981749544,False,79.52224898338318
de_plus,6,F6: Hybrid Function 1,20,17,1000000,52626.8610866454,50826.8610866454,False,78.57438254356384
de_plus,6,F6: Hybrid Function 1,20,18,1000000,26007.991107391543,24207.991107391543,False,79.82305788993835
de_plus,6,F6: Hybrid Function 1,20,19,1000000,34568.078374696284,32768.078374696284,False,79.59751462936401
de_plus,6,F6: Hybrid Function 1,20,20,1000000,25306.307207316648,23506.307207316648,False,80.05314540863037
de_plus,6,F6: Hybrid Function 1,20,21,1000000,32237.88919753347,30437.88919753347,False,79.5229823589325
de_plus,6,F6: Hybrid Function 1,20,22,1000000,28704.85682540844,26904.85682540844,False,79.9362165927887
de_plus,6,F6: Hybrid Function 1,20,23,1000000,32830.30709193047,31030.307091930463,False,80.98374056816101
de_plus,6,F6: Hybrid Function 1,20,24,1000000,15623.791576350652,13823.791576350652,False,79.4024887084961
de_plus,6,F6: Hybrid Function 1,20,25,1000000,33007.4788976094,31207.4788976094,False,79.76238250732422
de_plus,6,F6: Hybrid Function 1,20,26,1000000,26451.716233006773,24651.716233006773,False,79.38536763191223
de_plus,6,F6: Hybrid Function 1,20,27,1000000,32007.16668798544,30207.16668798544,False,79.3351571559906
de_plus,6,F6: Hybrid Function 1,20,28,1000000,20771.02899126764,18971.02899126764,False,79.17700719833374
de_plus,6,F6: Hybrid Function 1,20,29,1000000,35270.17782378628,33470.17782378628,False,79.81041550636292
de_plus,6,F6: Hybrid Function 1,20,30,1000000,17549.459242912115,15749.459242912117,False,78.78847765922546
de_plus,7,F7: Hybrid Function 2,20,1,1000000,2022.5477677757733,22.547767775773536,False,850.2555973529816
de_plus,7,F7: Hybrid Function 2,20,2,1000000,2022.056468081241,22.056468081241064,False,850.2826852798462
de_plus,7,F7: Hybrid Function 2,20,3,1000000,2022.556670580794,22.55667058079393,False,849.1516361236572
de_plus,7,F7: Hybrid Function 2,20,4,1000000,2022.33701504316,22.33701504315991,False,852.0269169807434
de_plus,7,F7: Hybrid Function 2,20,5,1000000,2022.5679373675464,22.56793736754662,False,849.8272297382355
de_plus,7,F7: Hybrid Function 2,20,6,1000000,2022.763403614301,22.76340361430107,False,853.2032532691956
de_plus,7,F7: Hybrid Function 2,20,7,1000000,2022.935489889824,22.93548988982411,False,848.0024604797363
de_plus,7,F7: Hybrid Function 2,20,8,1000000,2022.266286523802,22.266286523802137,False,857.4060816764832
de_plus,7,F7: Hybrid Function 2,20,9,1000000,2021.6522515046183,21.65225150461856,False,848.9780535697937
de_plus,7,F7: Hybrid Function 2,20,10,1000000,2022.946590159062,22.946590159062,False,848.9797093868256
de_plus,7,F7: Hybrid Function 2,20,11,1000000,2021.3749531308536,21.374953130853783,False,843.0830149650574
de_plus,7,F7: Hybrid Function 2,20,12,1000000,2023.4006588749608,23.400658874960754,False,847.4678201675415
de_plus,7,F7: Hybrid Function 2,20,13,1000000,2022.880336735672,22.880336735672245,False,848.8957073688507
de_plus,7,F7: Hybrid Function 2,20,14,1000000,2022.76345415782,22.76345415781975,False,851.1452648639679
de_plus,7,F7: Hybrid Function 2,20,15,1000000,2023.50597783284,23.50597783283956,False,848.5198843479156
de_plus,7,F7: Hybrid Function 2,20,16,1000000,2022.9579499959016,22.95794999590157,False,854.2240216732025
de_plus,7,F7: Hybrid Function 2,20,17,1000000,2021.7048420731555,21.70484207315553,False,850.442081451416
de_plus,7,F7: Hybrid Function 2,20,18,1000000,2023.7319436849525,23.731943684952284,False,847.8477909564972
de_plus,7,F7: Hybrid Function 2,20,19,1000000,2022.64112771545,22.64112771545001,False,849.4227185249329
de_plus,7,F7: Hybrid Function 2,20,20,1000000,2022.8969457391604,22.8969457391604,False,844.0517015457153
de_plus,7,F7: Hybrid Function 2,20,21,1000000,2022.416060287146,22.41606028714591,False,849.8651025295258
de_plus,7,F7: Hybrid Function 2,20,22,1000000,2023.133609749092,23.133609749091875,False,848.8984072208405
de_plus,7,F7: Hybrid Function 2,20,23,1000000,2022.972336072122,22.97233607212206,False,848.9191582202911
de_plus,7,F7: Hybrid Function 2,20,24,1000000,2022.43410684918,22.434106849180125,False,848.4664850234985
de_plus,7,F7: Hybrid Function 2,20,25,1000000,2022.9309965760815,22.930996576081725,False,851.1490616798401
de_plus,7,F7: Hybrid Function 2,20,26,1000000,2021.76181811386,21.761818113859817,False,846.8731272220612
de_plus,7,F7: Hybrid Function 2,20,27,1000000,2023.929766841044,23.92976684104383,False,845.0426030158997
de_plus,7,F7: Hybrid Function 2,20,28,1000000,2022.7406843287945,22.74068432879426,False,848.8340365886688
de_plus,7,F7: Hybrid Function 2,20,29,1000000,2040.805625768096,40.80562576809598,False,852.7775459289551
de_plus,7,F7: Hybrid Function 2,20,30,1000000,2023.1421599619737,23.142159961973675,False,846.5698599815369
de_plus,8,F8: Hybrid Function 3,20,1,1000000,2222.555516235504,22.555516235504,False,1193.9992163181305
de_plus,8,F8: Hybrid Function 3,20,2,1000000,2222.1737208222085,22.17372082220845,False,1189.3734378814695
de_plus,8,F8: Hybrid Function 3,20,3,1000000,2221.871182997865,21.87118299786516,False,1194.24218916893
de_plus,8,F8: Hybrid Function 3,20,4,1000000,2223.180269990079,23.18026999007907,False,1197.7226302623749
de_plus,8,F8: Hybrid Function 3,20,5,1000000,2221.9488810800003,21.94888108000032,False,1197.4368076324463
de_plus,8,F8: Hybrid Function 3,20,6,1000000,2210.11202715074,10.112027150739324,False,1189.7366564273834
de_plus,8,F8: Hybrid Function 3,20,7,1000000,2248.099649114829,48.099649114828935,False,1191.219204902649
de_plus,8,F8: Hybrid Function 3,20,8,1000000,2222.560012394922,22.56001239492207,False,1193.871854543686
de_plus,8,F8: Hybrid Function 3,20,9,1000000,2223.026378280368,23.02637828036813,False,1192.4788613319397
de_plus,8,F8: Hybrid Function 3,20,10,1000000,2221.4652307828524,21.46523078285236,False,1192.114448070526
de_plus,8,F8: Hybrid Function 3,20,11,1000000,2222.724531899581,22.724531899581507,False,1195.2805287837982
de_plus,8,F8: Hybrid Function 3,20,12,1000000,2222.1344030640694,22.13440306406937,False,1195.3188681602478
de_plus,8,F8: Hybrid Function 3,20,13,1000000,2222.380989007127,22.380989007127027,False,1194.0974688529968
de_plus,8,F8: Hybrid Function 3,20,14,1000000,2222.642150653844,22.6421506538436,False,1192.887689590454
de_plus,8,F8: Hybrid Function 3,20,15,1000000,2222.05268285938,22.052682859380184,False,1191.7995812892914
de_plus,8,F8: Hybrid Function 3,20,16,1000000,2221.6226888134684,21.62268881346836,False,1192.777706861496
de_plus,8,F8: Hybrid Function 3,20,17,1000000,2222.590844866064,22.59084486606389,False,1191.4598038196564
de_plus,8,F8: Hybrid Function 3,20,18,1000000,2222.251521327412,22.251521327411865,False,1191.5112662315369
de_plus,8,F8: Hybrid Function 3,20,19,1000000,2222.163019421783,22.163019421782792,False,1194.6588745117188
de_plus,8,F8: Hybrid Function 3,20,20,1000000,2223.5200324962534,23.520032496253407,False,1196.892350912094
de_plus,8,F8: Hybrid Function 3,20,21,1000000,2222.0063761244955,22.006376124495542,False,1221.2275354862213
de_plus,8,F8: Hybrid Function 3,20,22,1000000,2223.5197177691134,23.519717769113413,False,1245.148238658905
de_plus,8,F8: Hybrid Function 3,20,23,1000000,2222.3404989577166,22.34049895771659,False,1245.2971634864807
de_plus,8,F8: Hybrid Function 3,20,24,1000000,2223.12516269834,23.125162698339864,False,1243.3550641536713
de_plus,8,F8: Hybrid Function 3,20,25,1000000,2222.4414216657105,22.44142166571055,False,1241.8083748817444
de_plus,8,F8: Hybrid Function 3,20,26,1000000,2222.717875836276,22.717875836275653,False,1230.4387860298157
de_plus,8,F8: Hybrid Function 3,20,27,1000000,2222.8841163822854,22.88411638228536,False,1233.5615148544312
de_plus,8,F8: Hybrid Function 3,20,28,1000000,2222.090426224063,22.090426224062867,False,1237.8202350139618
de_plus,8,F8: Hybrid Function 3,20,29,1000000,2223.177925666911,23.17792566691105,False,1228.8401699066162
de_plus,8,F8: Hybrid Function 3,20,30,1000000,2222.186999710116,22.186999710115742,False,1230.7925715446472
de_plus,9,F9: Composition Function 1,20,1,1000000,2646.065917621383,346.06591762138305,False,181.16493582725525
de_plus,9,F9: Composition Function 1,20,2,1000000,2635.644703066409,335.64470306640897,False,182.2219607830048
de_plus,9,F9: Composition Function 1,20,3,1000000,2638.050529176342,338.050529176342,False,177.67019605636597
de_plus,9,F9: Composition Function 1,20,4,1000000,2655.75170437691,355.75170437690986,False,176.12014842033386
de_plus,9,F9: Composition Function 1,20,5,1000000,2666.864542395445,366.8645423954449,False,175.9774775505066
de_plus,9,F9: Composition Function 1,20,6,1000000,2687.805615724667,387.80561572466695,False,175.99719738960266
de_plus,9,F9: Composition Function 1,20,7,1000000,2645.106146148786,345.10614614878614,False,176.73478364944458
de_plus,9,F9: Composition Function 1,20,8,1000000,2649.829134843721,349.82913484372057,False,177.37810921669006
de_plus,9,F9: Composition Function 1,20,9,1000000,2643.2594572221947,343.25945722219467,False,176.98669934272766
de_plus,9,F9: Composition Function 1,20,10,1000000,2637.645268428316,337.64526842831583,False,177.63972067832947
de_plus,9,F9: Composition Function 1,20,11,1000000,2652.5484379447635,352.54843794476346,False,177.37296557426453
de_plus,9,F9: Composition Function 1,20,12,1000000,2644.2161139745835,344.21611397458355,False,176.88503885269165
de_plus,9,F9: Composition Function 1,20,13,1000000,2646.573330974117,346.5733309741172,False,176.43467712402344
de_plus,9,F9: Composition Function 1,20,14,1000000,2648.1296225359915,348.1296225359916,False,177.0765724182129
de_plus,9,F9: Composition Function 1,20,15,1000000,2660.4481410965795,360.4481410965796,False,176.93870544433594
de_plus,9,F9: Composition Function 1,20,16,1000000,2664.353482800313,364.353482800313,False,176.20452451705933
de_plus,9,F9: Composition Function 1,20,17,1000000,2642.209481252658,342.20948125265795,False,172.54110312461853
de_plus,9,F9: Composition Function 1,20,18,1000000,2635.6390531655,335.6390531655002,False,171.36262583732605
de_plus,9,F9: Composition Function 1,20,19,1000000,2645.608963422798,345.60896342279784,False,171.96281814575195
de_plus,9,F9: Composition Function 1,20,20,1000000,2651.9249569761378,351.92495697613776,False,169.48006558418274
de_plus,9,F9: Composition Function 1,20,21,1000000,2636.743988869635,336.7439888696349,False,169.8285994529724
de_plus,9,F9: Composition Function 1,20,22,1000000,2643.0848127353843,343.0848127353843,False,169.90492701530457
de_plus,9,F9: Composition Function 1,20,23,1000000,2635.8704369696256,335.87043696962564,False,171.31627345085144
de_plus,9,F9: Composition Function 1,20,24,1000000,2635.6446056731297,335.6446056731297,False,170.4206862449646
de_plus,9,F9: Composition Function 1,20,25,1000000,2644.160482360629,344.16048236062943,False,178.02756905555725
de_plus,9,F9: Composition Function 1,20,26,1000000,2652.382011314144,352.38201131414417,False,178.6806788444519
de_plus,9,F9: Composition Function 1,20,27,1000000,2648.434055545588,348.43405554558785,False,180.85830855369568
de_plus,9,F9: Composition Function 1,20,28,1000000,2636.5958959914888,336.5958959914888,False,180.13858485221863
de_plus,9,F9: Composition Function 1,20,29,1000000,2651.813734324877,351.8137343248768,False,182.6549971103668
de_plus,9,F9: Composition Function 1,20,30,1000000,2639.6738572557965,339.6738572557965,False,180.33244490623477
de_plus,10,F10: Composition Function 2,20,1,1000000,2798.4672392243074,398.4672392243074,False,185.92782068252563
de_plus,10,F10: Composition Function 2,20,2,1000000,2819.5120167115115,419.5120167115115,False,186.7419409751892
de_plus,10,F10: Composition Function 2,20,3,1000000,2823.4237731210405,423.4237731210405,False,184.75128817558289
de_plus,10,F10: Composition Function 2,20,4,1000000,3493.428218147864,1093.4282181478638,False,187.07115507125852
de_plus,10,F10: Composition Function 2,20,5,1000000,2823.597615852533,423.5976158525332,False,186.59028792381287
de_plus,10,F10: Composition Function 2,20,6,1000000,2806.26512555879,406.2651255587898,False,188.24355936050412
de_plus,10,F10: Composition Function 2,20,7,1000000,2800.2741516725805,400.2741516725805,False,185.4224238395691
de_plus,10,F10: Composition Function 2,20,8,1000000,2801.0660941543456,401.0660941543456,False,187.0662398338318
de_plus,10,F10: Composition Function 2,20,9,1000000,2802.6440247428645,402.6440247428645,False,185.4444003105164
de_plus,10,F10: Composition Function 2,20,10,1000000,2803.325380968293,403.3253809682929,False,188.0385603904724
de_plus,10,F10: Composition Function 2,20,11,1000000,2802.416479991964,402.4164799919636,False,184.31732511520383
de_plus,10,F10: Composition Function 2,20,12,1000000,3318.7635628637595,918.7635628637596,False,185.58681726455688
de_plus,10,F10: Composition Function 2,20,13,1000000,2918.213622469474,518.2136224694741,False,189.58538675308228
de_plus,10,F10: Composition Function 2,20,14,1000000,3579.840420493947,1179.840420493947,False,177.8724648952484
de_plus,10,F10: Composition Function 2,20,15,1000000,2798.876905488309,398.8769054883092,False,175.0557825565338
de_plus,10,F10: Composition Function 2,20,16,1000000,2800.8548463231623,400.8548463231623,False,176.45487809181213
de_plus,10,F10: Composition Function 2,20,17,1000000,2805.4167216425085,405.4167216425085,False,176.82316875457764
de_plus,10,F10: Composition Function 2,20,18,1000000,3832.6227528811446,1432.6227528811446,False,177.52840209007263
de_plus,10,F10: Composition Function 2,20,19,1000000,2827.5920813938305,427.59208139383054,False,176.58776950836182
de_plus,10,F10: Composition Function 2,20,20,1000000,2953.6904086698623,553.6904086698623,False,174.91114163398743
de_plus,10,F10: Composition Function 2,20,21,1000000,2802.161629697912,402.1616296979119,False,175.18647527694702
de_plus,10,F10: Composition Function 2,20,22,1000000,2801.634059013331,401.6340590133309,False,176.04392790794373
de_plus,10,F10: Composition Function 2,20,23,1000000,2800.24224367671,400.2422436767101,False,178.21013927459717
de_plus,10,F10: Composition Function 2,20,24,1000000,2793.995979294343,393.9959792943432,False,177.09007263183594
de_plus,10,F10: Composition Function 2,20,25,1000000,2885.4474131904653,485.4474131904653,False,176.25139141082764
de_plus,10,F10: Composition Function 2,20,26,1000000,2811.0429369162166,411.0429369162166,False,185.9893643856049
de_plus,10,F10: Composition Function 2,20,27,1000000,2817.942766440936,417.9427664409359,False,196.77642822265625
de_plus,10,F10: Composition Function 2,20,28,1000000,2808.269403379444,408.26940337944416,False,183.55984258651733
de_plus,10,F10: Composition Function 2,20,29,1000000,2960.5983047020727,560.5983047020727,False,192.32308673858645
de_plus,10,F10: Composition Function 2,20,30,1000000,2798.944616494462,398.944616494462,False,194.42754554748532
de_plus,11,F11: Composition Function 3,20,1,1000000,3656.228451825744,1056.2284518257438,False,281.2501337528229
de_plus,11,F11: Composition Function 3,20,2,1000000,2631.2553944700257,31.25539447002575,False,271.4772174358368
de_plus,11,F11: Composition Function 3,20,3,1000000,2705.862781818634,105.86278181863464,False,279.5820956230164
de_plus,11,F11: Composition Function 3,20,4,1000000,2697.1516139043792,97.15161390437925,False,270.93142104148865
de_plus,11,F11: Composition Function 3,20,5,1000000,2627.179638189217,27.179638189216803,False,269.3454728126526
de_plus,11,F11: Composition Function 3,20,6,1000000,2981.049687682188,381.0496876821881,False,262.40061235427856
de_plus,11,F11: Composition Function 3,20,7,1000000,2626.011673503196,26.01167350319565,False,262.34110736846924
de_plus,11,F11: Composition Function 3,20,8,1000000,2634.55134722562,34.55134722561934,False,258.03631687164307
de_plus,11,F11: Composition Function 3,20,9,1000000,2736.5301615808075,136.53016158080754,False,271.7440299987793
de_plus,11,F11: Composition Function 3,20,10,1000000,2722.7875424150534,122.7875424150534,False,270.22164845466614
de_plus,11,F11: Composition Function 3,20,11,1000000,2630.283760407911,30.283760407910904,False,258.43608140945435
de_plus,11,F11: Composition Function 3,20,12,1000000,2633.653994301268,33.65399430126763,False,262.4184720516205
de_plus,11,F11: Composition Function 3,20,13,1000000,2615.3920795062136,15.392079506213577,False,257.69958758354187
de_plus,11,F11: Composition Function 3,20,14,1000000,2620.1030195841613,20.103019584161306,False,251.02982997894287
de_plus,11,F11: Composition Function 3,20,15,1000000,2621.294433496012,21.294433496011607,False,250.46243834495544
de_plus,11,F11: Composition Function 3,20,16,1000000,2661.627900255376,61.62790025537561,False,260.7368972301483
de_plus,11,F11: Composition Function 3,20,17,1000000,2627.842197069036,27.842197069035592,False,248.19585275650024
de_plus,11,F11: Composition Function 3,20,18,1000000,2603.429485873373,3.429485873372869,False,238.59464073181152
de_plus,11,F11: Composition Function 3,20,19,1000000,2651.5282791332647,51.52827913326473,False,243.3287374973297
de_plus,11,F11: Composition Function 3,20,20,1000000,2623.0507959744778,23.05079597447775,False,238.86875915527344
de_plus,11,F11: Composition Function 3,20,21,1000000,2623.3591825669387,23.35918256693867,False,239.67237854003903
de_plus,11,F11: Composition Function 3,20,22,1000000,2677.039881653568,77.03988165356759,False,235.12048745155332
de_plus,11,F11: Composition Function 3,20,23,1000000,2658.3135285101994,58.313528510199376,False,243.8746662139893
de_plus,11,F11: Composition Function 3,20,24,1000000,2613.057577413528,13.05757741352818,False,241.9590208530426
de_plus,11,F11: Composition Function 3,20,25,1000000,2623.581410217867,23.58141021786696,False,197.7985000610352
de_plus,11,F11: Composition Function 3,20,26,1000000,2647.743751425792,47.7437514257922,False,261.4248023033142
de_plus,11,F11: Composition Function 3,20,27,1000000,2621.312433694349,21.312433694348783,False,264.24538588523865
de_plus,11,F11: Composition Function 3,20,28,1000000,2648.697723002308,48.69772300230761,False,246.05821919441223
de_plus,11,F11: Composition Function 3,20,29,1000000,2625.551652762446,25.551652762445883,False,250.0342810153961
de_plus,11,F11: Composition Function 3,20,30,1000000,2635.8962986081465,35.89629860814648,False,233.63361954689023
de_plus,12,F12: Composition Function 4,20,1,1000000,2938.2850349288437,238.2850349288433,False,253.0435333251953
de_plus,12,F12: Composition Function 4,20,2,1000000,2942.9085992401338,242.90859924013373,False,253.38121056556705
de_plus,12,F12: Composition Function 4,20,3,1000000,2940.719366349232,240.71936634923168,False,252.0251133441925
de_plus,12,F12: Composition Function 4,20,4,1000000,2938.217639760905,238.21763976090503,False,253.129558801651
de_plus,12,F12: Composition Function 4,20,5,1000000,2947.5498866526164,247.54988665261635,False,253.7420554161072
de_plus,12,F12: Composition Function 4,20,6,1000000,2942.697407568661,242.6974075686612,False,254.79347610473636
de_plus,12,F12: Composition Function 4,20,7,1000000,2958.769685703645,258.7696857036449,False,253.53076028823853
de_plus,12,F12: Composition Function 4,20,8,1000000,2936.816604671836,236.81660467183565,False,254.8293397426605
de_plus,12,F12: Composition Function 4,20,9,1000000,2940.568139096861,240.5681390968612,False,255.51581597328183
de_plus,12,F12: Composition Function 4,20,10,1000000,2946.2066890181777,246.2066890181777,False,254.68603706359863
de_plus,12,F12: Composition Function 4,20,11,1000000,2939.8492168131324,239.84921681313244,False,253.6881895065308
de_plus,12,F12: Composition Function 4,20,12,1000000,2938.7329439527302,238.73294395273024,False,255.59571242332456
de_plus,12,F12: Composition Function 4,20,13,1000000,2946.3795332691143,246.3795332691143,False,253.698605298996
de_plus,12,F12: Composition Function 4,20,14,1000000,2938.415971308906,238.4159713089061,False,251.4532310962677
de_plus,12,F12: Composition Function 4,20,15,1000000,2936.3095110531567,236.3095110531567,False,252.27394700050357
de_plus,12,F12: Composition Function 4,20,16,1000000,2970.372000636614,270.37200063661385,False,255.097115278244
de_plus,12,F12: Composition Function 4,20,17,1000000,2948.053242116535,248.05324211653488,False,252.7081611156464
de_plus,12,F12: Composition Function 4,20,18,1000000,2942.3282095449194,242.32820954491945,False,253.4068069458008
de_plus,12,F12: Composition Function 4,20,19,1000000,2949.616841361297,249.61684136129725,False,253.0171103477478
de_plus,12,F12: Composition Function 4,20,20,1000000,2939.101374538788,239.1013745387877,False,252.35293817520144
de_plus,12,F12: Composition Function 4,20,21,1000000,2944.126609185474,244.12660918547408,False,255.54364466667172
de_plus,12,F12: Composition Function 4,20,22,1000000,2977.051064693415,277.0510646934149,False,251.7100615501404
de_plus,12,F12: Composition Function 4,20,23,1000000,2951.9171627552428,251.9171627552428,False,254.1109757423401
de_plus,12,F12: Composition Function 4,20,24,1000000,2939.360915512179,239.36091551217896,False,253.88889908790588
de_plus,12,F12: Composition Function 4,20,25,1000000,2938.111883362999,238.11188336299887,False,254.19142985343933
de_plus,12,F12: Composition Function 4,20,26,1000000,2940.4046761159198,240.4046761159193,False,257.1026883125305
de_plus,12,F12: Composition Function 4,20,27,1000000,2941.5881677755947,241.58816777559468,False,255.51066398620603
de_plus,12,F12: Composition Function 4,20,28,1000000,2935.389135217405,235.38913521740503,False,260.6176133155823
de_plus,12,F12: Composition Function 4,20,29,1000000,2952.636440384256,252.63644038425585,False,260.0157148838043
de_plus,12,F12: Composition Function 4,20,30,1000000,2939.579182047581,239.57918204758107,False,258.8528835773468
de_pso,1,F1: Shifted and full Rotated Zakharov Function,10,1,200000,300.0,0.0,True,11.133344888687134
de_pso,1,F1: Shifted and full Rotated Zakharov Function,10,2,200000,300.0,0.0,True,10.758395910263062
de_pso,1,F1: Shifted and full Rotated Zakharov Function,10,3,200000,300.0,0.0,True,10.692678213119509
de_pso,1,F1: Shifted and full Rotated Zakharov Function,10,4,200000,300.0,0.0,True,10.7983717918396
de_pso,1,F1: Shifted and full Rotated Zakharov Function,10,5,200000,300.0,0.0,True,10.162317276000977
de_pso,1,F1: Shifted and full Rotated Zakharov Function,10,6,200000,300.0,0.0,True,10.66543960571289
de_pso,1,F1: Shifted and full Rotated Zakharov Function,10,7,200000,300.0,0.0,True,9.920456886291504
de_pso,1,F1: Shifted and full Rotated Zakharov Function,10,8,200000,300.0,0.0,True,10.086504936218262
de_pso,1,F1: Shifted and full Rotated Zakharov Function,10,9,200000,300.0,0.0,True,9.990719556808472
de_pso,1,F1: Shifted and full Rotated Zakharov Function,10,10,200000,300.0,0.0,True,10.746983528137209
de_pso,1,F1: Shifted and full Rotated Zakharov Function,10,11,200000,300.0,0.0,True,10.857088088989258
de_pso,1,F1: Shifted and full Rotated Zakharov Function,10,12,200000,300.0,0.0,True,10.08466911315918
de_pso,1,F1: Shifted and full Rotated Zakharov Function,10,13,200000,300.0,0.0,True,10.536752700805664
de_pso,1,F1: Shifted and full Rotated Zakharov Function,10,14,200000,300.0,0.0,True,10.74137544631958
de_pso,1,F1: Shifted and full Rotated Zakharov Function,10,15,200000,300.0,0.0,True,10.827082395553589
de_pso,1,F1: Shifted and full Rotated Zakharov Function,10,16,200000,300.0,0.0,True,10.554415702819824
de_pso,1,F1: Shifted and full Rotated Zakharov Function,10,17,200000,300.0,0.0,True,10.347214221954346
de_pso,1,F1: Shifted and full Rotated Zakharov Function,10,18,200000,300.0,0.0,True,10.881762742996216
de_pso,1,F1: Shifted and full Rotated Zakharov Function,10,19,200000,300.0,0.0,True,10.063714504241943
de_pso,1,F1: Shifted and full Rotated Zakharov Function,10,20,200000,300.0,0.0,True,10.65863275527954
de_pso,1,F1: Shifted and full Rotated Zakharov Function,10,21,200000,300.0,0.0,True,10.536173343658447
de_pso,1,F1: Shifted and full Rotated Zakharov Function,10,22,200000,300.0,0.0,True,10.47566533088684
de_pso,1,F1: Shifted and full Rotated Zakharov Function,10,23,200000,300.0,0.0,True,10.541040182113647
de_pso,1,F1: Shifted and full Rotated Zakharov Function,10,24,200000,300.0,0.0,True,10.656615257263184
de_pso,1,F1: Shifted and full Rotated Zakharov Function,10,25,200000,300.0,0.0,True,10.332642078399658
de_pso,1,F1: Shifted and full Rotated Zakharov Function,10,26,200000,300.0,0.0,True,9.866323471069336
de_pso,1,F1: Shifted and full Rotated Zakharov Function,10,27,200000,300.0,0.0,True,10.281506299972534
de_pso,1,F1: Shifted and full Rotated Zakharov Function,10,28,200000,300.0,0.0,True,10.314017295837402
de_pso,1,F1: Shifted and full Rotated Zakharov Function,10,29,200000,300.0,0.0,True,10.338853120803831
de_pso,1,F1: Shifted and full Rotated Zakharov Function,10,30,200000,300.0,0.0,True,10.188231706619264
de_pso,2,F2: Shifted and Rotated Rosenbrock’s Function,10,1,200000,408.916165484768,8.916165484768044,False,12.384154319763184
de_pso,2,F2: Shifted and Rotated Rosenbrock’s Function,10,2,200000,407.5541219846672,7.554121984667176,False,11.893038511276243
de_pso,2,F2: Shifted and Rotated Rosenbrock’s Function,10,3,200000,408.9161087239592,8.916108723959212,False,11.868021965026855
de_pso,2,F2: Shifted and Rotated Rosenbrock’s Function,10,4,200000,404.0038339879528,4.003833987952817,False,11.5437331199646
de_pso,2,F2: Shifted and Rotated Rosenbrock’s Function,10,5,200000,408.9161019277813,8.916101927781312,False,11.935702085494995
de_pso,2,F2: Shifted and Rotated Rosenbrock’s Function,10,6,200000,419.46166079671104,19.461660796711044,False,11.93633770942688
de_pso,2,F2: Shifted and Rotated Rosenbrock’s Function,10,7,200000,480.0192772546633,80.01927725466328,False,12.00406551361084
de_pso,2,F2: Shifted and Rotated Rosenbrock’s Function,10,8,200000,408.9161443016664,8.91614430166635,False,12.164000988006592
de_pso,2,F2: Shifted and Rotated Rosenbrock’s Function,10,9,200000,408.9161019277813,8.916101927781312,False,12.176139116287231
de_pso,2,F2: Shifted and Rotated Rosenbrock’s Function,10,10,200000,404.0034563740688,4.003456374068776,False,11.512993097305298
de_pso,2,F2: Shifted and Rotated Rosenbrock’s Function,10,11,200000,408.0023248862847,8.002324886284669,False,12.405991315841677
de_pso,2,F2: Shifted and Rotated Rosenbrock’s Function,10,12,200000,408.9161019277813,8.916101927781312,False,12.336650133132936
de_pso,2,F2: Shifted and Rotated Rosenbrock’s Function,10,13,200000,408.9161019277813,8.916101927781312,False,12.076993227005005
de_pso,2,F2: Shifted and Rotated Rosenbrock’s Function,10,14,200000,404.0015436063164,4.001543606316432,False,12.789113998413086
de_pso,2,F2: Shifted and Rotated Rosenbrock’s Function,10,15,200000,408.9161019277813,8.916101927781312,False,12.152820348739624
de_pso,2,F2: Shifted and Rotated Rosenbrock’s Function,10,16,200000,404.00115813884304,4.001158138843039,False,12.328174591064451
de_pso,2,F2: Shifted and Rotated Rosenbrock’s Function,10,17,200000,408.94104237581615,8.941042375816153,False,12.576222896575928
de_pso,2,F2: Shifted and Rotated Rosenbrock’s Function,10,18,200000,408.9161019283877,8.916101928387718,False,12.89638376235962
de_pso,2,F2: Shifted and Rotated Rosenbrock’s Function,10,19,200000,408.9161019277813,8.916101927781312,False,12.350093126296995
de_pso,2,F2: Shifted and Rotated Rosenbrock’s Function,10,20,200000,408.9161019277813,8.916101927781312,False,12.204911231994627
de_pso,2,F2: Shifted and Rotated Rosenbrock’s Function,10,21,200000,408.9161019277813,8.916101927781312,False,12.400655031204224
de_pso,2,F2: Shifted and Rotated Rosenbrock’s Function,10,22,200000,408.9161019277813,8.916101927781312,False,12.113285303115845
de_pso,2,F2: Shifted and Rotated Rosenbrock’s Function,10,23,200000,408.9161019277813,8.916101927781312,False,12.164577960968018
de_pso,2,F2: Shifted and Rotated Rosenbrock’s Function,10,24,200000,408.9195376791595,8.919537679159475,False,12.94716739654541
de_pso,2,F2: Shifted and Rotated Rosenbrock’s Function,10,25,200000,408.9161019277813,8.916101927781312,False,12.444455862045288
de_pso,2,F2: Shifted and Rotated Rosenbrock’s Function,10,26,200000,408.9161019277813,8.916101927781312,False,12.06123113632202
de_pso,2,F2: Shifted and Rotated Rosenbrock’s Function,10,27,200000,407.5541219846672,7.554121984667176,False,12.249733924865724
de_pso,2,F2: Shifted and Rotated Rosenbrock’s Function,10,28,200000,407.5541219846672,7.554121984667176,False,12.434324741363524
de_pso,2,F2: Shifted and Rotated Rosenbrock’s Function,10,29,200000,470.7810838140557,70.7810838140557,False,12.34916353225708
de_pso,2,F2: Shifted and Rotated Rosenbrock’s Function,10,30,200000,407.5541219846672,7.554121984667176,False,12.071078777313232
de_pso,3,F3: Shifted and full Rotated Expanded Schaffer’s F7,10,1,200000,600.0,0.0,True,16.37332582473755
de_pso,3,F3: Shifted and full Rotated Expanded Schaffer’s F7,10,2,200000,600.0,0.0,True,16.286115884780884
de_pso,3,F3: Shifted and full Rotated Expanded Schaffer’s F7,10,3,200000,600.0,0.0,True,16.193172454833984
de_pso,3,F3: Shifted and full Rotated Expanded Schaffer’s F7,10,4,200000,600.0,0.0,True,16.62970995903015
de_pso,3,F3: Shifted and full Rotated Expanded Schaffer’s F7,10,5,200000,600.0,0.0,True,16.29004430770874
de_pso,3,F3: Shifted and full Rotated Expanded Schaffer’s F7,10,6,200000,600.0,0.0,True,16.80312991142273
de_pso,3,F3: Shifted and full Rotated Expanded Schaffer’s F7,10,7,200000,600.0,0.0,True,16.255929946899414
de_pso,3,F3: Shifted and full Rotated Expanded Schaffer’s F7,10,8,200000,600.0,0.0,True,16.8930401802063
de_pso,3,F3: Shifted and full Rotated Expanded Schaffer’s F7,10,9,200000,600.0,0.0,True,16.696793794631958
de_pso,3,F3: Shifted and full Rotated Expanded Schaffer’s F7,10,10,200000,600.0,0.0,True,17.025075674057007
de_pso,3,F3: Shifted and full Rotated Expanded Schaffer’s F7,10,11,200000,600.0,0.0,True,17.388810634613037
de_pso,3,F3: Shifted and full Rotated Expanded Schaffer’s F7,10,12,200000,600.0,0.0,True,16.42289423942566
de_pso,3,F3: Shifted and full Rotated Expanded Schaffer’s F7,10,13,200000,600.0,0.0,True,17.425840139389038
de_pso,3,F3: Shifted and full Rotated Expanded Schaffer’s F7,10,14,200000,600.0,0.0,True,17.207538604736328
de_pso,3,F3: Shifted and full Rotated Expanded Schaffer’s F7,10,15,200000,600.0,0.0,True,16.448808908462524
de_pso,3,F3: Shifted and full Rotated Expanded Schaffer’s F7,10,16,200000,600.0,0.0,True,16.284103870391846
de_pso,3,F3: Shifted and full Rotated Expanded Schaffer’s F7,10,17,200000,600.0,0.0,True,16.11515235900879
de_pso,3,F3: Shifted and full Rotated Expanded Schaffer’s F7,10,18,200000,600.0,0.0,True,15.958710670471191
de_pso,3,F3: Shifted and full Rotated Expanded Schaffer’s F7,10,19,200000,600.0,0.0,True,16.874887704849243
de_pso,3,F3: Shifted and full Rotated Expanded Schaffer’s F7,10,20,200000,600.0,0.0,True,15.814682006835938
de_pso,3,F3: Shifted and full Rotated Expanded Schaffer’s F7,10,21,200000,600.0,0.0,True,16.431251525878906
de_pso,3,F3: Shifted and full Rotated Expanded Schaffer’s F7,10,22,200000,600.0,0.0,True,17.34556245803833
de_pso,3,F3: Shifted and full Rotated Expanded Schaffer’s F7,10,23,200000,600.0,0.0,True,16.546527862548828
de_pso,3,F3: Shifted and full Rotated Expanded Schaffer’s F7,10,24,200000,600.0,0.0,True,16.89373254776001
de_pso,3,F3: Shifted and full Rotated Expanded Schaffer’s F7,10,25,200000,600.0,0.0,True,16.84723424911499
de_pso,3,F3: Shifted and full Rotated Expanded Schaffer’s F7,10,26,200000,600.0,0.0,True,16.476083040237427
de_pso,3,F3: Shifted and full Rotated Expanded Schaffer’s F7,10,27,200000,600.0,0.0,True,16.65594172477722
de_pso,3,F3: Shifted and full Rotated Expanded Schaffer’s F7,10,28,200000,600.0,0.0,True,16.831303358078003
de_pso,3,F3: Shifted and full Rotated Expanded Schaffer’s F7,10,29,200000,600.0,0.0,True,16.799115896224976
de_pso,3,F3: Shifted and full Rotated Expanded Schaffer’s F7,10,30,200000,600.0,0.0,True,16.941772937774658
de_pso,4,F4: Shifted and Rotated Non-Continuous Rastrigin’s Function,10,1,200000,820.0,20.0,False,22.942991018295288
de_pso,4,F4: Shifted and Rotated Non-Continuous Rastrigin’s Function,10,2,200000,820.0,20.0,False,22.237542629241943
de_pso,4,F4: Shifted and Rotated Non-Continuous Rastrigin’s Function,10,3,200000,826.4345033044918,26.43450330449184,False,22.02888798713684
de_pso,4,F4: Shifted and Rotated Non-Continuous Rastrigin’s Function,10,4,200000,812.0,12.0,False,22.379074811935425
de_pso,4,F4: Shifted and Rotated Non-Continuous Rastrigin’s Function,10,5,200000,822.0000000000947,22.0000000000947,False,22.37776470184326
de_pso,4,F4: Shifted and Rotated Non-Continuous Rastrigin’s Function,10,6,200000,820.2363074763314,20.236307476331376,False,22.583070278167725
de_pso,4,F4: Shifted and Rotated Non-Continuous Rastrigin’s Function,10,7,200000,832.0,32.0,False,22.45148515701294
de_pso,4,F4: Shifted and Rotated Non-Continuous Rastrigin’s Function,10,8,200000,816.0,16.0,False,22.54845213890076
de_pso,4,F4: Shifted and Rotated Non-Continuous Rastrigin’s Function,10,9,200000,820.0,20.0,False,22.235121965408325
de_pso,4,F4: Shifted and Rotated Non-Continuous Rastrigin’s Function,10,10,200000,816.1952231290894,16.195223129089413,False,22.83948135375977
de_pso,4,F4: Shifted and Rotated Non-Continuous Rastrigin’s Function,10,11,200000,822.0000000000001,22.000000000000117,False,24.817347526550293
de_pso,4,F4: Shifted and Rotated Non-Continuous Rastrigin’s Function,10,12,200000,820.0,20.0,False,22.73378539085388
de_pso,4,F4: Shifted and Rotated Non-Continuous Rastrigin’s Function,10,13,200000,826.0,26.0,False,23.045803785324097
de_pso,4,F4: Shifted and Rotated Non-Continuous Rastrigin’s Function,10,14,200000,828.7800577113712,28.780057711371228,False,22.23459506034851
de_pso,4,F4: Shifted and Rotated Non-Continuous Rastrigin’s Function,10,15,200000,823.1829611901186,23.18296119011859,False,23.41317367553711
de_pso,4,F4: Shifted and Rotated Non-Continuous Rastrigin’s Function,10,16,200000,814.0,14.0,False,22.886127471923828
de_pso,4,F4: Shifted and Rotated Non-Continuous Rastrigin’s Function,10,17,200000,818.0,18.0,False,22.160067319869995
de_pso,4,F4: Shifted and Rotated Non-Continuous Rastrigin’s Function,10,18,200000,826.3452807187135,26.345280718713525,False,21.99231433868408
de_pso,4,F4: Shifted and Rotated Non-Continuous Rastrigin’s Function,10,19,200000,814.0,14.0,False,22.63790774345398
de_pso,4,F4: Shifted and Rotated Non-Continuous Rastrigin’s Function,10,20,200000,816.0,16.0,False,22.172243118286133
de_pso,4,F4: Shifted and Rotated Non-Continuous Rastrigin’s Function,10,21,200000,816.0,16.0,False,22.21544313430786
de_pso,4,F4: Shifted and Rotated Non-Continuous Rastrigin’s Function,10,22,200000,822.0,22.0,False,22.14115190505981
de_pso,4,F4: Shifted and Rotated Non-Continuous Rastrigin’s Function,10,23,200000,814.0,14.0,False,22.359095811843872
de_pso,4,F4: Shifted and Rotated Non-Continuous Rastrigin’s Function,10,24,200000,824.0016140182728,24.00161401827279,False,22.506760358810425
de_pso,4,F4: Shifted and Rotated Non-Continuous Rastrigin’s Function,10,25,200000,822.0000000000057,22.000000000005684,False,22.88840126991272
de_pso,4,F4: Shifted and Rotated Non-Continuous Rastrigin’s Function,10,26,200000,830.0000000000006,30.00000000000057,False,21.900412797927856
de_pso,4,F4: Shifted and Rotated Non-Continuous Rastrigin’s Function,10,27,200000,834.6733048068213,34.67330480682131,False,22.506349325180054
de_pso,4,F4: Shifted and Rotated Non-Continuous Rastrigin’s Function,10,28,200000,822.0,22.0,False,23.94163155555725
de_pso,4,F4: Shifted and Rotated Non-Continuous Rastrigin’s Function,10,29,200000,827.9454889328781,27.945488932878103,False,22.73411250114441
de_pso,4,F4: Shifted and Rotated Non-Continuous Rastrigin’s Function,10,30,200000,828.000000001598,28.000000001597986,False,22.70958137512207
de_pso,5,F5: Shifted and Rotated Levy Function,10,1,200000,900.0,0.0,True,14.387369155883787
de_pso,5,F5: Shifted and Rotated Levy Function,10,2,200000,900.0,0.0,True,14.583309650421144
de_pso,5,F5: Shifted and Rotated Levy Function,10,3,200000,900.0,0.0,True,13.80726170539856
de_pso,5,F5: Shifted and Rotated Levy Function,10,4,200000,900.0,0.0,True,13.841739892959597
de_pso,5,F5: Shifted and Rotated Levy Function,10,5,200000,900.0,0.0,True,14.015809297561646
de_pso,5,F5: Shifted and Rotated Levy Function,10,6,200000,900.0,0.0,True,13.826695203781128
de_pso,5,F5: Shifted and Rotated Levy Function,10,7,200000,900.0,0.0,True,13.779771089553831
de_pso,5,F5: Shifted and Rotated Levy Function,10,8,200000,900.0,0.0,True,13.943665504455566
de_pso,5,F5: Shifted and Rotated Levy Function,10,9,200000,900.0,0.0,True,13.86052942276001
de_pso,5,F5: Shifted and Rotated Levy Function,10,10,200000,900.0,0.0,True,14.178008794784546
de_pso,5,F5: Shifted and Rotated Levy Function,10,11,200000,900.0,0.0,True,14.435631275177002
de_pso,5,F5: Shifted and Rotated Levy Function,10,12,200000,900.0,0.0,True,14.04084539413452
de_pso,5,F5: Shifted and Rotated Levy Function,10,13,200000,900.0,0.0,True,14.806929111480711
de_pso,5,F5: Shifted and Rotated Levy Function,10,14,200000,900.0,0.0,True,14.690871477127075
de_pso,5,F5: Shifted and Rotated Levy Function,10,15,200000,900.0,0.0,True,14.841027975082396
de_pso,5,F5: Shifted and Rotated Levy Function,10,16,200000,900.0,0.0,True,14.348290205001833
de_pso,5,F5: Shifted and Rotated Levy Function,10,17,200000,900.0,0.0,True,14.92492938041687
de_pso,5,F5: Shifted and Rotated Levy Function,10,18,200000,900.0,0.0,True,15.082482814788818
de_pso,5,F5: Shifted and Rotated Levy Function,10,19,200000,900.0,0.0,True,14.721840858459473
de_pso,5,F5: Shifted and Rotated Levy Function,10,20,200000,900.0,0.0,True,14.365036010742188
de_pso,5,F5: Shifted and Rotated Levy Function,10,21,200000,900.0,0.0,True,14.158584833145142
de_pso,5,F5: Shifted and Rotated Levy Function,10,22,200000,900.0,0.0,True,14.00069260597229
de_pso,5,F5: Shifted and Rotated Levy Function,10,23,200000,900.0895282504165,0.0895282504164924,False,14.469501256942747
de_pso,5,F5: Shifted and Rotated Levy Function,10,24,200000,900.0,0.0,True,14.748053073883057
de_pso,5,F5: Shifted and Rotated Levy Function,10,25,200000,900.4543240185908,0.4543240185907962,False,14.321709871292114
de_pso,5,F5: Shifted and Rotated Levy Function,10,26,200000,900.0,0.0,True,14.323875188827516
de_pso,5,F5: Shifted and Rotated Levy Function,10,27,200000,900.0,0.0,True,13.836807012557983
de_pso,5,F5: Shifted and Rotated Levy Function,10,28,200000,900.0,0.0,True,14.415157318115234
de_pso,5,F5: Shifted and Rotated Levy Function,10,29,200000,900.0,0.0,True,14.552427768707275
de_pso,5,F5: Shifted and Rotated Levy Function,10,30,200000,900.0,0.0,True,14.446788549423218
de_pso,6,F6: Hybrid Function 1,10,1,200000,43380.25264792504,41580.25264792504,False,16.02206039428711
de_pso,6,F6: Hybrid Function 1,10,2,200000,5285.63854952574,3485.63854952574,False,15.418956518173218
de_pso,6,F6: Hybrid Function 1,10,3,200000,4054.133171464555,2254.133171464555,False,15.795528888702393
de_pso,6,F6: Hybrid Function 1,10,4,200000,7262.162139277307,5462.162139277307,False,15.480172872543337
de_pso,6,F6: Hybrid Function 1,10,5,200000,4062.9451776756505,2262.9451776756505,False,15.536942481994627
de_pso,6,F6: Hybrid Function 1,10,6,200000,2351.2189702661226,551.2189702661226,False,15.622490644454956
de_pso,6,F6: Hybrid Function 1,10,7,200000,4917.432708623817,3117.432708623817,False,16.525001049041748
de_pso,6,F6: Hybrid Function 1,10,8,200000,2904.397695611068,1104.3976956110682,False,16.122132539749146
de_pso,6,F6: Hybrid Function 1,10,9,200000,3752.328758282238,1952.328758282238,False,16.949671506881714
de_pso,6,F6: Hybrid Function 1,10,10,200000,44737.185911387605,42937.185911387605,False,16.601459741592407
de_pso,6,F6: Hybrid Function 1,10,11,200000,15628.581312476272,13828.581312476272,False,16.28920340538025
de_pso,6,F6: Hybrid Function 1,10,12,200000,2475.612362894473,675.6123628944729,False,16.132488012313843
de_pso,6,F6: Hybrid Function 1,10,13,200000,13210.832233713742,11410.832233713742,False,16.686556339263916
de_pso,6,F6: Hybrid Function 1,10,14,200000,6083.2577842317,4283.2577842317,False,16.40363907814026
de_pso,6,F6: Hybrid Function 1,10,15,200000,7116.245997041076,5316.245997041076,False,17.068124294281006
de_pso,6,F6: Hybrid Function 1,10,16,200000,3324.876808394064,1524.8768083940636,False,17.211673498153687
de_pso,6,F6: Hybrid Function 1,10,17,200000,2627.6647183970244,827.6647183970244,False,16.124382257461548
de_pso,6,F6: Hybrid Function 1,10,18,200000,17503.314477801006,15703.314477801006,False,16.494895458221436
de_pso,6,F6: Hybrid Function 1,10,19,200000,3155.2995324793737,1355.2995324793735,False,16.169565439224243
de_pso,6,F6: Hybrid Function 1,10,20,200000,18413.567583073444,16613.567583073444,False,16.242916107177734
de_pso,6,F6: Hybrid Function 1,10,21,200000,2333.638689306922,533.6386893069221,False,16.01684045791626
de_pso,6,F6: Hybrid Function 1,10,22,200000,6270.014813424513,4470.014813424513,False,16.67352819442749
de_pso,6,F6: Hybrid Function 1,10,23,200000,2985.7451226649328,1185.7451226649328,False,15.719155550003052
de_pso,6,F6: Hybrid Function 1,10,24,200000,3309.226911315368,1509.226911315368,False,16.391550064086914
de_pso,6,F6: Hybrid Function 1,10,25,200000,3621.358714066777,1821.358714066777,False,16.241657495498657
de_pso,6,F6: Hybrid Function 1,10,26,200000,5486.0608267683765,3686.060826768377,False,15.537065267562866
de_pso,6,F6: Hybrid Function 1,10,27,200000,5166.669698555515,3366.6696985555154,False,15.92611837387085
de_pso,6,F6: Hybrid Function 1,10,28,200000,4478.113977842894,2678.113977842894,False,16.237643241882324
de_pso,6,F6: Hybrid Function 1,10,29,200000,3396.9568338413897,1596.9568338413897,False,14.955074310302734
de_pso,6,F6: Hybrid Function 1,10,30,200000,8332.330846392904,6532.330846392904,False,15.714116096496582
de_pso,7,F7: Hybrid Function 2,10,1,200000,2020.0204375518808,20.020437551880832,False,103.16387438774107
de_pso,7,F7: Hybrid Function 2,10,2,200000,2023.8145141510572,23.81451415105744,False,102.16336941719057
de_pso,7,F7: Hybrid Function 2,10,3,200000,2022.231665799913,22.23166579991289,False,104.97157168388368
de_pso,7,F7: Hybrid Function 2,10,4,200000,2022.864460270372,22.864460270371865,False,105.43517208099364
de_pso,7,F7: Hybrid Function 2,10,5,200000,2023.4857909671016,23.485790967101597,False,105.88999319076538
de_pso,7,F7: Hybrid Function 2,10,6,200000,2006.7941582700405,6.794158270040498,False,104.75476837158205
de_pso,7,F7: Hybrid Function 2,10,7,200000,2023.5874304046492,23.587430404649467,False,104.45725655555724
de_pso,7,F7: Hybrid Function 2,10,8,200000,2019.8645829657037,19.86458296570345,False,104.91019535064696
de_pso,7,F7: Hybrid Function 2,10,9,200000,2022.9159719763284,22.915971976328365,False,99.7678244113922
de_pso,7,F7: Hybrid Function 2,10,10,200000,2126.9010905761384,126.90109057613836,False,101.25014996528624
de_pso,7,F7: Hybrid Function 2,10,11,200000,2021.4864859777952,21.486485977795155,False,99.65732526779176
de_pso,7,F7: Hybrid Function 2,10,12,200000,2122.756941284122,122.75694128412216,False,100.0539095401764
de_pso,7,F7: Hybrid Function 2,10,13,200000,2026.0360185856148,26.036018585614784,False,98.85540652275084
de_pso,7,F7: Hybrid Function 2,10,14,200000,2026.1325752189452,26.13257521894548,False,97.31991600990295
de_pso,7,F7: Hybrid Function 2,10,15,200000,2024.4622090679509,24.46220906795088,False,98.44417905807497
de_pso,7,F7: Hybrid Function 2,10,16,200000,2022.6668427097652,22.666842709765437,False,98.2374656200409
de_pso,7,F7: Hybrid Function 2,10,17,200000,2026.095000297527,26.095000297526667,False,99.48264575004578
de_pso,7,F7: Hybrid Function 2,10,18,200000,2022.1546026354372,22.154602635437413,False,97.30840063095091
de_pso,7,F7: Hybrid Function 2,10,19,200000,2021.8465830828245,21.84658308282451,False,97.57086324691772
de_pso,7,F7: Hybrid Function 2,10,20,200000,2081.852005533963,81.85200553396317,False,98.59336924552916
de_pso,7,F7: Hybrid Function 2,10,21,200000,2020.9688659494052,20.968865949405423,False,98.64375615119934
de_pso,7,F7: Hybrid Function 2,10,22,200000,2023.3940267637104,23.3940267637106,False,98.58436274528503
de_pso,7,F7: Hybrid Function 2,10,23,200000,2020.9960421472365,20.99604214723649,False,97.8658730983734
de_pso,7,F7: Hybrid Function 2,10,24,200000,2021.517677138737,21.517677138737326,False,98.39083290100098
de_pso,7,F7: Hybrid Function 2,10,25,200000,2132.227023761047,132.2270237610469,False,98.30851244926453
de_pso,7,F7: Hybrid Function 2,10,26,200000,2021.2460176677407,21.24601766774072,False,98.11231398582458
de_pso,7,F7: Hybrid Function 2,10,27,200000,2021.6737557141664,21.67375571416665,False,98.0310926437378
de_pso,7,F7: Hybrid Function 2,10,28,200000,2109.600159757463,109.6001597574632,False,96.9882082939148
de_pso,7,F7: Hybrid Function 2,10,29,200000,2119.671269740257,119.67126974025724,False,98.05437064170836
de_pso,7,F7: Hybrid Function 2,10,30,200000,2022.4899180638877,22.489918063887444,False,98.6695408821106
de_pso,8,F8: Hybrid Function 3,10,1,200000,2223.42978569167,23.42978569167008,False,133.046213388443
de_pso,8,F8: Hybrid Function 3,10,2,200000,2634.6961517000614,434.69615170006136,False,132.2253487110138
de_pso,8,F8: Hybrid Function 3,10,3,200000,2201.450863039855,1.450863039854994,False,132.28950142860413
de_pso,8,F8: Hybrid Function 3,10,4,200000,2641.212771240869,441.2127712408692,False,133.59803414344788
de_pso,8,F8: Hybrid Function 3,10,5,200000,2220.891841135115,20.8918411351151,False,132.7295069694519
de_pso,8,F8: Hybrid Function 3,10,6,200000,2326.6244821579858,126.62448215798575,False,133.19883799552915
de_pso,8,F8: Hybrid Function 3,10,7,200000,4862.912570398621,2662.912570398621,False,136.16582012176514
de_pso,8,F8: Hybrid Function 3,10,8,200000,2220.2441473220574,20.24414732205741,False,133.70950269699097
de_pso,8,F8: Hybrid Function 3,10,9,200000,2221.7638401823847,21.763840182384683,False,133.2607386112213
de_pso,8,F8: Hybrid Function 3,10,10,200000,2222.953339642121,22.953339642121136,False,133.25173687934875
de_pso,8,F8: Hybrid Function 3,10,11,200000,2225.088517834328,25.08851783432783,False,132.805734872818
de_pso,8,F8: Hybrid Function 3,10,12,200000,2221.47509813805,21.475098138049816,False,134.26847290992737
de_pso,8,F8: Hybrid Function 3,10,13,200000,2227.5884505479567,27.58845054795665,False,136.71724843978882
de_pso,8,F8: Hybrid Function 3,10,14,200000,2220.393169056969,20.393169056968876,False,138.83273720741272
de_pso,8,F8: Hybrid Function 3,10,15,200000,2221.174109606972,21.1741096069718,False,140.1420168876648
de_pso,8,F8: Hybrid Function 3,10,16,200000,2221.726300253353,21.7263002533532,False,143.2970106601715
de_pso,8,F8: Hybrid Function 3,10,17,200000,2221.684462085592,21.68446208559135,False,138.95833563804626
de_pso,8,F8: Hybrid Function 3,10,18,200000,2221.4685507539803,21.468550753980253,False,138.75966024398804
de_pso,8,F8: Hybrid Function 3,10,19,200000,2222.011174731369,22.01117473136856,False,136.3196325302124
de_pso,8,F8: Hybrid Function 3,10,20,200000,2220.560391026568,20.56039102656769,False,135.57298731803894
de_pso,8,F8: Hybrid Function 3,10,21,200000,2221.3081127723344,21.308112772334425,False,138.0439796447754
de_pso,8,F8: Hybrid Function 3,10,22,200000,2220.7757218601573,20.77572186015732,False,139.64884734153748
de_pso,8,F8: Hybrid Function 3,10,23,200000,2200.7951127914343,0.7951127914343488,False,138.03206968307495
de_pso,8,F8: Hybrid Function 3,10,24,200000,2222.918297035607,22.918297035606884,False,141.3487663269043
de_pso,8,F8: Hybrid Function 3,10,25,200000,2220.372751778537,20.37275177853689,False,139.95261812210083
de_pso,8,F8: Hybrid Function 3,10,26,200000,2220.620071850873,20.62007185087305,False,140.97796750068665
de_pso,8,F8: Hybrid Function 3,10,27,200000,2320.3117006297102,120.31170062971024,False,138.63676142692566
de_pso,8,F8: Hybrid Function 3,10,28,200000,2220.5538450726017,20.55384507260169,False,144.60405683517456
de_pso,8,F8: Hybrid Function 3,10,29,200000,2220.006871806117,20.006871806117037,False,140.23928141593933
de_pso,8,F8: Hybrid Function 3,10,30,200000,2220.735476504144,20.735476504143666,False,143.61825799942017
de_pso,9,F9: Composition Function 1,10,1,200000,2659.0943447803597,359.0943447803593,False,36.130650758743286
de_pso,9,F9: Composition Function 1,10,2,200000,2659.09434478036,359.09434478035973,False,36.23264145851135
de_pso,9,F9: Composition Function 1,10,3,200000,2669.859839337105,369.85983933710486,False,34.45127511024475
de_pso,9,F9: Composition Function 1,10,4,200000,2659.192805180869,359.1928051808695,False,34.962406158447266
de_pso,9,F9: Composition Function 1,10,5,200000,2669.9683784683007,369.9683784683007,False,35.81748723983765
de_pso,9,F9: Composition Function 1,10,6,200000,2664.542434101986,364.54243410198615,False,35.20569086074829
de_pso,9,F9: Composition Function 1,10,7,200000,2664.5424327561923,364.5424327561923,False,35.63301062583923
de_pso,9,F9: Composition Function 1,10,8,200000,2659.09434478036,359.09434478035973,False,35.438791036605835
de_pso,9,F9: Composition Function 1,10,9,200000,2659.0943447803597,359.0943447803593,False,35.612523794174194
de_pso,9,F9: Composition Function 1,10,10,200000,2659.192805180869,359.1928051808695,False,35.02222013473511
de_pso,9,F9: Composition Function 1,10,11,200000,2659.0943447803597,359.0943447803593,False,35.51715445518494
de_pso,9,F9: Composition Function 1,10,12,200000,2670.227884481626,370.227884481626,False,35.14998912811279
de_pso,9,F9: Composition Function 1,10,13,200000,2590.388783321852,290.38878332185186,False,35.65550446510315
de_pso,9,F9: Composition Function 1,10,14,200000,2659.192805180869,359.1928051808691,False,35.131606101989746
de_pso,9,F9: Composition Function 1,10,15,200000,2670.929474679794,370.9294746797941,False,34.89349102973938
de_pso,9,F9: Composition Function 1,10,16,200000,2659.09434478036,359.09434478035973,False,35.3757438659668
de_pso,9,F9: Composition Function 1,10,17,200000,2664.5424327561923,364.5424327561923,False,35.11248183250427
de_pso,9,F9: Composition Function 1,10,18,200000,2670.115269110026,370.115269110026,False,34.56720495223999
de_pso,9,F9: Composition Function 1,10,19,200000,2659.192805180869,359.1928051808695,False,34.82568573951721
de_pso,9,F9: Composition Function 1,10,20,200000,2753.336602099362,453.33660209936215,False,35.490625619888306
de_pso,9,F9: Composition Function 1,10,21,200000,2659.0943447803597,359.0943447803593,False,35.097747802734375
de_pso,9,F9: Composition Function 1,10,22,200000,2670.107683224633,370.1076832246331,False,36.008116722106934
de_pso,9,F9: Composition Function 1,10,23,200000,2670.123208252092,370.1232082520919,False,34.3186514377594
de_pso,9,F9: Composition Function 1,10,24,200000,2670.110288450009,370.1102884500092,False,34.186129570007324
de_pso,9,F9: Composition Function 1,10,25,200000,2659.192805180869,359.1928051808695,False,33.921529054641724
de_pso,9,F9: Composition Function 1,10,26,200000,2664.542432756192,364.54243275619183,False,33.817962646484375
de_pso,9,F9: Composition Function 1,10,27,200000,2670.135637148054,370.1356371480538,False,35.73706912994385
de_pso,9,F9: Composition Function 1,10,28,200000,2669.859804069649,369.8598040696488,False,35.65844964981079
de_pso,9,F9: Composition Function 1,10,29,200000,2659.09434478036,359.09434478035973,False,36.10581707954407
de_pso,9,F9: Composition Function 1,10,30,200000,2665.4704607906874,365.4704607906874,False,34.78002715110779
de_pso,10,F10: Composition Function 2,10,1,200000,2620.87264974898,220.8726497489797,False,36.301528215408325
de_pso,10,F10: Composition Function 2,10,2,200000,2716.809262120002,316.80926212000213,False,36.38271975517273
de_pso,10,F10: Composition Function 2,10,3,200000,2622.5376874926988,222.53768749269875,False,36.7227156162262
de_pso,10,F10: Composition Function 2,10,4,200000,2714.4966631961715,314.49666319617154,False,36.08260941505432
de_pso,10,F10: Composition Function 2,10,5,200000,2620.8726497489797,220.87264974897928,False,36.72602653503418
de_pso,10,F10: Composition Function 2,10,6,200000,2621.6256677711885,221.62566777118852,False,36.170496225357056
de_pso,10,F10: Composition Function 2,10,7,200000,2714.9726276791253,314.97262767912525,False,36.31352639198303
de_pso,10,F10: Composition Function 2,10,8,200000,2620.8726497489797,220.87264974897928,False,36.43384766578674
de_pso,10,F10: Composition Function 2,10,9,200000,2721.285796467684,321.28579646768367,False,36.17474269866944
de_pso,10,F10: Composition Function 2,10,10,200000,2622.197776350271,222.1977763502709,False,37.5351197719574
de_pso,10,F10: Composition Function 2,10,11,200000,2622.151650652296,222.15165065229576,False,38.62718749046326
de_pso,10,F10: Composition Function 2,10,12,200000,2734.7810058131518,334.7810058131513,False,35.974621295928955
de_pso,10,F10: Composition Function 2,10,13,200000,2621.122057282524,221.12205728252368,False,36.531177282333374
de_pso,10,F10: Composition Function 2,10,14,200000,2621.122057282524,221.12205728252368,False,36.81577134132385
de_pso,10,F10: Composition Function 2,10,15,200000,2622.5376874926988,222.53768749269875,False,36.22929787635803
de_pso,10,F10: Composition Function 2,10,16,200000,2620.8726497489797,220.87264974897928,False,36.29403901100159
de_pso,10,F10: Composition Function 2,10,17,200000,2736.221129873508,336.22112987350783,False,36.443708181381226
de_pso,10,F10: Composition Function 2,10,18,200000,2621.232981361361,221.232981361361,False,36.34261441230774
de_pso,10,F10: Composition Function 2,10,19,200000,2620.8726497489797,220.87264974897928,False,36.53733801841736
de_pso,10,F10: Composition Function 2,10,20,200000,2940.276409426524,540.276409426524,False,36.792463064193726
de_pso,10,F10: Composition Function 2,10,21,200000,2735.055143380134,335.0551433801338,False,36.05784606933594
de_pso,10,F10: Composition Function 2,10,22,200000,2732.339242092384,332.3392420923842,False,36.381754636764526
de_pso,10,F10: Composition Function 2,10,23,200000,2621.195896104264,221.1958961042642,False,37.78427052497864
de_pso,10,F10: Composition Function 2,10,24,200000,2621.122057282524,221.12205728252368,False,38.03463363647461
de_pso,10,F10: Composition Function 2,10,25,200000,2621.122057282524,221.12205728252368,False,38.14908385276794
de_pso,10,F10: Composition Function 2,10,26,200000,2620.87264974898,220.8726497489797,False,37.44898223876953
de_pso,10,F10: Composition Function 2,10,27,200000,2622.4738766144164,222.47387661441644,False,38.04979920387268
de_pso,10,F10: Composition Function 2,10,28,200000,2622.5376874926988,222.53768749269875,False,37.249335050582886
de_pso,10,F10: Composition Function 2,10,29,200000,2689.625231667506,289.6252316675059,False,37.47501921653748
de_pso,10,F10: Composition Function 2,10,30,200000,2622.1977600854893,222.1977600854893,False,39.53391599655152
de_pso,11,F11: Composition Function 3,10,1,200000,2600.0,0.0,True,54.81250023841858
de_pso,11,F11: Composition Function 3,10,2,200000,2600.0,0.0,True,54.998393058776855
de_pso,11,F11: Composition Function 3,10,3,200000,2600.0,0.0,True,56.305726528167725
de_pso,11,F11: Composition Function 3,10,4,200000,2600.0,0.0,True,53.34898138046265
de_pso,11,F11: Composition Function 3,10,5,200000,3478.2407339466904,878.2407339466904,False,57.02672982215881
de_pso,11,F11: Composition Function 3,10,6,200000,2600.0,0.0,True,60.14726567268372
de_pso,11,F11: Composition Function 3,10,7,200000,2600.0,0.0,True,57.27127742767334
de_pso,11,F11: Composition Function 3,10,8,200000,2600.0,0.0,True,56.28138589859009
de_pso,11,F11: Composition Function 3,10,9,200000,2600.0,0.0,True,55.24557590484619
de_pso,11,F11: Composition Function 3,10,10,200000,2600.0,0.0,True,55.82510638237
de_pso,11,F11: Composition Function 3,10,11,200000,2600.0,0.0,True,58.168967962265015
de_pso,11,F11: Composition Function 3,10,12,200000,2626.4085136850035,26.408513685003527,False,56.6579577922821
de_pso,11,F11: Composition Function 3,10,13,200000,2600.0000000000005,4.547473508864641e-13,True,56.18621850013733
de_pso,11,F11: Composition Function 3,10,14,200000,2600.0,0.0,True,55.05293250083923
de_pso,11,F11: Composition Function 3,10,15,200000,2600.0,0.0,True,55.18639016151428
de_pso,11,F11: Composition Function 3,10,16,200000,2600.0000000000005,4.547473508864641e-13,True,52.868632078170776
de_pso,11,F11: Composition Function 3,10,17,200000,2600.0000000000005,4.547473508864641e-13,True,54.29860973358154
de_pso,11,F11: Composition Function 3,10,18,200000,2600.0,0.0,True,52.17018032073975
de_pso,11,F11: Composition Function 3,10,19,200000,2600.0,0.0,True,53.44196963310242
de_pso,11,F11: Composition Function 3,10,20,200000,2600.0000000000005,4.547473508864641e-13,True,52.28494501113892
de_pso,11,F11: Composition Function 3,10,21,200000,3497.7536553404634,897.7536553404634,False,54.14342713356018
de_pso,11,F11: Composition Function 3,10,22,200000,2600.0,0.0,True,52.79575800895691
de_pso,11,F11: Composition Function 3,10,23,200000,2600.0,0.0,True,52.37539267539978
de_pso,11,F11: Composition Function 3,10,24,200000,2600.0,0.0,True,52.270485401153564
de_pso,11,F11: Composition Function 3,10,25,200000,2600.0,0.0,True,58.262893199920654
de_pso,11,F11: Composition Function 3,10,26,200000,3477.7093683136204,877.7093683136204,False,55.80245280265808
de_pso,11,F11: Composition Function 3,10,27,200000,2600.0,0.0,True,54.85106658935547
de_pso,11,F11: Composition Function 3,10,28,200000,2600.0,0.0,True,53.094300508499146
de_pso,11,F11: Composition Function 3,10,29,200000,3476.2521303725807,876.2521303725807,False,55.751880407333374
de_pso,11,F11: Composition Function 3,10,30,200000,3476.740295581561,876.7402955815614,False,58.21041822433472
de_pso,12,F12: Composition Function 4,10,1,200000,2870.730674745952,170.730674745952,False,58.29684138298035
de_pso,12,F12: Composition Function 4,10,2,200000,2867.487258157624,167.48725815762418,False,57.96343278884888
de_pso,12,F12: Composition Function 4,10,3,200000,2872.295372172665,172.29537217266488,False,58.62971234321594
de_pso,12,F12: Composition Function 4,10,4,200000,2868.2075980275217,168.20759802752173,False,59.18081021308899
de_pso,12,F12: Composition Function 4,10,5,200000,2868.28665345925,168.28665345924992,False,59.17092275619507
de_pso,12,F12: Composition Function 4,10,6,200000,2868.253168289815,168.25316828981522,False,60.69980311393738
de_pso,12,F12: Composition Function 4,10,7,200000,2866.2192364669504,166.2192364669504,False,59.559887647628784
de_pso,12,F12: Composition Function 4,10,8,200000,2865.911208370205,165.9112083702048,False,59.65493655204773
de_pso,12,F12: Composition Function 4,10,9,200000,2868.1880239176376,168.18802391763757,False,60.185932874679565
de_pso,12,F12: Composition Function 4,10,10,200000,2867.3476347123537,167.34763471235374,False,59.49796366691589
de_pso,12,F12: Composition Function 4,10,11,200000,2868.4532773293995,168.4532773293995,False,58.6335768699646
de_pso,12,F12: Composition Function 4,10,12,200000,2871.511306942421,171.51130694242102,False,58.12059736251831
de_pso,12,F12: Composition Function 4,10,13,200000,2866.7950621987907,166.79506219879067,False,59.12364172935486
de_pso,12,F12: Composition Function 4,10,14,200000,2868.35821614346,168.35821614346014,False,59.45018815994263
de_pso,12,F12: Composition Function 4,10,15,200000,2867.480015528393,167.48001552839287,False,59.756744146347046
de_pso,12,F12: Composition Function 4,10,16,200000,2866.64120122495,166.64120122494978,False,60.84351634979248
de_pso,12,F12: Composition Function 4,10,17,200000,2866.422901590046,166.42290159004597,False,58.10752463340759
de_pso,12,F12: Composition Function 4,10,18,200000,2867.9973387730747,167.99733877307472,False,59.528770446777344
de_pso,12,F12: Composition Function 4,10,19,200000,2866.524374916869,166.52437491686896,False,58.3796329498291
de_pso,12,F12: Composition Function 4,10,20,200000,2868.910982860168,168.91098286016768,False,59.50578403472901
de_pso,12,F12: Composition Function 4,10,21,200000,2865.950959613461,165.95095961346124,False,58.92270851135254
de_pso,12,F12: Composition Function 4,10,22,200000,2865.9615148153803,165.96151481538027,False,58.76646757125855
de_pso,12,F12: Composition Function 4,10,23,200000,2865.9405305969976,165.94053059699763,False,59.09346771240234
de_pso,12,F12: Composition Function 4,10,24,200000,2867.4872581598643,167.48725815986427,False,59.32237601280213
de_pso,12,F12: Composition Function 4,10,25,200000,2867.15578586854,167.15578586853962,False,59.13035774230957
de_pso,12,F12: Composition Function 4,10,26,200000,2868.3579887593405,168.35798875934051,False,58.44161319732666
de_pso,12,F12: Composition Function 4,10,27,200000,2866.565441207696,166.56544120769604,False,58.41028451919556
de_pso,12,F12: Composition Function 4,10,28,200000,2868.433421938785,168.43342193878516,False,58.37841963768005
de_pso,12,F12: Composition Function 4,10,29,200000,2864.018032953259,164.01803295325908,False,57.50443530082703
de_pso,12,F12: Composition Function 4,10,30,200000,2867.017827045201,167.0178270452011,False,57.12219285964966
de_pso,1,F1: Shifted and full Rotated Zakharov Function,20,1,1000000,300.0,0.0,True,58.90437841415405
de_pso,1,F1: Shifted and full Rotated Zakharov Function,20,2,1000000,300.0,0.0,True,59.28177523612976
de_pso,1,F1: Shifted and full Rotated Zakharov Function,20,3,1000000,300.0,0.0,True,60.79772162437439
de_pso,1,F1: Shifted and full Rotated Zakharov Function,20,4,1000000,300.0,0.0,True,56.71197199821472
de_pso,1,F1: Shifted and full Rotated Zakharov Function,20,5,1000000,300.0,0.0,True,57.5314929485321
de_pso,1,F1: Shifted and full Rotated Zakharov Function,20,6,1000000,300.0,0.0,True,56.19532537460327
de_pso,1,F1: Shifted and full Rotated Zakharov Function,20,7,1000000,300.0,0.0,True,56.68357253074646
de_pso,1,F1: Shifted and full Rotated Zakharov Function,20,8,1000000,300.0,0.0,True,63.3794949054718
de_pso,1,F1: Shifted and full Rotated Zakharov Function,20,9,1000000,300.0,0.0,True,62.97982025146485
de_pso,1,F1: Shifted and full Rotated Zakharov Function,20,10,1000000,300.0,0.0,True,62.5948052406311
de_pso,1,F1: Shifted and full Rotated Zakharov Function,20,11,1000000,300.0,0.0,True,63.56249523162842
de_pso,1,F1: Shifted and full Rotated Zakharov Function,20,12,1000000,300.0,0.0,True,66.5259063243866
de_pso,1,F1: Shifted and full Rotated Zakharov Function,20,13,1000000,300.0,0.0,True,64.16796064376831
de_pso,1,F1: Shifted and full Rotated Zakharov Function,20,14,1000000,300.0,0.0,True,59.40333533287048
de_pso,1,F1: Shifted and full Rotated Zakharov Function,20,15,1000000,300.0,0.0,True,58.87038064002991
de_pso,1,F1: Shifted and full Rotated Zakharov Function,20,16,1000000,300.0,0.0,True,61.09469819068909
de_pso,1,F1: Shifted and full Rotated Zakharov Function,20,17,1000000,300.0,0.0,True,60.327457666397095
de_pso,1,F1: Shifted and full Rotated Zakharov Function,20,18,1000000,300.0,0.0,True,58.12657570838928
de_pso,1,F1: Shifted and full Rotated Zakharov Function,20,19,1000000,300.0,0.0,True,59.704570293426514
de_pso,1,F1: Shifted and full Rotated Zakharov Function,20,20,1000000,300.0,0.0,True,61.91069579124451
de_pso,1,F1: Shifted and full Rotated Zakharov Function,20,21,1000000,300.0,0.0,True,67.77132201194763
de_pso,1,F1: Shifted and full Rotated Zakharov Function,20,22,1000000,882.5972407692142,582.5972407692142,False,66.24226832389832
de_pso,1,F1: Shifted and full Rotated Zakharov Function,20,23,1000000,300.0,0.0,True,62.20751118659973
de_pso,1,F1: Shifted and full Rotated Zakharov Function,20,24,1000000,300.0,0.0,True,60.6921854019165
de_pso,1,F1: Shifted and full Rotated Zakharov Function,20,25,1000000,300.0,0.0,True,57.93706965446472
de_pso,1,F1: Shifted and full Rotated Zakharov Function,20,26,1000000,300.0,0.0,True,59.45048832893372
de_pso,1,F1: Shifted and full Rotated Zakharov Function,20,27,1000000,300.0,0.0,True,59.92766785621643
de_pso,1,F1: Shifted and full Rotated Zakharov Function,20,28,1000000,300.0,0.0,True,57.23626112937927
de_pso,1,F1: Shifted and full Rotated Zakharov Function,20,29,1000000,300.0,0.0,True,57.40686082839966
de_pso,1,F1: Shifted and full Rotated Zakharov Function,20,30,1000000,300.0,0.0,True,56.630637884140015
de_pso,2,F2: Shifted and Rotated Rosenbrock’s Function,20,1,1000000,449.0844789794816,49.08447897948156,False,64.586989402771
de_pso,2,F2: Shifted and Rotated Rosenbrock’s Function,20,2,1000000,444.8954693174513,44.89546931745133,False,69.2796037197113
de_pso,2,F2: Shifted and Rotated Rosenbrock’s Function,20,3,1000000,444.8954693174513,44.89546931745133,False,65.39480257034302
de_pso,2,F2: Shifted and Rotated Rosenbrock’s Function,20,4,1000000,449.0844789794815,49.0844789794815,False,65.1814820766449
de_pso,2,F2: Shifted and Rotated Rosenbrock’s Function,20,5,1000000,444.8954693174513,44.89546931745133,False,66.30919313430786
de_pso,2,F2: Shifted and Rotated Rosenbrock’s Function,20,6,1000000,449.0844789794813,49.08447897948128,False,68.47274899482727
de_pso,2,F2: Shifted and Rotated Rosenbrock’s Function,20,7,1000000,409.8471146331883,9.847114633188312,False,69.15140986442566
de_pso,2,F2: Shifted and Rotated Rosenbrock’s Function,20,8,1000000,406.4385058120461,6.438505812046117,False,68.68079400062561
de_pso,2,F2: Shifted and Rotated Rosenbrock’s Function,20,9,1000000,449.0844789794815,49.084478979481446,False,69.18452024459839
de_pso,2,F2: Shifted and Rotated Rosenbrock’s Function,20,10,1000000,444.8954693174513,44.89546931745133,False,69.06429481506348
de_pso,2,F2: Shifted and Rotated Rosenbrock’s Function,20,11,1000000,449.0844789794815,49.084478979481446,False,69.29908561706543
de_pso,2,F2: Shifted and Rotated Rosenbrock’s Function,20,12,1000000,449.0844789794814,49.08447897948139,False,69.27347040176392
de_pso,2,F2: Shifted and Rotated Rosenbrock’s Function,20,13,1000000,449.0844789794814,49.08447897948139,False,68.62638092041016
de_pso,2,F2: Shifted and Rotated Rosenbrock’s Function,20,14,1000000,449.0844789794816,49.08447897948156,False,69.34581995010376
de_pso,2,F2: Shifted and Rotated Rosenbrock’s Function,20,15,1000000,449.0844789794813,49.08447897948133,False,68.30144023895264
de_pso,2,F2: Shifted and Rotated Rosenbrock’s Function,20,16,1000000,444.8954693174513,44.89546931745133,False,69.58950757980347
de_pso,2,F2: Shifted and Rotated Rosenbrock’s Function,20,17,1000000,449.0844789794813,49.08447897948128,False,69.0896475315094
de_pso,2,F2: Shifted and Rotated Rosenbrock’s Function,20,18,1000000,444.8954693174513,44.89546931745127,False,68.65763187408447
de_pso,2,F2: Shifted and Rotated Rosenbrock’s Function,20,19,1000000,449.0844789794815,49.084478979481446,False,67.64454483985901
de_pso,2,F2: Shifted and Rotated Rosenbrock’s Function,20,20,1000000,449.0844789794816,49.08447897948156,False,66.77716135978699
de_pso,2,F2: Shifted and Rotated Rosenbrock’s Function,20,21,1000000,449.0844789794815,49.084478979481446,False,66.77039933204651
de_pso,2,F2: Shifted and Rotated Rosenbrock’s Function,20,22,1000000,444.8954693174513,44.89546931745133,False,68.84252858161926
de_pso,2,F2: Shifted and Rotated Rosenbrock’s Function,20,23,1000000,449.0844789794814,49.08447897948139,False,69.86860418319702
de_pso,2,F2: Shifted and Rotated Rosenbrock’s Function,20,24,1000000,449.0844789794815,49.084478979481446,False,69.06161665916443
de_pso,2,F2: Shifted and Rotated Rosenbrock’s Function,20,25,1000000,449.0844789794815,49.084478979481446,False,70.98127937316895
de_pso,2,F2: Shifted and Rotated Rosenbrock’s Function,20,26,1000000,449.0844789794815,49.084478979481446,False,69.4731194972992
de_pso,2,F2: Shifted and Rotated Rosenbrock’s Function,20,27,1000000,449.0844789794817,49.08447897948167,False,66.4936740398407
de_pso,2,F2: Shifted and Rotated Rosenbrock’s Function,20,28,1000000,469.2674269149128,69.26742691491279,False,67.86651754379272
de_pso,2,F2: Shifted and Rotated Rosenbrock’s Function,20,29,1000000,449.0844789794813,49.08447897948133,False,69.02411031723022
de_pso,2,F2: Shifted and Rotated Rosenbrock’s Function,20,30,1000000,449.0844789794816,49.08447897948156,False,68.56033682823181
de_pso,3,F3: Shifted and full Rotated Expanded Schaffer’s F7,20,1,1000000,600.0,0.0,True,88.76825499534607
de_pso,3,F3: Shifted and full Rotated Expanded Schaffer’s F7,20,2,1000000,600.0,0.0,True,90.03927397727966
de_pso,3,F3: Shifted and full Rotated Expanded Schaffer’s F7,20,3,1000000,600.0,0.0,True,90.8500337600708
de_pso,3,F3: Shifted and full Rotated Expanded Schaffer’s F7,20,4,1000000,600.0,0.0,True,91.62301826477052
de_pso,3,F3: Shifted and full Rotated Expanded Schaffer’s F7,20,5,1000000,600.0,0.0,True,93.13749408721924
de_pso,3,F3: Shifted and full Rotated Expanded Schaffer’s F7,20,6,1000000,600.0,0.0,True,92.480042219162
de_pso,3,F3: Shifted and full Rotated Expanded Schaffer’s F7,20,7,1000000,600.0,0.0,True,93.67236590385436
de_pso,3,F3: Shifted and full Rotated Expanded Schaffer’s F7,20,8,1000000,600.0,0.0,True,92.34625697135924
de_pso,3,F3: Shifted and full Rotated Expanded Schaffer’s F7,20,9,1000000,600.0,0.0,True,92.2884271144867
de_pso,3,F3: Shifted and full Rotated Expanded Schaffer’s F7,20,10,1000000,600.0,0.0,True,93.37762808799744
de_pso,3,F3: Shifted and full Rotated Expanded Schaffer’s F7,20,11,1000000,600.0,0.0,True,92.60130333900452
de_pso,3,F3: Shifted and full Rotated Expanded Schaffer’s F7,20,12,1000000,600.0,0.0,True,94.0343301296234
de_pso,3,F3: Shifted and full Rotated Expanded Schaffer’s F7,20,13,1000000,600.0,0.0,True,91.7986524105072
de_pso,3,F3: Shifted and full Rotated Expanded Schaffer’s F7,20,14,1000000,600.0,0.0,True,89.86605954170227
de_pso,3,F3: Shifted and full Rotated Expanded Schaffer’s F7,20,15,1000000,600.0,0.0,True,88.56457948684692
de_pso,3,F3: Shifted and full Rotated Expanded Schaffer’s F7,20,16,1000000,600.0,0.0,True,84.13190388679504
de_pso,3,F3: Shifted and full Rotated Expanded Schaffer’s F7,20,17,1000000,600.0,0.0,True,84.16026496887207
de_pso,3,F3: Shifted and full Rotated Expanded Schaffer’s F7,20,18,1000000,600.0,0.0,True,83.90215396881104
de_pso,3,F3: Shifted and full Rotated Expanded Schaffer’s F7,20,19,1000000,600.0,0.0,True,84.90563082695007
de_pso,3,F3: Shifted and full Rotated Expanded Schaffer’s F7,20,20,1000000,600.0,0.0,True,83.5153636932373
de_pso,3,F3: Shifted and full Rotated Expanded Schaffer’s F7,20,21,1000000,600.0,0.0,True,84.54153943061829
de_pso,3,F3: Shifted and full Rotated Expanded Schaffer’s F7,20,22,1000000,600.0,0.0,True,83.74814510345459
de_pso,3,F3: Shifted and full Rotated Expanded Schaffer’s F7,20,23,1000000,600.0,0.0,True,86.02452182769775
de_pso,3,F3: Shifted and full Rotated Expanded Schaffer’s F7,20,24,1000000,600.0,0.0,True,84.11725354194641
de_pso,3,F3: Shifted and full Rotated Expanded Schaffer’s F7,20,25,1000000,600.0,0.0,True,86.78844118118286
de_pso,3,F3: Shifted and full Rotated Expanded Schaffer’s F7,20,26,1000000,600.0,0.0,True,84.55981612205505
de_pso,3,F3: Shifted and full Rotated Expanded Schaffer’s F7,20,27,1000000,600.0,0.0,True,98.03523564338684
de_pso,3,F3: Shifted and full Rotated Expanded Schaffer’s F7,20,28,1000000,600.0,0.0,True,89.54354619979858
de_pso,3,F3: Shifted and full Rotated Expanded Schaffer’s F7,20,29,1000000,600.0,0.0,True,91.90832662582396
de_pso,3,F3: Shifted and full Rotated Expanded Schaffer’s F7,20,30,1000000,600.0288111660044,0.0288111660044023,False,88.73597860336304
de_pso,4,F4: Shifted and Rotated Non-Continuous Rastrigin’s Function,20,1,1000000,864.0,64.0,False,116.99627947807312
de_pso,4,F4: Shifted and Rotated Non-Continuous Rastrigin’s Function,20,2,1000000,860.0,60.0,False,117.70839309692384
de_pso,4,F4: Shifted and Rotated Non-Continuous Rastrigin’s Function,20,3,1000000,876.0,76.0,False,117.36978960037231
de_pso,4,F4: Shifted and Rotated Non-Continuous Rastrigin’s Function,20,4,1000000,858.0,58.0,False,120.0373752117157
de_pso,4,F4: Shifted and Rotated Non-Continuous Rastrigin’s Function,20,5,1000000,868.0,68.0,False,120.23597025871275
de_pso,4,F4: Shifted and Rotated Non-Continuous Rastrigin’s Function,20,6,1000000,832.0,32.0,False,116.95585560798644
de_pso,4,F4: Shifted and Rotated Non-Continuous Rastrigin’s Function,20,7,1000000,862.0,62.0,False,117.67060232162476
de_pso,4,F4: Shifted and Rotated Non-Continuous Rastrigin’s Function,20,8,1000000,872.0000000026012,72.00000000260115,False,117.0961775779724
de_pso,4,F4: Shifted and Rotated Non-Continuous Rastrigin’s Function,20,9,1000000,876.0,76.0,False,119.82346296310423
de_pso,4,F4: Shifted and Rotated Non-Continuous Rastrigin’s Function,20,10,1000000,862.0,62.0,False,128.19571590423584
de_pso,4,F4: Shifted and Rotated Non-Continuous Rastrigin’s Function,20,11,1000000,868.0,68.0,False,110.39168286323547
de_pso,4,F4: Shifted and Rotated Non-Continuous Rastrigin’s Function,20,12,1000000,852.0,52.0,False,112.66116213798524
de_pso,4,F4: Shifted and Rotated Non-Continuous Rastrigin’s Function,20,13,1000000,888.0,88.0,False,112.0187087059021
de_pso,4,F4: Shifted and Rotated Non-Continuous Rastrigin’s Function,20,14,1000000,870.0000000006225,70.00000000062255,False,111.41894888877869
de_pso,4,F4: Shifted and Rotated Non-Continuous Rastrigin’s Function,20,15,1000000,856.0,56.0,False,117.74683594703674
de_pso,4,F4: Shifted and Rotated Non-Continuous Rastrigin’s Function,20,16,1000000,866.0,66.0,False,117.10048127174376
de_pso,4,F4: Shifted and Rotated Non-Continuous Rastrigin’s Function,20,17,1000000,838.0,38.0,False,113.8993639945984
de_pso,4,F4: Shifted and Rotated Non-Continuous Rastrigin’s Function,20,18,1000000,856.0,56.0,False,113.98634505271912
de_pso,4,F4: Shifted and Rotated Non-Continuous Rastrigin’s Function,20,19,1000000,886.0,86.0,False,113.4742341041565
de_pso,4,F4: Shifted and Rotated Non-Continuous Rastrigin’s Function,20,20,1000000,864.0000000028884,64.00000000288844,False,113.29237699508668
de_pso,4,F4: Shifted and Rotated Non-Continuous Rastrigin’s Function,20,21,1000000,828.0,28.0,False,113.14959239959715
de_pso,4,F4: Shifted and Rotated Non-Continuous Rastrigin’s Function,20,22,1000000,880.0,80.0,False,112.98065996170044
de_pso,4,F4: Shifted and Rotated Non-Continuous Rastrigin’s Function,20,23,1000000,934.0000000013844,134.00000000138436,False,113.55024433135986
de_pso,4,F4: Shifted and Rotated Non-Continuous Rastrigin’s Function,20,24,1000000,848.0,48.0,False,113.9523024559021
de_pso,4,F4: Shifted and Rotated Non-Continuous Rastrigin’s Function,20,25,1000000,874.0,74.0,False,112.89224934577942
de_pso,4,F4: Shifted and Rotated Non-Continuous Rastrigin’s Function,20,26,1000000,844.0,44.0,False,112.0803370475769
de_pso,4,F4: Shifted and Rotated Non-Continuous Rastrigin’s Function,20,27,1000000,872.0,72.0,False,113.0004243850708
de_pso,4,F4: Shifted and Rotated Non-Continuous Rastrigin’s Function,20,28,1000000,890.0,90.0,False,112.58226370811462
de_pso,4,F4: Shifted and Rotated Non-Continuous Rastrigin’s Function,20,29,1000000,860.0,60.0,False,113.62639784812929
de_pso,4,F4: Shifted and Rotated Non-Continuous Rastrigin’s Function,20,30,1000000,884.0,84.0,False,114.6645290851593
de_pso,5,F5: Shifted and Rotated Levy Function,20,1,1000000,900.4543240185909,0.4543240185909099,False,75.24417972564697
de_pso,5,F5: Shifted and Rotated Levy Function,20,2,1000000,900.0000000000002,2.273736754432321e-13,True,74.06352591514587
de_pso,5,F5: Shifted and Rotated Levy Function,20,3,1000000,900.5438522690075,0.543852269007516,False,74.37485456466675
de_pso,5,F5: Shifted and Rotated Levy Function,20,4,1000000,900.4543240185909,0.4543240185909099,False,74.31228256225586
de_pso,5,F5: Shifted and Rotated Levy Function,20,5,1000000,900.0000000000001,1.1368683772161605e-13,True,73.58822250366211
de_pso,5,F5: Shifted and Rotated Levy Function,20,6,1000000,900.4543240185909,0.4543240185909099,False,74.13125038146973
de_pso,5,F5: Shifted and Rotated Levy Function,20,7,1000000,900.4543240185909,0.4543240185909099,False,73.32322001457214
de_pso,5,F5: Shifted and Rotated Levy Function,20,8,1000000,900.5438522690074,0.5438522690074024,False,75.11334228515625
de_pso,5,F5: Shifted and Rotated Levy Function,20,9,1000000,900.0,0.0,True,74.07392716407776
de_pso,5,F5: Shifted and Rotated Levy Function,20,10,1000000,900.0000000000001,1.1368683772161605e-13,True,74.39585041999817
de_pso,5,F5: Shifted and Rotated Levy Function,20,11,1000000,900.0000000000001,1.1368683772161605e-13,True,74.91567254066467
de_pso,5,F5: Shifted and Rotated Levy Function,20,12,1000000,900.0000000000002,2.273736754432321e-13,True,72.8693299293518
de_pso,5,F5: Shifted and Rotated Levy Function,20,13,1000000,900.0,0.0,True,73.82484674453735
de_pso,5,F5: Shifted and Rotated Levy Function,20,14,1000000,900.0000000000001,1.1368683772161605e-13,True,73.46056795120239
de_pso,5,F5: Shifted and Rotated Levy Function,20,15,1000000,900.0000000000001,1.1368683772161605e-13,True,74.2787721157074
de_pso,5,F5: Shifted and Rotated Levy Function,20,16,1000000,900.0000000000001,1.1368683772161605e-13,True,74.79798316955566
de_pso,5,F5: Shifted and Rotated Levy Function,20,17,1000000,900.0000000000001,1.1368683772161605e-13,True,74.7878475189209
de_pso,5,F5: Shifted and Rotated Levy Function,20,18,1000000,900.0000000000001,1.1368683772161605e-13,True,74.62225890159607
de_pso,5,F5: Shifted and Rotated Levy Function,20,19,1000000,900.0000000000002,2.273736754432321e-13,True,73.9823989868164
de_pso,5,F5: Shifted and Rotated Levy Function,20,20,1000000,900.0,0.0,True,75.10347104072571
de_pso,5,F5: Shifted and Rotated Levy Function,20,21,1000000,900.0000000000001,1.1368683772161605e-13,True,73.97756338119507
de_pso,5,F5: Shifted and Rotated Levy Function,20,22,1000000,900.9086480371818,0.9086480371818196,False,75.3021936416626
de_pso,5,F5: Shifted and Rotated Levy Function,20,23,1000000,900.0000000000002,2.273736754432321e-13,True,74.52183079719543
de_pso,5,F5: Shifted and Rotated Levy Function,20,24,1000000,900.0000000000002,2.273736754432321e-13,True,73.82198739051819
de_pso,5,F5: Shifted and Rotated Levy Function,20,25,1000000,900.0000000000001,1.1368683772161605e-13,True,74.81131935119629
de_pso,5,F5: Shifted and Rotated Levy Function,20,26,1000000,900.0000000000001,1.1368683772161605e-13,True,74.87169933319092
de_pso,5,F5: Shifted and Rotated Levy Function,20,27,1000000,900.4543240185909,0.4543240185909099,False,74.27333760261536
de_pso,5,F5: Shifted and Rotated Levy Function,20,28,1000000,901.7277466680332,1.7277466680332054,False,75.3190176486969
de_pso,5,F5: Shifted and Rotated Levy Function,20,29,1000000,900.0,0.0,True,74.40665292739868
de_pso,5,F5: Shifted and Rotated Levy Function,20,30,1000000,900.0000000000001,1.1368683772161605e-13,True,74.29362416267395
de_pso,6,F6: Hybrid Function 1,20,1,1000000,45807.29164340272,44007.29164340272,False,82.3942437171936
de_pso,6,F6: Hybrid Function 1,20,2,1000000,40869.9549224785,39069.9549224785,False,82.8946475982666
de_pso,6,F6: Hybrid Function 1,20,3,1000000,14423.062873263752,12623.062873263752,False,82.27382779121399
de_pso,6,F6: Hybrid Function 1,20,4,1000000,54551.65020594178,52751.65020594178,False,83.55923008918762
de_pso,6,F6: Hybrid Function 1,20,5,1000000,43414.3585824827,41614.3585824827,False,81.52495670318604
de_pso,6,F6: Hybrid Function 1,20,6,1000000,74018.36944271412,72218.36944271412,False,82.80397868156433
de_pso,6,F6: Hybrid Function 1,20,7,1000000,54636.29623988361,52836.29623988361,False,82.08540487289429
de_pso,6,F6: Hybrid Function 1,20,8,1000000,29782.15296232425,27982.15296232425,False,81.94403076171875
de_pso,6,F6: Hybrid Function 1,20,9,1000000,34510.486627115526,32710.48662711553,False,82.32493662834167
de_pso,6,F6: Hybrid Function 1,20,10,1000000,20356.360696067844,18556.360696067844,False,83.57489657402039
de_pso,6,F6: Hybrid Function 1,20,11,1000000,39714.58996652213,37914.58996652213,False,82.5697832107544
de_pso,6,F6: Hybrid Function 1,20,12,1000000,47591.64644754982,45791.64644754982,False,81.98465514183044
de_pso,6,F6: Hybrid Function 1,20,13,1000000,6937.332575113735,5137.332575113735,False,82.7694354057312
de_pso,6,F6: Hybrid Function 1,20,14,1000000,55880.21450015885,54080.21450015885,False,83.14402890205383
de_pso,6,F6: Hybrid Function 1,20,15,1000000,32605.31959923,30805.31959923,False,82.37415099143982
de_pso,6,F6: Hybrid Function 1,20,16,1000000,26809.971661064337,25009.971661064337,False,81.64985966682434
de_pso,6,F6: Hybrid Function 1,20,17,1000000,40545.35854403129,38745.35854403129,False,83.01150178909302
de_pso,6,F6: Hybrid Function 1,20,18,1000000,49485.311291523365,47685.311291523365,False,82.23338341712952
de_pso,6,F6: Hybrid Function 1,20,19,1000000,12498.377700635716,10698.377700635716,False,81.94640135765076
de_pso,6,F6: Hybrid Function 1,20,20,1000000,35187.11201488544,33387.11201488544,False,82.31845617294312
de_pso,6,F6: Hybrid Function 1,20,21,1000000,73317.47532004479,71517.47532004479,False,83.10132908821106
de_pso,6,F6: Hybrid Function 1,20,22,1000000,22399.042398576366,20599.042398576366,False,82.74621081352234
de_pso,6,F6: Hybrid Function 1,20,23,1000000,18876.257221614505,17076.257221614505,False,83.07455921173096
de_pso,6,F6: Hybrid Function 1,20,24,1000000,40917.90348430048,39117.90348430048,False,81.74834871292114
de_pso,6,F6: Hybrid Function 1,20,25,1000000,15027.103660641777,13227.103660641777,False,83.30797743797302
de_pso,6,F6: Hybrid Function 1,20,26,1000000,57638.29349805598,55838.29349805598,False,83.45976853370667
de_pso,6,F6: Hybrid Function 1,20,27,1000000,63748.644828159966,61948.644828159966,False,82.40543174743652
de_pso,6,F6: Hybrid Function 1,20,28,1000000,106301.0013990644,104501.0013990644,False,83.61280059814453
de_pso,6,F6: Hybrid Function 1,20,29,1000000,51344.97799748534,49544.97799748534,False,82.08711338043213
de_pso,6,F6: Hybrid Function 1,20,30,1000000,40920.78072416184,39120.78072416184,False,81.60505628585815
de_pso,7,F7: Hybrid Function 2,20,1,1000000,2040.594162949324,40.59416294932407,False,854.0307142734528
de_pso,7,F7: Hybrid Function 2,20,2,1000000,2023.94048271207,23.94048271206998,False,852.539913892746
de_pso,7,F7: Hybrid Function 2,20,3,1000000,2027.827702056302,27.827702056302087,False,852.5294432640076
de_pso,7,F7: Hybrid Function 2,20,4,1000000,2021.2980769062856,21.29807690628581,False,852.2377009391785
de_pso,7,F7: Hybrid Function 2,20,5,1000000,2042.128272910026,42.128272910026,False,857.5531587600708
de_pso,7,F7: Hybrid Function 2,20,6,1000000,2026.2550003478125,26.255000347812484,False,865.7552225589752
de_pso,7,F7: Hybrid Function 2,20,7,1000000,2024.6966611953535,24.696661195353727,False,858.3296904563904
de_pso,7,F7: Hybrid Function 2,20,8,1000000,2021.367574779374,21.36757477937408,False,849.7951409816742
de_pso,7,F7: Hybrid Function 2,20,9,1000000,2021.9612684590572,21.961268459057464,False,859.4508473873138
de_pso,7,F7: Hybrid Function 2,20,10,1000000,2023.658841049392,23.658841049391867,False,861.2899343967438
de_pso,7,F7: Hybrid Function 2,20,11,1000000,2025.847779234819,25.84777923481897,False,858.7168447971344
de_pso,7,F7: Hybrid Function 2,20,12,1000000,2021.9331858791832,21.93318587918316,False,860.9956753253937
de_pso,7,F7: Hybrid Function 2,20,13,1000000,2020.340467859972,20.340467859972023,False,856.4132170677185
de_pso,7,F7: Hybrid Function 2,20,14,1000000,2482.493787285468,482.493787285468,False,852.0477428436279
de_pso,7,F7: Hybrid Function 2,20,15,1000000,2027.738075831495,27.738075831495053,False,854.7576153278351
de_pso,7,F7: Hybrid Function 2,20,16,1000000,2022.2344019692457,22.23440196924571,False,861.9339437484741
de_pso,7,F7: Hybrid Function 2,20,17,1000000,2021.9926158074884,21.99261580748839,False,862.7942547798157
de_pso,7,F7: Hybrid Function 2,20,18,1000000,2023.881501519256,23.881501519255607,False,853.8546891212463
de_pso,7,F7: Hybrid Function 2,20,19,1000000,2025.5550310062888,25.5550310062888,False,850.8891360759735
de_pso,7,F7: Hybrid Function 2,20,20,1000000,2021.629240165072,21.629240165071906,False,853.272120475769
de_pso,7,F7: Hybrid Function 2,20,21,1000000,2020.78076329649,20.780763296490026,False,863.2440567016602
de_pso,7,F7: Hybrid Function 2,20,22,1000000,2024.0178823652268,24.0178823652268,False,854.5868980884552
de_pso,7,F7: Hybrid Function 2,20,23,1000000,2025.320218150195,25.320218150194933,False,851.0752289295197
de_pso,7,F7: Hybrid Function 2,20,24,1000000,2022.492054696023,22.492054696022933,False,852.9216039180756
de_pso,7,F7: Hybrid Function 2,20,25,1000000,2044.5421675235768,44.54216752357661,False,849.4397222995758
de_pso,7,F7: Hybrid Function 2,20,26,1000000,2022.5966228991983,22.596622899198337,False,858.9045495986938
de_pso,7,F7: Hybrid Function 2,20,27,1000000,2020.7984006640156,20.79840066401539,False,860.2318801879883
de_pso,7,F7: Hybrid Function 2,20,28,1000000,2092.288477245946,92.28847724594608,False,853.3572685718536
de_pso,7,F7: Hybrid Function 2,20,29,1000000,2020.5783700262152,20.578370026215225,False,849.8269176483154
de_pso,7,F7: Hybrid Function 2,20,30,1000000,2022.8780315324784,22.878031532478644,False,850.4186718463898
de_pso,8,F8: Hybrid Function 3,20,1,1000000,2223.104690324184,23.104690324184048,False,1191.117362499237
de_pso,8,F8: Hybrid Function 3,20,2,1000000,2221.216745438616,21.216745438615817,False,1196.9431738853457
de_pso,8,F8: Hybrid Function 3,20,3,1000000,4142.096155731345,1942.0961557313449,False,1203.2317895889282
de_pso,8,F8: Hybrid Function 3,20,4,1000000,3283.6825990414627,1083.6825990414627,False,1198.6403262615204
de_pso,8,F8: Hybrid Function 3,20,5,1000000,2225.9615187072686,25.961518707268624,False,1195.2892019748688
de_pso,8,F8: Hybrid Function 3,20,6,1000000,7201.931298413859,5001.931298413859,False,1195.6244614124298
de_pso,8,F8: Hybrid Function 3,20,7,1000000,2222.610417907587,22.610417907586907,False,1198.6056368350985
de_pso,8,F8: Hybrid Function 3,20,8,1000000,2461.491702485129,261.4917024851288,False,1190.9132039546969
de_pso,8,F8: Hybrid Function 3,20,9,1000000,2226.5070089041087,26.50700890410872,False,1193.6768851280212
de_pso,8,F8: Hybrid Function 3,20,10,1000000,2221.010809375915,21.01080937591496,False,1186.780338048935
de_pso,8,F8: Hybrid Function 3,20,11,1000000,2222.721553697086,22.721553697086165,False,1189.9095323085785
de_pso,8,F8: Hybrid Function 3,20,12,1000000,2225.7469614460824,25.746961446082423,False,1192.4979782104492
de_pso,8,F8: Hybrid Function 3,20,13,1000000,2221.648768978807,21.648768978806856,False,1197.2717006206512
de_pso,8,F8: Hybrid Function 3,20,14,1000000,2460.462924075521,260.4629240755212,False,1189.0106461048126
de_pso,8,F8: Hybrid Function 3,20,15,1000000,2223.463158576864,23.46315857686386,False,1185.7031936645508
de_pso,8,F8: Hybrid Function 3,20,16,1000000,2222.389682328295,22.38968232829484,False,1201.6095476150513
de_pso,8,F8: Hybrid Function 3,20,17,1000000,2226.419631884855,26.41963188485488,False,1195.796856880188
de_pso,8,F8: Hybrid Function 3,20,18,1000000,2227.4021895854944,27.4021895854944,False,1202.1677713394165
de_pso,8,F8: Hybrid Function 3,20,19,1000000,2221.78668763325,21.78668763325004,False,1190.45267701149
de_pso,8,F8: Hybrid Function 3,20,20,1000000,5043.343302358143,2843.343302358143,False,1205.3415911197662
de_pso,8,F8: Hybrid Function 3,20,21,1000000,2223.5497038394465,23.549703839446465,False,1251.2034997940063
de_pso,8,F8: Hybrid Function 3,20,22,1000000,3664.486357557247,1464.4863575572472,False,1242.6680748462677
de_pso,8,F8: Hybrid Function 3,20,23,1000000,2222.264718472952,22.2647184729517,False,1251.8600182533264
de_pso,8,F8: Hybrid Function 3,20,24,1000000,2220.996552937738,20.996552937738212,False,1224.39617228508
de_pso,8,F8: Hybrid Function 3,20,25,1000000,2223.118308478193,23.11830847819283,False,1237.599377155304
de_pso,8,F8: Hybrid Function 3,20,26,1000000,2222.782141794517,22.78214179451743,False,1225.5431113243103
de_pso,8,F8: Hybrid Function 3,20,27,1000000,2232.884000370121,32.88400037012116,False,1234.2323472499847
de_pso,8,F8: Hybrid Function 3,20,28,1000000,2236.413353650779,36.413353650778845,False,1234.898179769516
de_pso,8,F8: Hybrid Function 3,20,29,1000000,2368.1914335205965,168.19143352059655,False,1242.3047993183136
de_pso,8,F8: Hybrid Function 3,20,30,1000000,5299.568951960402,3099.568951960402,False,1232.7280633449554
de_pso,9,F9: Composition Function 1,20,1,1000000,2642.000931729406,342.00093172940615,False,176.6125636100769
de_pso,9,F9: Composition Function 1,20,2,1000000,2635.667056383223,335.6670563832231,False,177.6675124168396
de_pso,9,F9: Composition Function 1,20,3,1000000,2635.6387702715774,335.6387702715774,False,175.75427842140198
de_pso,9,F9: Composition Function 1,20,4,1000000,2635.638770271576,335.63877027157605,False,175.99099779129028
de_pso,9,F9: Composition Function 1,20,5,1000000,2635.6387702715774,335.6387702715774,False,176.08831930160522
de_pso,9,F9: Composition Function 1,20,6,1000000,2635.6387702715765,335.6387702715765,False,176.68573188781738
de_pso,9,F9: Composition Function 1,20,7,1000000,2653.9782787602376,353.9782787602376,False,176.77609777450562
de_pso,9,F9: Composition Function 1,20,8,1000000,2675.7269787242844,375.7269787242845,False,176.77137422561646
de_pso,9,F9: Composition Function 1,20,9,1000000,2635.638770271578,335.63877027157787,False,177.84490752220154
de_pso,9,F9: Composition Function 1,20,10,1000000,2635.638770271577,335.63877027157696,False,176.93105816841123
de_pso,9,F9: Composition Function 1,20,11,1000000,2636.34427818938,336.34427818938,False,175.49392318725586
de_pso,9,F9: Composition Function 1,20,12,1000000,2635.667056383223,335.6670563832231,False,175.34856152534485
de_pso,9,F9: Composition Function 1,20,13,1000000,2635.638770271577,335.63877027157696,False,172.28075456619263
de_pso,9,F9: Composition Function 1,20,14,1000000,2635.638770271577,335.63877027157696,False,172.62427711486816
de_pso,9,F9: Composition Function 1,20,15,1000000,2635.638770271578,335.63877027157787,False,171.69173884391785
de_pso,9,F9: Composition Function 1,20,16,1000000,2635.6387702715774,335.6387702715774,False,170.69791674613953
de_pso,9,F9: Composition Function 1,20,17,1000000,2635.6387702715774,335.6387702715774,False,171.95745038986206
de_pso,9,F9: Composition Function 1,20,18,1000000,2635.6387702715792,335.63877027157923,False,170.89188051223755
de_pso,9,F9: Composition Function 1,20,19,1000000,2643.8044472965794,343.8044472965794,False,170.14542508125305
de_pso,9,F9: Composition Function 1,20,20,1000000,2642.000931729405,342.00093172940524,False,171.09955883026123
de_pso,9,F9: Composition Function 1,20,21,1000000,2635.6387702715774,335.6387702715774,False,181.0692822933197
de_pso,9,F9: Composition Function 1,20,22,1000000,2635.6387702715765,335.6387702715765,False,179.0634205341339
de_pso,9,F9: Composition Function 1,20,23,1000000,2647.2391622842465,347.2391622842465,False,181.5007874965668
de_pso,9,F9: Composition Function 1,20,24,1000000,2635.6387702715792,335.63877027157923,False,179.7131826877594
de_pso,9,F9: Composition Function 1,20,25,1000000,2635.638770271577,335.63877027157696,False,183.1530957221985
de_pso,9,F9: Composition Function 1,20,26,1000000,2635.6387702715774,335.6387702715774,False,181.78829956054688
de_pso,9,F9: Composition Function 1,20,27,1000000,2635.638770271581,335.63877027158105,False,181.3151059150696
de_pso,9,F9: Composition Function 1,20,28,1000000,2635.638770271577,335.63877027157696,False,182.2500193119049
de_pso,9,F9: Composition Function 1,20,29,1000000,2635.6387702715765,335.6387702715765,False,181.3400251865387
de_pso,9,F9: Composition Function 1,20,30,1000000,2635.791422314924,335.7914223149237,False,181.3047785758972
de_pso,10,F10: Composition Function 2,20,1,1000000,2804.227490579966,404.2274905799659,False,185.53081893920896
de_pso,10,F10: Composition Function 2,20,2,1000000,2797.3957390021947,397.39573900219466,False,187.96860218048096
de_pso,10,F10: Composition Function 2,20,3,1000000,3570.288008748754,1170.2880087487538,False,186.8953754901886
de_pso,10,F10: Composition Function 2,20,4,1000000,4299.414567933543,1899.4145679335425,False,187.72152733802795
de_pso,10,F10: Composition Function 2,20,5,1000000,2801.404403385387,401.404403385387,False,186.21124291419983
de_pso,10,F10: Composition Function 2,20,6,1000000,3516.535666921691,1116.5356669216908,False,189.72164487838745
de_pso,10,F10: Composition Function 2,20,7,1000000,4165.022177666893,1765.0221776668932,False,185.8958070278168
de_pso,10,F10: Composition Function 2,20,8,1000000,2799.8782152409626,399.8782152409626,False,189.043794631958
de_pso,10,F10: Composition Function 2,20,9,1000000,2897.5699184110813,497.5699184110813,False,184.6830699443817
de_pso,10,F10: Composition Function 2,20,10,1000000,4312.614060842575,1912.6140608425749,False,177.27709031105042
de_pso,10,F10: Composition Function 2,20,11,1000000,3241.653809656712,841.6538096567119,False,178.76807689666748
de_pso,10,F10: Composition Function 2,20,12,1000000,3253.4201552760032,853.4201552760032,False,175.37830257415771
de_pso,10,F10: Composition Function 2,20,13,1000000,2871.790134054448,471.79013405444766,False,172.66674375534058
de_pso,10,F10: Composition Function 2,20,14,1000000,3907.4035250541824,1507.4035250541824,False,175.66102766990662
de_pso,10,F10: Composition Function 2,20,15,1000000,4486.796586945439,2086.7965869454392,False,177.65685033798218
de_pso,10,F10: Composition Function 2,20,16,1000000,3262.8751806189025,862.8751806189025,False,177.16647481918335
de_pso,10,F10: Composition Function 2,20,17,1000000,4127.050441390843,1727.050441390843,False,175.85088729858398
de_pso,10,F10: Composition Function 2,20,18,1000000,2798.0364221363466,398.0364221363466,False,175.6351797580719
de_pso,10,F10: Composition Function 2,20,19,1000000,3205.4971395659813,805.4971395659813,False,179.9161398410797
de_pso,10,F10: Composition Function 2,20,20,1000000,2803.471847378212,403.47184737821135,False,178.1452441215515
de_pso,10,F10: Composition Function 2,20,21,1000000,2802.429198523648,402.42919852364776,False,177.43918132781982
de_pso,10,F10: Composition Function 2,20,22,1000000,2800.104701061565,400.1047010615648,False,187.57538199424744
de_pso,10,F10: Composition Function 2,20,23,1000000,4279.934589648197,1879.9345896481973,False,197.18940901756287
de_pso,10,F10: Composition Function 2,20,24,1000000,4455.235843383077,2055.235843383077,False,185.6105120182037
de_pso,10,F10: Composition Function 2,20,25,1000000,4207.132437980085,1807.1324379800851,False,191.65578603744507
de_pso,10,F10: Composition Function 2,20,26,1000000,3563.6532763632517,1163.6532763632513,False,194.1286609172821
de_pso,10,F10: Composition Function 2,20,27,1000000,3404.406656179786,1004.4066561797858,False,187.46560668945312
de_pso,10,F10: Composition Function 2,20,28,1000000,3757.4345425346346,1357.4345425346346,False,179.04081416130066
de_pso,10,F10: Composition Function 2,20,29,1000000,2800.5432657556225,400.54326575562254,False,188.71320986747745
de_pso,10,F10: Composition Function 2,20,30,1000000,2802.759541653156,402.7595416531558,False,186.2804877758026
de_pso,11,F11: Composition Function 3,20,1,1000000,4156.930210482522,1556.930210482522,False,277.44108057022095
de_pso,11,F11: Composition Function 3,20,2,1000000,4170.397165629837,1570.3971656298372,False,276.18689012527466
de_pso,11,F11: Composition Function 3,20,3,1000000,4279.583690787826,1679.5836907878256,False,272.34846591949463
de_pso,11,F11: Composition Function 3,20,4,1000000,4074.222611568457,1474.222611568457,False,270.39753794670105
de_pso,11,F11: Composition Function 3,20,5,1000000,4157.074462227255,1557.074462227255,False,265.4969787597656
de_pso,11,F11: Composition Function 3,20,6,1000000,3130.883404312479,530.8834043124789,False,273.5968098640442
de_pso,11,F11: Composition Function 3,20,7,1000000,4228.132294748393,1628.1322947483932,False,275.1622695922852
de_pso,11,F11: Composition Function 3,20,8,1000000,2757.368954732633,157.36895473263303,False,266.08815741539
de_pso,11,F11: Composition Function 3,20,9,1000000,2600.0000000000005,4.547473508864641e-13,True,260.3508903980255
de_pso,11,F11: Composition Function 3,20,10,1000000,4205.729201056496,1605.729201056496,False,266.4451141357422
de_pso,11,F11: Composition Function 3,20,11,1000000,3545.759860534402,945.759860534402,False,258.4344394207001
de_pso,11,F11: Composition Function 3,20,12,1000000,4156.9807990086565,1556.9807990086565,False,260.4610924720764
de_pso,11,F11: Composition Function 3,20,13,1000000,3882.6793396195326,1282.6793396195326,False,265.4039840698242
de_pso,11,F11: Composition Function 3,20,14,1000000,2639.0560989677747,39.05609896777469,False,249.8340489864349
de_pso,11,F11: Composition Function 3,20,15,1000000,4300.808184649567,1700.808184649567,False,254.17289185523987
de_pso,11,F11: Composition Function 3,20,16,1000000,2600.0000000000005,4.547473508864641e-13,True,243.39409041404724
de_pso,11,F11: Composition Function 3,20,17,1000000,2615.3725355131974,15.372535513197365,False,237.63101744651797
de_pso,11,F11: Composition Function 3,20,18,1000000,2600.0000000000005,4.547473508864641e-13,True,235.91618752479556
de_pso,11,F11: Composition Function 3,20,19,1000000,2615.3410129083886,15.34101290838862,False,236.9376277923584
de_pso,11,F11: Composition Function 3,20,20,1000000,4157.0875700468805,1557.0875700468805,False,247.2326328754425
de_pso,11,F11: Composition Function 3,20,21,1000000,3274.198156187533,674.1981561875332,False,244.5430634021759
de_pso,11,F11: Composition Function 3,20,22,1000000,2600.0000000000005,4.547473508864641e-13,True,205.04516315460205
de_pso,11,F11: Composition Function 3,20,23,1000000,4190.253884492527,1590.2538844925266,False,265.0753700733185
de_pso,11,F11: Composition Function 3,20,24,1000000,3356.7727730939664,756.7727730939664,False,267.2269706726074
de_pso,11,F11: Composition Function 3,20,25,1000000,2600.0000000000005,4.547473508864641e-13,True,233.1635982990265
de_pso,11,F11: Composition Function 3,20,26,1000000,2600.0000000000005,4.547473508864641e-13,True,248.64494156837463
de_pso,11,F11: Composition Function 3,20,27,1000000,4235.796384605473,1635.796384605473,False,242.26389384269717
de_pso,11,F11: Composition Function 3,20,28,1000000,4135.560540109389,1535.560540109389,False,239.1071510314941
de_pso,11,F11: Composition Function 3,20,29,1000000,4157.074461794586,1557.0744617945857,False,239.543479681015
de_pso,11,F11: Composition Function 3,20,30,1000000,3928.446396017698,1328.446396017698,False,242.45878314971924
de_pso,12,F12: Composition Function 4,20,1,1000000,2940.5691224082225,240.56912240822248,False,257.3041892051697
de_pso,12,F12: Composition Function 4,20,2,1000000,2993.2416557435145,293.24165574351446,False,255.4692678451538
de_pso,12,F12: Composition Function 4,20,3,1000000,2948.7741924448856,248.7741924448856,False,254.51823377609253
de_pso,12,F12: Composition Function 4,20,4,1000000,2948.1009719579606,248.1009719579606,False,256.91769576072693
de_pso,12,F12: Composition Function 4,20,5,1000000,2942.5126503769247,242.51265037692477,False,258.8287150859833
de_pso,12,F12: Composition Function 4,20,6,1000000,2966.030412272562,266.030412272562,False,254.60156202316284
de_pso,12,F12: Composition Function 4,20,7,1000000,3134.486486568257,434.48648656825753,False,255.82051515579224
de_pso,12,F12: Composition Function 4,20,8,1000000,2973.4151379225755,273.41513792257547,False,255.4686596393585
de_pso,12,F12: Composition Function 4,20,9,1000000,2979.18836475488,279.1883647548798,False,254.34810590744016
de_pso,12,F12: Composition Function 4,20,10,1000000,2941.252071547232,241.25207154723196,False,253.9271342754364
de_pso,12,F12: Composition Function 4,20,11,1000000,3001.81913054609,301.81913054609004,False,257.02976989746094
de_pso,12,F12: Composition Function 4,20,12,1000000,2963.80163040994,263.8016304099401,False,257.15951323509216
de_pso,12,F12: Composition Function 4,20,13,1000000,3033.965066470644,333.9650664706437,False,260.4443428516388
de_pso,12,F12: Composition Function 4,20,14,1000000,2943.609998885833,243.6099988858332,False,255.6648736000061
de_pso,12,F12: Composition Function 4,20,15,1000000,2955.703428130118,255.70342813011803,False,258.5373499393463
de_pso,12,F12: Composition Function 4,20,16,1000000,2987.09495365189,287.09495365189014,False,253.74876403808597
de_pso,12,F12: Composition Function 4,20,17,1000000,2946.9903914144643,246.99039141446428,False,254.80880117416385
de_pso,12,F12: Composition Function 4,20,18,1000000,2939.028683797867,239.02868379786696,False,253.25235247612
de_pso,12,F12: Composition Function 4,20,19,1000000,3018.7235069214967,318.72350692149666,False,256.8868136405945
de_pso,12,F12: Composition Function 4,20,20,1000000,2956.261709138033,256.26170913803344,False,255.94005918502808
de_pso,12,F12: Composition Function 4,20,21,1000000,2980.664120685474,280.6641206854738,False,252.6102583408356
de_pso,12,F12: Composition Function 4,20,22,1000000,2991.0507607852974,291.05076078529737,False,258.0422098636627
de_pso,12,F12: Composition Function 4,20,23,1000000,2949.854939939524,249.85493993952423,False,258.9209792613983
de_pso,12,F12: Composition Function 4,20,24,1000000,2944.939960286416,244.93996028641595,False,256.99651432037354
de_pso,12,F12: Composition Function 4,20,25,1000000,2953.6583450936464,253.6583450936464,False,257.6930100917816
de_pso,12,F12: Composition Function 4,20,26,1000000,3001.182032033797,301.182032033797,False,264.38375663757324
de_pso,12,F12: Composition Function 4,20,27,1000000,3005.6955826800245,305.6955826800245,False,258.6754219532013
de_pso,12,F12: Composition Function 4,20,28,1000000,2967.4809569847703,267.4809569847703,False,242.81262493133545
de_pso,12,F12: Composition Function 4,20,29,1000000,2947.6537180171767,247.65371801717677,False,244.4312219619751
de_pso,12,F12: Composition Function 4,20,30,1000000,2986.9847671033094,286.9847671033094,False,242.9851152896881
dynamic_pop_v2,1,F1: Shifted and full Rotated Zakharov Function,10,1,200000,12363.877381500755,12063.877381500755,False,21.60897374153137
dynamic_pop_v2,1,F1: Shifted and full Rotated Zakharov Function,10,2,200000,10097.583506275238,9797.583506275238,False,21.61548399925232
dynamic_pop_v2,1,F1: Shifted and full Rotated Zakharov Function,10,3,200000,5712.77140226766,5412.77140226766,False,20.63994145393372
dynamic_pop_v2,1,F1: Shifted and full Rotated Zakharov Function,10,4,200000,12341.930118866934,12041.930118866934,False,20.798444032669067
dynamic_pop_v2,1,F1: Shifted and full Rotated Zakharov Function,10,5,200000,7850.775590230737,7550.775590230737,False,20.651715993881226
dynamic_pop_v2,1,F1: Shifted and full Rotated Zakharov Function,10,6,200000,10237.236666645376,9937.236666645376,False,20.71794819831848
dynamic_pop_v2,1,F1: Shifted and full Rotated Zakharov Function,10,7,200000,8216.384559991673,7916.384559991673,False,20.626948833465576
dynamic_pop_v2,1,F1: Shifted and full Rotated Zakharov Function,10,8,200000,4081.605910964331,3781.605910964331,False,20.66993188858032
dynamic_pop_v2,1,F1: Shifted and full Rotated Zakharov Function,10,9,200000,8039.37756905748,7739.37756905748,False,20.81286764144897
dynamic_pop_v2,1,F1: Shifted and full Rotated Zakharov Function,10,10,200000,10666.860452321003,10366.860452321003,False,20.814250707626343
dynamic_pop_v2,1,F1: Shifted and full Rotated Zakharov Function,10,11,200000,6157.202731509754,5857.202731509754,False,20.88973355293274
dynamic_pop_v2,1,F1: Shifted and full Rotated Zakharov Function,10,12,200000,12666.871793076589,12366.871793076589,False,20.211540937423703
dynamic_pop_v2,1,F1: Shifted and full Rotated Zakharov Function,10,13,200000,7360.579696406912,7060.579696406912,False,20.239417552948
dynamic_pop_v2,1,F1: Shifted and full Rotated Zakharov Function,10,14,200000,8199.127130363871,7899.127130363871,False,20.515661478042603
dynamic_pop_v2,1,F1: Shifted and full Rotated Zakharov Function,10,15,200000,6640.536921104208,6340.536921104208,False,20.322620391845703
dynamic_pop_v2,1,F1: Shifted and full Rotated Zakharov Function,10,16,200000,8722.194354625814,8422.194354625814,False,20.451085567474365
dynamic_pop_v2,1,F1: Shifted and full Rotated Zakharov Function,10,17,200000,9074.25987762488,8774.259877624881,False,21.04961919784546
dynamic_pop_v2,1,F1: Shifted and full Rotated Zakharov Function,10,18,200000,9889.255470565657,9589.255470565657,False,20.59503436088562
dynamic_pop_v2,1,F1: Shifted and full Rotated Zakharov Function,10,19,200000,7339.884044538126,7039.884044538126,False,19.84274101257324
dynamic_pop_v2,1,F1: Shifted and full Rotated Zakharov Function,10,20,200000,7903.045671767872,7603.045671767872,False,20.97254514694214
dynamic_pop_v2,1,F1: Shifted and full Rotated Zakharov Function,10,21,200000,12043.800029102342,11743.800029102342,False,20.199614763259888
dynamic_pop_v2,1,F1: Shifted and full Rotated Zakharov Function,10,22,200000,10908.362032089652,10608.362032089652,False,20.684335947036743
dynamic_pop_v2,1,F1: Shifted and full Rotated Zakharov Function,10,23,200000,7724.485200762158,7424.485200762158,False,20.737157344818115
dynamic_pop_v2,1,F1: Shifted and full Rotated Zakharov Function,10,24,200000,9360.315178974004,9060.315178974004,False,19.778153896331787
dynamic_pop_v2,1,F1: Shifted and full Rotated Zakharov Function,10,25,200000,6766.6157110579725,6466.6157110579725,False,21.07255744934082
dynamic_pop_v2,1,F1: Shifted and full Rotated Zakharov Function,10,26,200000,11891.028698757358,11591.028698757358,False,21.38264775276184
dynamic_pop_v2,1,F1: Shifted and full Rotated Zakharov Function,10,27,200000,11159.336101181509,10859.336101181509,False,20.71974515914917
dynamic_pop_v2,1,F1: Shifted and full Rotated Zakharov Function,10,28,200000,10761.721422474897,10461.721422474897,False,20.6687433719635
dynamic_pop_v2,1,F1: Shifted and full Rotated Zakharov Function,10,29,200000,10438.578341140108,10138.578341140108,False,20.37861680984497
dynamic_pop_v2,1,F1: Shifted and full Rotated Zakharov Function,10,30,200000,9284.92787069144,8984.92787069144,False,21.073473691940308
dynamic_pop_v2,2,F2: Shifted and Rotated Rosenbrock’s Function,10,1,200000,425.94342759217335,25.94342759217335,False,22.44457459449768
dynamic_pop_v2,2,F2: Shifted and Rotated Rosenbrock’s Function,10,2,200000,444.1959549584216,44.19595495842157,False,22.90506172180176
dynamic_pop_v2,2,F2: Shifted and Rotated Rosenbrock’s Function,10,3,200000,456.106317897684,56.106317897684,False,21.955772638320923
dynamic_pop_v2,2,F2: Shifted and Rotated Rosenbrock’s Function,10,4,200000,444.4657929265063,44.46579292650631,False,22.271084547042847
dynamic_pop_v2,2,F2: Shifted and Rotated Rosenbrock’s Function,10,5,200000,450.4561970622508,50.4561970622508,False,22.18355894088745
dynamic_pop_v2,2,F2: Shifted and Rotated Rosenbrock’s Function,10,6,200000,441.8702403156949,41.8702403156949,False,22.74893069267273
dynamic_pop_v2,2,F2: Shifted and Rotated Rosenbrock’s Function,10,7,200000,430.6800663737567,30.680066373756688,False,22.576127529144287
dynamic_pop_v2,2,F2: Shifted and Rotated Rosenbrock’s Function,10,8,200000,443.1476167011346,43.14761670113461,False,22.13945436477661
dynamic_pop_v2,2,F2: Shifted and Rotated Rosenbrock’s Function,10,9,200000,450.1538050055216,50.153805005521576,False,22.68364644050598
dynamic_pop_v2,2,F2: Shifted and Rotated Rosenbrock’s Function,10,10,200000,448.4912670280273,48.49126702802732,False,23.371058464050293
dynamic_pop_v2,2,F2: Shifted and Rotated Rosenbrock’s Function,10,11,200000,441.8572067904147,41.85720679041469,False,22.784990549087524
dynamic_pop_v2,2,F2: Shifted and Rotated Rosenbrock’s Function,10,12,200000,458.31446519038656,58.31446519038656,False,23.13377356529236
dynamic_pop_v2,2,F2: Shifted and Rotated Rosenbrock’s Function,10,13,200000,426.89938733502345,26.899387335023448,False,23.75559663772583
dynamic_pop_v2,2,F2: Shifted and Rotated Rosenbrock’s Function,10,14,200000,461.8269291106428,61.82692911064282,False,23.19622683525085
dynamic_pop_v2,2,F2: Shifted and Rotated Rosenbrock’s Function,10,15,200000,474.4221475144425,74.42214751444249,False,23.24073481559753
dynamic_pop_v2,2,F2: Shifted and Rotated Rosenbrock’s Function,10,16,200000,454.64921103463513,54.64921103463513,False,22.4895179271698
dynamic_pop_v2,2,F2: Shifted and Rotated Rosenbrock’s Function,10,17,200000,456.47622405849984,56.47622405849984,False,21.361977100372314
dynamic_pop_v2,2,F2: Shifted and Rotated Rosenbrock’s Function,10,18,200000,452.515896402596,52.51589640259601,False,21.905112504959103
dynamic_pop_v2,2,F2: Shifted and Rotated Rosenbrock’s Function,10,19,200000,458.3772586743288,58.3772586743288,False,23.28075671195984
dynamic_pop_v2,2,F2: Shifted and Rotated Rosenbrock’s Function,10,20,200000,454.2222950744592,54.22229507445917,False,22.492656469345093
dynamic_pop_v2,2,F2: Shifted and Rotated Rosenbrock’s Function,10,21,200000,454.380521168765,54.38052116876497,False,22.85526728630066
dynamic_pop_v2,2,F2: Shifted and Rotated Rosenbrock’s Function,10,22,200000,414.3218014059887,14.321801405988651,False,22.872572660446167
dynamic_pop_v2,2,F2: Shifted and Rotated Rosenbrock’s Function,10,23,200000,463.2406708748404,63.24067087484036,False,23.491730451583862
dynamic_pop_v2,2,F2: Shifted and Rotated Rosenbrock’s Function,10,24,200000,456.04478720359066,56.04478720359066,False,23.09391736984253
dynamic_pop_v2,2,F2: Shifted and Rotated Rosenbrock’s Function,10,25,200000,470.55155419588414,70.55155419588414,False,22.95921015739441
dynamic_pop_v2,2,F2: Shifted and Rotated Rosenbrock’s Function,10,26,200000,434.70320006273903,34.70320006273903,False,23.024220943450928
dynamic_pop_v2,2,F2: Shifted and Rotated Rosenbrock’s Function,10,27,200000,458.7096303953565,58.7096303953565,False,22.16017460823059
dynamic_pop_v2,2,F2: Shifted and Rotated Rosenbrock’s Function,10,28,200000,445.4285941164465,45.42859411644645,False,22.095590114593502
dynamic_pop_v2,2,F2: Shifted and Rotated Rosenbrock’s Function,10,29,200000,437.11218730349697,37.11218730349697,False,22.64653468132019
dynamic_pop_v2,2,F2: Shifted and Rotated Rosenbrock’s Function,10,30,200000,446.4932060278125,46.49320602781245,False,22.707894802093502
dynamic_pop_v2,3,F3: Shifted and full Rotated Expanded Schaffer’s F7,10,1,200000,600.0000000210589,2.1058895072201267e-08,False,27.885079860687256
dynamic_pop_v2,3,F3: Shifted and full Rotated Expanded Schaffer’s F7,10,2,200000,600.00000033623,3.362299594300566e-07,False,27.512601375579838
dynamic_pop_v2,3,F3: Shifted and full Rotated Expanded Schaffer’s F7,10,3,200000,600.0000000470314,4.70314489575685e-08,False,27.72525930404663
dynamic_pop_v2,3,F3: Shifted and full Rotated Expanded Schaffer’s F7,10,4,200000,600.0000000464112,4.641117357095936e-08,False,29.0653555393219
dynamic_pop_v2,3,F3: Shifted and full Rotated Expanded Schaffer’s F7,10,5,200000,600.0000002543511,2.5435110728722066e-07,False,30.00187063217163
dynamic_pop_v2,3,F3: Shifted and full Rotated Expanded Schaffer’s F7,10,6,200000,600.000000034256,3.425600425543962e-08,False,27.95777583122253
dynamic_pop_v2,3,F3: Shifted and full Rotated Expanded Schaffer’s F7,10,7,200000,600.000000011762,1.1762040230678394e-08,False,27.63254714012146
dynamic_pop_v2,3,F3: Shifted and full Rotated Expanded Schaffer’s F7,10,8,200000,600.0000000391053,3.910531631845515e-08,False,28.31671142578125
dynamic_pop_v2,3,F3: Shifted and full Rotated Expanded Schaffer’s F7,10,9,200000,600.0000000328398,3.283980731794145e-08,False,27.50228476524353
dynamic_pop_v2,3,F3: Shifted and full Rotated Expanded Schaffer’s F7,10,10,200000,600.0000001150337,1.1503368568810401e-07,False,27.202037811279297
dynamic_pop_v2,3,F3: Shifted and full Rotated Expanded Schaffer’s F7,10,11,200000,600.00000007046,7.046003247523913e-08,False,27.581264972686768
dynamic_pop_v2,3,F3: Shifted and full Rotated Expanded Schaffer’s F7,10,12,200000,600.0000000600112,6.001118890708312e-08,False,26.93189477920532
dynamic_pop_v2,3,F3: Shifted and full Rotated Expanded Schaffer’s F7,10,13,200000,600.0000000302434,3.024342731805518e-08,False,27.11602520942688
dynamic_pop_v2,3,F3: Shifted and full Rotated Expanded Schaffer’s F7,10,14,200000,600.0000001333719,1.333719410467893e-07,False,27.40303897857666
dynamic_pop_v2,3,F3: Shifted and full Rotated Expanded Schaffer’s F7,10,15,200000,600.0000000937931,9.37931190492236e-08,False,28.540096044540405
dynamic_pop_v2,3,F3: Shifted and full Rotated Expanded Schaffer’s F7,10,16,200000,600.0000040975528,4.097552846360486e-06,False,28.92849636077881
dynamic_pop_v2,3,F3: Shifted and full Rotated Expanded Schaffer’s F7,10,17,200000,600.0000000401837,4.01837496610824e-08,False,27.612253665924072
dynamic_pop_v2,3,F3: Shifted and full Rotated Expanded Schaffer’s F7,10,18,200000,600.000000268072,2.680719717318425e-07,False,29.24215269088745
dynamic_pop_v2,3,F3: Shifted and full Rotated Expanded Schaffer’s F7,10,19,200000,600.0000000288136,2.8813587960030418e-08,False,27.69140577316284
dynamic_pop_v2,3,F3: Shifted and full Rotated Expanded Schaffer’s F7,10,20,200000,600.0000001391282,1.391282467011479e-07,False,27.79572296142578
dynamic_pop_v2,3,F3: Shifted and full Rotated Expanded Schaffer’s F7,10,21,200000,600.0000000332602,3.3260221243835986e-08,False,27.531030416488647
dynamic_pop_v2,3,F3: Shifted and full Rotated Expanded Schaffer’s F7,10,22,200000,600.000000227663,2.2766300844523363e-07,False,27.646264791488647
dynamic_pop_v2,3,F3: Shifted and full Rotated Expanded Schaffer’s F7,10,23,200000,600.0000000124327,1.2432678886398207e-08,False,26.949602842330933
dynamic_pop_v2,3,F3: Shifted and full Rotated Expanded Schaffer’s F7,10,24,200000,600.0000001013439,1.0134385775018019e-07,False,27.03081250190735
dynamic_pop_v2,3,F3: Shifted and full Rotated Expanded Schaffer’s F7,10,25,200000,600.0000000467745,4.6774516704317655e-08,False,27.06706738471985
dynamic_pop_v2,3,F3: Shifted and full Rotated Expanded Schaffer’s F7,10,26,200000,600.0000000182404,1.824037099140696e-08,False,26.694734573364254
dynamic_pop_v2,3,F3: Shifted and full Rotated Expanded Schaffer’s F7,10,27,200000,600.000000015793,1.5793034435773734e-08,False,28.173166513442997
dynamic_pop_v2,3,F3: Shifted and full Rotated Expanded Schaffer’s F7,10,28,200000,600.0000001239177,1.239177436218597e-07,False,28.847031593322757
dynamic_pop_v2,3,F3: Shifted and full Rotated Expanded Schaffer’s F7,10,29,200000,600.0000000450972,4.509718110057293e-08,False,28.379724264144897
dynamic_pop_v2,3,F3: Shifted and full Rotated Expanded Schaffer’s F7,10,30,200000,600.0000000201911,2.019112343987217e-08,False,27.97009515762329
dynamic_pop_v2,4,F4: Shifted and Rotated Non-Continuous Rastrigin’s Function,10,1,200000,885.155495471627,85.15549547162698,False,33.24177551269531
dynamic_pop_v2,4,F4: Shifted and Rotated Non-Continuous Rastrigin’s Function,10,2,200000,884.2972789289519,84.29727892895187,False,33.131738901138306
dynamic_pop_v2,4,F4: Shifted and Rotated Non-Continuous Rastrigin’s Function,10,3,200000,865.1053682610686,65.10536826106863,False,32.8262939453125
dynamic_pop_v2,4,F4: Shifted and Rotated Non-Continuous Rastrigin’s Function,10,4,200000,878.9792931090028,78.97929310900281,False,33.46109342575073
dynamic_pop_v2,4,F4: Shifted and Rotated Non-Continuous Rastrigin’s Function,10,5,200000,876.0636386506633,76.06363865066328,False,33.07043695449829
dynamic_pop_v2,4,F4: Shifted and Rotated Non-Continuous Rastrigin’s Function,10,6,200000,884.03067884453,84.03067884453003,False,33.08842945098877
dynamic_pop_v2,4,F4: Shifted and Rotated Non-Continuous Rastrigin’s Function,10,7,200000,894.0417255569328,94.04172555693276,False,32.500242710113525
dynamic_pop_v2,4,F4: Shifted and Rotated Non-Continuous Rastrigin’s Function,10,8,200000,874.6881111358002,74.68811113580023,False,34.679009437561035
dynamic_pop_v2,4,F4: Shifted and Rotated Non-Continuous Rastrigin’s Function,10,9,200000,879.5618242236028,79.5618242236028,False,34.63107991218567
dynamic_pop_v2,4,F4: Shifted and Rotated Non-Continuous Rastrigin’s Function,10,10,200000,878.7386030680301,78.7386030680301,False,33.90431332588196
dynamic_pop_v2,4,F4: Shifted and Rotated Non-Continuous Rastrigin’s Function,10,11,200000,892.6800186017562,92.68001860175616,False,34.14955759048462
dynamic_pop_v2,4,F4: Shifted and Rotated Non-Continuous Rastrigin’s Function,10,12,200000,870.2701417412865,70.27014174128647,False,36.10137152671814
dynamic_pop_v2,4,F4: Shifted and Rotated Non-Continuous Rastrigin’s Function,10,13,200000,894.5,94.5,False,33.98935627937317
dynamic_pop_v2,4,F4: Shifted and Rotated Non-Continuous Rastrigin’s Function,10,14,200000,887.629209640335,87.62920964033503,False,33.41002583503723
dynamic_pop_v2,4,F4: Shifted and Rotated Non-Continuous Rastrigin’s Function,10,15,200000,856.0060836500601,56.00608365006008,False,34.496617555618286
dynamic_pop_v2,4,F4: Shifted and Rotated Non-Continuous Rastrigin’s Function,10,16,200000,856.6613877355736,56.66138773557361,False,33.42422008514404
dynamic_pop_v2,4,F4: Shifted and Rotated Non-Continuous Rastrigin’s Function,10,17,200000,886.0,86.0,False,33.09796476364136
dynamic_pop_v2,4,F4: Shifted and Rotated Non-Continuous Rastrigin’s Function,10,18,200000,871.3970232472839,71.39702324728387,False,33.88963174819946
dynamic_pop_v2,4,F4: Shifted and Rotated Non-Continuous Rastrigin’s Function,10,19,200000,868.2108232754672,68.21082327546719,False,31.675009727478027
dynamic_pop_v2,4,F4: Shifted and Rotated Non-Continuous Rastrigin’s Function,10,20,200000,898.0,98.0,False,33.30775237083435
dynamic_pop_v2,4,F4: Shifted and Rotated Non-Continuous Rastrigin’s Function,10,21,200000,876.4015879910033,76.40158799100334,False,32.381346702575684
dynamic_pop_v2,4,F4: Shifted and Rotated Non-Continuous Rastrigin’s Function,10,22,200000,883.1289423013706,83.12894230137056,False,33.68577218055725
dynamic_pop_v2,4,F4: Shifted and Rotated Non-Continuous Rastrigin’s Function,10,23,200000,892.3793637056059,92.3793637056059,False,32.6567177772522
dynamic_pop_v2,4,F4: Shifted and Rotated Non-Continuous Rastrigin’s Function,10,24,200000,888.5,88.5,False,32.184595346450806
dynamic_pop_v2,4,F4: Shifted and Rotated Non-Continuous Rastrigin’s Function,10,25,200000,876.0,76.0,False,33.10408353805542
dynamic_pop_v2,4,F4: Shifted and Rotated Non-Continuous Rastrigin’s Function,10,26,200000,894.6949970639221,94.69499706392207,False,33.69265151023865
dynamic_pop_v2,4,F4: Shifted and Rotated Non-Continuous Rastrigin’s Function,10,27,200000,870.0,70.0,False,34.05630302429199
dynamic_pop_v2,4,F4: Shifted and Rotated Non-Continuous Rastrigin’s Function,10,28,200000,876.3313039819379,76.33130398193794,False,33.13840866088867
dynamic_pop_v2,4,F4: Shifted and Rotated Non-Continuous Rastrigin’s Function,10,29,200000,891.6251729511278,91.62517295112777,False,33.27209234237671
dynamic_pop_v2,4,F4: Shifted and Rotated Non-Continuous Rastrigin’s Function,10,30,200000,865.9253451144205,65.92534511442045,False,34.729483127593994
dynamic_pop_v2,5,F5: Shifted and Rotated Levy Function,10,1,200000,902.351654306436,2.351654306435876,False,25.51151394844055
dynamic_pop_v2,5,F5: Shifted and Rotated Levy Function,10,2,200000,902.5194805201238,2.519480520123807,False,25.093806743621823
dynamic_pop_v2,5,F5: Shifted and Rotated Levy Function,10,3,200000,902.952057281748,2.952057281747898,False,25.30594754219055
dynamic_pop_v2,5,F5: Shifted and Rotated Levy Function,10,4,200000,902.7141178117504,2.714117811750498,False,25.907508373260494
dynamic_pop_v2,5,F5: Shifted and Rotated Levy Function,10,5,200000,901.267753258187,1.2677532581869857,False,24.91163372993469
dynamic_pop_v2,5,F5: Shifted and Rotated Levy Function,10,6,200000,901.5961984387352,1.596198438735314,False,24.537720203399655
dynamic_pop_v2,5,F5: Shifted and Rotated Levy Function,10,7,200000,902.2877998939814,2.2877998939814006,False,25.10145139694214
dynamic_pop_v2,5,F5: Shifted and Rotated Levy Function,10,8,200000,902.2026558799248,2.2026558799249187,False,25.411007404327396
dynamic_pop_v2,5,F5: Shifted and Rotated Levy Function,10,9,200000,902.4971959609126,2.497195960912564,False,25.06476235389709
dynamic_pop_v2,5,F5: Shifted and Rotated Levy Function,10,10,200000,902.049803950478,2.049803950478008,False,25.14915418624878
dynamic_pop_v2,5,F5: Shifted and Rotated Levy Function,10,11,200000,902.3965376823108,2.3965376823107363,False,25.190419912338257
dynamic_pop_v2,5,F5: Shifted and Rotated Levy Function,10,12,200000,902.3851951146498,2.385195114649832,False,25.43206357955933
dynamic_pop_v2,5,F5: Shifted and Rotated Levy Function,10,13,200000,901.8377024018196,1.837702401819456,False,24.920170068740845
dynamic_pop_v2,5,F5: Shifted and Rotated Levy Function,10,14,200000,901.5503533424164,1.5503533424164289,False,25.556598901748657
dynamic_pop_v2,5,F5: Shifted and Rotated Levy Function,10,15,200000,901.6047454975468,1.6047454975466735,False,25.36835885047913
dynamic_pop_v2,5,F5: Shifted and Rotated Levy Function,10,16,200000,901.2377385189344,1.237738518934293,False,25.73507833480835
dynamic_pop_v2,5,F5: Shifted and Rotated Levy Function,10,17,200000,902.171916043973,2.171916043973056,False,24.951232194900516
dynamic_pop_v2,5,F5: Shifted and Rotated Levy Function,10,18,200000,902.0253799863287,2.0253799863288577,False,25.20694899559021
dynamic_pop_v2,5,F5: Shifted and Rotated Levy Function,10,19,200000,902.7577398162236,2.757739816223534,False,25.2300763130188
dynamic_pop_v2,5,F5: Shifted and Rotated Levy Function,10,20,200000,902.9725957094976,2.9725957094974547,False,24.306504249572757
dynamic_pop_v2,5,F5: Shifted and Rotated Levy Function,10,21,200000,901.5548354632184,1.55483546321841,False,23.561145305633545
dynamic_pop_v2,5,F5: Shifted and Rotated Levy Function,10,22,200000,902.2528906738052,2.2528906738052683,False,24.436140775680546
dynamic_pop_v2,5,F5: Shifted and Rotated Levy Function,10,23,200000,902.0545731202684,2.0545731202685147,False,24.355933666229248
dynamic_pop_v2,5,F5: Shifted and Rotated Levy Function,10,24,200000,902.5768036072606,2.5768036072605582,False,23.020139455795288
dynamic_pop_v2,5,F5: Shifted and Rotated Levy Function,10,25,200000,903.2647727650988,3.2647727650988827,False,23.938655853271484
dynamic_pop_v2,5,F5: Shifted and Rotated Levy Function,10,26,200000,901.6341564877164,1.6341564877162682,False,24.21381974220276
dynamic_pop_v2,5,F5: Shifted and Rotated Levy Function,10,27,200000,901.9428249985028,1.9428249985028287,False,23.86076092720032
dynamic_pop_v2,5,F5: Shifted and Rotated Levy Function,10,28,200000,901.9250006413918,1.9250006413917615,False,24.01898694038391
dynamic_pop_v2,5,F5: Shifted and Rotated Levy Function,10,29,200000,902.5029573459356,2.5029573459356698,False,24.47913432121277
dynamic_pop_v2,5,F5: Shifted and Rotated Levy Function,10,30,200000,901.7415704446252,1.7415704446252676,False,24.05539321899414
dynamic_pop_v2,6,F6: Hybrid Function 1,10,1,200000,108952.96102576176,107152.96102576176,False,24.907853364944454
dynamic_pop_v2,6,F6: Hybrid Function 1,10,2,200000,174531.02037931108,172731.02037931108,False,25.675145387649536
dynamic_pop_v2,6,F6: Hybrid Function 1,10,3,200000,98679.20488309833,96879.20488309833,False,24.10592269897461
dynamic_pop_v2,6,F6: Hybrid Function 1,10,4,200000,66329.49041764851,64529.490417648514,False,25.60899972915649
dynamic_pop_v2,6,F6: Hybrid Function 1,10,5,200000,132454.61085809296,130654.61085809296,False,24.56333351135254
dynamic_pop_v2,6,F6: Hybrid Function 1,10,6,200000,103089.87018333608,101289.87018333608,False,25.45287585258484
dynamic_pop_v2,6,F6: Hybrid Function 1,10,7,200000,143695.15021758218,141895.15021758218,False,25.800616979599
dynamic_pop_v2,6,F6: Hybrid Function 1,10,8,200000,98710.21817387023,96910.21817387023,False,25.596006393432617
dynamic_pop_v2,6,F6: Hybrid Function 1,10,9,200000,125269.12152165288,123469.12152165288,False,25.63452100753784
dynamic_pop_v2,6,F6: Hybrid Function 1,10,10,200000,94521.46396080496,92721.46396080496,False,25.765830755233765
dynamic_pop_v2,6,F6: Hybrid Function 1,10,11,200000,189575.4827600796,187775.4827600796,False,25.462672233581543
dynamic_pop_v2,6,F6: Hybrid Function 1,10,12,200000,291802.5104363788,290002.5104363788,False,25.58372592926025
dynamic_pop_v2,6,F6: Hybrid Function 1,10,13,200000,81986.53812730216,80186.53812730216,False,25.608715772628784
dynamic_pop_v2,6,F6: Hybrid Function 1,10,14,200000,168015.26632875483,166215.26632875483,False,24.995981454849243
dynamic_pop_v2,6,F6: Hybrid Function 1,10,15,200000,276181.29017211363,274381.29017211363,False,25.463472366333008
dynamic_pop_v2,6,F6: Hybrid Function 1,10,16,200000,203980.09768771025,202180.09768771025,False,25.30159401893616
dynamic_pop_v2,6,F6: Hybrid Function 1,10,17,200000,128845.25819569457,127045.25819569457,False,25.46091318130493
dynamic_pop_v2,6,F6: Hybrid Function 1,10,18,200000,111093.56401941807,109293.56401941807,False,25.631627798080444
dynamic_pop_v2,6,F6: Hybrid Function 1,10,19,200000,402405.4798835577,400605.4798835577,False,24.74722504615784
dynamic_pop_v2,6,F6: Hybrid Function 1,10,20,200000,110257.83937576506,108457.83937576506,False,24.897249460220337
dynamic_pop_v2,6,F6: Hybrid Function 1,10,21,200000,200580.39603591696,198780.39603591696,False,26.37711501121521
dynamic_pop_v2,6,F6: Hybrid Function 1,10,22,200000,195248.32146094384,193448.32146094384,False,25.72016549110413
dynamic_pop_v2,6,F6: Hybrid Function 1,10,23,200000,203001.1416168656,201201.1416168656,False,25.13714838027954
dynamic_pop_v2,6,F6: Hybrid Function 1,10,24,200000,69244.10834187179,67444.10834187179,False,24.983991384506226
dynamic_pop_v2,6,F6: Hybrid Function 1,10,25,200000,96437.070495925,94637.070495925,False,25.427923440933228
dynamic_pop_v2,6,F6: Hybrid Function 1,10,26,200000,255216.65761891825,253416.65761891825,False,24.99885725975037
dynamic_pop_v2,6,F6: Hybrid Function 1,10,27,200000,174900.63043964334,173100.63043964334,False,25.225085735321045
dynamic_pop_v2,6,F6: Hybrid Function 1,10,28,200000,103069.6719935176,101269.6719935176,False,25.097294569015503
dynamic_pop_v2,6,F6: Hybrid Function 1,10,29,200000,154497.14881247104,152697.14881247104,False,25.545647621154785
dynamic_pop_v2,6,F6: Hybrid Function 1,10,30,200000,55307.75611645257,53507.75611645257,False,25.08017516136169
dynamic_pop_v2,7,F7: Hybrid Function 2,10,1,200000,2039.6029886800616,39.6029886800618,False,109.63114166259766
dynamic_pop_v2,7,F7: Hybrid Function 2,10,2,200000,2031.5338874943975,31.53388749439773,False,110.83470106124878
dynamic_pop_v2,7,F7: Hybrid Function 2,10,3,200000,2032.410076830747,32.410076830746675,False,109.88178992271423
dynamic_pop_v2,7,F7: Hybrid Function 2,10,4,200000,2030.0473288066985,30.047328806698488,False,111.00047588348389
dynamic_pop_v2,7,F7: Hybrid Function 2,10,5,200000,2039.9795631509016,39.97956315090187,False,112.15205574035645
dynamic_pop_v2,7,F7: Hybrid Function 2,10,6,200000,2035.5173679442876,35.517367944287344,False,112.5464210510254
dynamic_pop_v2,7,F7: Hybrid Function 2,10,7,200000,2035.2119093920533,35.211909392053485,False,111.53514838218688
dynamic_pop_v2,7,F7: Hybrid Function 2,10,8,200000,2027.53160519921,27.53160519920993,False,110.65991353988647
dynamic_pop_v2,7,F7: Hybrid Function 2,10,9,200000,2028.4756998976225,28.475699897622462,False,111.7577531337738
dynamic_pop_v2,7,F7: Hybrid Function 2,10,10,200000,2035.732425857804,35.73242585780372,False,110.9294216632843
dynamic_pop_v2,7,F7: Hybrid Function 2,10,11,200000,2035.376062232866,35.376062232865934,False,109.82478976249696
dynamic_pop_v2,7,F7: Hybrid Function 2,10,12,200000,2036.8309991801004,36.830999180100434,False,110.15307140350342
dynamic_pop_v2,7,F7: Hybrid Function 2,10,13,200000,2035.9313862652684,35.93138626526843,False,109.31288123130798
dynamic_pop_v2,7,F7: Hybrid Function 2,10,14,200000,2031.492363934013,31.49236393401293,False,113.09237098693848
dynamic_pop_v2,7,F7: Hybrid Function 2,10,15,200000,2040.796714904279,40.79671490427904,False,109.40530157089232
dynamic_pop_v2,7,F7: Hybrid Function 2,10,16,200000,2035.58886067794,35.58886067793969,False,111.89687585830688
dynamic_pop_v2,7,F7: Hybrid Function 2,10,17,200000,2036.0189571574133,36.018957157413524,False,110.40530562400818
dynamic_pop_v2,7,F7: Hybrid Function 2,10,18,200000,2039.5479023806035,39.547902380603546,False,110.96227097511292
dynamic_pop_v2,7,F7: Hybrid Function 2,10,19,200000,2039.41679803132,39.416798031319786,False,110.68781733512878
dynamic_pop_v2,7,F7: Hybrid Function 2,10,20,200000,2036.6515009842087,36.65150098420918,False,113.19773006439208
dynamic_pop_v2,7,F7: Hybrid Function 2,10,21,200000,2033.4647078567648,33.464707856765244,False,111.01958632469176
dynamic_pop_v2,7,F7: Hybrid Function 2,10,22,200000,2031.233983742494,31.233983742494047,False,110.12961792945862
dynamic_pop_v2,7,F7: Hybrid Function 2,10,23,200000,2042.2647303798612,42.26473037986148,False,111.263649225235
dynamic_pop_v2,7,F7: Hybrid Function 2,10,24,200000,2035.3516055941209,35.35160559412088,False,111.17437624931335
dynamic_pop_v2,7,F7: Hybrid Function 2,10,25,200000,2026.1985942801855,26.19859428018572,False,111.64164686203004
dynamic_pop_v2,7,F7: Hybrid Function 2,10,26,200000,2038.295419779913,38.29541977991289,False,115.10109519958496
dynamic_pop_v2,7,F7: Hybrid Function 2,10,27,200000,2034.40701396771,34.4070139677101,False,115.34514546394348
dynamic_pop_v2,7,F7: Hybrid Function 2,10,28,200000,2040.04732111808,40.04732111808016,False,116.07470083236694
dynamic_pop_v2,7,F7: Hybrid Function 2,10,29,200000,2034.798288683811,34.79828868381105,False,117.64510583877563
dynamic_pop_v2,7,F7: Hybrid Function 2,10,30,200000,2039.0410902780704,39.04109027807044,False,117.60079169273376
dynamic_pop_v2,8,F8: Hybrid Function 3,10,1,200000,2609.6613489010915,409.6613489010915,False,154.41871285438538
dynamic_pop_v2,8,F8: Hybrid Function 3,10,2,200000,2302.770967867978,102.77096786797802,False,152.17389035224917
dynamic_pop_v2,8,F8: Hybrid Function 3,10,3,200000,2492.9970638391687,292.99706383916873,False,151.6569859981537
dynamic_pop_v2,8,F8: Hybrid Function 3,10,4,200000,2283.9879725752407,83.98797257524075,False,151.6401240825653
dynamic_pop_v2,8,F8: Hybrid Function 3,10,5,200000,2287.7893410850334,87.78934108503336,False,153.77742624282837
dynamic_pop_v2,8,F8: Hybrid Function 3,10,6,200000,2326.1677863875416,126.16778638754158,False,151.49338746070862
dynamic_pop_v2,8,F8: Hybrid Function 3,10,7,200000,2291.8554227263644,91.8554227263644,False,155.51559805870056
dynamic_pop_v2,8,F8: Hybrid Function 3,10,8,200000,2321.463416733887,121.4634167338868,False,155.1806082725525
dynamic_pop_v2,8,F8: Hybrid Function 3,10,9,200000,2449.80181879588,249.80181879588008,False,153.9774842262268
dynamic_pop_v2,8,F8: Hybrid Function 3,10,10,200000,2393.5141176185334,193.51411761853345,False,156.22086811065674
dynamic_pop_v2,8,F8: Hybrid Function 3,10,11,200000,2299.540160928194,99.54016092819391,False,154.20530605316162
dynamic_pop_v2,8,F8: Hybrid Function 3,10,12,200000,2292.36271216653,92.36271216652996,False,156.37452745437622
dynamic_pop_v2,8,F8: Hybrid Function 3,10,13,200000,2289.479430621357,89.4794306213571,False,155.11322808265686
dynamic_pop_v2,8,F8: Hybrid Function 3,10,14,200000,2299.1070518832385,99.10705188323846,False,155.30356431007385
dynamic_pop_v2,8,F8: Hybrid Function 3,10,15,200000,2259.081333430835,59.081333430835,False,155.10248017311096
dynamic_pop_v2,8,F8: Hybrid Function 3,10,16,200000,2747.6799781588543,547.6799781588543,False,153.64864993095398
dynamic_pop_v2,8,F8: Hybrid Function 3,10,17,200000,2276.864869499709,76.86486949970913,False,152.36800026893616
dynamic_pop_v2,8,F8: Hybrid Function 3,10,18,200000,2270.921170244514,70.92117024451409,False,152.3500726222992
dynamic_pop_v2,8,F8: Hybrid Function 3,10,19,200000,2535.8570986519017,335.85709865190165,False,153.6201093196869
dynamic_pop_v2,8,F8: Hybrid Function 3,10,20,200000,2246.232193515817,46.232193515817016,False,153.58154344558716
dynamic_pop_v2,8,F8: Hybrid Function 3,10,21,200000,2297.239908028426,97.23990802842582,False,154.9409556388855
dynamic_pop_v2,8,F8: Hybrid Function 3,10,22,200000,2570.4996039454945,370.4996039454945,False,158.02190446853638
dynamic_pop_v2,8,F8: Hybrid Function 3,10,23,200000,2281.568803353676,81.56880335367578,False,154.47577047348022
dynamic_pop_v2,8,F8: Hybrid Function 3,10,24,200000,2272.753451401324,72.75345140132413,False,154.369882106781
dynamic_pop_v2,8,F8: Hybrid Function 3,10,25,200000,2341.266525849773,141.2665258497732,False,160.29197192192078
dynamic_pop_v2,8,F8: Hybrid Function 3,10,26,200000,2447.677399290411,247.6773992904109,False,160.89257192611694
dynamic_pop_v2,8,F8: Hybrid Function 3,10,27,200000,2349.42132257188,149.42132257187995,False,162.89743041992188
dynamic_pop_v2,8,F8: Hybrid Function 3,10,28,200000,2229.826835120577,29.826835120577016,False,161.1727991104126
dynamic_pop_v2,8,F8: Hybrid Function 3,10,29,200000,2257.9394932111577,57.939493211157696,False,167.9093632698059
dynamic_pop_v2,8,F8: Hybrid Function 3,10,30,200000,2247.5000577249466,47.5000577249466,False,164.7932209968567
dynamic_pop_v2,9,F9: Composition Function 1,10,1,200000,2703.1244639647407,403.1244639647407,False,49.2522759437561
dynamic_pop_v2,9,F9: Composition Function 1,10,2,200000,2715.1220135100534,415.1220135100534,False,50.28655385971069
dynamic_pop_v2,9,F9: Composition Function 1,10,3,200000,2699.433363764754,399.4333637647546,False,48.55292820930481
dynamic_pop_v2,9,F9: Composition Function 1,10,4,200000,2685.38997231352,385.3899723135201,False,47.39662218093872
dynamic_pop_v2,9,F9: Composition Function 1,10,5,200000,2706.6180835080813,406.6180835080813,False,47.2581799030304
dynamic_pop_v2,9,F9: Composition Function 1,10,6,200000,2700.4777806615502,400.47778066155024,False,47.51555514335632
dynamic_pop_v2,9,F9: Composition Function 1,10,7,200000,2658.9496295986123,358.9496295986123,False,46.26092886924744
dynamic_pop_v2,9,F9: Composition Function 1,10,8,200000,2700.361353330734,400.3613533307339,False,46.94727039337158
dynamic_pop_v2,9,F9: Composition Function 1,10,9,200000,2719.273931299293,419.27393129929305,False,47.080915451049805
dynamic_pop_v2,9,F9: Composition Function 1,10,10,200000,2720.7857965562357,420.78579655623525,False,46.851879835128784
dynamic_pop_v2,9,F9: Composition Function 1,10,11,200000,2700.7786765155147,400.7786765155147,False,46.84097981452942
dynamic_pop_v2,9,F9: Composition Function 1,10,12,200000,2692.647480133537,392.6474801335371,False,46.46509885787964
dynamic_pop_v2,9,F9: Composition Function 1,10,13,200000,2719.928544543195,419.92854454319513,False,46.11992740631104
dynamic_pop_v2,9,F9: Composition Function 1,10,14,200000,2712.268282492456,412.2682824924559,False,45.82504463195801
dynamic_pop_v2,9,F9: Composition Function 1,10,15,200000,2705.409559024737,405.4095590247375,False,46.9781756401062
dynamic_pop_v2,9,F9: Composition Function 1,10,16,200000,2726.9500251784016,426.9500251784016,False,51.70128417015076
dynamic_pop_v2,9,F9: Composition Function 1,10,17,200000,2699.123972924442,399.1239729244421,False,48.96640944480896
dynamic_pop_v2,9,F9: Composition Function 1,10,18,200000,2709.9089646253688,409.9089646253688,False,47.98818349838257
dynamic_pop_v2,9,F9: Composition Function 1,10,19,200000,2700.971995724239,400.9719957242392,False,47.119372606277466
dynamic_pop_v2,9,F9: Composition Function 1,10,20,200000,2713.889850070399,413.889850070399,False,46.69919037818909
dynamic_pop_v2,9,F9: Composition Function 1,10,21,200000,2693.3286871054584,393.3286871054584,False,48.874419927597046
dynamic_pop_v2,9,F9: Composition Function 1,10,22,200000,2729.9618722077444,429.9618722077444,False,48.39611268043518
dynamic_pop_v2,9,F9: Composition Function 1,10,23,200000,2726.710811572447,426.7108115724468,False,47.17183303833008
dynamic_pop_v2,9,F9: Composition Function 1,10,24,200000,2725.984982371706,425.9849823717059,False,47.211387157440186
dynamic_pop_v2,9,F9: Composition Function 1,10,25,200000,2713.40225896142,413.4022589614197,False,46.71953129768372
dynamic_pop_v2,9,F9: Composition Function 1,10,26,200000,2700.389942340883,400.38994234088295,False,47.84966397285461
dynamic_pop_v2,9,F9: Composition Function 1,10,27,200000,2705.1580171832006,405.1580171832006,False,47.93344688415527
dynamic_pop_v2,9,F9: Composition Function 1,10,28,200000,2705.499964752835,405.4999647528348,False,47.94719171524048
dynamic_pop_v2,9,F9: Composition Function 1,10,29,200000,2676.44846517824,376.44846517824,False,48.61649131774902
dynamic_pop_v2,9,F9: Composition Function 1,10,30,200000,2702.387655668144,402.3876556681439,False,47.46756768226624
dynamic_pop_v2,10,F10: Composition Function 2,10,1,200000,2686.459848618922,286.459848618922,False,49.740997314453125
dynamic_pop_v2,10,F10: Composition Function 2,10,2,200000,2658.742325105907,258.7423251059072,False,48.97102403640747
dynamic_pop_v2,10,F10: Composition Function 2,10,3,200000,2696.12645157344,296.1264515734397,False,51.70040440559387
dynamic_pop_v2,10,F10: Composition Function 2,10,4,200000,2662.5110901224125,262.5110901224125,False,48.80100893974304
dynamic_pop_v2,10,F10: Composition Function 2,10,5,200000,2692.041956138241,292.04195613824095,False,48.49030160903931
dynamic_pop_v2,10,F10: Composition Function 2,10,6,200000,2690.893469294561,290.8934692945609,False,47.85822224617005
dynamic_pop_v2,10,F10: Composition Function 2,10,7,200000,2661.90800430724,261.90800430723993,False,49.04490327835083
dynamic_pop_v2,10,F10: Composition Function 2,10,8,200000,2666.4723040994463,266.4723040994463,False,49.607484340667725
dynamic_pop_v2,10,F10: Composition Function 2,10,9,200000,2666.088168162388,266.0881681623878,False,49.45212364196777
dynamic_pop_v2,10,F10: Composition Function 2,10,10,200000,2683.590579007084,283.59057900708376,False,50.07767534255981
dynamic_pop_v2,10,F10: Composition Function 2,10,11,200000,2664.371861746718,264.371861746718,False,49.87967109680176
dynamic_pop_v2,10,F10: Composition Function 2,10,12,200000,2672.985962111038,272.98596211103813,False,48.70619702339173
dynamic_pop_v2,10,F10: Composition Function 2,10,13,200000,2684.8932316875707,284.89323168757073,False,49.373069047927856
dynamic_pop_v2,10,F10: Composition Function 2,10,14,200000,2660.4470459730987,260.44704597309874,False,49.88148593902588
dynamic_pop_v2,10,F10: Composition Function 2,10,15,200000,2686.8835629194514,286.8835629194514,False,49.438453674316406
dynamic_pop_v2,10,F10: Composition Function 2,10,16,200000,2681.385797909523,281.3857979095228,False,49.02946329116821
dynamic_pop_v2,10,F10: Composition Function 2,10,17,200000,2695.4574526833776,295.4574526833776,False,48.78889751434326
dynamic_pop_v2,10,F10: Composition Function 2,10,18,200000,2659.7245458640405,259.72454586404046,False,49.24956393241882
dynamic_pop_v2,10,F10: Composition Function 2,10,19,200000,2666.6692155162227,266.6692155162227,False,49.14965343475342
dynamic_pop_v2,10,F10: Composition Function 2,10,20,200000,2662.631998068815,262.63199806881494,False,49.62446212768555
dynamic_pop_v2,10,F10: Composition Function 2,10,21,200000,2686.179147478103,286.179147478103,False,50.71360898017883
dynamic_pop_v2,10,F10: Composition Function 2,10,22,200000,2680.320025169751,280.3200251697508,False,48.653504610061646
dynamic_pop_v2,10,F10: Composition Function 2,10,23,200000,2675.2809526695587,275.2809526695587,False,48.753258228302
dynamic_pop_v2,10,F10: Composition Function 2,10,24,200000,2676.2430751089987,276.2430751089987,False,48.88603496551514
dynamic_pop_v2,10,F10: Composition Function 2,10,25,200000,2692.256561823443,292.256561823443,False,48.41278982162476
dynamic_pop_v2,10,F10: Composition Function 2,10,26,200000,2687.784549827992,287.7845498279921,False,47.94326972961426
dynamic_pop_v2,10,F10: Composition Function 2,10,27,200000,2669.954327230781,269.9543272307815,False,48.63697385787964
dynamic_pop_v2,10,F10: Composition Function 2,10,28,200000,2669.778147074604,269.7781470746036,False,47.92656850814819
dynamic_pop_v2,10,F10: Composition Function 2,10,29,200000,2670.127127805949,270.12712780594893,False,47.60389161109924
dynamic_pop_v2,10,F10: Composition Function 2,10,30,200000,2678.8761955343325,278.8761955343325,False,48.63956952095032
dynamic_pop_v2,11,F11: Composition Function 3,10,1,200000,2664.9308949694155,64.93089496941548,False,69.36685919761658
dynamic_pop_v2,11,F11: Composition Function 3,10,2,200000,2664.6901597770243,64.69015977702429,False,64.74505019187927
dynamic_pop_v2,11,F11: Composition Function 3,10,3,200000,2689.46855532488,89.46855532488007,False,65.10315561294556
dynamic_pop_v2,11,F11: Composition Function 3,10,4,200000,2653.035171035881,53.03517103588092,False,65.03330945968628
dynamic_pop_v2,11,F11: Composition Function 3,10,5,200000,2649.5485386621085,49.54853866210851,False,64.55603790283203
dynamic_pop_v2,11,F11: Composition Function 3,10,6,200000,2661.826469342842,61.82646934284185,False,74.52159762382507
dynamic_pop_v2,11,F11: Composition Function 3,10,7,200000,2649.2428228638696,49.242822863869605,False,69.4491879940033
dynamic_pop_v2,11,F11: Composition Function 3,10,8,200000,2668.5975074308403,68.59750743084032,False,73.01657366752625
dynamic_pop_v2,11,F11: Composition Function 3,10,9,200000,2661.111099136485,61.11109913648488,False,75.24131155014038
dynamic_pop_v2,11,F11: Composition Function 3,10,10,200000,2699.04234994652,99.04234994652006,False,71.21465373039246
dynamic_pop_v2,11,F11: Composition Function 3,10,11,200000,2632.223786410423,32.223786410423145,False,67.46796178817749
dynamic_pop_v2,11,F11: Composition Function 3,10,12,200000,2657.053900868919,57.053900868918845,False,67.48968076705933
dynamic_pop_v2,11,F11: Composition Function 3,10,13,200000,2644.6081551371685,44.60815513716853,False,69.28603267669678
dynamic_pop_v2,11,F11: Composition Function 3,10,14,200000,2651.6933599519866,51.69335995198662,False,66.9775779247284
dynamic_pop_v2,11,F11: Composition Function 3,10,15,200000,2671.9081752263496,71.90817522634961,False,67.67612767219543
dynamic_pop_v2,11,F11: Composition Function 3,10,16,200000,2637.4984084700145,37.49840847001451,False,70.59398818016052
dynamic_pop_v2,11,F11: Composition Function 3,10,17,200000,2680.881206865457,80.88120686545699,False,77.88713073730469
dynamic_pop_v2,11,F11: Composition Function 3,10,18,200000,2654.869163130724,54.86916313072379,False,74.43724775314331
dynamic_pop_v2,11,F11: Composition Function 3,10,19,200000,2646.0640667759844,46.06406677598443,False,70.21659970283508
dynamic_pop_v2,11,F11: Composition Function 3,10,20,200000,2646.643452581917,46.643452581917245,False,67.14197731018066
dynamic_pop_v2,11,F11: Composition Function 3,10,21,200000,2651.5150861121388,51.51508611213876,False,67.93865895271301
dynamic_pop_v2,11,F11: Composition Function 3,10,22,200000,2645.049452320805,45.0494523208049,False,67.87824988365173
dynamic_pop_v2,11,F11: Composition Function 3,10,23,200000,2649.1256690442324,49.12566904423238,False,64.59392023086548
dynamic_pop_v2,11,F11: Composition Function 3,10,24,200000,2648.920236966696,48.92023696669594,False,63.556267738342285
dynamic_pop_v2,11,F11: Composition Function 3,10,25,200000,2649.20535997912,49.2053599791202,False,64.96684384346008
dynamic_pop_v2,11,F11: Composition Function 3,10,26,200000,2649.9544366442974,49.9544366442974,False,65.33284330368042
dynamic_pop_v2,11,F11: Composition Function 3,10,27,200000,2668.903279360488,68.90327936048789,False,68.02107048034668
dynamic_pop_v2,11,F11: Composition Function 3,10,28,200000,2663.7104775617413,63.7104775617413,False,63.592517614364624
dynamic_pop_v2,11,F11: Composition Function 3,10,29,200000,2670.417912057121,70.41791205712116,False,64.94850730895996
dynamic_pop_v2,11,F11: Composition Function 3,10,30,200000,2648.2527017536786,48.25270175367859,False,64.96295928955078
dynamic_pop_v2,12,F12: Composition Function 4,10,1,200000,2869.061197121526,169.06119712152622,False,68.63681030273438
dynamic_pop_v2,12,F12: Composition Function 4,10,2,200000,2868.228619611479,168.2286196114792,False,71.52509713172913
dynamic_pop_v2,12,F12: Composition Function 4,10,3,200000,2868.602763077774,168.60276307777394,False,70.79100108146667
dynamic_pop_v2,12,F12: Composition Function 4,10,4,200000,2869.170300717183,169.17030071718318,False,71.48930287361145
dynamic_pop_v2,12,F12: Composition Function 4,10,5,200000,2868.222127768336,168.22212776833567,False,70.86383700370789
dynamic_pop_v2,12,F12: Composition Function 4,10,6,200000,2868.614651119457,168.614651119457,False,72.74522519111633
dynamic_pop_v2,12,F12: Composition Function 4,10,7,200000,2868.246210897278,168.24621089727816,False,71.73413848876953
dynamic_pop_v2,12,F12: Composition Function 4,10,8,200000,2869.1823941622165,169.1823941622165,False,71.36162567138672
dynamic_pop_v2,12,F12: Composition Function 4,10,9,200000,2869.0966229210794,169.09662292107942,False,70.75790143013
dynamic_pop_v2,12,F12: Composition Function 4,10,10,200000,2869.376370178521,169.37637017852103,False,70.80683922767639
dynamic_pop_v2,12,F12: Composition Function 4,10,11,200000,2868.458213179013,168.458213179013,False,72.06146955490112
dynamic_pop_v2,12,F12: Composition Function 4,10,12,200000,2869.0693340903986,169.06933409039857,False,70.91981601715088
dynamic_pop_v2,12,F12: Composition Function 4,10,13,200000,2867.3350252841124,167.33502528411236,False,71.42515921592712
dynamic_pop_v2,12,F12: Composition Function 4,10,14,200000,2868.8687994783604,168.86879947836042,False,70.41303038597107
dynamic_pop_v2,12,F12: Composition Function 4,10,15,200000,2868.3273717412108,168.32737174121075,False,69.62547135353088
dynamic_pop_v2,12,F12: Composition Function 4,10,16,200000,2869.423339882396,169.42333988239534,False,71.32924675941467
dynamic_pop_v2,12,F12: Composition Function 4,10,17,200000,2868.691023353648,168.69102335364823,False,71.76008987426758
dynamic_pop_v2,12,F12: Composition Function 4,10,18,200000,2868.8080577594383,168.80805775943827,False,71.85611605644226
dynamic_pop_v2,12,F12: Composition Function 4,10,19,200000,2867.870587423333,167.87058742333284,False,73.64120960235596
dynamic_pop_v2,12,F12: Composition Function 4,10,20,200000,2869.8352868274287,169.83528682742872,False,72.69974493980408
dynamic_pop_v2,12,F12: Composition Function 4,10,21,200000,2868.52897575474,168.5289757547398,False,69.71208024024963
dynamic_pop_v2,12,F12: Composition Function 4,10,22,200000,2869.046866265022,169.0468662650219,False,69.97039031982422
dynamic_pop_v2,12,F12: Composition Function 4,10,23,200000,2869.2099300352543,169.20993003525427,False,71.38331937789917
dynamic_pop_v2,12,F12: Composition Function 4,10,24,200000,2867.41724915333,167.41724915332998,False,70.19885635375977
dynamic_pop_v2,12,F12: Composition Function 4,10,25,200000,2868.610664493276,168.61066449327564,False,70.00624871253967
dynamic_pop_v2,12,F12: Composition Function 4,10,26,200000,2868.459390792178,168.45939079217806,False,69.58139228820801
dynamic_pop_v2,12,F12: Composition Function 4,10,27,200000,2867.960113874673,167.96011387467297,False,72.62738728523254
dynamic_pop_v2,12,F12: Composition Function 4,10,28,200000,2869.158855046624,169.15885504662356,False,71.14509868621826
dynamic_pop_v2,12,F12: Composition Function 4,10,29,200000,2868.4210287238325,168.42102872383248,False,72.01954078674316
dynamic_pop_v2,12,F12: Composition Function 4,10,30,200000,2868.740496076996,168.7404960769959,False,73.13314867019653
dynamic_pop_v2,1,F1: Shifted and full Rotated Zakharov Function,20,1,1000000,30773.15717872705,30473.15717872705,False,116.9892761707306
dynamic_pop_v2,1,F1: Shifted and full Rotated Zakharov Function,20,2,1000000,36178.74879271943,35878.74879271943,False,117.91534948349
dynamic_pop_v2,1,F1: Shifted and full Rotated Zakharov Function,20,3,1000000,24866.4865634782,24566.4865634782,False,116.55052399635316
dynamic_pop_v2,1,F1: Shifted and full Rotated Zakharov Function,20,4,1000000,37189.24958320682,36889.24958320682,False,117.04309844970705
dynamic_pop_v2,1,F1: Shifted and full Rotated Zakharov Function,20,5,1000000,32114.637028814548,31814.637028814548,False,115.90807867050172
dynamic_pop_v2,1,F1: Shifted and full Rotated Zakharov Function,20,6,1000000,29547.802586960457,29247.802586960457,False,117.03882145881651
dynamic_pop_v2,1,F1: Shifted and full Rotated Zakharov Function,20,7,1000000,27205.90600521619,26905.90600521619,False,114.59387850761414
dynamic_pop_v2,1,F1: Shifted and full Rotated Zakharov Function,20,8,1000000,30778.69067646781,30478.69067646781,False,114.0515522956848
dynamic_pop_v2,1,F1: Shifted and full Rotated Zakharov Function,20,9,1000000,29549.45606126836,29249.45606126836,False,109.8102090358734
dynamic_pop_v2,1,F1: Shifted and full Rotated Zakharov Function,20,10,1000000,30007.974299993475,29707.974299993475,False,106.75067687034608
dynamic_pop_v2,1,F1: Shifted and full Rotated Zakharov Function,20,11,1000000,29083.24754628044,28783.24754628044,False,106.93949937820436
dynamic_pop_v2,1,F1: Shifted and full Rotated Zakharov Function,20,12,1000000,25436.443969366763,25136.443969366763,False,106.62767219543456
dynamic_pop_v2,1,F1: Shifted and full Rotated Zakharov Function,20,13,1000000,31132.40113092382,30832.40113092382,False,105.8026237487793
dynamic_pop_v2,1,F1: Shifted and full Rotated Zakharov Function,20,14,1000000,38675.62767875834,38375.62767875834,False,107.2808587551117
dynamic_pop_v2,1,F1: Shifted and full Rotated Zakharov Function,20,15,1000000,32538.085704157464,32238.085704157464,False,104.6377124786377
dynamic_pop_v2,1,F1: Shifted and full Rotated Zakharov Function,20,16,1000000,23912.920615500418,23612.920615500418,False,109.47582840919496
dynamic_pop_v2,1,F1: Shifted and full Rotated Zakharov Function,20,17,1000000,27362.99388900685,27062.99388900685,False,106.00341176986694
dynamic_pop_v2,1,F1: Shifted and full Rotated Zakharov Function,20,18,1000000,33709.57339751225,33409.57339751225,False,121.76459264755248
dynamic_pop_v2,1,F1: Shifted and full Rotated Zakharov Function,20,19,1000000,38028.308002008496,37728.308002008496,False,113.82185888290404
dynamic_pop_v2,1,F1: Shifted and full Rotated Zakharov Function,20,20,1000000,19678.4212711262,19378.4212711262,False,113.67391324043274
dynamic_pop_v2,1,F1: Shifted and full Rotated Zakharov Function,20,21,1000000,33560.43552937494,33260.43552937494,False,110.4976716041565
dynamic_pop_v2,1,F1: Shifted and full Rotated Zakharov Function,20,22,1000000,34686.527352561345,34386.527352561345,False,112.00846982002258
dynamic_pop_v2,1,F1: Shifted and full Rotated Zakharov Function,20,23,1000000,31050.930397531265,30750.930397531265,False,113.22664737701416
dynamic_pop_v2,1,F1: Shifted and full Rotated Zakharov Function,20,24,1000000,32968.079694589804,32668.079694589804,False,114.51344299316406
dynamic_pop_v2,1,F1: Shifted and full Rotated Zakharov Function,20,25,1000000,21867.139721327127,21567.139721327127,False,115.1593644618988
dynamic_pop_v2,1,F1: Shifted and full Rotated Zakharov Function,20,26,1000000,31950.68294507887,31650.68294507887,False,111.02683186531068
dynamic_pop_v2,1,F1: Shifted and full Rotated Zakharov Function,20,27,1000000,31016.84098725504,30716.84098725504,False,113.42711472511292
dynamic_pop_v2,1,F1: Shifted and full Rotated Zakharov Function,20,28,1000000,35842.35171278685,35542.35171278685,False,112.06369352340698
dynamic_pop_v2,1,F1: Shifted and full Rotated Zakharov Function,20,29,1000000,24828.856934763007,24528.856934763007,False,110.5691921710968
dynamic_pop_v2,1,F1: Shifted and full Rotated Zakharov Function,20,30,1000000,31010.43389917181,30710.43389917181,False,122.85306978225708
dynamic_pop_v2,2,F2: Shifted and Rotated Rosenbrock’s Function,20,1,1000000,678.9862848107739,278.9862848107739,False,121.13567447662354
dynamic_pop_v2,2,F2: Shifted and Rotated Rosenbrock’s Function,20,2,1000000,706.068142804838,306.068142804838,False,119.392991065979
dynamic_pop_v2,2,F2: Shifted and Rotated Rosenbrock’s Function,20,3,1000000,701.6972522639726,301.6972522639726,False,116.31679844856262
dynamic_pop_v2,2,F2: Shifted and Rotated Rosenbrock’s Function,20,4,1000000,728.7714991078635,328.7714991078635,False,117.08011770248412
dynamic_pop_v2,2,F2: Shifted and Rotated Rosenbrock’s Function,20,5,1000000,608.7113413817724,208.7113413817724,False,119.66910123825072
dynamic_pop_v2,2,F2: Shifted and Rotated Rosenbrock’s Function,20,6,1000000,808.280739593172,408.280739593172,False,123.3347713947296
dynamic_pop_v2,2,F2: Shifted and Rotated Rosenbrock’s Function,20,7,1000000,733.2224547025164,333.2224547025164,False,117.84881925582886
dynamic_pop_v2,2,F2: Shifted and Rotated Rosenbrock’s Function,20,8,1000000,662.1390167485907,262.13901674859073,False,118.42893552780151
dynamic_pop_v2,2,F2: Shifted and Rotated Rosenbrock’s Function,20,9,1000000,626.5129930840421,226.5129930840421,False,118.65979743003844
dynamic_pop_v2,2,F2: Shifted and Rotated Rosenbrock’s Function,20,10,1000000,679.1481771951359,279.1481771951359,False,118.32855892181396
dynamic_pop_v2,2,F2: Shifted and Rotated Rosenbrock’s Function,20,11,1000000,687.1649148280593,287.1649148280593,False,117.92430019378662
dynamic_pop_v2,2,F2: Shifted and Rotated Rosenbrock’s Function,20,12,1000000,703.3311674079445,303.33116740794446,False,117.52152585983276
dynamic_pop_v2,2,F2: Shifted and Rotated Rosenbrock’s Function,20,13,1000000,714.8178375846464,314.81783758464644,False,117.52482509613036
dynamic_pop_v2,2,F2: Shifted and Rotated Rosenbrock’s Function,20,14,1000000,636.8088610530085,236.8088610530085,False,116.36706161499023
dynamic_pop_v2,2,F2: Shifted and Rotated Rosenbrock’s Function,20,15,1000000,714.6126636312977,314.61266363129766,False,117.85250735282898
dynamic_pop_v2,2,F2: Shifted and Rotated Rosenbrock’s Function,20,16,1000000,677.9993773728246,277.9993773728246,False,116.7936189174652
dynamic_pop_v2,2,F2: Shifted and Rotated Rosenbrock’s Function,20,17,1000000,621.2291611277325,221.22916112773248,False,116.6630721092224
dynamic_pop_v2,2,F2: Shifted and Rotated Rosenbrock’s Function,20,18,1000000,654.1900223731789,254.1900223731789,False,116.02705788612366
dynamic_pop_v2,2,F2: Shifted and Rotated Rosenbrock’s Function,20,19,1000000,737.1427675010044,337.1427675010044,False,117.33350944519044
dynamic_pop_v2,2,F2: Shifted and Rotated Rosenbrock’s Function,20,20,1000000,727.2092290082028,327.2092290082028,False,117.16656732559204
dynamic_pop_v2,2,F2: Shifted and Rotated Rosenbrock’s Function,20,21,1000000,698.558091550983,298.558091550983,False,117.70032501220705
dynamic_pop_v2,2,F2: Shifted and Rotated Rosenbrock’s Function,20,22,1000000,649.183539959071,249.18353995907103,False,116.99550700187685
dynamic_pop_v2,2,F2: Shifted and Rotated Rosenbrock’s Function,20,23,1000000,686.7672388109331,286.7672388109331,False,117.4707899093628
dynamic_pop_v2,2,F2: Shifted and Rotated Rosenbrock’s Function,20,24,1000000,734.0607458470158,334.0607458470158,False,117.1559522151947
dynamic_pop_v2,2,F2: Shifted and Rotated Rosenbrock’s Function,20,25,1000000,576.874143835753,176.874143835753,False,118.62685918807983
dynamic_pop_v2,2,F2: Shifted and Rotated Rosenbrock’s Function,20,26,1000000,740.2104132121761,340.2104132121761,False,116.48416090011597
dynamic_pop_v2,2,F2: Shifted and Rotated Rosenbrock’s Function,20,27,1000000,692.55457818483,292.55457818483,False,118.2932345867157
dynamic_pop_v2,2,F2: Shifted and Rotated Rosenbrock’s Function,20,28,1000000,572.6782123223447,172.6782123223447,False,116.50673508644104
dynamic_pop_v2,2,F2: Shifted and Rotated Rosenbrock’s Function,20,29,1000000,760.8881464601968,360.8881464601968,False,116.07179307937622
dynamic_pop_v2,2,F2: Shifted and Rotated Rosenbrock’s Function,20,30,1000000,662.5986092189928,262.5986092189928,False,117.55570340156557
dynamic_pop_v2,3,F3: Shifted and full Rotated Expanded Schaffer’s F7,20,1,1000000,600.000017328766,1.7328766034552245e-05,False,141.41952419281006
dynamic_pop_v2,3,F3: Shifted and full Rotated Expanded Schaffer’s F7,20,2,1000000,600.0000188403941,1.8840394091057533e-05,False,142.0595898628235
dynamic_pop_v2,3,F3: Shifted and full Rotated Expanded Schaffer’s F7,20,3,1000000,600.0006033584174,0.0006033584173792,False,142.44290375709534
dynamic_pop_v2,3,F3: Shifted and full Rotated Expanded Schaffer’s F7,20,4,1000000,600.000043961466,4.396146596263861e-05,False,141.55761981010437
dynamic_pop_v2,3,F3: Shifted and full Rotated Expanded Schaffer’s F7,20,5,1000000,600.000010028603,1.0028603014688995e-05,False,141.48699569702148
dynamic_pop_v2,3,F3: Shifted and full Rotated Expanded Schaffer’s F7,20,6,1000000,600.0004708072983,0.0004708072982566,False,141.54542231559753
dynamic_pop_v2,3,F3: Shifted and full Rotated Expanded Schaffer’s F7,20,7,1000000,600.2162045108247,0.2162045108246957,False,143.0526156425476
dynamic_pop_v2,3,F3: Shifted and full Rotated Expanded Schaffer’s F7,20,8,1000000,600.0003444984591,0.0003444984590714,False,142.67474699020386
dynamic_pop_v2,3,F3: Shifted and full Rotated Expanded Schaffer’s F7,20,9,1000000,600.0000503045311,5.030453110066446e-05,False,141.81992626190186
dynamic_pop_v2,3,F3: Shifted and full Rotated Expanded Schaffer’s F7,20,10,1000000,600.0000030192218,3.019221821887186e-06,False,140.5528600215912
dynamic_pop_v2,3,F3: Shifted and full Rotated Expanded Schaffer’s F7,20,11,1000000,600.0000629494401,6.294944012097403e-05,False,142.34245467185974
dynamic_pop_v2,3,F3: Shifted and full Rotated Expanded Schaffer’s F7,20,12,1000000,600.0002191483851,0.0002191483850992,False,142.18107271194458
dynamic_pop_v2,3,F3: Shifted and full Rotated Expanded Schaffer’s F7,20,13,1000000,600.0000081677232,8.167723194674181e-06,False,142.1636745929718
dynamic_pop_v2,3,F3: Shifted and full Rotated Expanded Schaffer’s F7,20,14,1000000,600.0000353407311,3.534073107402946e-05,False,141.39115595817566
dynamic_pop_v2,3,F3: Shifted and full Rotated Expanded Schaffer’s F7,20,15,1000000,600.0000137127813,1.3712781310459832e-05,False,141.403484582901
dynamic_pop_v2,3,F3: Shifted and full Rotated Expanded Schaffer’s F7,20,16,1000000,600.0000828328136,8.28328136321943e-05,False,143.20795059204102
dynamic_pop_v2,3,F3: Shifted and full Rotated Expanded Schaffer’s F7,20,17,1000000,600.0000046798858,4.679885819314222e-06,False,140.53641986846924
dynamic_pop_v2,3,F3: Shifted and full Rotated Expanded Schaffer’s F7,20,18,1000000,600.0000184614681,1.846146813022642e-05,False,142.24356269836426
dynamic_pop_v2,3,F3: Shifted and full Rotated Expanded Schaffer’s F7,20,19,1000000,600.0000897390787,8.973907870313269e-05,False,143.27553868293762
dynamic_pop_v2,3,F3: Shifted and full Rotated Expanded Schaffer’s F7,20,20,1000000,600.0001540201786,0.0001540201785701,False,141.69488978385925
dynamic_pop_v2,3,F3: Shifted and full Rotated Expanded Schaffer’s F7,20,21,1000000,600.0000435824735,4.358247349500744e-05,False,143.3933515548706
dynamic_pop_v2,3,F3: Shifted and full Rotated Expanded Schaffer’s F7,20,22,1000000,600.0000073806364,7.380636361631332e-06,False,141.86862993240356
dynamic_pop_v2,3,F3: Shifted and full Rotated Expanded Schaffer’s F7,20,23,1000000,600.0000321544967,3.215449669369264e-05,False,141.33438229560852
dynamic_pop_v2,3,F3: Shifted and full Rotated Expanded Schaffer’s F7,20,24,1000000,600.0001200441656,0.0001200441655555,False,142.7303020954132
dynamic_pop_v2,3,F3: Shifted and full Rotated Expanded Schaffer’s F7,20,25,1000000,600.0000100956429,1.009564289233822e-05,False,139.0625011920929
dynamic_pop_v2,3,F3: Shifted and full Rotated Expanded Schaffer’s F7,20,26,1000000,600.0001144372759,0.0001144372758972,False,141.19028782844543
dynamic_pop_v2,3,F3: Shifted and full Rotated Expanded Schaffer’s F7,20,27,1000000,600.0000188432099,1.8843209886654225e-05,False,141.08784699440002
dynamic_pop_v2,3,F3: Shifted and full Rotated Expanded Schaffer’s F7,20,28,1000000,600.0001468169855,0.0001468169855343,False,141.96739435195923
dynamic_pop_v2,3,F3: Shifted and full Rotated Expanded Schaffer’s F7,20,29,1000000,600.0000436478232,4.364782319044025e-05,False,141.7443392276764
dynamic_pop_v2,3,F3: Shifted and full Rotated Expanded Schaffer’s F7,20,30,1000000,600.0000237651406,2.3765140554132813e-05,False,141.57839155197144
dynamic_pop_v2,4,F4: Shifted and Rotated Non-Continuous Rastrigin’s Function,20,1,1000000,1094.1718335217586,294.1718335217586,False,169.939697265625
dynamic_pop_v2,4,F4: Shifted and Rotated Non-Continuous Rastrigin’s Function,20,2,1000000,1086.1213353417104,286.1213353417104,False,170.09149765968323
dynamic_pop_v2,4,F4: Shifted and Rotated Non-Continuous Rastrigin’s Function,20,3,1000000,1112.5417471015228,312.5417471015228,False,169.0734486579895
dynamic_pop_v2,4,F4: Shifted and Rotated Non-Continuous Rastrigin’s Function,20,4,1000000,1098.8924763122154,298.8924763122154,False,170.24673891067505
dynamic_pop_v2,4,F4: Shifted and Rotated Non-Continuous Rastrigin’s Function,20,5,1000000,1070.0602853828373,270.06028538283726,False,170.1595447063446
dynamic_pop_v2,4,F4: Shifted and Rotated Non-Continuous Rastrigin’s Function,20,6,1000000,1088.708751898204,288.7087518982041,False,170.78700399398804
dynamic_pop_v2,4,F4: Shifted and Rotated Non-Continuous Rastrigin’s Function,20,7,1000000,1084.2881970863396,284.28819708633955,False,170.52814769744873
dynamic_pop_v2,4,F4: Shifted and Rotated Non-Continuous Rastrigin’s Function,20,8,1000000,1113.9736231256977,313.9736231256975,False,168.46426510810852
dynamic_pop_v2,4,F4: Shifted and Rotated Non-Continuous Rastrigin’s Function,20,9,1000000,1068.456836986602,268.456836986602,False,169.82798385620117
dynamic_pop_v2,4,F4: Shifted and Rotated Non-Continuous Rastrigin’s Function,20,10,1000000,1070.1019891866524,270.1019891866524,False,171.25505948066711
dynamic_pop_v2,4,F4: Shifted and Rotated Non-Continuous Rastrigin’s Function,20,11,1000000,1069.2192742376424,269.2192742376424,False,170.86399745941162
dynamic_pop_v2,4,F4: Shifted and Rotated Non-Continuous Rastrigin’s Function,20,12,1000000,1087.1270588574994,287.1270588574994,False,171.4600579738617
dynamic_pop_v2,4,F4: Shifted and Rotated Non-Continuous Rastrigin’s Function,20,13,1000000,1102.247225091755,302.2472250917549,False,169.12617111206055
dynamic_pop_v2,4,F4: Shifted and Rotated Non-Continuous Rastrigin’s Function,20,14,1000000,1038.5,238.5,False,170.62332582473755
dynamic_pop_v2,4,F4: Shifted and Rotated Non-Continuous Rastrigin’s Function,20,15,1000000,1100.438408982947,300.43840898294707,False,170.34150958061218
dynamic_pop_v2,4,F4: Shifted and Rotated Non-Continuous Rastrigin’s Function,20,16,1000000,1075.9701713287668,275.9701713287668,False,169.93002915382385
dynamic_pop_v2,4,F4: Shifted and Rotated Non-Continuous Rastrigin’s Function,20,17,1000000,1098.2955123688764,298.2955123688764,False,171.47533655166626
dynamic_pop_v2,4,F4: Shifted and Rotated Non-Continuous Rastrigin’s Function,20,18,1000000,1089.8659626199371,289.86596261993714,False,169.85074067115784
dynamic_pop_v2,4,F4: Shifted and Rotated Non-Continuous Rastrigin’s Function,20,19,1000000,1029.5935165363192,229.5935165363192,False,169.7612283229828
dynamic_pop_v2,4,F4: Shifted and Rotated Non-Continuous Rastrigin’s Function,20,20,1000000,1100.8709264622582,300.87092646225824,False,169.95483112335205
dynamic_pop_v2,4,F4: Shifted and Rotated Non-Continuous Rastrigin’s Function,20,21,1000000,1096.233090380625,296.2330903806251,False,170.69797730445862
dynamic_pop_v2,4,F4: Shifted and Rotated Non-Continuous Rastrigin’s Function,20,22,1000000,1088.272093506019,288.272093506019,False,168.97788000106812
dynamic_pop_v2,4,F4: Shifted and Rotated Non-Continuous Rastrigin’s Function,20,23,1000000,1052.5577789369688,252.5577789369688,False,170.12336254119873
dynamic_pop_v2,4,F4: Shifted and Rotated Non-Continuous Rastrigin’s Function,20,24,1000000,1115.3123329271048,315.3123329271048,False,168.84761691093445
dynamic_pop_v2,4,F4: Shifted and Rotated Non-Continuous Rastrigin’s Function,20,25,1000000,1084.6106396598166,284.61063965981657,False,169.69448566436768
dynamic_pop_v2,4,F4: Shifted and Rotated Non-Continuous Rastrigin’s Function,20,26,1000000,1091.7916449634083,291.7916449634083,False,169.07738065719604
dynamic_pop_v2,4,F4: Shifted and Rotated Non-Continuous Rastrigin’s Function,20,27,1000000,1097.6446421421144,297.64464214211444,False,170.95327258110046
dynamic_pop_v2,4,F4: Shifted and Rotated Non-Continuous Rastrigin’s Function,20,28,1000000,1043.50097035362,243.50097035362,False,170.74144649505615
dynamic_pop_v2,4,F4: Shifted and Rotated Non-Continuous Rastrigin’s Function,20,29,1000000,1077.2908350230305,277.29083502303047,False,169.64064049720764
dynamic_pop_v2,4,F4: Shifted and Rotated Non-Continuous Rastrigin’s Function,20,30,1000000,1082.759436446777,282.75943644677704,False,170.46079754829407
dynamic_pop_v2,5,F5: Shifted and Rotated Levy Function,20,1,1000000,909.3944829138696,9.394482913869524,False,127.32393550872804
dynamic_pop_v2,5,F5: Shifted and Rotated Levy Function,20,2,1000000,909.665653578456,9.665653578455933,False,128.39026165008545
dynamic_pop_v2,5,F5: Shifted and Rotated Levy Function,20,3,1000000,910.681614549182,10.681614549181973,False,129.1716787815094
dynamic_pop_v2,5,F5: Shifted and Rotated Levy Function,20,4,1000000,910.5724944115,10.57249441149986,False,126.72744655609132
dynamic_pop_v2,5,F5: Shifted and Rotated Levy Function,20,5,1000000,907.7448030821238,7.744803082123781,False,127.38793992996216
dynamic_pop_v2,5,F5: Shifted and Rotated Levy Function,20,6,1000000,910.8322318989168,10.832231898916689,False,127.42662739753725
dynamic_pop_v2,5,F5: Shifted and Rotated Levy Function,20,7,1000000,908.7894650116448,8.789465011644666,False,128.44846749305725
dynamic_pop_v2,5,F5: Shifted and Rotated Levy Function,20,8,1000000,911.6612003346222,11.661200334622208,False,128.91297483444214
dynamic_pop_v2,5,F5: Shifted and Rotated Levy Function,20,9,1000000,909.8897968144104,9.889796814410488,False,126.4470672607422
dynamic_pop_v2,5,F5: Shifted and Rotated Levy Function,20,10,1000000,911.2487898539656,11.248789853965718,False,127.53574323654176
dynamic_pop_v2,5,F5: Shifted and Rotated Levy Function,20,11,1000000,911.3695397611068,11.36953976110692,False,127.4059329032898
dynamic_pop_v2,5,F5: Shifted and Rotated Levy Function,20,12,1000000,911.147475693386,11.1474756933859,False,127.8559272289276
dynamic_pop_v2,5,F5: Shifted and Rotated Levy Function,20,13,1000000,910.6632484397068,10.663248439706877,False,128.80894112586975
dynamic_pop_v2,5,F5: Shifted and Rotated Levy Function,20,14,1000000,911.3886624015752,11.388662401575289,False,127.12965083122252
dynamic_pop_v2,5,F5: Shifted and Rotated Levy Function,20,15,1000000,911.0613585174124,11.061358517412373,False,128.48006987571716
dynamic_pop_v2,5,F5: Shifted and Rotated Levy Function,20,16,1000000,911.6546610908532,11.654661090853324,False,126.33146047592165
dynamic_pop_v2,5,F5: Shifted and Rotated Levy Function,20,17,1000000,911.4770971208278,11.477097120827809,False,125.9108021259308
dynamic_pop_v2,5,F5: Shifted and Rotated Levy Function,20,18,1000000,908.5537667412484,8.55376674124841,False,127.10016560554504
dynamic_pop_v2,5,F5: Shifted and Rotated Levy Function,20,19,1000000,907.0310072103856,7.031007210385496,False,126.3945655822754
dynamic_pop_v2,5,F5: Shifted and Rotated Levy Function,20,20,1000000,909.063585162612,9.063585162611956,False,126.95638632774352
dynamic_pop_v2,5,F5: Shifted and Rotated Levy Function,20,21,1000000,906.8384407207718,6.838440720771814,False,128.38602685928345
dynamic_pop_v2,5,F5: Shifted and Rotated Levy Function,20,22,1000000,908.5085448574793,8.50854485747925,False,127.46793723106384
dynamic_pop_v2,5,F5: Shifted and Rotated Levy Function,20,23,1000000,907.968117786592,7.968117786592074,False,127.36608242988586
dynamic_pop_v2,5,F5: Shifted and Rotated Levy Function,20,24,1000000,910.5191372030882,10.519137203088237,False,126.17668056488036
dynamic_pop_v2,5,F5: Shifted and Rotated Levy Function,20,25,1000000,911.4404331439724,11.440433143972427,False,128.7864809036255
dynamic_pop_v2,5,F5: Shifted and Rotated Levy Function,20,26,1000000,910.1181377563944,10.11813775639439,False,128.77897596359253
dynamic_pop_v2,5,F5: Shifted and Rotated Levy Function,20,27,1000000,908.3004830386398,8.300483038639754,False,129.27002549171448
dynamic_pop_v2,5,F5: Shifted and Rotated Levy Function,20,28,1000000,908.8613597571018,8.861359757101809,False,127.77211713790894
dynamic_pop_v2,5,F5: Shifted and Rotated Levy Function,20,29,1000000,909.9353406587692,9.935340658769064,False,127.56308031082152
dynamic_pop_v2,5,F5: Shifted and Rotated Levy Function,20,30,1000000,912.0264102495772,12.02641024957734,False,127.26602411270142
dynamic_pop_v2,6,F6: Hybrid Function 1,20,1,1000000,5543119.691975295,5541319.691975295,False,135.9911026954651
dynamic_pop_v2,6,F6: Hybrid Function 1,20,2,1000000,19252502.650290385,19250702.650290385,False,134.57895374298096
dynamic_pop_v2,6,F6: Hybrid Function 1,20,3,1000000,42827405.29842358,42825605.29842358,False,135.0346715450287
dynamic_pop_v2,6,F6: Hybrid Function 1,20,4,1000000,36952508.4235658,36950708.4235658,False,135.5963339805603
dynamic_pop_v2,6,F6: Hybrid Function 1,20,5,1000000,5512035.760738057,5510235.760738057,False,135.5662636756897
dynamic_pop_v2,6,F6: Hybrid Function 1,20,6,1000000,25822939.26104504,25821139.26104504,False,133.36813306808472
dynamic_pop_v2,6,F6: Hybrid Function 1,20,7,1000000,37114834.33374142,37113034.33374142,False,133.41814947128296
dynamic_pop_v2,6,F6: Hybrid Function 1,20,8,1000000,32380392.19214297,32378592.19214297,False,134.01092553138733
dynamic_pop_v2,6,F6: Hybrid Function 1,20,9,1000000,39062282.95037704,39060482.95037704,False,134.8634226322174
dynamic_pop_v2,6,F6: Hybrid Function 1,20,10,1000000,33241624.168244906,33239824.168244906,False,135.56096935272217
dynamic_pop_v2,6,F6: Hybrid Function 1,20,11,1000000,38878574.78104004,38876774.78104004,False,134.13053345680237
dynamic_pop_v2,6,F6: Hybrid Function 1,20,12,1000000,38877205.76237845,38875405.76237845,False,136.48811554908752
dynamic_pop_v2,6,F6: Hybrid Function 1,20,13,1000000,27726585.54839496,27724785.54839496,False,134.85047101974487
dynamic_pop_v2,6,F6: Hybrid Function 1,20,14,1000000,46730120.276716456,46728320.276716456,False,134.28007555007937
dynamic_pop_v2,6,F6: Hybrid Function 1,20,15,1000000,38941009.50481074,38939209.50481074,False,134.11296463012695
dynamic_pop_v2,6,F6: Hybrid Function 1,20,16,1000000,44520462.32142053,44518662.32142053,False,134.58252882957458
dynamic_pop_v2,6,F6: Hybrid Function 1,20,17,1000000,14456267.704756208,14454467.704756208,False,134.12943983078003
dynamic_pop_v2,6,F6: Hybrid Function 1,20,18,1000000,42300113.07268254,42298313.07268254,False,134.29364013671875
dynamic_pop_v2,6,F6: Hybrid Function 1,20,19,1000000,36728836.1836204,36727036.1836204,False,135.91913747787476
dynamic_pop_v2,6,F6: Hybrid Function 1,20,20,1000000,16725065.710317874,16723265.710317874,False,135.0222806930542
dynamic_pop_v2,6,F6: Hybrid Function 1,20,21,1000000,17572079.402794056,17570279.402794056,False,136.3426923751831
dynamic_pop_v2,6,F6: Hybrid Function 1,20,22,1000000,38631539.32250495,38629739.32250495,False,134.98724007606506
dynamic_pop_v2,6,F6: Hybrid Function 1,20,23,1000000,30660681.9013411,30658881.9013411,False,133.91936707496643
dynamic_pop_v2,6,F6: Hybrid Function 1,20,24,1000000,27702253.96035376,27700453.96035376,False,134.1747226715088
dynamic_pop_v2,6,F6: Hybrid Function 1,20,25,1000000,30305140.615765788,30303340.615765788,False,135.46903157234192
dynamic_pop_v2,6,F6: Hybrid Function 1,20,26,1000000,48467074.98209171,48465274.98209171,False,135.7918016910553
dynamic_pop_v2,6,F6: Hybrid Function 1,20,27,1000000,51862268.00337384,51860468.00337384,False,135.95762419700625
dynamic_pop_v2,6,F6: Hybrid Function 1,20,28,1000000,31633604.920462053,31631804.920462053,False,134.99983143806458
dynamic_pop_v2,6,F6: Hybrid Function 1,20,29,1000000,44604028.88140056,44602228.88140056,False,135.11925745010376
dynamic_pop_v2,6,F6: Hybrid Function 1,20,30,1000000,23825335.67055645,23823535.67055645,False,135.02870106697085
dynamic_pop_v2,7,F7: Hybrid Function 2,20,1,1000000,2626.4378552858925,626.4378552858925,False,920.6820526123048
dynamic_pop_v2,7,F7: Hybrid Function 2,20,2,1000000,2522.5392542537147,522.5392542537147,False,924.711853981018
dynamic_pop_v2,7,F7: Hybrid Function 2,20,3,1000000,2425.2958260247583,425.2958260247583,False,927.2063500881196
dynamic_pop_v2,7,F7: Hybrid Function 2,20,4,1000000,2429.5681554317644,429.5681554317644,False,929.0266580581664
dynamic_pop_v2,7,F7: Hybrid Function 2,20,5,1000000,2666.6440834508,666.6440834507994,False,931.6720945835114
dynamic_pop_v2,7,F7: Hybrid Function 2,20,6,1000000,2717.841643088173,717.8416430881734,False,931.1773824691772
dynamic_pop_v2,7,F7: Hybrid Function 2,20,7,1000000,2452.0830794168005,452.0830794168005,False,931.0027985572816
dynamic_pop_v2,7,F7: Hybrid Function 2,20,8,1000000,2418.6918691323526,418.6918691323526,False,930.7345747947692
dynamic_pop_v2,7,F7: Hybrid Function 2,20,9,1000000,2563.48730720728,563.4873072072796,False,931.7053971290588
dynamic_pop_v2,7,F7: Hybrid Function 2,20,10,1000000,2586.342638585732,586.342638585732,False,928.1133501529694
dynamic_pop_v2,7,F7: Hybrid Function 2,20,11,1000000,2541.7640280593555,541.7640280593555,False,927.2247245311736
dynamic_pop_v2,7,F7: Hybrid Function 2,20,12,1000000,2338.918122251536,338.9181222515353,False,924.5406522750854
dynamic_pop_v2,7,F7: Hybrid Function 2,20,13,1000000,2526.9181463835816,526.9181463835816,False,929.818061351776
dynamic_pop_v2,7,F7: Hybrid Function 2,20,14,1000000,2429.617899030754,429.617899030754,False,924.434044122696
dynamic_pop_v2,7,F7: Hybrid Function 2,20,15,1000000,2517.7183586817173,517.7183586817173,False,925.2604057788848
dynamic_pop_v2,7,F7: Hybrid Function 2,20,16,1000000,2506.7274584128177,506.72745841281767,False,927.7582156658171
dynamic_pop_v2,7,F7: Hybrid Function 2,20,17,1000000,2618.3644883463467,618.3644883463467,False,923.6093606948853
dynamic_pop_v2,7,F7: Hybrid Function 2,20,18,1000000,2397.2365245500955,397.2365245500955,False,927.8257393836976
dynamic_pop_v2,7,F7: Hybrid Function 2,20,19,1000000,2562.9954845289344,562.9954845289344,False,928.6304330825806
dynamic_pop_v2,7,F7: Hybrid Function 2,20,20,1000000,2549.570333579518,549.5703335795179,False,924.5528202056884
dynamic_pop_v2,7,F7: Hybrid Function 2,20,21,1000000,2386.761599272738,386.7615992727378,False,923.8732726573944
dynamic_pop_v2,7,F7: Hybrid Function 2,20,22,1000000,2359.651242271884,359.6512422718838,False,926.1049981117249
dynamic_pop_v2,7,F7: Hybrid Function 2,20,23,1000000,2569.62308484552,569.6230848455198,False,927.5389096736908
dynamic_pop_v2,7,F7: Hybrid Function 2,20,24,1000000,2495.9674381878303,495.9674381878304,False,928.1858699321748
dynamic_pop_v2,7,F7: Hybrid Function 2,20,25,1000000,2517.350069745389,517.3500697453892,False,927.5530922412872
dynamic_pop_v2,7,F7: Hybrid Function 2,20,26,1000000,2524.8929245531285,524.8929245531285,False,928.827039718628
dynamic_pop_v2,7,F7: Hybrid Function 2,20,27,1000000,2511.607784263399,511.607784263399,False,928.1558074951172
dynamic_pop_v2,7,F7: Hybrid Function 2,20,28,1000000,2421.159457204927,421.1594572049271,False,934.13698220253
dynamic_pop_v2,7,F7: Hybrid Function 2,20,29,1000000,2628.528067943076,628.5280679430762,False,932.867992401123
dynamic_pop_v2,7,F7: Hybrid Function 2,20,30,1000000,2695.4738943751704,695.4738943751704,False,932.0688862800598
dynamic_pop_v2,8,F8: Hybrid Function 3,20,1,1000000,6511.885637050277,4311.885637050277,False,1274.0756788253784
dynamic_pop_v2,8,F8: Hybrid Function 3,20,2,1000000,6890.964459397458,4690.964459397458,False,1277.6862349510193
dynamic_pop_v2,8,F8: Hybrid Function 3,20,3,1000000,6601.459947118297,4401.459947118297,False,1276.7477428913116
dynamic_pop_v2,8,F8: Hybrid Function 3,20,4,1000000,6135.267018825978,3935.267018825978,False,1279.3139185905457
dynamic_pop_v2,8,F8: Hybrid Function 3,20,5,1000000,7292.177538979187,5092.177538979187,False,1272.6913022994995
dynamic_pop_v2,8,F8: Hybrid Function 3,20,6,1000000,6823.845093357777,4623.845093357777,False,1282.2620577812197
dynamic_pop_v2,8,F8: Hybrid Function 3,20,7,1000000,7808.690532823329,5608.690532823329,False,1324.5059220790863
dynamic_pop_v2,8,F8: Hybrid Function 3,20,8,1000000,7095.99706553041,4895.99706553041,False,1322.8111543655396
dynamic_pop_v2,8,F8: Hybrid Function 3,20,9,1000000,6605.009712089516,4405.009712089516,False,1340.306654214859
dynamic_pop_v2,8,F8: Hybrid Function 3,20,10,1000000,8038.339447169201,5838.339447169201,False,1319.8953311443329
dynamic_pop_v2,8,F8: Hybrid Function 3,20,11,1000000,9947.944549546672,7747.944549546673,False,1330.4151349067688
dynamic_pop_v2,8,F8: Hybrid Function 3,20,12,1000000,8404.241023168934,6204.241023168934,False,1322.2389767169952
dynamic_pop_v2,8,F8: Hybrid Function 3,20,13,1000000,7425.302372885062,5225.302372885062,False,1321.7802119255066
dynamic_pop_v2,8,F8: Hybrid Function 3,20,14,1000000,6179.192637826203,3979.1926378262033,False,1327.3672676086426
dynamic_pop_v2,8,F8: Hybrid Function 3,20,15,1000000,7100.234708784222,4900.234708784222,False,1319.790573835373
dynamic_pop_v2,8,F8: Hybrid Function 3,20,16,1000000,7277.885891877834,5077.885891877834,False,1313.457603931427
dynamic_pop_v2,8,F8: Hybrid Function 3,20,17,1000000,5438.76490226547,3238.7649022654696,False,1301.476577758789
dynamic_pop_v2,8,F8: Hybrid Function 3,20,18,1000000,4400.535623362413,2200.5356233624134,False,1266.5415859222412
dynamic_pop_v2,8,F8: Hybrid Function 3,20,19,1000000,6277.3101770913145,4077.3101770913145,False,1301.8471179008484
dynamic_pop_v2,8,F8: Hybrid Function 3,20,20,1000000,6895.923584398052,4695.923584398052,False,1331.967439174652
dynamic_pop_v2,8,F8: Hybrid Function 3,20,21,1000000,8193.21313298994,5993.21313298994,False,1330.5649831295011
dynamic_pop_v2,8,F8: Hybrid Function 3,20,22,1000000,4898.125263260622,2698.125263260622,False,1260.5404539108276
dynamic_pop_v2,8,F8: Hybrid Function 3,20,23,1000000,6806.771552900321,4606.771552900321,False,1290.292062997818
dynamic_pop_v2,8,F8: Hybrid Function 3,20,24,1000000,9032.812448344665,6832.812448344663,False,1329.7029156684875
dynamic_pop_v2,8,F8: Hybrid Function 3,20,25,1000000,5295.738574783256,3095.738574783256,False,1257.2684350013733
dynamic_pop_v2,8,F8: Hybrid Function 3,20,26,1000000,6500.424758655055,4300.424758655055,False,1247.7807264328003
dynamic_pop_v2,8,F8: Hybrid Function 3,20,27,1000000,8808.79699300651,6608.79699300651,False,1212.074702501297
dynamic_pop_v2,8,F8: Hybrid Function 3,20,28,1000000,7205.049348643383,5005.049348643383,False,1141.8096027374268
dynamic_pop_v2,8,F8: Hybrid Function 3,20,29,1000000,4885.243093981948,2685.243093981948,False,1155.0775589942932
dynamic_pop_v2,8,F8: Hybrid Function 3,20,30,1000000,5465.64169606011,3265.64169606011,False,1146.7994182109833
dynamic_pop_v2,9,F9: Composition Function 1,20,1,1000000,2703.973712521622,403.973712521622,False,209.2751424312592
dynamic_pop_v2,9,F9: Composition Function 1,20,2,1000000,2687.3869862004817,387.3869862004817,False,210.82685494422915
dynamic_pop_v2,9,F9: Composition Function 1,20,3,1000000,2713.958924734711,413.9589247347112,False,212.75939536094663
dynamic_pop_v2,9,F9: Composition Function 1,20,4,1000000,2729.7126124803644,429.7126124803645,False,209.96957516670227
dynamic_pop_v2,9,F9: Composition Function 1,20,5,1000000,2710.621422310901,410.6214223109009,False,209.38802480697632
dynamic_pop_v2,9,F9: Composition Function 1,20,6,1000000,2708.957117934456,408.9571179344557,False,211.79144644737244
dynamic_pop_v2,9,F9: Composition Function 1,20,7,1000000,2704.9467787059352,404.9467787059352,False,213.4914643764496
dynamic_pop_v2,9,F9: Composition Function 1,20,8,1000000,2707.710370911954,407.7103709119542,False,210.8129255771637
dynamic_pop_v2,9,F9: Composition Function 1,20,9,1000000,2691.321994886088,391.3219948860879,False,211.16219973564148
dynamic_pop_v2,9,F9: Composition Function 1,20,10,1000000,2689.621985768601,389.6219857686015,False,209.86783456802368
dynamic_pop_v2,9,F9: Composition Function 1,20,11,1000000,2720.566175476968,420.56617547696806,False,212.4635908603668
dynamic_pop_v2,9,F9: Composition Function 1,20,12,1000000,2703.1593808735797,403.15938087357927,False,209.30920314788816
dynamic_pop_v2,9,F9: Composition Function 1,20,13,1000000,2723.130075258068,423.1300752580678,False,208.925208568573
dynamic_pop_v2,9,F9: Composition Function 1,20,14,1000000,2707.207311778634,407.207311778634,False,210.0115945339203
dynamic_pop_v2,9,F9: Composition Function 1,20,15,1000000,2709.985863247891,409.9858632478909,False,210.23332357406616
dynamic_pop_v2,9,F9: Composition Function 1,20,16,1000000,2712.5297993579475,412.52979935794747,False,213.0413372516632
dynamic_pop_v2,9,F9: Composition Function 1,20,17,1000000,2715.2187583498417,415.21875834984166,False,212.9132394790649
dynamic_pop_v2,9,F9: Composition Function 1,20,18,1000000,2688.5194924026227,388.5194924026228,False,208.3236484527588
dynamic_pop_v2,9,F9: Composition Function 1,20,19,1000000,2707.526109445146,407.5261094451466,False,209.4276041984558
dynamic_pop_v2,9,F9: Composition Function 1,20,20,1000000,2693.6409168598057,393.64091685980566,False,208.9361348152161
dynamic_pop_v2,9,F9: Composition Function 1,20,21,1000000,2707.228714509767,407.2287145097671,False,209.4847519397736
dynamic_pop_v2,9,F9: Composition Function 1,20,22,1000000,2710.234650933506,410.23465093350615,False,212.7385926246643
dynamic_pop_v2,9,F9: Composition Function 1,20,23,1000000,2712.247107656812,412.24710765681175,False,208.13048481941223
dynamic_pop_v2,9,F9: Composition Function 1,20,24,1000000,2714.0021403812293,414.0021403812293,False,210.77225756645203
dynamic_pop_v2,9,F9: Composition Function 1,20,25,1000000,2716.467219257765,416.4672192577655,False,209.736741065979
dynamic_pop_v2,9,F9: Composition Function 1,20,26,1000000,2711.898886912988,411.898886912988,False,213.07340478897092
dynamic_pop_v2,9,F9: Composition Function 1,20,27,1000000,2707.0540641336165,407.0540641336165,False,208.2529573440552
dynamic_pop_v2,9,F9: Composition Function 1,20,28,1000000,2686.929745446438,386.9297454464381,False,213.16019558906555
dynamic_pop_v2,9,F9: Composition Function 1,20,29,1000000,2696.782498311056,396.7824983110559,False,213.27081274986267
dynamic_pop_v2,9,F9: Composition Function 1,20,30,1000000,2693.8961951516544,393.8961951516544,False,213.67377066612244
dynamic_pop_v2,10,F10: Composition Function 2,20,1,1000000,3115.542056113738,715.542056113738,False,221.3308517932892
dynamic_pop_v2,10,F10: Composition Function 2,20,2,1000000,3022.079809002902,622.079809002902,False,221.9508376121521
dynamic_pop_v2,10,F10: Composition Function 2,20,3,1000000,3018.632217785514,618.6322177855141,False,222.7180817127228
dynamic_pop_v2,10,F10: Composition Function 2,20,4,1000000,3147.907136968118,747.9071369681178,False,219.55316376686096
dynamic_pop_v2,10,F10: Composition Function 2,20,5,1000000,3068.3460858404915,668.3460858404915,False,212.28469681739807
dynamic_pop_v2,10,F10: Composition Function 2,20,6,1000000,2993.1539461405487,593.1539461405487,False,207.8516929149628
dynamic_pop_v2,10,F10: Composition Function 2,20,7,1000000,3122.778743089224,722.7787430892236,False,207.0015835762024
dynamic_pop_v2,10,F10: Composition Function 2,20,8,1000000,3014.056340678492,614.0563406784922,False,208.2346785068512
dynamic_pop_v2,10,F10: Composition Function 2,20,9,1000000,3049.842401722384,649.8424017223842,False,206.7502155303955
dynamic_pop_v2,10,F10: Composition Function 2,20,10,1000000,3109.0260578722027,709.0260578722027,False,208.106600522995
dynamic_pop_v2,10,F10: Composition Function 2,20,11,1000000,3063.2727395521915,663.2727395521915,False,207.4304995536804
dynamic_pop_v2,10,F10: Composition Function 2,20,12,1000000,3048.1068548872827,648.1068548872827,False,205.5651109218597
dynamic_pop_v2,10,F10: Composition Function 2,20,13,1000000,3008.141975484379,608.1419754843791,False,208.8748219013214
dynamic_pop_v2,10,F10: Composition Function 2,20,14,1000000,3081.947648521003,681.947648521003,False,207.3771719932556
dynamic_pop_v2,10,F10: Composition Function 2,20,15,1000000,2990.496794535369,590.4967945353692,False,207.88467669487
dynamic_pop_v2,10,F10: Composition Function 2,20,16,1000000,3135.142506741401,735.1425067414011,False,206.6724729537964
dynamic_pop_v2,10,F10: Composition Function 2,20,17,1000000,3093.359824895545,693.359824895545,False,207.76987886428836
dynamic_pop_v2,10,F10: Composition Function 2,20,18,1000000,3172.167137494905,772.1671374949055,False,206.21339416503903
dynamic_pop_v2,10,F10: Composition Function 2,20,19,1000000,3116.4986313401787,716.4986313401787,False,208.39084887504575
dynamic_pop_v2,10,F10: Composition Function 2,20,20,1000000,3021.46713505144,621.46713505144,False,210.46970081329343
dynamic_pop_v2,10,F10: Composition Function 2,20,21,1000000,3137.5048536646887,737.5048536646887,False,204.0775201320648
dynamic_pop_v2,10,F10: Composition Function 2,20,22,1000000,3128.227329943411,728.227329943411,False,207.45044589042664
dynamic_pop_v2,10,F10: Composition Function 2,20,23,1000000,3007.769881531516,607.7698815315161,False,204.273225069046
dynamic_pop_v2,10,F10: Composition Function 2,20,24,1000000,3017.460403986747,617.4604039867472,False,198.2087953090668
dynamic_pop_v2,10,F10: Composition Function 2,20,25,1000000,3042.830571286161,642.8305712861611,False,197.59354090690613
dynamic_pop_v2,10,F10: Composition Function 2,20,26,1000000,2998.944476451563,598.9444764515629,False,199.7964265346527
dynamic_pop_v2,10,F10: Composition Function 2,20,27,1000000,3051.228319569851,651.228319569851,False,199.6755654811859
dynamic_pop_v2,10,F10: Composition Function 2,20,28,1000000,3157.420665936262,757.4206659362621,False,197.4314501285553
dynamic_pop_v2,10,F10: Composition Function 2,20,29,1000000,3059.443536100259,659.4435361002588,False,199.9514491558075
dynamic_pop_v2,10,F10: Composition Function 2,20,30,1000000,2989.1062728043444,589.1062728043444,False,198.92323327064517
dynamic_pop_v2,11,F11: Composition Function 3,20,1,1000000,2799.823456060786,199.82345606078616,False,281.7457103729248
dynamic_pop_v2,11,F11: Composition Function 3,20,2,1000000,2764.315167667181,164.31516766718096,False,264.99094343185425
dynamic_pop_v2,11,F11: Composition Function 3,20,3,1000000,2872.725381139746,272.7253811397459,False,269.5167033672333
dynamic_pop_v2,11,F11: Composition Function 3,20,4,1000000,2776.423460233783,176.42346023378286,False,266.6237242221832
dynamic_pop_v2,11,F11: Composition Function 3,20,5,1000000,2767.94157643426,167.94157643426024,False,264.1259927749634
dynamic_pop_v2,11,F11: Composition Function 3,20,6,1000000,2756.559814593809,156.55981459380882,False,265.73807978630066
dynamic_pop_v2,11,F11: Composition Function 3,20,7,1000000,2798.8400320345863,198.84003203458636,False,264.4032578468323
dynamic_pop_v2,11,F11: Composition Function 3,20,8,1000000,2854.523536324086,254.52353632408585,False,268.02979803085327
dynamic_pop_v2,11,F11: Composition Function 3,20,9,1000000,2776.905547771742,176.90554777174202,False,283.1387116909027
dynamic_pop_v2,11,F11: Composition Function 3,20,10,1000000,2805.9325496161864,205.9325496161864,False,284.3298547267914
dynamic_pop_v2,11,F11: Composition Function 3,20,11,1000000,2768.104807880618,168.10480788061795,False,283.2968213558197
dynamic_pop_v2,11,F11: Composition Function 3,20,12,1000000,2811.667971177441,211.6679711774409,False,282.7648277282715
dynamic_pop_v2,11,F11: Composition Function 3,20,13,1000000,2714.897538821164,114.89753882116383,False,257.82814502716064
dynamic_pop_v2,11,F11: Composition Function 3,20,14,1000000,2856.2046283055656,256.2046283055656,False,222.4694004058838
dynamic_pop_v2,11,F11: Composition Function 3,20,15,1000000,2871.2691078159705,271.26910781597053,False,224.73410511016849
dynamic_pop_v2,11,F11: Composition Function 3,20,16,1000000,2777.8000530401687,177.80005304016868,False,224.6256194114685
dynamic_pop_v2,11,F11: Composition Function 3,20,17,1000000,2755.0915755349542,155.09157553495425,False,223.1689474582672
dynamic_pop_v2,11,F11: Composition Function 3,20,18,1000000,2832.853912853765,232.85391285376545,False,219.99995803833008
dynamic_pop_v2,11,F11: Composition Function 3,20,19,1000000,2805.947864725116,205.94786472511527,False,221.9759328365326
dynamic_pop_v2,11,F11: Composition Function 3,20,20,1000000,2803.9795997965803,203.97959979658023,False,224.0547227859497
dynamic_pop_v2,11,F11: Composition Function 3,20,21,1000000,2813.607255805391,213.6072558053911,False,225.79793787002563
dynamic_pop_v2,11,F11: Composition Function 3,20,22,1000000,2832.766049158536,232.76604915853613,False,224.222989320755
dynamic_pop_v2,11,F11: Composition Function 3,20,23,1000000,2784.584171669064,184.58417166906383,False,221.18770098686215
dynamic_pop_v2,11,F11: Composition Function 3,20,24,1000000,2954.596509158157,354.59650915815746,False,222.2336664199829
dynamic_pop_v2,11,F11: Composition Function 3,20,25,1000000,2847.555523639844,247.5555236398436,False,221.58028888702395
dynamic_pop_v2,11,F11: Composition Function 3,20,26,1000000,2871.2299019894845,271.22990198948446,False,223.15479922294617
dynamic_pop_v2,11,F11: Composition Function 3,20,27,1000000,2754.851467791773,154.85146779177285,False,218.5049345493317
dynamic_pop_v2,11,F11: Composition Function 3,20,28,1000000,2900.50116073629,300.5011607362899,False,223.9581491947174
dynamic_pop_v2,11,F11: Composition Function 3,20,29,1000000,2853.2466853156984,253.2466853156984,False,222.4052014350891
dynamic_pop_v2,11,F11: Composition Function 3,20,30,1000000,2795.957517111212,195.95751711121196,False,222.37666845321652
dynamic_pop_v2,12,F12: Composition Function 4,20,1,1000000,2954.3495794013224,254.34957940132244,False,231.8132598400116
dynamic_pop_v2,12,F12: Composition Function 4,20,2,1000000,2955.748860698118,255.74886069811785,False,232.21820783615112
dynamic_pop_v2,12,F12: Composition Function 4,20,3,1000000,2959.036868001627,259.0368680016272,False,229.3960247039795
dynamic_pop_v2,12,F12: Composition Function 4,20,4,1000000,2961.191032936867,261.19103293686703,False,227.7915253639221
dynamic_pop_v2,12,F12: Composition Function 4,20,5,1000000,2958.7273419719486,258.7273419719486,False,232.89789533615112
dynamic_pop_v2,12,F12: Composition Function 4,20,6,1000000,2959.040155193712,259.04015519371205,False,231.06967067718503
dynamic_pop_v2,12,F12: Composition Function 4,20,7,1000000,2955.3146838912758,255.3146838912753,False,228.2813365459442
dynamic_pop_v2,12,F12: Composition Function 4,20,8,1000000,2958.2326065452125,258.23260654521255,False,228.8900022506714
dynamic_pop_v2,12,F12: Composition Function 4,20,9,1000000,2952.6993433965745,252.69934339657448,False,228.04715967178345
dynamic_pop_v2,12,F12: Composition Function 4,20,10,1000000,2958.604173257037,258.60417325703656,False,229.9058632850647
dynamic_pop_v2,12,F12: Composition Function 4,20,11,1000000,2957.6757166389707,257.6757166389707,False,228.48403406143188
dynamic_pop_v2,12,F12: Composition Function 4,20,12,1000000,2954.947671730143,254.9476717301432,False,228.6737368106842
dynamic_pop_v2,12,F12: Composition Function 4,20,13,1000000,2962.292071551784,262.2920715517839,False,227.7171094417572
dynamic_pop_v2,12,F12: Composition Function 4,20,14,1000000,2950.674512869228,250.67451286922775,False,230.0774865150452
dynamic_pop_v2,12,F12: Composition Function 4,20,15,1000000,2956.843499763198,256.843499763198,False,228.2653648853302
dynamic_pop_v2,12,F12: Composition Function 4,20,16,1000000,2956.3676525356777,256.36765253567773,False,228.98480653762817
dynamic_pop_v2,12,F12: Composition Function 4,20,17,1000000,2958.7554566063613,258.7554566063613,False,226.62460088729856
dynamic_pop_v2,12,F12: Composition Function 4,20,18,1000000,2958.692987263265,258.69298726326497,False,230.0465955734253
dynamic_pop_v2,12,F12: Composition Function 4,20,19,1000000,2953.676842897001,253.6768428970008,False,227.61000323295596
dynamic_pop_v2,12,F12: Composition Function 4,20,20,1000000,2957.528538109353,257.5285381093531,False,228.35843324661252
dynamic_pop_v2,12,F12: Composition Function 4,20,21,1000000,2959.846471404679,259.84647140467905,False,229.5083522796631
dynamic_pop_v2,12,F12: Composition Function 4,20,22,1000000,2962.751824165772,262.7518241657717,False,229.29746675491333
dynamic_pop_v2,12,F12: Composition Function 4,20,23,1000000,2951.304374371365,251.3043743713652,False,227.70002961158752
dynamic_pop_v2,12,F12: Composition Function 4,20,24,1000000,2959.3607771885554,259.3607771885554,False,226.03302359580996
dynamic_pop_v2,12,F12: Composition Function 4,20,25,1000000,2956.433805097108,256.4338050971073,False,226.21999549865723
dynamic_pop_v2,12,F12: Composition Function 4,20,26,1000000,2953.4797269716773,253.4797269716773,False,227.18486642837524
dynamic_pop_v2,12,F12: Composition Function 4,20,27,1000000,2956.4215382115635,256.4215382115636,False,226.60810708999637
dynamic_pop_v2,12,F12: Composition Function 4,20,28,1000000,2957.3083134853973,257.3083134853973,False,228.01775002479556
dynamic_pop_v2,12,F12: Composition Function 4,20,29,1000000,2956.071417472899,256.0714174728992,False,231.31068658828733
dynamic_pop_v2,12,F12: Composition Function 4,20,30,1000000,2960.122915777401,260.12291577740143,False,231.06293296813965
