Algorithm,Function_ID,Function_Name,Dimension,Run_Number,Max_Evaluations,Best_Fitness,Error,Success,Run_Time
adeo,1,F1: Shifted and full Rotated Zakharov Function,10,1,200000,300.0000002099882,2.099881726280728e-07,False,10.9780535697937
adeo,1,F1: Shifted and full Rotated Zakharov Function,10,2,200000,300.0,0.0,True,10.589073419570925
adeo,1,F1: Shifted and full Rotated Zakharov Function,10,3,200000,300.00000000498164,4.981643542123493e-09,True,11.05411458015442
adeo,1,F1: Shifted and full Rotated Zakharov Function,10,4,200000,300.00000000000006,5.684341886080803e-14,True,11.205403804779053
adeo,1,F1: Shifted and full Rotated Zakharov Function,10,5,200000,300.00152705795745,0.0015270579574462,False,10.551957130432127
adeo,1,F1: Shifted and full Rotated Zakharov Function,10,6,200000,300.0,0.0,True,10.28179383277893
adeo,1,F1: Shifted and full Rotated Zakharov Function,10,7,200000,300.0,0.0,True,10.08979845046997
adeo,1,F1: Shifted and full Rotated Zakharov Function,10,8,200000,300.00991276486684,0.00991276486684,False,10.083094596862791
adeo,1,F1: Shifted and full Rotated Zakharov Function,10,9,200000,300.0,0.0,True,10.086290121078491
adeo,1,F1: Shifted and full Rotated Zakharov Function,10,10,200000,300.00000000067166,6.716618372593074e-10,True,10.09479022026062
adeo,1,F1: Shifted and full Rotated Zakharov Function,10,11,200000,300.0,0.0,True,10.726829051971436
adeo,1,F1: Shifted and full Rotated Zakharov Function,10,12,200000,300.0,0.0,True,10.877020835876465
adeo,1,F1: Shifted and full Rotated Zakharov Function,10,13,200000,300.0000004394932,4.394931920614909e-07,False,10.66120672225952
adeo,1,F1: Shifted and full Rotated Zakharov Function,10,14,200000,300.0,0.0,True,10.427292346954346
adeo,1,F1: Shifted and full Rotated Zakharov Function,10,15,200000,300.0000000137443,1.3744283933192492e-08,False,10.734283685684204
adeo,1,F1: Shifted and full Rotated Zakharov Function,10,16,200000,300.0000000145263,1.4526278846460629e-08,False,10.953458547592165
adeo,1,F1: Shifted and full Rotated Zakharov Function,10,17,200000,300.0,0.0,True,11.235567331314089
adeo,1,F1: Shifted and full Rotated Zakharov Function,10,18,200000,300.0,0.0,True,12.3147075176239
adeo,1,F1: Shifted and full Rotated Zakharov Function,10,19,200000,300.0,0.0,True,10.64290165901184
adeo,1,F1: Shifted and full Rotated Zakharov Function,10,20,200000,300.0,0.0,True,10.50241732597351
adeo,1,F1: Shifted and full Rotated Zakharov Function,10,21,200000,300.0,0.0,True,10.04207468032837
adeo,1,F1: Shifted and full Rotated Zakharov Function,10,22,200000,300.00000061743555,6.1743554624627e-07,False,10.838221788406372
adeo,1,F1: Shifted and full Rotated Zakharov Function,10,23,200000,300.0006263075033,0.000626307503353,False,10.50692057609558
adeo,1,F1: Shifted and full Rotated Zakharov Function,10,24,200000,300.0000023340239,2.334023918137973e-06,False,10.292674779891968
adeo,1,F1: Shifted and full Rotated Zakharov Function,10,25,200000,300.00000028423096,2.842309640982421e-07,False,10.379899263381958
adeo,1,F1: Shifted and full Rotated Zakharov Function,10,26,200000,300.00000000000006,5.684341886080803e-14,True,13.822346925735474
adeo,1,F1: Shifted and full Rotated Zakharov Function,10,27,200000,300.0000320056094,3.200560939831121e-05,False,14.011109352111816
adeo,1,F1: Shifted and full Rotated Zakharov Function,10,28,200000,300.000010002238,1.0002238013839817e-05,False,14.04993772506714
adeo,1,F1: Shifted and full Rotated Zakharov Function,10,29,200000,300.0000007346279,7.34627917609032e-07,False,13.67849612236023
adeo,1,F1: Shifted and full Rotated Zakharov Function,10,30,200000,300.00000000692773,6.927734830242116e-09,True,12.678449630737305
adeo,2,F2: Shifted and Rotated Rosenbrock’s Function,10,1,200000,405.61642921603385,5.6164292160338505,False,11.341644525527954
adeo,2,F2: Shifted and Rotated Rosenbrock’s Function,10,2,200000,407.3250745184784,7.325074518478402,False,11.439881563186646
adeo,2,F2: Shifted and Rotated Rosenbrock’s Function,10,3,200000,408.9161019277813,8.916101927781312,False,11.293087482452393
adeo,2,F2: Shifted and Rotated Rosenbrock’s Function,10,4,200000,407.0268881964303,7.0268881964303205,False,11.562541723251345
adeo,2,F2: Shifted and Rotated Rosenbrock’s Function,10,5,200000,408.9161019277813,8.916101927781312,False,12.325013875961304
adeo,2,F2: Shifted and Rotated Rosenbrock’s Function,10,6,200000,408.9161019278043,8.916101927804277,False,12.178395509719849
adeo,2,F2: Shifted and Rotated Rosenbrock’s Function,10,7,200000,407.2261620427418,7.226162042741805,False,11.882259845733644
adeo,2,F2: Shifted and Rotated Rosenbrock’s Function,10,8,200000,407.4271184453996,7.427118445399628,False,11.920969486236572
adeo,2,F2: Shifted and Rotated Rosenbrock’s Function,10,9,200000,407.1449889737681,7.144988973768079,False,11.436668872833252
adeo,2,F2: Shifted and Rotated Rosenbrock’s Function,10,10,200000,407.3694188003711,7.369418800371079,False,12.618465423583984
adeo,2,F2: Shifted and Rotated Rosenbrock’s Function,10,11,200000,407.3924619836494,7.392461983649412,False,15.859561920166016
adeo,2,F2: Shifted and Rotated Rosenbrock’s Function,10,12,200000,408.9161019277817,8.91610192778171,False,15.975634336471558
adeo,2,F2: Shifted and Rotated Rosenbrock’s Function,10,13,200000,407.5563979731184,7.556397973118351,False,15.81441068649292
adeo,2,F2: Shifted and Rotated Rosenbrock’s Function,10,14,200000,408.91610192778137,8.91610192778137,False,15.780386447906494
adeo,2,F2: Shifted and Rotated Rosenbrock’s Function,10,15,200000,407.0877893435112,7.08778934351119,False,15.43376088142395
adeo,2,F2: Shifted and Rotated Rosenbrock’s Function,10,16,200000,407.4900105935918,7.490010593591819,False,15.284183025360107
adeo,2,F2: Shifted and Rotated Rosenbrock’s Function,10,17,200000,408.91610192778137,8.91610192778137,False,15.707857131958008
adeo,2,F2: Shifted and Rotated Rosenbrock’s Function,10,18,200000,407.2839585914739,7.28395859147389,False,15.660438299179075
adeo,2,F2: Shifted and Rotated Rosenbrock’s Function,10,19,200000,407.32315095297633,7.323150952976334,False,16.263574600219727
adeo,2,F2: Shifted and Rotated Rosenbrock’s Function,10,20,200000,408.9161019277814,8.916101927781426,False,15.216787576675417
adeo,2,F2: Shifted and Rotated Rosenbrock’s Function,10,21,200000,407.1068089681863,7.106808968186272,False,15.751792907714844
adeo,2,F2: Shifted and Rotated Rosenbrock’s Function,10,22,200000,407.4107173072583,7.410717307258267,False,15.862198114395142
adeo,2,F2: Shifted and Rotated Rosenbrock’s Function,10,23,200000,407.3018153216144,7.301815321614356,False,15.654067516326904
adeo,2,F2: Shifted and Rotated Rosenbrock’s Function,10,24,200000,407.3549549749861,7.354954974986072,False,16.146189212799072
adeo,2,F2: Shifted and Rotated Rosenbrock’s Function,10,25,200000,408.4103049590524,8.410304959052382,False,16.020659923553467
adeo,2,F2: Shifted and Rotated Rosenbrock’s Function,10,26,200000,407.3651918351465,7.365191835146504,False,15.901840686798096
adeo,2,F2: Shifted and Rotated Rosenbrock’s Function,10,27,200000,407.41614179384726,7.41614179384726,False,15.710399866104126
adeo,2,F2: Shifted and Rotated Rosenbrock’s Function,10,28,200000,407.46316285137374,7.463162851373738,False,15.56397294998169
adeo,2,F2: Shifted and Rotated Rosenbrock’s Function,10,29,200000,407.33640186624496,7.336401866244955,False,15.834445238113403
adeo,2,F2: Shifted and Rotated Rosenbrock’s Function,10,30,200000,407.1493111969086,7.149311196908627,False,16.201581716537476
adeo,3,F3: Shifted and full Rotated Expanded Schaffer’s F7,10,1,200000,600.0,0.0,True,20.352563858032227
adeo,3,F3: Shifted and full Rotated Expanded Schaffer’s F7,10,2,200000,600.0,0.0,True,20.626205921173096
adeo,3,F3: Shifted and full Rotated Expanded Schaffer’s F7,10,3,200000,600.0,0.0,True,20.65949511528015
adeo,3,F3: Shifted and full Rotated Expanded Schaffer’s F7,10,4,200000,600.0,0.0,True,19.653402090072632
adeo,3,F3: Shifted and full Rotated Expanded Schaffer’s F7,10,5,200000,600.0,0.0,True,20.00493788719177
adeo,3,F3: Shifted and full Rotated Expanded Schaffer’s F7,10,6,200000,600.0,0.0,True,20.018392324447632
adeo,3,F3: Shifted and full Rotated Expanded Schaffer’s F7,10,7,200000,600.0,0.0,True,19.93206000328064
adeo,3,F3: Shifted and full Rotated Expanded Schaffer’s F7,10,8,200000,600.0,0.0,True,19.79704189300537
adeo,3,F3: Shifted and full Rotated Expanded Schaffer’s F7,10,9,200000,600.0,0.0,True,19.32587933540344
adeo,3,F3: Shifted and full Rotated Expanded Schaffer’s F7,10,10,200000,600.0,0.0,True,19.658568859100345
adeo,3,F3: Shifted and full Rotated Expanded Schaffer’s F7,10,11,200000,600.0,0.0,True,20.285550594329838
adeo,3,F3: Shifted and full Rotated Expanded Schaffer’s F7,10,12,200000,600.0,0.0,True,20.01866698265076
adeo,3,F3: Shifted and full Rotated Expanded Schaffer’s F7,10,13,200000,600.0,0.0,True,19.771709442138672
adeo,3,F3: Shifted and full Rotated Expanded Schaffer’s F7,10,14,200000,600.0,0.0,True,20.129576921463013
adeo,3,F3: Shifted and full Rotated Expanded Schaffer’s F7,10,15,200000,600.0,0.0,True,20.17009806632996
adeo,3,F3: Shifted and full Rotated Expanded Schaffer’s F7,10,16,200000,600.0,0.0,True,20.7381534576416
adeo,3,F3: Shifted and full Rotated Expanded Schaffer’s F7,10,17,200000,600.0,0.0,True,20.77433586120605
adeo,3,F3: Shifted and full Rotated Expanded Schaffer’s F7,10,18,200000,600.0,0.0,True,20.83205270767212
adeo,3,F3: Shifted and full Rotated Expanded Schaffer’s F7,10,19,200000,600.0,0.0,True,21.034197568893436
adeo,3,F3: Shifted and full Rotated Expanded Schaffer’s F7,10,20,200000,600.0,0.0,True,19.8119432926178
adeo,3,F3: Shifted and full Rotated Expanded Schaffer’s F7,10,21,200000,600.0,0.0,True,19.53365921974182
adeo,3,F3: Shifted and full Rotated Expanded Schaffer’s F7,10,22,200000,600.0,0.0,True,20.13733386993408
adeo,3,F3: Shifted and full Rotated Expanded Schaffer’s F7,10,23,200000,600.0,0.0,True,20.332980632781982
adeo,3,F3: Shifted and full Rotated Expanded Schaffer’s F7,10,24,200000,600.0,0.0,True,20.231659412384037
adeo,3,F3: Shifted and full Rotated Expanded Schaffer’s F7,10,25,200000,600.0,0.0,True,20.24907088279724
adeo,3,F3: Shifted and full Rotated Expanded Schaffer’s F7,10,26,200000,600.0,0.0,True,19.970566987991333
adeo,3,F3: Shifted and full Rotated Expanded Schaffer’s F7,10,27,200000,600.0,0.0,True,19.58288311958313
adeo,3,F3: Shifted and full Rotated Expanded Schaffer’s F7,10,28,200000,600.0,0.0,True,19.365640878677368
adeo,3,F3: Shifted and full Rotated Expanded Schaffer’s F7,10,29,200000,600.0,0.0,True,20.25454998016357
adeo,3,F3: Shifted and full Rotated Expanded Schaffer’s F7,10,30,200000,600.0,0.0,True,19.49992084503174
adeo,4,F4: Shifted and Rotated Non-Continuous Rastrigin’s Function,10,1,200000,806.6936289325826,6.693628932582556,False,25.304014682769772
adeo,4,F4: Shifted and Rotated Non-Continuous Rastrigin’s Function,10,2,200000,820.0,20.0,False,25.803237915039062
adeo,4,F4: Shifted and Rotated Non-Continuous Rastrigin’s Function,10,3,200000,820.1128049434594,20.112804943459423,False,25.916593551635746
adeo,4,F4: Shifted and Rotated Non-Continuous Rastrigin’s Function,10,4,200000,818.110999379279,18.11099937927895,False,25.90688824653625
adeo,4,F4: Shifted and Rotated Non-Continuous Rastrigin’s Function,10,5,200000,812.1130554948378,12.113055494837797,False,25.87455463409424
adeo,4,F4: Shifted and Rotated Non-Continuous Rastrigin’s Function,10,6,200000,816.2387265542034,16.238726554203367,False,25.046020984649655
adeo,4,F4: Shifted and Rotated Non-Continuous Rastrigin’s Function,10,7,200000,808.3984699022321,8.398469902232137,False,25.562201023101807
adeo,4,F4: Shifted and Rotated Non-Continuous Rastrigin’s Function,10,8,200000,822.0014925688372,22.001492568837197,False,27.089128732681274
adeo,4,F4: Shifted and Rotated Non-Continuous Rastrigin’s Function,10,9,200000,820.0,20.0,False,26.591503858566284
adeo,4,F4: Shifted and Rotated Non-Continuous Rastrigin’s Function,10,10,200000,818.0000023874603,18.000002387460313,False,26.30049729347229
adeo,4,F4: Shifted and Rotated Non-Continuous Rastrigin’s Function,10,11,200000,818.0009275420733,18.000927542073327,False,26.30460262298584
adeo,4,F4: Shifted and Rotated Non-Continuous Rastrigin’s Function,10,12,200000,812.1460437640314,12.146043764031448,False,25.65153455734253
adeo,4,F4: Shifted and Rotated Non-Continuous Rastrigin’s Function,10,13,200000,810.6455005722042,10.645500572204242,False,25.423778295516968
adeo,4,F4: Shifted and Rotated Non-Continuous Rastrigin’s Function,10,14,200000,814.001949963477,14.001949963477044,False,25.62406015396118
adeo,4,F4: Shifted and Rotated Non-Continuous Rastrigin’s Function,10,15,200000,813.9940292973762,13.994029297376189,False,25.679819107055664
adeo,4,F4: Shifted and Rotated Non-Continuous Rastrigin’s Function,10,16,200000,822.0751582680729,22.07515826807287,False,25.393368244171143
adeo,4,F4: Shifted and Rotated Non-Continuous Rastrigin’s Function,10,17,200000,811.0942557149508,11.094255714950805,False,24.910367727279663
adeo,4,F4: Shifted and Rotated Non-Continuous Rastrigin’s Function,10,18,200000,814.213449155467,14.213449155466948,False,25.05742454528809
adeo,4,F4: Shifted and Rotated Non-Continuous Rastrigin’s Function,10,19,200000,806.7948932882266,6.794893288226604,False,24.2695107460022
adeo,4,F4: Shifted and Rotated Non-Continuous Rastrigin’s Function,10,20,200000,812.356937301913,12.356937301913035,False,24.57431650161743
adeo,4,F4: Shifted and Rotated Non-Continuous Rastrigin’s Function,10,21,200000,820.0370470193551,20.0370470193551,False,25.247146606445312
adeo,4,F4: Shifted and Rotated Non-Continuous Rastrigin’s Function,10,22,200000,812.6399556704965,12.639955670496532,False,25.632564783096317
adeo,4,F4: Shifted and Rotated Non-Continuous Rastrigin’s Function,10,23,200000,817.1429255294751,17.142925529475065,False,26.38299059867859
adeo,4,F4: Shifted and Rotated Non-Continuous Rastrigin’s Function,10,24,200000,812.0651158243758,12.065115824375766,False,25.75410413742065
adeo,4,F4: Shifted and Rotated Non-Continuous Rastrigin’s Function,10,25,200000,814.8916726899018,14.89167268990184,False,26.2101731300354
adeo,4,F4: Shifted and Rotated Non-Continuous Rastrigin’s Function,10,26,200000,820.5733896802939,20.57338968029387,False,25.740657091140747
adeo,4,F4: Shifted and Rotated Non-Continuous Rastrigin’s Function,10,27,200000,816.0696087390203,16.069608739020282,False,25.635672569274902
adeo,4,F4: Shifted and Rotated Non-Continuous Rastrigin’s Function,10,28,200000,814.0208748478633,14.020874847863295,False,25.171793460845947
adeo,4,F4: Shifted and Rotated Non-Continuous Rastrigin’s Function,10,29,200000,818.0103461088188,18.010346108818794,False,25.416029453277588
adeo,4,F4: Shifted and Rotated Non-Continuous Rastrigin’s Function,10,30,200000,816.2031582401574,16.20315824015745,False,25.20659065246582
adeo,5,F5: Shifted and Rotated Levy Function,10,1,200000,900.0000000481577,4.815774445887656e-08,False,17.562489986419678
adeo,5,F5: Shifted and Rotated Levy Function,10,2,200000,900.0000000002311,2.311253410880454e-10,True,17.708582401275635
adeo,5,F5: Shifted and Rotated Levy Function,10,3,200000,900.0000004137243,4.13724251302483e-07,False,18.018030166625977
adeo,5,F5: Shifted and Rotated Levy Function,10,4,200000,900.0000000001767,1.7666934581939128e-10,True,17.42175841331482
adeo,5,F5: Shifted and Rotated Levy Function,10,5,200000,900.0000000011073,1.10730979940854e-09,True,17.11721682548523
adeo,5,F5: Shifted and Rotated Levy Function,10,6,200000,900.0000001938762,1.9387618976907106e-07,False,17.569056749343872
adeo,5,F5: Shifted and Rotated Levy Function,10,7,200000,900.0000000124999,1.2499867807491682e-08,False,18.59426760673523
adeo,5,F5: Shifted and Rotated Levy Function,10,8,200000,900.0000000384564,3.8456391848740175e-08,False,18.29519915580749
adeo,5,F5: Shifted and Rotated Levy Function,10,9,200000,900.0000003595673,3.595672524170368e-07,False,17.952220678329468
adeo,5,F5: Shifted and Rotated Levy Function,10,10,200000,900.0000000155118,1.5511773199250456e-08,False,18.07079291343689
adeo,5,F5: Shifted and Rotated Levy Function,10,11,200000,900.0000000045281,4.5281467464519665e-09,True,18.21322774887085
adeo,5,F5: Shifted and Rotated Levy Function,10,12,200000,900.0000382468853,3.82468853104001e-05,False,18.231581926345825
adeo,5,F5: Shifted and Rotated Levy Function,10,13,200000,900.0000001408475,1.408475327480119e-07,False,17.98054838180542
adeo,5,F5: Shifted and Rotated Levy Function,10,14,200000,900.000000797597,7.975969538165373e-07,False,18.49116897583008
adeo,5,F5: Shifted and Rotated Levy Function,10,15,200000,900.0000000000862,8.617462299298495e-11,True,18.51846027374268
adeo,5,F5: Shifted and Rotated Levy Function,10,16,200000,900.0000010525322,1.0525321840759716e-06,False,18.09084630012512
adeo,5,F5: Shifted and Rotated Levy Function,10,17,200000,900.0000000001686,1.6859758034115655e-10,True,17.8396155834198
adeo,5,F5: Shifted and Rotated Levy Function,10,18,200000,900.0000000665102,6.651021067227704e-08,False,17.91537594795227
adeo,5,F5: Shifted and Rotated Levy Function,10,19,200000,900.0000000000125,1.2505552149377763e-11,True,16.93441915512085
adeo,5,F5: Shifted and Rotated Levy Function,10,20,200000,900.000000070411,7.041103344818113e-08,False,17.88331651687622
adeo,5,F5: Shifted and Rotated Levy Function,10,21,200000,900.000000002228,2.228034645668231e-09,True,17.60371446609497
adeo,5,F5: Shifted and Rotated Levy Function,10,22,200000,900.0000095481287,9.548128673486644e-06,False,16.690919160842896
adeo,5,F5: Shifted and Rotated Levy Function,10,23,200000,900.000001165188,1.1651879958662905e-06,False,16.994766235351562
adeo,5,F5: Shifted and Rotated Levy Function,10,24,200000,900.0000000200034,2.0003426470793784e-08,False,17.035922050476074
adeo,5,F5: Shifted and Rotated Levy Function,10,25,200000,900.0000007479254,7.479253554265597e-07,False,17.121613025665283
adeo,5,F5: Shifted and Rotated Levy Function,10,26,200000,900.0000078038668,7.803866765243583e-06,False,16.901933193206787
adeo,5,F5: Shifted and Rotated Levy Function,10,27,200000,900.0000000089724,8.97239260666538e-09,True,17.066057682037354
adeo,5,F5: Shifted and Rotated Levy Function,10,28,200000,900.0000000137511,1.3751105143455788e-08,False,16.716110467910767
adeo,5,F5: Shifted and Rotated Levy Function,10,29,200000,900.0000001260323,1.2603231880348176e-07,False,17.08235239982605
adeo,5,F5: Shifted and Rotated Levy Function,10,30,200000,900.0000000000433,4.331468517193571e-11,True,17.035320281982422
adeo,6,F6: Hybrid Function 1,10,1,200000,11089.304856180135,9289.304856180135,False,17.948388814926147
adeo,6,F6: Hybrid Function 1,10,2,200000,5107.291804740173,3307.2918047401727,False,17.73867440223694
adeo,6,F6: Hybrid Function 1,10,3,200000,2237.8798120353404,437.8798120353404,False,18.52621006965637
adeo,6,F6: Hybrid Function 1,10,4,200000,4631.941872424662,2831.9418724246616,False,18.404072761535645
adeo,6,F6: Hybrid Function 1,10,5,200000,3718.372796617511,1918.3727966175104,False,18.56493544578552
adeo,6,F6: Hybrid Function 1,10,6,200000,8931.408750779363,7131.408750779363,False,19.048081159591675
adeo,6,F6: Hybrid Function 1,10,7,200000,3104.475597965249,1304.475597965249,False,18.109437227249146
adeo,6,F6: Hybrid Function 1,10,8,200000,3262.6494354376628,1462.6494354376628,False,17.51669979095459
adeo,6,F6: Hybrid Function 1,10,9,200000,6589.585247192951,4789.585247192951,False,18.26471757888794
adeo,6,F6: Hybrid Function 1,10,10,200000,6277.458056029878,4477.458056029878,False,17.763946056365967
adeo,6,F6: Hybrid Function 1,10,11,200000,6478.63813867272,4678.63813867272,False,18.05628728866577
adeo,6,F6: Hybrid Function 1,10,12,200000,2965.918216375473,1165.918216375473,False,17.92786931991577
adeo,6,F6: Hybrid Function 1,10,13,200000,4028.695968907511,2228.69596890751,False,18.529470682144165
adeo,6,F6: Hybrid Function 1,10,14,200000,5504.174627745026,3704.1746277450256,False,18.756784915924072
adeo,6,F6: Hybrid Function 1,10,15,200000,8004.264038492116,6204.264038492116,False,18.457873821258545
adeo,6,F6: Hybrid Function 1,10,16,200000,5032.696212935103,3232.696212935103,False,18.386680364608765
adeo,6,F6: Hybrid Function 1,10,17,200000,5457.166478755325,3657.166478755325,False,17.95086097717285
adeo,6,F6: Hybrid Function 1,10,18,200000,6109.62792899199,4309.62792899199,False,17.969807624816895
adeo,6,F6: Hybrid Function 1,10,19,200000,2738.5228835271105,938.5228835271104,False,18.0532648563385
adeo,6,F6: Hybrid Function 1,10,20,200000,3473.1597302830432,1673.1597302830432,False,17.778276205062866
adeo,6,F6: Hybrid Function 1,10,21,200000,6117.712226548787,4317.712226548787,False,18.74831986427307
adeo,6,F6: Hybrid Function 1,10,22,200000,8024.132659551205,6224.1326595512055,False,18.56527829170227
adeo,6,F6: Hybrid Function 1,10,23,200000,2752.492706519924,952.4927065199236,False,18.147789478302
adeo,6,F6: Hybrid Function 1,10,24,200000,10899.21852456879,9099.21852456879,False,18.48155188560486
adeo,6,F6: Hybrid Function 1,10,25,200000,4207.012275929511,2407.012275929511,False,18.643303394317627
adeo,6,F6: Hybrid Function 1,10,26,200000,6291.853461641664,4491.853461641664,False,18.249521255493164
adeo,6,F6: Hybrid Function 1,10,27,200000,11859.46618425359,10059.46618425359,False,18.15514612197876
adeo,6,F6: Hybrid Function 1,10,28,200000,4674.577285248568,2874.577285248568,False,18.079293489456177
adeo,6,F6: Hybrid Function 1,10,29,200000,5300.589584137593,3500.589584137593,False,18.38984990119934
adeo,6,F6: Hybrid Function 1,10,30,200000,5265.782944416859,3465.782944416859,False,17.85802912712097
adeo,7,F7: Hybrid Function 2,10,1,200000,2000.2074739674777,0.2074739674776538,False,98.57114267349245
adeo,7,F7: Hybrid Function 2,10,2,200000,2000.499540372852,0.4995403728516976,False,98.8279709815979
adeo,7,F7: Hybrid Function 2,10,3,200000,2009.3836122746652,9.383612274665438,False,96.69310426712036
adeo,7,F7: Hybrid Function 2,10,4,200000,2009.76392459536,9.76392459535964,False,98.07821655273438
adeo,7,F7: Hybrid Function 2,10,5,200000,2000.7752474637723,0.7752474637723026,False,98.36501955986024
adeo,7,F7: Hybrid Function 2,10,6,200000,2005.458858063956,5.458858063956086,False,98.66525602340698
adeo,7,F7: Hybrid Function 2,10,7,200000,2000.1337937287512,0.1337937287512431,False,98.24959993362428
adeo,7,F7: Hybrid Function 2,10,8,200000,2000.202675072984,0.2026750729842206,False,96.50973558425903
adeo,7,F7: Hybrid Function 2,10,9,200000,2001.205759253154,1.2057592531539283,False,98.9587948322296
adeo,7,F7: Hybrid Function 2,10,10,200000,2001.2522493721272,1.252249372127153,False,97.93549942970276
adeo,7,F7: Hybrid Function 2,10,11,200000,2019.4249147334065,19.424914733406467,False,98.55959367752077
adeo,7,F7: Hybrid Function 2,10,12,200000,2000.982618346043,0.9826183460429548,False,99.5658917427063
adeo,7,F7: Hybrid Function 2,10,13,200000,2000.4463074323687,0.4463074323691671,False,98.0661461353302
adeo,7,F7: Hybrid Function 2,10,14,200000,2000.9907675014688,0.9907675014685536,False,97.2709345817566
adeo,7,F7: Hybrid Function 2,10,15,200000,2000.324725475251,0.3247254752509434,False,97.86527752876282
adeo,7,F7: Hybrid Function 2,10,16,200000,2000.1707178773347,0.1707178773347095,False,98.72642683982848
adeo,7,F7: Hybrid Function 2,10,17,200000,2004.6593363605027,4.659336360502721,False,99.58469033241272
adeo,7,F7: Hybrid Function 2,10,18,200000,2000.1883598685024,0.1883598685024026,False,96.9372980594635
adeo,7,F7: Hybrid Function 2,10,19,200000,2001.0522757783715,1.0522757783712675,False,97.57375955581664
adeo,7,F7: Hybrid Function 2,10,20,200000,2000.9309841615784,0.930984161578408,False,98.62642765045166
adeo,7,F7: Hybrid Function 2,10,21,200000,2000.690767578276,0.6907675782758815,False,97.87983560562134
adeo,7,F7: Hybrid Function 2,10,22,200000,2003.8682198891624,3.868219889162447,False,97.51567792892456
adeo,7,F7: Hybrid Function 2,10,23,200000,2004.2365824870976,4.236582487097621,False,98.02751111984252
adeo,7,F7: Hybrid Function 2,10,24,200000,2000.1790934304283,0.1790934304283382,False,99.25504517555235
adeo,7,F7: Hybrid Function 2,10,25,200000,2000.6917889508652,0.6917889508654298,False,99.77939176559448
adeo,7,F7: Hybrid Function 2,10,26,200000,2000.233670431752,0.2336704317517615,False,97.71178221702576
adeo,7,F7: Hybrid Function 2,10,27,200000,2000.0757184073896,0.0757184073895587,False,98.3030092716217
adeo,7,F7: Hybrid Function 2,10,28,200000,2000.8399067754176,0.8399067754176031,False,97.12959861755373
adeo,7,F7: Hybrid Function 2,10,29,200000,2008.7309173153403,8.73091731534032,False,96.35669279098512
adeo,7,F7: Hybrid Function 2,10,30,200000,2001.9406062572305,1.940606257230229,False,97.66273736953735
adeo,8,F8: Hybrid Function 3,10,1,200000,2221.350702171834,21.3507021718342,False,131.17307043075562
adeo,8,F8: Hybrid Function 3,10,2,200000,2202.105703858918,2.1057038589178774,False,130.51304721832275
adeo,8,F8: Hybrid Function 3,10,3,200000,2211.642482199383,11.642482199382812,False,132.72663164138794
adeo,8,F8: Hybrid Function 3,10,4,200000,2202.446085606637,2.446085606637098,False,134.16656470298767
adeo,8,F8: Hybrid Function 3,10,5,200000,2201.923636396595,1.9236363965951568,False,130.30156254768372
adeo,8,F8: Hybrid Function 3,10,6,200000,2202.783389394302,2.7833893943020485,False,134.1919195652008
adeo,8,F8: Hybrid Function 3,10,7,200000,2202.794442753744,2.794442753744079,False,133.49960017204285
adeo,8,F8: Hybrid Function 3,10,8,200000,2204.428664628916,4.428664628916067,False,138.0901038646698
adeo,8,F8: Hybrid Function 3,10,9,200000,2204.097338289325,4.097338289324853,False,132.8628056049347
adeo,8,F8: Hybrid Function 3,10,10,200000,2203.2714957858734,3.2714957858734124,False,130.34381794929504
adeo,8,F8: Hybrid Function 3,10,11,200000,2201.5681326274503,1.568132627450268,False,129.88473057746887
adeo,8,F8: Hybrid Function 3,10,12,200000,2201.410640835963,1.4106408359630225,False,132.33187890052795
adeo,8,F8: Hybrid Function 3,10,13,200000,2203.106794310411,3.1067943104108053,False,130.52892756462097
adeo,8,F8: Hybrid Function 3,10,14,200000,2202.45420978011,2.454209780109977,False,128.71199774742126
adeo,8,F8: Hybrid Function 3,10,15,200000,2214.363437272236,14.363437272235842,False,129.25060534477234
adeo,8,F8: Hybrid Function 3,10,16,200000,2202.7294783052453,2.729478305245266,False,130.2021405696869
adeo,8,F8: Hybrid Function 3,10,17,200000,2202.272355150012,2.2723551500116628,False,130.20361971855164
adeo,8,F8: Hybrid Function 3,10,18,200000,2208.4857726115,8.485772611500124,False,130.21629524230957
adeo,8,F8: Hybrid Function 3,10,19,200000,2219.756901345105,19.756901345105238,False,128.21573138237
adeo,8,F8: Hybrid Function 3,10,20,200000,2204.4620944863973,4.462094486397291,False,130.29483199119568
adeo,8,F8: Hybrid Function 3,10,21,200000,2201.969317920794,1.969317920793856,False,126.74987173080444
adeo,8,F8: Hybrid Function 3,10,22,200000,2201.912847937687,1.91284793768682,False,130.46857285499573
adeo,8,F8: Hybrid Function 3,10,23,200000,2203.869285317225,3.869285317225149,False,132.81033611297607
adeo,8,F8: Hybrid Function 3,10,24,200000,2212.4241502292043,12.424150229204317,False,130.04699110984802
adeo,8,F8: Hybrid Function 3,10,25,200000,2204.01833673188,4.018336731879572,False,128.92285633087158
adeo,8,F8: Hybrid Function 3,10,26,200000,2202.912577236748,2.912577236747893,False,131.66378927230835
adeo,8,F8: Hybrid Function 3,10,27,200000,2203.35549237401,3.3554923740098275,False,128.76053643226624
adeo,8,F8: Hybrid Function 3,10,28,200000,2204.320037332582,4.32003733258216,False,132.79122948646545
adeo,8,F8: Hybrid Function 3,10,29,200000,2209.4293391195074,9.429339119507404,False,132.90396690368652
adeo,8,F8: Hybrid Function 3,10,30,200000,2202.165550730134,2.165550730133873,False,131.37246870994568
adeo,9,F9: Composition Function 1,10,1,200000,2664.286605888436,364.2866058884356,False,36.20163679122925
adeo,9,F9: Composition Function 1,10,2,200000,2351.682906207632,51.682906207632186,False,35.53658676147461
adeo,9,F9: Composition Function 1,10,3,200000,2668.5653581933902,368.56535819339024,False,35.847336769104004
adeo,9,F9: Composition Function 1,10,4,200000,2661.815352477681,361.8153524776808,False,35.483139514923096
adeo,9,F9: Composition Function 1,10,5,200000,2663.1333912646337,363.1333912646337,False,35.63202691078186
adeo,9,F9: Composition Function 1,10,6,200000,2662.767845941029,362.767845941029,False,35.77804899215698
adeo,9,F9: Composition Function 1,10,7,200000,2668.3240229268367,368.32402292683673,False,36.37006759643555
adeo,9,F9: Composition Function 1,10,8,200000,2429.778401091556,129.77840109155568,False,36.603845834732056
adeo,9,F9: Composition Function 1,10,9,200000,2506.2099264076664,206.20992640766644,False,37.055256366729736
adeo,9,F9: Composition Function 1,10,10,200000,2362.535892954037,62.535892954037536,False,35.98591446876526
adeo,9,F9: Composition Function 1,10,11,200000,2661.758964654353,361.7589646543529,False,36.86054348945618
adeo,9,F9: Composition Function 1,10,12,200000,2662.76695312136,362.7669531213601,False,37.14889621734619
adeo,9,F9: Composition Function 1,10,13,200000,2662.981787911184,362.9817879111838,False,36.74885010719299
adeo,9,F9: Composition Function 1,10,14,200000,2667.3854798073926,367.3854798073926,False,37.01235127449036
adeo,9,F9: Composition Function 1,10,15,200000,2660.7832260915125,360.78322609151246,False,36.012781620025635
adeo,9,F9: Composition Function 1,10,16,200000,2354.654034276627,54.65403427662704,False,35.454042196273804
adeo,9,F9: Composition Function 1,10,17,200000,2666.4987391558725,366.4987391558725,False,35.85909938812256
adeo,9,F9: Composition Function 1,10,18,200000,2661.9800772871663,361.9800772871663,False,36.73510718345642
adeo,9,F9: Composition Function 1,10,19,200000,2659.473366941219,359.47336694121896,False,36.360687255859375
adeo,9,F9: Composition Function 1,10,20,200000,2668.222441560891,368.2224415608912,False,36.74414563179016
adeo,9,F9: Composition Function 1,10,21,200000,2331.597619143633,31.597619143632983,False,36.59249258041382
adeo,9,F9: Composition Function 1,10,22,200000,2660.089015815717,360.0890158157172,False,36.25972604751587
adeo,9,F9: Composition Function 1,10,23,200000,2323.766437119806,23.76643711980614,False,37.02009177207947
adeo,9,F9: Composition Function 1,10,24,200000,2663.799932176739,363.7999321767388,False,35.87196946144104
adeo,9,F9: Composition Function 1,10,25,200000,2668.1926575507587,368.19265755075867,False,34.77595019340515
adeo,9,F9: Composition Function 1,10,26,200000,2315.391133661411,15.391133661411004,False,34.20550727844238
adeo,9,F9: Composition Function 1,10,27,200000,2668.77991812306,368.7799181230598,False,35.278281450271606
adeo,9,F9: Composition Function 1,10,28,200000,2343.229459305827,43.22945930582682,False,34.879065990448
adeo,9,F9: Composition Function 1,10,29,200000,2662.3547585110164,362.3547585110164,False,34.592302322387695
adeo,9,F9: Composition Function 1,10,30,200000,2465.238554618346,165.23855461834592,False,33.87259888648987
adeo,10,F10: Composition Function 2,10,1,200000,2620.938183821555,220.93818382155496,False,36.701393127441406
adeo,10,F10: Composition Function 2,10,2,200000,2620.8858309846887,220.8858309846887,False,36.12108874320984
adeo,10,F10: Composition Function 2,10,3,200000,2620.882336631758,220.88233663175788,False,36.021944522857666
adeo,10,F10: Composition Function 2,10,4,200000,2620.986272378453,220.98627237845312,False,37.149897813797
adeo,10,F10: Composition Function 2,10,5,200000,2620.951488549156,220.95148854915624,False,36.4783718585968
adeo,10,F10: Composition Function 2,10,6,200000,2620.988824253576,220.98882425357533,False,35.24739050865173
adeo,10,F10: Composition Function 2,10,7,200000,2621.1224373561377,221.12243735613765,False,38.17252063751221
adeo,10,F10: Composition Function 2,10,8,200000,2620.87450917441,220.87450917440992,False,38.54374527931213
adeo,10,F10: Composition Function 2,10,9,200000,2620.9243656522813,220.92436565228127,False,35.637284994125366
adeo,10,F10: Composition Function 2,10,10,200000,2620.896645097465,220.8966450974649,False,35.65772819519043
adeo,10,F10: Composition Function 2,10,11,200000,2620.873443389564,220.87344338956385,False,36.470510482788086
adeo,10,F10: Composition Function 2,10,12,200000,2621.1233370702093,221.12333707020932,False,36.92062568664551
adeo,10,F10: Composition Function 2,10,13,200000,2620.875924099293,220.87592409929312,False,37.0314736366272
adeo,10,F10: Composition Function 2,10,14,200000,2620.893454790628,220.89345479062783,False,35.99932503700256
adeo,10,F10: Composition Function 2,10,15,200000,2620.9253243987914,220.92532439879145,False,37.06430912017822
adeo,10,F10: Composition Function 2,10,16,200000,2621.0107685022285,221.01076850222853,False,37.24820232391357
adeo,10,F10: Composition Function 2,10,17,200000,2620.889185777403,220.88918577740287,False,35.45403170585632
adeo,10,F10: Composition Function 2,10,18,200000,2620.918668062772,220.9186680627722,False,36.12477660179138
adeo,10,F10: Composition Function 2,10,19,200000,2620.8726927291164,220.87269272911635,False,35.26481413841248
adeo,10,F10: Composition Function 2,10,20,200000,2620.9653719429807,220.9653719429807,False,36.22681498527527
adeo,10,F10: Composition Function 2,10,21,200000,2620.897162004769,220.89716200476917,False,35.882625579833984
adeo,10,F10: Composition Function 2,10,22,200000,2620.8930413641565,220.8930413641565,False,36.41777586936951
adeo,10,F10: Composition Function 2,10,23,200000,2620.87492089634,220.87492089634,False,35.560587882995605
adeo,10,F10: Composition Function 2,10,24,200000,2620.8727120900157,220.87271209001528,False,35.828606367111206
adeo,10,F10: Composition Function 2,10,25,200000,2620.993733573795,220.993733573795,False,37.13315153121948
adeo,10,F10: Composition Function 2,10,26,200000,2620.886601521379,220.8866015213789,False,36.1335608959198
adeo,10,F10: Composition Function 2,10,27,200000,2620.874851600097,220.8748516000969,False,35.90053939819336
adeo,10,F10: Composition Function 2,10,28,200000,2620.875093302868,220.87509330286773,False,36.26898169517517
adeo,10,F10: Composition Function 2,10,29,200000,2620.8833797648376,220.88337976483763,False,35.93317127227783
adeo,10,F10: Composition Function 2,10,30,200000,2620.9257868941627,220.92578689416268,False,37.03626251220703
adeo,11,F11: Composition Function 3,10,1,200000,2622.325680621043,22.32568062104292,False,52.10650014877319
adeo,11,F11: Composition Function 3,10,2,200000,2600.000000000232,2.3192114895209667e-10,True,51.12494254112244
adeo,11,F11: Composition Function 3,10,3,200000,2600.064116880931,0.0641168809311238,False,52.67095994949341
adeo,11,F11: Composition Function 3,10,4,200000,2600.00000000017,1.7007550923153758e-10,True,51.00031876564026
adeo,11,F11: Composition Function 3,10,5,200000,2622.425596246763,22.42559624676278,False,53.35360550880432
adeo,11,F11: Composition Function 3,10,6,200000,2600.0000000040063,4.006324161309749e-09,True,51.74763345718384
adeo,11,F11: Composition Function 3,10,7,200000,2600.859118814445,0.8591188144450825,False,52.11595797538757
adeo,11,F11: Composition Function 3,10,8,200000,2600.000000001885,1.8849277694243934e-09,True,52.325708627700806
adeo,11,F11: Composition Function 3,10,9,200000,2600.0000000029613,2.961314748972654e-09,True,51.671435832977295
adeo,11,F11: Composition Function 3,10,10,200000,2600.000000000054,5.411493475548923e-11,True,50.29808902740479
adeo,11,F11: Composition Function 3,10,11,200000,2619.918547835828,19.918547835827667,False,53.75795888900757
adeo,11,F11: Composition Function 3,10,12,200000,2622.39911243862,22.39911243861934,False,52.63363838195801
adeo,11,F11: Composition Function 3,10,13,200000,2601.891117725173,1.8911177251734443,False,52.83987760543823
adeo,11,F11: Composition Function 3,10,14,200000,2620.9632895808227,20.963289580822675,False,51.99902677536011
adeo,11,F11: Composition Function 3,10,15,200000,2600.000000000664,6.639311322942375e-10,True,52.31554317474365
adeo,11,F11: Composition Function 3,10,16,200000,2622.425649900078,22.42564990007804,False,52.593583822250366
adeo,11,F11: Composition Function 3,10,17,200000,2600.000000000265,2.651177055668086e-10,True,51.92057180404663
adeo,11,F11: Composition Function 3,10,18,200000,2600.000000002876,2.8753674996551126e-09,True,50.97031569480896
adeo,11,F11: Composition Function 3,10,19,200000,2604.657162079078,4.657162079077807,False,52.12307906150818
adeo,11,F11: Composition Function 3,10,20,200000,2600.0000000032983,3.2982825359795243e-09,True,52.48884701728821
adeo,11,F11: Composition Function 3,10,21,200000,2608.2047726357446,8.204772635744575,False,53.08835577964783
adeo,11,F11: Composition Function 3,10,22,200000,2600.000000002154,2.15413820114918e-09,True,53.33816051483154
adeo,11,F11: Composition Function 3,10,23,200000,2600.000000000004,4.092726157978177e-12,True,52.04046583175659
adeo,11,F11: Composition Function 3,10,24,200000,2600.000000002179,2.179149305447936e-09,True,52.521703481674194
adeo,11,F11: Composition Function 3,10,25,200000,2600.0000000045434,4.543380782706663e-09,True,52.0459201335907
adeo,11,F11: Composition Function 3,10,26,200000,2600.000000000004,4.092726157978177e-12,True,51.60939288139343
adeo,11,F11: Composition Function 3,10,27,200000,2600.0000000035857,3.585682861739769e-09,True,52.87635254859924
adeo,11,F11: Composition Function 3,10,28,200000,2600.000000007276,7.275957614183426e-09,True,52.26508641242981
adeo,11,F11: Composition Function 3,10,29,200000,2610.2679896911577,10.267989691157709,False,52.82750868797302
adeo,11,F11: Composition Function 3,10,30,200000,2600.0000000018026,1.8026184989139438e-09,True,52.64153838157654
adeo,12,F12: Composition Function 4,10,1,200000,2865.9094376815,165.90943768149964,False,56.34482383728027
adeo,12,F12: Composition Function 4,10,2,200000,2866.0457430914203,166.04574309142026,False,56.0091073513031
adeo,12,F12: Composition Function 4,10,3,200000,2865.8872874592225,165.8872874592225,False,55.365888833999634
adeo,12,F12: Composition Function 4,10,4,200000,2866.121080313671,166.12108031367097,False,57.42094230651856
adeo,12,F12: Composition Function 4,10,5,200000,2865.9164103773046,165.9164103773046,False,56.63447570800781
adeo,12,F12: Composition Function 4,10,6,200000,2866.0003260871654,166.00032608716538,False,56.66777491569519
adeo,12,F12: Composition Function 4,10,7,200000,2865.9925396153817,165.9925396153817,False,56.86391091346741
adeo,12,F12: Composition Function 4,10,8,200000,2866.0831663655604,166.08316636556037,False,56.54926729202271
adeo,12,F12: Composition Function 4,10,9,200000,2866.0404359544573,166.04043595445728,False,56.34322881698608
adeo,12,F12: Composition Function 4,10,10,200000,2866.048797009865,166.0487970098652,False,55.32278394699097
adeo,12,F12: Composition Function 4,10,11,200000,2865.26922329434,165.26922329433955,False,56.617695331573486
adeo,12,F12: Composition Function 4,10,12,200000,2865.820871868639,165.8208718686392,False,55.99506449699402
adeo,12,F12: Composition Function 4,10,13,200000,2865.576154927633,165.57615492763307,False,55.15417981147766
adeo,12,F12: Composition Function 4,10,14,200000,2865.945347057441,165.9453470574408,False,58.00911808013916
adeo,12,F12: Composition Function 4,10,15,200000,2865.2321061918947,165.23210619189467,False,56.79949402809143
adeo,12,F12: Composition Function 4,10,16,200000,2865.308131485912,165.30813148591187,False,55.92761445045471
adeo,12,F12: Composition Function 4,10,17,200000,2865.5753939318374,165.57539393183745,False,55.78470706939697
adeo,12,F12: Composition Function 4,10,18,200000,2865.9236229162043,165.9236229162043,False,55.62686014175415
adeo,12,F12: Composition Function 4,10,19,200000,2866.1911695377576,166.19116953775756,False,57.24240064620972
adeo,12,F12: Composition Function 4,10,20,200000,2865.7246443050285,165.7246443050285,False,56.438223361968994
adeo,12,F12: Composition Function 4,10,21,200000,2865.950047125136,165.95004712513582,False,58.51350998878479
adeo,12,F12: Composition Function 4,10,22,200000,2865.9909476519515,165.9909476519515,False,57.13326716423035
adeo,12,F12: Composition Function 4,10,23,200000,2865.104525979049,165.10452597904896,False,56.208048820495605
adeo,12,F12: Composition Function 4,10,24,200000,2865.918181800248,165.91818180024757,False,58.37405872344971
adeo,12,F12: Composition Function 4,10,25,200000,2865.499605596255,165.49960559625515,False,57.41040587425232
adeo,12,F12: Composition Function 4,10,26,200000,2865.5236034444238,165.52360344442332,False,56.54087805747986
adeo,12,F12: Composition Function 4,10,27,200000,2865.684134370235,165.68413437023491,False,56.28492569923401
adeo,12,F12: Composition Function 4,10,28,200000,2865.860999183675,165.86099918367518,False,56.82950282096863
adeo,12,F12: Composition Function 4,10,29,200000,2865.910661614801,165.91066161480148,False,54.83601331710816
adeo,12,F12: Composition Function 4,10,30,200000,2865.352215102356,165.35221510235624,False,55.83404922485352
adeo,1,F1: Shifted and full Rotated Zakharov Function,20,1,1000000,440.9520096875439,140.95200968754386,False,69.87780690193176
adeo,1,F1: Shifted and full Rotated Zakharov Function,20,2,1000000,311.70840816304815,11.708408163048148,False,69.07379460334778
adeo,1,F1: Shifted and full Rotated Zakharov Function,20,3,1000000,399.5746505291548,99.57465052915478,False,68.22479271888733
adeo,1,F1: Shifted and full Rotated Zakharov Function,20,4,1000000,304.09887890174656,4.098878901746559,False,68.61510968208313
adeo,1,F1: Shifted and full Rotated Zakharov Function,20,5,1000000,511.179337320786,211.179337320786,False,69.15148329734802
adeo,1,F1: Shifted and full Rotated Zakharov Function,20,6,1000000,464.6570190676858,164.65701906768584,False,70.01531195640564
adeo,1,F1: Shifted and full Rotated Zakharov Function,20,7,1000000,300.7645306996544,0.7645306996543582,False,68.69047522544861
adeo,1,F1: Shifted and full Rotated Zakharov Function,20,8,1000000,362.0737146818485,62.073714681848514,False,69.5153706073761
adeo,1,F1: Shifted and full Rotated Zakharov Function,20,9,1000000,304.49197640904754,4.491976409047538,False,71.03188800811768
adeo,1,F1: Shifted and full Rotated Zakharov Function,20,10,1000000,518.3313792261422,218.3313792261422,False,69.78509306907654
adeo,1,F1: Shifted and full Rotated Zakharov Function,20,11,1000000,312.30788544011494,12.307885440114944,False,69.6820375919342
adeo,1,F1: Shifted and full Rotated Zakharov Function,20,12,1000000,752.2088849600343,452.2088849600343,False,68.44097542762756
adeo,1,F1: Shifted and full Rotated Zakharov Function,20,13,1000000,650.2373724905863,350.23737249058627,False,68.84114933013916
adeo,1,F1: Shifted and full Rotated Zakharov Function,20,14,1000000,322.7319078297363,22.731907829736315,False,69.56983208656311
adeo,1,F1: Shifted and full Rotated Zakharov Function,20,15,1000000,336.5259378170516,36.52593781705161,False,69.10180377960205
adeo,1,F1: Shifted and full Rotated Zakharov Function,20,16,1000000,419.1061251935161,119.1061251935161,False,69.65952444076538
adeo,1,F1: Shifted and full Rotated Zakharov Function,20,17,1000000,421.7928609296903,121.79286092969028,False,71.04632878303528
adeo,1,F1: Shifted and full Rotated Zakharov Function,20,18,1000000,462.5091643632216,162.50916436322154,False,69.86680841445923
adeo,1,F1: Shifted and full Rotated Zakharov Function,20,19,1000000,480.9720967492277,180.9720967492277,False,70.10676646232605
adeo,1,F1: Shifted and full Rotated Zakharov Function,20,20,1000000,437.99647564555175,137.99647564555175,False,72.78406500816345
adeo,1,F1: Shifted and full Rotated Zakharov Function,20,21,1000000,529.1107801984967,229.11078019849677,False,72.5885591506958
adeo,1,F1: Shifted and full Rotated Zakharov Function,20,22,1000000,325.74891527361825,25.74891527361825,False,71.80455565452576
adeo,1,F1: Shifted and full Rotated Zakharov Function,20,23,1000000,482.1180323465008,182.11803234650077,False,72.17500066757202
adeo,1,F1: Shifted and full Rotated Zakharov Function,20,24,1000000,306.8395003467297,6.8395003467297215,False,73.61014866828918
adeo,1,F1: Shifted and full Rotated Zakharov Function,20,25,1000000,339.5676523345684,39.56765233456838,False,71.65314817428589
adeo,1,F1: Shifted and full Rotated Zakharov Function,20,26,1000000,326.0990352411255,26.09903524112548,False,70.12505960464478
adeo,1,F1: Shifted and full Rotated Zakharov Function,20,27,1000000,365.0820652137291,65.0820652137291,False,69.507821559906
adeo,1,F1: Shifted and full Rotated Zakharov Function,20,28,1000000,306.6095539733134,6.609553973313382,False,67.98360753059387
adeo,1,F1: Shifted and full Rotated Zakharov Function,20,29,1000000,470.8876505056668,170.88765050566678,False,70.39350032806396
adeo,1,F1: Shifted and full Rotated Zakharov Function,20,30,1000000,389.3840944898772,89.38409448987721,False,72.79620623588562
adeo,2,F2: Shifted and Rotated Rosenbrock’s Function,20,1,1000000,449.1700446308419,49.17004463084192,False,80.4324951171875
adeo,2,F2: Shifted and Rotated Rosenbrock’s Function,20,2,1000000,449.2333653396862,49.2333653396862,False,78.31862044334412
adeo,2,F2: Shifted and Rotated Rosenbrock’s Function,20,3,1000000,449.1801688280192,49.18016882801919,False,76.96345829963684
adeo,2,F2: Shifted and Rotated Rosenbrock’s Function,20,4,1000000,449.328199919815,49.328199919815006,False,76.32615780830383
adeo,2,F2: Shifted and Rotated Rosenbrock’s Function,20,5,1000000,449.2109698749695,49.21096987496952,False,68.60495805740356
adeo,2,F2: Shifted and Rotated Rosenbrock’s Function,20,6,1000000,449.2459525216128,49.24595252161282,False,64.87223601341248
adeo,2,F2: Shifted and Rotated Rosenbrock’s Function,20,7,1000000,449.1227463822563,49.12274638225631,False,59.38719844818115
adeo,2,F2: Shifted and Rotated Rosenbrock’s Function,20,8,1000000,449.389265040602,49.38926504060203,False,62.36961174011231
adeo,2,F2: Shifted and Rotated Rosenbrock’s Function,20,9,1000000,449.3583523426194,49.35835234261947,False,76.08660793304443
adeo,2,F2: Shifted and Rotated Rosenbrock’s Function,20,10,1000000,449.1439869329317,49.14398693293174,False,78.61651062965393
adeo,2,F2: Shifted and Rotated Rosenbrock’s Function,20,11,1000000,449.31064160800446,49.31064160800446,False,81.1069746017456
adeo,2,F2: Shifted and Rotated Rosenbrock’s Function,20,12,1000000,449.30943925598336,49.30943925598336,False,79.32115268707275
adeo,2,F2: Shifted and Rotated Rosenbrock’s Function,20,13,1000000,449.2568159529154,49.25681595291542,False,76.25349950790405
adeo,2,F2: Shifted and Rotated Rosenbrock’s Function,20,14,1000000,449.28972419578497,49.28972419578497,False,76.82410502433777
adeo,2,F2: Shifted and Rotated Rosenbrock’s Function,20,15,1000000,449.4291428335352,49.42914283353514,False,76.72426319122314
adeo,2,F2: Shifted and Rotated Rosenbrock’s Function,20,16,1000000,449.2789344922066,49.27893449220659,False,78.30550456047058
adeo,2,F2: Shifted and Rotated Rosenbrock’s Function,20,17,1000000,449.1921646509515,49.1921646509515,False,76.72116494178772
adeo,2,F2: Shifted and Rotated Rosenbrock’s Function,20,18,1000000,449.2234777333708,49.22347773337083,False,75.51935863494873
adeo,2,F2: Shifted and Rotated Rosenbrock’s Function,20,19,1000000,449.1607621636964,49.16076216369635,False,76.4534821510315
adeo,2,F2: Shifted and Rotated Rosenbrock’s Function,20,20,1000000,449.2386964509376,49.2386964509376,False,78.04583525657654
adeo,2,F2: Shifted and Rotated Rosenbrock’s Function,20,21,1000000,449.20009368306273,49.20009368306273,False,77.54648518562317
adeo,2,F2: Shifted and Rotated Rosenbrock’s Function,20,22,1000000,449.2346018307727,49.23460183077265,False,75.97568082809448
adeo,2,F2: Shifted and Rotated Rosenbrock’s Function,20,23,1000000,449.21333297613626,49.21333297613626,False,74.27729201316833
adeo,2,F2: Shifted and Rotated Rosenbrock’s Function,20,24,1000000,449.29449358779607,49.29449358779607,False,79.66643929481506
adeo,2,F2: Shifted and Rotated Rosenbrock’s Function,20,25,1000000,449.1659879221023,49.16598792210226,False,78.90052199363708
adeo,2,F2: Shifted and Rotated Rosenbrock’s Function,20,26,1000000,449.1018893237068,49.10188932370676,False,76.28637671470642
adeo,2,F2: Shifted and Rotated Rosenbrock’s Function,20,27,1000000,449.2759139211896,49.27591392118956,False,77.53266263008118
adeo,2,F2: Shifted and Rotated Rosenbrock’s Function,20,28,1000000,449.2273017623584,49.227301762358366,False,78.19532251358032
adeo,2,F2: Shifted and Rotated Rosenbrock’s Function,20,29,1000000,449.1773605623218,49.17736056232178,False,65.17713904380798
adeo,2,F2: Shifted and Rotated Rosenbrock’s Function,20,30,1000000,449.2036258472383,49.2036258472383,False,69.76746129989624
adeo,3,F3: Shifted and full Rotated Expanded Schaffer’s F7,20,1,1000000,600.0000000000001,1.1368683772161605e-13,True,97.9949231147766
adeo,3,F3: Shifted and full Rotated Expanded Schaffer’s F7,20,2,1000000,600.0000000000001,1.1368683772161605e-13,True,97.99745845794678
adeo,3,F3: Shifted and full Rotated Expanded Schaffer’s F7,20,3,1000000,600.0000000000002,2.273736754432321e-13,True,97.42364954948424
adeo,3,F3: Shifted and full Rotated Expanded Schaffer’s F7,20,4,1000000,600.0000000000003,3.410605131648481e-13,True,92.4824640750885
adeo,3,F3: Shifted and full Rotated Expanded Schaffer’s F7,20,5,1000000,600.0000000000001,1.1368683772161605e-13,True,94.68029189109802
adeo,3,F3: Shifted and full Rotated Expanded Schaffer’s F7,20,6,1000000,600.0000000000001,1.1368683772161605e-13,True,102.54902982711792
adeo,3,F3: Shifted and full Rotated Expanded Schaffer’s F7,20,7,1000000,600.0000000000053,5.3432813729159526e-12,True,103.34743905067444
adeo,3,F3: Shifted and full Rotated Expanded Schaffer’s F7,20,8,1000000,600.0000000000001,1.1368683772161605e-13,True,100.91616249084473
adeo,3,F3: Shifted and full Rotated Expanded Schaffer’s F7,20,9,1000000,600.0000000000001,1.1368683772161605e-13,True,101.74083280563354
adeo,3,F3: Shifted and full Rotated Expanded Schaffer’s F7,20,10,1000000,600.0000000000002,2.273736754432321e-13,True,100.62471914291382
adeo,3,F3: Shifted and full Rotated Expanded Schaffer’s F7,20,11,1000000,600.0000000000001,1.1368683772161605e-13,True,100.54728817939758
adeo,3,F3: Shifted and full Rotated Expanded Schaffer’s F7,20,12,1000000,600.0000000000001,1.1368683772161605e-13,True,102.57177138328552
adeo,3,F3: Shifted and full Rotated Expanded Schaffer’s F7,20,13,1000000,600.0000000000001,1.1368683772161605e-13,True,101.5774462223053
adeo,3,F3: Shifted and full Rotated Expanded Schaffer’s F7,20,14,1000000,600.0000000000002,2.273736754432321e-13,True,101.57003116607666
adeo,3,F3: Shifted and full Rotated Expanded Schaffer’s F7,20,15,1000000,600.0000000000006,5.684341886080801e-13,True,101.14602065086363
adeo,3,F3: Shifted and full Rotated Expanded Schaffer’s F7,20,16,1000000,600.0000000000001,1.1368683772161605e-13,True,104.4909930229187
adeo,3,F3: Shifted and full Rotated Expanded Schaffer’s F7,20,17,1000000,600.0000000000001,1.1368683772161605e-13,True,102.5745141506195
adeo,3,F3: Shifted and full Rotated Expanded Schaffer’s F7,20,18,1000000,600.0000000000001,1.1368683772161605e-13,True,102.00170826911926
adeo,3,F3: Shifted and full Rotated Expanded Schaffer’s F7,20,19,1000000,600.0000000000001,1.1368683772161605e-13,True,101.9260551929474
adeo,3,F3: Shifted and full Rotated Expanded Schaffer’s F7,20,20,1000000,600.0000000000001,1.1368683772161605e-13,True,100.83899807929993
adeo,3,F3: Shifted and full Rotated Expanded Schaffer’s F7,20,21,1000000,600.0000000000001,1.1368683772161605e-13,True,99.49906730651855
adeo,3,F3: Shifted and full Rotated Expanded Schaffer’s F7,20,22,1000000,600.0000000000008,7.958078640513122e-13,True,75.0502188205719
adeo,3,F3: Shifted and full Rotated Expanded Schaffer’s F7,20,23,1000000,600.0000000000001,1.1368683772161605e-13,True,94.58601760864258
adeo,3,F3: Shifted and full Rotated Expanded Schaffer’s F7,20,24,1000000,600.0000000000001,1.1368683772161605e-13,True,101.96522068977356
adeo,3,F3: Shifted and full Rotated Expanded Schaffer’s F7,20,25,1000000,600.0000000000017,1.7053025658242404e-12,True,99.35316705703735
adeo,3,F3: Shifted and full Rotated Expanded Schaffer’s F7,20,26,1000000,600.0000000000003,3.410605131648481e-13,True,101.09625673294067
adeo,3,F3: Shifted and full Rotated Expanded Schaffer’s F7,20,27,1000000,600.0000000000001,1.1368683772161605e-13,True,97.80966806411745
adeo,3,F3: Shifted and full Rotated Expanded Schaffer’s F7,20,28,1000000,600.0000000000001,1.1368683772161605e-13,True,98.99759078025818
adeo,3,F3: Shifted and full Rotated Expanded Schaffer’s F7,20,29,1000000,600.0000000000001,1.1368683772161605e-13,True,96.04265117645264
adeo,3,F3: Shifted and full Rotated Expanded Schaffer’s F7,20,30,1000000,600.0000000000001,1.1368683772161605e-13,True,98.796368598938
adeo,4,F4: Shifted and Rotated Non-Continuous Rastrigin’s Function,20,1,1000000,849.4882419211734,49.48824192117343,False,130.71419978141785
adeo,4,F4: Shifted and Rotated Non-Continuous Rastrigin’s Function,20,2,1000000,854.5116999243165,54.51169992431653,False,127.78573751449584
adeo,4,F4: Shifted and Rotated Non-Continuous Rastrigin’s Function,20,3,1000000,841.4265639657112,41.42656396571124,False,128.0304172039032
adeo,4,F4: Shifted and Rotated Non-Continuous Rastrigin’s Function,20,4,1000000,858.746571883422,58.74657188342201,False,125.57397818565369
adeo,4,F4: Shifted and Rotated Non-Continuous Rastrigin’s Function,20,5,1000000,858.2500985704661,58.25009857046609,False,125.17471861839294
adeo,4,F4: Shifted and Rotated Non-Continuous Rastrigin’s Function,20,6,1000000,854.2628780029362,54.26287800293619,False,125.93389701843262
adeo,4,F4: Shifted and Rotated Non-Continuous Rastrigin’s Function,20,7,1000000,852.0186935466107,52.018693546610734,False,124.85885214805604
adeo,4,F4: Shifted and Rotated Non-Continuous Rastrigin’s Function,20,8,1000000,850.0461103271202,50.04611032712023,False,124.7798788547516
adeo,4,F4: Shifted and Rotated Non-Continuous Rastrigin’s Function,20,9,1000000,834.5926947472824,34.592694747282394,False,127.41223096847534
adeo,4,F4: Shifted and Rotated Non-Continuous Rastrigin’s Function,20,10,1000000,862.8867189248037,62.88671892480375,False,98.05044531822205
adeo,4,F4: Shifted and Rotated Non-Continuous Rastrigin’s Function,20,11,1000000,860.3810525973544,60.38105259735437,False,99.21040654182434
adeo,4,F4: Shifted and Rotated Non-Continuous Rastrigin’s Function,20,12,1000000,854.9609639473907,54.96096394739072,False,126.99364161491394
adeo,4,F4: Shifted and Rotated Non-Continuous Rastrigin’s Function,20,13,1000000,850.1562900204151,50.1562900204151,False,123.35152626037598
adeo,4,F4: Shifted and Rotated Non-Continuous Rastrigin’s Function,20,14,1000000,858.7053499145095,58.7053499145095,False,122.76168942451476
adeo,4,F4: Shifted and Rotated Non-Continuous Rastrigin’s Function,20,15,1000000,842.4699888878982,42.46998888789824,False,121.93698143959044
adeo,4,F4: Shifted and Rotated Non-Continuous Rastrigin’s Function,20,16,1000000,866.1287848703058,66.12878487030582,False,122.00505113601685
adeo,4,F4: Shifted and Rotated Non-Continuous Rastrigin’s Function,20,17,1000000,854.7284170986711,54.72841709867112,False,120.82537293434144
adeo,4,F4: Shifted and Rotated Non-Continuous Rastrigin’s Function,20,18,1000000,862.6659484773179,62.6659484773179,False,122.79694437980652
adeo,4,F4: Shifted and Rotated Non-Continuous Rastrigin’s Function,20,19,1000000,862.8738933182818,62.87389331828183,False,121.82821083068848
adeo,4,F4: Shifted and Rotated Non-Continuous Rastrigin’s Function,20,20,1000000,858.0167462977843,58.016746297784266,False,120.62582087516785
adeo,4,F4: Shifted and Rotated Non-Continuous Rastrigin’s Function,20,21,1000000,860.3731825593986,60.37318255939863,False,122.74759554862976
adeo,4,F4: Shifted and Rotated Non-Continuous Rastrigin’s Function,20,22,1000000,839.2470020881732,39.24700208817319,False,120.87009143829346
adeo,4,F4: Shifted and Rotated Non-Continuous Rastrigin’s Function,20,23,1000000,854.9129338946777,54.912933894677735,False,121.85298347473145
adeo,4,F4: Shifted and Rotated Non-Continuous Rastrigin’s Function,20,24,1000000,864.1882094387618,64.18820943876176,False,121.6853048801422
adeo,4,F4: Shifted and Rotated Non-Continuous Rastrigin’s Function,20,25,1000000,848.2828821866105,48.28288218661055,False,123.05262160301208
adeo,4,F4: Shifted and Rotated Non-Continuous Rastrigin’s Function,20,26,1000000,862.6153450963697,62.61534509636965,False,121.3333649635315
adeo,4,F4: Shifted and Rotated Non-Continuous Rastrigin’s Function,20,27,1000000,861.7519994831908,61.75199948319084,False,122.33680367469788
adeo,4,F4: Shifted and Rotated Non-Continuous Rastrigin’s Function,20,28,1000000,866.4876669926641,66.48766699266412,False,120.69464206695557
adeo,4,F4: Shifted and Rotated Non-Continuous Rastrigin’s Function,20,29,1000000,850.2623872849477,50.26238728494775,False,122.962171792984
adeo,4,F4: Shifted and Rotated Non-Continuous Rastrigin’s Function,20,30,1000000,860.935954423786,60.93595442378603,False,120.69503355026244
adeo,5,F5: Shifted and Rotated Levy Function,20,1,1000000,900.0000113023458,1.1302345797048474e-05,False,85.73999905586243
adeo,5,F5: Shifted and Rotated Levy Function,20,2,1000000,900.0000024470844,2.4470843982271617e-06,False,84.84964847564697
adeo,5,F5: Shifted and Rotated Levy Function,20,3,1000000,900.0000106247663,1.062476633251208e-05,False,86.29790830612183
adeo,5,F5: Shifted and Rotated Levy Function,20,4,1000000,900.0000006485121,6.48512127554568e-07,False,81.40613770484924
adeo,5,F5: Shifted and Rotated Levy Function,20,5,1000000,900.000115831984,0.000115831983976,False,87.94982242584229
adeo,5,F5: Shifted and Rotated Levy Function,20,6,1000000,900.0000010059583,1.0059583246402326e-06,False,89.12540102005005
adeo,5,F5: Shifted and Rotated Levy Function,20,7,1000000,900.0003613157264,0.0003613157264226,False,87.7850091457367
adeo,5,F5: Shifted and Rotated Levy Function,20,8,1000000,900.0000016755588,1.6755587921579718e-06,False,88.60576319694519
adeo,5,F5: Shifted and Rotated Levy Function,20,9,1000000,900.0000001391478,1.39147800837236e-07,False,84.978595495224
adeo,5,F5: Shifted and Rotated Levy Function,20,10,1000000,900.0000660883139,6.608831392895809e-05,False,86.67684864997864
adeo,5,F5: Shifted and Rotated Levy Function,20,11,1000000,900.0000135736482,1.3573648175224662e-05,False,85.15053081512451
adeo,5,F5: Shifted and Rotated Levy Function,20,12,1000000,900.0000059470137,5.947013733020867e-06,False,88.19458198547363
adeo,5,F5: Shifted and Rotated Levy Function,20,13,1000000,900.0002956606531,0.000295660653137,False,84.96921730041504
adeo,5,F5: Shifted and Rotated Levy Function,20,14,1000000,900.0000139174915,1.391749151480326e-05,False,85.58056616783142
adeo,5,F5: Shifted and Rotated Levy Function,20,15,1000000,900.0000030904843,3.090484256063064e-06,False,85.37657642364502
adeo,5,F5: Shifted and Rotated Levy Function,20,16,1000000,900.0000013330759,1.3330759429663883e-06,False,86.05450415611267
adeo,5,F5: Shifted and Rotated Levy Function,20,17,1000000,900.0000507781994,5.0778199351952935e-05,False,84.72930717468262
adeo,5,F5: Shifted and Rotated Levy Function,20,18,1000000,900.0004095226711,0.0004095226711342,False,85.48723793029785
adeo,5,F5: Shifted and Rotated Levy Function,20,19,1000000,900.0000000690986,6.909863259352278e-08,False,84.8921868801117
adeo,5,F5: Shifted and Rotated Levy Function,20,20,1000000,900.0000012701237,1.2701236755674472e-06,False,86.16507339477539
adeo,5,F5: Shifted and Rotated Levy Function,20,21,1000000,900.0000017766488,1.7766487871995196e-06,False,86.90299439430237
adeo,5,F5: Shifted and Rotated Levy Function,20,22,1000000,900.0000016936756,1.6936755855567751e-06,False,88.58833169937134
adeo,5,F5: Shifted and Rotated Levy Function,20,23,1000000,900.0000025107071,2.5107070769081474e-06,False,85.9592080116272
adeo,5,F5: Shifted and Rotated Levy Function,20,24,1000000,900.005073179515,0.0050731795149658,False,89.58662152290344
adeo,5,F5: Shifted and Rotated Levy Function,20,25,1000000,900.000040451148,4.045114803830074e-05,False,88.75145316123962
adeo,5,F5: Shifted and Rotated Levy Function,20,26,1000000,900.000000266928,2.669280547706876e-07,False,87.8172459602356
adeo,5,F5: Shifted and Rotated Levy Function,20,27,1000000,900.0000180748211,1.8074821127811447e-05,False,83.67118883132935
adeo,5,F5: Shifted and Rotated Levy Function,20,28,1000000,900.0000477770368,4.7777036797924666e-05,False,83.40113544464111
adeo,5,F5: Shifted and Rotated Levy Function,20,29,1000000,900.0000458007268,4.580072675253177e-05,False,83.80841135978699
adeo,5,F5: Shifted and Rotated Levy Function,20,30,1000000,900.0000493320277,4.933202774282108e-05,False,85.76444673538208
adeo,6,F6: Hybrid Function 1,20,1,1000000,197490.8764522115,195690.8764522115,False,92.44935178756714
adeo,6,F6: Hybrid Function 1,20,2,1000000,359265.61977128376,357465.61977128376,False,91.016135931015
adeo,6,F6: Hybrid Function 1,20,3,1000000,213265.64165145732,211465.64165145732,False,91.98449492454527
adeo,6,F6: Hybrid Function 1,20,4,1000000,140271.6473131971,138471.6473131971,False,90.73777055740356
adeo,6,F6: Hybrid Function 1,20,5,1000000,214612.47583650847,212812.47583650847,False,92.76120281219482
adeo,6,F6: Hybrid Function 1,20,6,1000000,280902.8527785893,279102.8527785893,False,92.29154372215272
adeo,6,F6: Hybrid Function 1,20,7,1000000,119596.48532045406,117796.48532045406,False,91.43120050430298
adeo,6,F6: Hybrid Function 1,20,8,1000000,230701.8671788056,228901.8671788056,False,89.66832327842712
adeo,6,F6: Hybrid Function 1,20,9,1000000,124075.74664798984,122275.74664798984,False,90.95525193214417
adeo,6,F6: Hybrid Function 1,20,10,1000000,248281.2178160549,246481.2178160549,False,90.951251745224
adeo,6,F6: Hybrid Function 1,20,11,1000000,191048.63394136957,189248.63394136957,False,92.93856549263
adeo,6,F6: Hybrid Function 1,20,12,1000000,84624.36581756058,82824.36581756058,False,91.84917712211607
adeo,6,F6: Hybrid Function 1,20,13,1000000,232009.86789404016,230209.86789404016,False,89.02838063240051
adeo,6,F6: Hybrid Function 1,20,14,1000000,165156.6750889978,163356.6750889978,False,89.39362978935242
adeo,6,F6: Hybrid Function 1,20,15,1000000,232569.1276359121,230769.1276359121,False,92.35020923614502
adeo,6,F6: Hybrid Function 1,20,16,1000000,133513.56973890553,131713.56973890553,False,88.31571912765503
adeo,6,F6: Hybrid Function 1,20,17,1000000,230066.18212453276,228266.18212453276,False,92.48470211029051
adeo,6,F6: Hybrid Function 1,20,18,1000000,97482.89095804104,95682.89095804104,False,89.70094919204712
adeo,6,F6: Hybrid Function 1,20,19,1000000,402274.6895126527,400474.6895126527,False,90.43203473091124
adeo,6,F6: Hybrid Function 1,20,20,1000000,288315.81935039506,286515.81935039506,False,90.61361336708067
adeo,6,F6: Hybrid Function 1,20,21,1000000,275460.45065222407,273660.45065222407,False,90.067143201828
adeo,6,F6: Hybrid Function 1,20,22,1000000,341328.3299139562,339528.3299139562,False,90.19233870506288
adeo,6,F6: Hybrid Function 1,20,23,1000000,138151.97792146564,136351.97792146564,False,89.78279209136963
adeo,6,F6: Hybrid Function 1,20,24,1000000,249781.5505572809,247981.5505572809,False,90.54065704345705
adeo,6,F6: Hybrid Function 1,20,25,1000000,309054.39712679497,307254.39712679497,False,90.27182579040527
adeo,6,F6: Hybrid Function 1,20,26,1000000,138636.70988362245,136836.70988362245,False,90.10164165496826
adeo,6,F6: Hybrid Function 1,20,27,1000000,259685.04620744963,257885.04620744963,False,90.52517366409302
adeo,6,F6: Hybrid Function 1,20,28,1000000,217353.686499118,215553.686499118,False,88.754962682724
adeo,6,F6: Hybrid Function 1,20,29,1000000,283726.2100807,281926.2100807,False,91.06549263000488
adeo,6,F6: Hybrid Function 1,20,30,1000000,198040.03854389253,196240.03854389253,False,94.80276298522948
adeo,7,F7: Hybrid Function 2,20,1,1000000,2031.4787392979017,31.47873929790171,False,797.9818501472473
adeo,7,F7: Hybrid Function 2,20,2,1000000,2028.534260883153,28.534260883153134,False,794.6848747730255
adeo,7,F7: Hybrid Function 2,20,3,1000000,2028.8703528787023,28.870352878702533,False,796.8721714019775
adeo,7,F7: Hybrid Function 2,20,4,1000000,2032.7473679793295,32.74736797932974,False,799.3059895038605
adeo,7,F7: Hybrid Function 2,20,5,1000000,2033.4637465767617,33.46374657676165,False,800.9629337787628
adeo,7,F7: Hybrid Function 2,20,6,1000000,2036.0859877482735,36.08598774827374,False,793.8735339641571
adeo,7,F7: Hybrid Function 2,20,7,1000000,2028.756356335725,28.75635633572506,False,803.8108384609222
adeo,7,F7: Hybrid Function 2,20,8,1000000,2033.1367667455852,33.13676674558542,False,801.9601488113403
adeo,7,F7: Hybrid Function 2,20,9,1000000,2031.835113568968,31.8351135689677,False,802.3329737186432
adeo,7,F7: Hybrid Function 2,20,10,1000000,2036.207600508974,36.20760050897411,False,813.5880393981934
adeo,7,F7: Hybrid Function 2,20,11,1000000,2031.4497261005888,31.449726100588805,False,810.0373463630676
adeo,7,F7: Hybrid Function 2,20,12,1000000,2032.6871404179292,32.68714041792941,False,806.2076013088226
adeo,7,F7: Hybrid Function 2,20,13,1000000,2032.394781574017,32.39478157401732,False,804.182297706604
adeo,7,F7: Hybrid Function 2,20,14,1000000,2031.4566699044788,31.45666990447876,False,795.4961593151093
adeo,7,F7: Hybrid Function 2,20,15,1000000,2030.6326769498496,30.63267694984984,False,799.1765010356903
adeo,7,F7: Hybrid Function 2,20,16,1000000,2028.2378763013617,28.237876301361663,False,791.7055702209473
adeo,7,F7: Hybrid Function 2,20,17,1000000,2039.12756270131,39.127562701310126,False,800.3427958488464
adeo,7,F7: Hybrid Function 2,20,18,1000000,2029.6712969761445,29.67129697614428,False,797.7774820327759
adeo,7,F7: Hybrid Function 2,20,19,1000000,2027.6348202738388,27.63482027383884,False,797.9843149185181
adeo,7,F7: Hybrid Function 2,20,20,1000000,2030.2430668177876,30.243066817787398,False,801.5071885585785
adeo,7,F7: Hybrid Function 2,20,21,1000000,2026.32168380866,26.321683808659827,False,797.690343618393
adeo,7,F7: Hybrid Function 2,20,22,1000000,2029.49330785453,29.49330785453003,False,799.9396500587463
adeo,7,F7: Hybrid Function 2,20,23,1000000,2033.919338668028,33.91933866802788,False,795.222359418869
adeo,7,F7: Hybrid Function 2,20,24,1000000,2027.5905427360767,27.590542736076717,False,790.8581299781799
adeo,7,F7: Hybrid Function 2,20,25,1000000,2026.2167977374909,26.21679773749088,False,796.3331489562988
adeo,7,F7: Hybrid Function 2,20,26,1000000,2030.388569108709,30.38856910870868,False,796.432222366333
adeo,7,F7: Hybrid Function 2,20,27,1000000,2030.536640826744,30.53664082674368,False,794.3209030628204
adeo,7,F7: Hybrid Function 2,20,28,1000000,2026.158506415681,26.15850641568113,False,796.7129149436951
adeo,7,F7: Hybrid Function 2,20,29,1000000,2031.01977208893,31.01977208893004,False,798.3047747612
adeo,7,F7: Hybrid Function 2,20,30,1000000,2028.508736904676,28.50873690467597,False,794.8387660980225
adeo,8,F8: Hybrid Function 3,20,1,1000000,2947.177255684883,747.1772556848832,False,1102.2101502418518
adeo,8,F8: Hybrid Function 3,20,2,1000000,2403.9830896228723,203.98308962287228,False,1102.0907921791077
adeo,8,F8: Hybrid Function 3,20,3,1000000,2525.409290748494,325.40929074849464,False,1101.930630683899
adeo,8,F8: Hybrid Function 3,20,4,1000000,2603.316217021648,403.31621702164784,False,1102.5744321346283
adeo,8,F8: Hybrid Function 3,20,5,1000000,3033.400929192386,833.4009291923858,False,1106.6575257778168
adeo,8,F8: Hybrid Function 3,20,6,1000000,2472.520382789121,272.52038278912096,False,1107.599259853363
adeo,8,F8: Hybrid Function 3,20,7,1000000,2371.6784876923275,171.6784876923275,False,1103.7114579677582
adeo,8,F8: Hybrid Function 3,20,8,1000000,2411.4596184762327,211.45961847623263,False,1099.9316999912262
adeo,8,F8: Hybrid Function 3,20,9,1000000,2477.980046979949,277.98004697994884,False,1106.7671003341677
adeo,8,F8: Hybrid Function 3,20,10,1000000,2627.5265652197454,427.5265652197454,False,1099.1340193748474
adeo,8,F8: Hybrid Function 3,20,11,1000000,2686.1836264894364,486.1836264894364,False,1101.6720473766327
adeo,8,F8: Hybrid Function 3,20,12,1000000,2845.126317301426,645.1263173014258,False,1094.7343447208405
adeo,8,F8: Hybrid Function 3,20,13,1000000,2656.075257839204,456.0752578392039,False,1102.8229377269745
adeo,8,F8: Hybrid Function 3,20,14,1000000,2649.71319849753,449.7131984975299,False,1100.7601330280304
adeo,8,F8: Hybrid Function 3,20,15,1000000,2627.967162705744,427.9671627057437,False,1101.2088849544523
adeo,8,F8: Hybrid Function 3,20,16,1000000,2701.6424654145194,501.6424654145194,False,1101.947348356247
adeo,8,F8: Hybrid Function 3,20,17,1000000,2479.4196365159246,279.4196365159246,False,1102.5112285614014
adeo,8,F8: Hybrid Function 3,20,18,1000000,3051.232020399116,851.2320203991158,False,1103.3266594409945
adeo,8,F8: Hybrid Function 3,20,19,1000000,2669.8929796155503,469.8929796155503,False,1098.075591802597
adeo,8,F8: Hybrid Function 3,20,20,1000000,2856.376589604239,656.3765896042391,False,1097.4632635116575
adeo,8,F8: Hybrid Function 3,20,21,1000000,2558.0197855858,358.0197855857996,False,1102.5458025932312
adeo,8,F8: Hybrid Function 3,20,22,1000000,2672.5385393106167,472.5385393106167,False,1095.4215714931488
adeo,8,F8: Hybrid Function 3,20,23,1000000,2571.454736478174,371.4547364781738,False,1102.5432906150818
adeo,8,F8: Hybrid Function 3,20,24,1000000,2375.485913092695,175.48591309269477,False,1101.0276291370392
adeo,8,F8: Hybrid Function 3,20,25,1000000,2893.879611088214,693.879611088214,False,1108.587467432022
adeo,8,F8: Hybrid Function 3,20,26,1000000,2832.066370296875,632.066370296875,False,1101.857491493225
adeo,8,F8: Hybrid Function 3,20,27,1000000,2457.7300820021724,257.7300820021724,False,1101.0339539051056
adeo,8,F8: Hybrid Function 3,20,28,1000000,2541.4426183264645,341.4426183264645,False,1047.3106768131256
adeo,8,F8: Hybrid Function 3,20,29,1000000,2432.1763236896445,232.1763236896445,False,910.6239199638368
adeo,8,F8: Hybrid Function 3,20,30,1000000,2373.6083946662,173.60839466619973,False,812.9296140670776
adeo,9,F9: Composition Function 1,20,1,1000000,2638.139559411311,338.139559411311,False,141.41845512390137
adeo,9,F9: Composition Function 1,20,2,1000000,2637.264715686108,337.2647156861076,False,132.95994424819946
adeo,9,F9: Composition Function 1,20,3,1000000,2636.6725185314226,336.6725185314226,False,136.75336003303528
adeo,9,F9: Composition Function 1,20,4,1000000,2636.318836677921,336.3188366779209,False,135.09787845611572
adeo,9,F9: Composition Function 1,20,5,1000000,2636.743641474025,336.743641474025,False,142.09303212165833
adeo,9,F9: Composition Function 1,20,6,1000000,2642.8368719709188,342.8368719709188,False,130.1047956943512
adeo,9,F9: Composition Function 1,20,7,1000000,2640.3812773624168,340.3812773624168,False,130.187424659729
adeo,9,F9: Composition Function 1,20,8,1000000,2640.055359235587,340.0553592355868,False,130.32063174247742
adeo,9,F9: Composition Function 1,20,9,1000000,2638.274963899773,338.27496389977296,False,144.8168785572052
adeo,9,F9: Composition Function 1,20,10,1000000,2637.257229615089,337.2572296150888,False,132.39657545089722
adeo,9,F9: Composition Function 1,20,11,1000000,2637.7896988148423,337.78969881484227,False,131.01819825172424
adeo,9,F9: Composition Function 1,20,12,1000000,2637.2062992166766,337.2062992166766,False,125.20139646530151
adeo,9,F9: Composition Function 1,20,13,1000000,2639.491756022112,339.491756022112,False,131.98221063613892
adeo,9,F9: Composition Function 1,20,14,1000000,2637.433367759804,337.43336775980424,False,134.757910490036
adeo,9,F9: Composition Function 1,20,15,1000000,2638.183800057906,338.183800057906,False,138.75255608558655
adeo,9,F9: Composition Function 1,20,16,1000000,2639.4917199379497,339.4917199379497,False,144.60762238502502
adeo,9,F9: Composition Function 1,20,17,1000000,2640.9506574718557,340.95065747185527,False,165.55606532096863
adeo,9,F9: Composition Function 1,20,18,1000000,2637.9083556750984,337.9083556750984,False,169.16573548316956
adeo,9,F9: Composition Function 1,20,19,1000000,2639.462441093223,339.4624410932229,False,138.2838625907898
adeo,9,F9: Composition Function 1,20,20,1000000,2638.2244655664977,338.22446556649766,False,141.60675072669983
adeo,9,F9: Composition Function 1,20,21,1000000,2639.514876255768,339.51487625576783,False,178.8283176422119
adeo,9,F9: Composition Function 1,20,22,1000000,2639.9344613907056,339.9344613907056,False,173.0714647769928
adeo,9,F9: Composition Function 1,20,23,1000000,2637.164757971152,337.1647579711521,False,173.430513381958
adeo,9,F9: Composition Function 1,20,24,1000000,2640.136847258835,340.13684725883513,False,173.05587530136108
adeo,9,F9: Composition Function 1,20,25,1000000,2639.057549488127,339.0575494881268,False,172.34688997268677
adeo,9,F9: Composition Function 1,20,26,1000000,2637.626168575852,337.6261685758518,False,179.3875789642334
adeo,9,F9: Composition Function 1,20,27,1000000,2638.259424176913,338.25942417691294,False,190.756532907486
adeo,9,F9: Composition Function 1,20,28,1000000,2637.167922633045,337.16792263304524,False,192.9105257987976
adeo,9,F9: Composition Function 1,20,29,1000000,2640.1622311421306,340.1622311421306,False,190.460999250412
adeo,9,F9: Composition Function 1,20,30,1000000,2637.7049505896093,337.7049505896093,False,190.54963564872745
adeo,10,F10: Composition Function 2,20,1,1000000,2808.399242161059,408.3992421610592,False,198.55691981315613
adeo,10,F10: Composition Function 2,20,2,1000000,2813.228894433061,413.2288944330612,False,199.2707889080048
adeo,10,F10: Composition Function 2,20,3,1000000,2797.646719274291,397.6467192742912,False,191.85195326805115
adeo,10,F10: Composition Function 2,20,4,1000000,2803.395710301793,403.39571030179286,False,197.15100002288816
adeo,10,F10: Composition Function 2,20,5,1000000,2808.2720636844974,408.2720636844974,False,195.92923069000244
adeo,10,F10: Composition Function 2,20,6,1000000,2816.887119296288,416.8871192962879,False,187.41247367858887
adeo,10,F10: Composition Function 2,20,7,1000000,2803.555206654838,403.555206654838,False,188.21668434143064
adeo,10,F10: Composition Function 2,20,8,1000000,2804.0595513529106,404.0595513529106,False,198.86461782455444
adeo,10,F10: Composition Function 2,20,9,1000000,2796.253173881608,396.25317388160784,False,193.66883444786072
adeo,10,F10: Composition Function 2,20,10,1000000,2989.476604047114,589.476604047114,False,192.90424036979675
adeo,10,F10: Composition Function 2,20,11,1000000,2798.066628514793,398.06662851479314,False,132.55426788330078
adeo,10,F10: Composition Function 2,20,12,1000000,2795.651207602136,395.6512076021359,False,141.83919191360474
adeo,10,F10: Composition Function 2,20,13,1000000,2797.100637697576,397.1006376975756,False,193.3748588562012
adeo,10,F10: Composition Function 2,20,14,1000000,2802.058683920032,402.0586839200319,False,192.3174493312836
adeo,10,F10: Composition Function 2,20,15,1000000,2801.696024310072,401.69602431007206,False,160.0003719329834
adeo,10,F10: Composition Function 2,20,16,1000000,2803.6499891525878,403.6499891525873,False,141.53838920593262
adeo,10,F10: Composition Function 2,20,17,1000000,2802.054495447367,402.0544954473671,False,148.61477947235107
adeo,10,F10: Composition Function 2,20,18,1000000,2798.665030306817,398.6650303068168,False,189.08188915252688
adeo,10,F10: Composition Function 2,20,19,1000000,2810.658691226748,410.6586912267476,False,171.1732156276703
adeo,10,F10: Composition Function 2,20,20,1000000,2809.5735931423847,409.5735931423847,False,149.6592094898224
adeo,10,F10: Composition Function 2,20,21,1000000,2799.2736040266386,399.2736040266386,False,167.6364388465881
adeo,10,F10: Composition Function 2,20,22,1000000,2804.071491649318,404.071491649318,False,186.8139111995697
adeo,10,F10: Composition Function 2,20,23,1000000,2805.7574690010106,405.7574690010106,False,198.369615316391
adeo,10,F10: Composition Function 2,20,24,1000000,2813.70827546212,413.7082754621201,False,199.3520908355713
adeo,10,F10: Composition Function 2,20,25,1000000,2806.2685680107725,406.26856801077247,False,165.89281129837036
adeo,10,F10: Composition Function 2,20,26,1000000,2800.431342920649,400.4313429206495,False,160.673752784729
adeo,10,F10: Composition Function 2,20,27,1000000,2807.8562963414,407.8562963413997,False,149.30529260635376
adeo,10,F10: Composition Function 2,20,28,1000000,2803.539517224348,403.539517224348,False,142.2331132888794
adeo,10,F10: Composition Function 2,20,29,1000000,2797.0973087698526,397.0973087698526,False,139.51613354682922
adeo,10,F10: Composition Function 2,20,30,1000000,2808.3647682708684,408.3647682708684,False,139.05088806152344
adeo,11,F11: Composition Function 3,20,1,1000000,2628.457513872844,28.45751387284417,False,237.4699935913086
adeo,11,F11: Composition Function 3,20,2,1000000,2608.7021892483613,8.702189248361265,False,231.8625557422638
adeo,11,F11: Composition Function 3,20,3,1000000,2627.4773505684843,27.47735056848433,False,251.34619069099423
adeo,11,F11: Composition Function 3,20,4,1000000,2628.356122257584,28.356122257584047,False,214.84154796600345
adeo,11,F11: Composition Function 3,20,5,1000000,2629.2396887686787,29.23968876867866,False,259.06660556793213
adeo,11,F11: Composition Function 3,20,6,1000000,2608.0523152454084,8.052315245408408,False,211.52184009552
adeo,11,F11: Composition Function 3,20,7,1000000,2606.669358072535,6.669358072535033,False,223.1989438533783
adeo,11,F11: Composition Function 3,20,8,1000000,3749.578981115888,1149.5789811158877,False,231.4698405265808
adeo,11,F11: Composition Function 3,20,9,1000000,2623.3896657914256,23.38966579142561,False,254.98271298408508
adeo,11,F11: Composition Function 3,20,10,1000000,2603.162387987709,3.1623879877088257,False,247.0493755340576
adeo,11,F11: Composition Function 3,20,11,1000000,2606.0971380578217,6.097138057821667,False,253.66233038902283
adeo,11,F11: Composition Function 3,20,12,1000000,2606.5262331063573,6.526233106357267,False,253.60741591453552
adeo,11,F11: Composition Function 3,20,13,1000000,2644.614464675169,44.61446467516953,False,255.02676630020144
adeo,11,F11: Composition Function 3,20,14,1000000,2600.000000000004,4.092726157978177e-12,True,248.89103865623477
adeo,11,F11: Composition Function 3,20,15,1000000,2609.6145279901707,9.6145279901707,False,257.58164405822754
adeo,11,F11: Composition Function 3,20,16,1000000,2605.024230244971,5.024230244971022,False,255.3363196849823
adeo,11,F11: Composition Function 3,20,17,1000000,2609.017102052681,9.017102052680912,False,255.62156581878665
adeo,11,F11: Composition Function 3,20,18,1000000,2600.1371250598186,0.1371250598185724,False,247.87183904647827
adeo,11,F11: Composition Function 3,20,19,1000000,2619.8765086536832,19.87650865368323,False,257.0079872608185
adeo,11,F11: Composition Function 3,20,20,1000000,2633.6557764390413,33.65577643904135,False,250.80925178527832
adeo,11,F11: Composition Function 3,20,21,1000000,2600.3688796618985,0.3688796618985179,False,248.1679623126984
adeo,11,F11: Composition Function 3,20,22,1000000,3848.0465027361006,1248.0465027361006,False,256.7483220100403
adeo,11,F11: Composition Function 3,20,23,1000000,2971.8485296891563,371.8485296891563,False,255.33211302757263
adeo,11,F11: Composition Function 3,20,24,1000000,2606.728492089061,6.728492089061092,False,255.6052825450897
adeo,11,F11: Composition Function 3,20,25,1000000,2635.4088933286034,35.408893328603426,False,255.45895409584045
adeo,11,F11: Composition Function 3,20,26,1000000,2815.7690660532644,215.7690660532644,False,258.4832787513733
adeo,11,F11: Composition Function 3,20,27,1000000,2986.8651057938323,386.8651057938323,False,254.9275734424591
adeo,11,F11: Composition Function 3,20,28,1000000,2620.5237082167287,20.523708216728664,False,254.857705116272
adeo,11,F11: Composition Function 3,20,29,1000000,2657.1905872170573,57.19058721705733,False,254.9386646747589
adeo,11,F11: Composition Function 3,20,30,1000000,2609.842208733499,9.842208733498865,False,252.11604142189023
adeo,12,F12: Composition Function 4,20,1,1000000,2938.778482954813,238.7784829548132,False,267.22799730300903
adeo,12,F12: Composition Function 4,20,2,1000000,2939.635994932035,239.6359949320349,False,263.8631398677826
adeo,12,F12: Composition Function 4,20,3,1000000,2938.301062083093,238.3010620830928,False,249.5015385150909
adeo,12,F12: Composition Function 4,20,4,1000000,2938.315450535953,238.31545053595252,False,258.93300914764404
adeo,12,F12: Composition Function 4,20,5,1000000,2938.287541387964,238.28754138796376,False,258.1755244731903
adeo,12,F12: Composition Function 4,20,6,1000000,2939.1030695814416,239.1030695814416,False,256.82172536849976
adeo,12,F12: Composition Function 4,20,7,1000000,2938.289222407488,238.2892224074876,False,253.0676908493042
adeo,12,F12: Composition Function 4,20,8,1000000,2939.1579383996864,239.1579383996864,False,253.8294506072998
adeo,12,F12: Composition Function 4,20,9,1000000,2938.2850345663646,238.28503456636463,False,248.9458248615265
adeo,12,F12: Composition Function 4,20,10,1000000,2938.290701195584,238.29070119558355,False,253.8212432861328
adeo,12,F12: Composition Function 4,20,11,1000000,2948.6449944280166,248.64499442801664,False,252.4263708591461
adeo,12,F12: Composition Function 4,20,12,1000000,2938.2928618953424,238.2928618953424,False,253.80943393707275
adeo,12,F12: Composition Function 4,20,13,1000000,2939.3553762863835,239.3553762863835,False,255.22397327423096
adeo,12,F12: Composition Function 4,20,14,1000000,2941.160379265706,241.16037926570607,False,258.2879638671875
adeo,12,F12: Composition Function 4,20,15,1000000,2938.620175421544,238.620175421544,False,259.3461046218872
adeo,12,F12: Composition Function 4,20,16,1000000,2938.2878598214065,238.28785982140653,False,253.1632244586945
adeo,12,F12: Composition Function 4,20,17,1000000,2938.308291096265,238.30829109626484,False,256.014121055603
adeo,12,F12: Composition Function 4,20,18,1000000,2938.2900507899803,238.29005078998037,False,250.4721839427948
adeo,12,F12: Composition Function 4,20,19,1000000,2938.285034265273,238.28503426527325,False,261.1758599281311
adeo,12,F12: Composition Function 4,20,20,1000000,2939.3362849736736,239.33628497367363,False,254.4371612071991
adeo,12,F12: Composition Function 4,20,21,1000000,2938.3082756356766,238.30827563567664,False,254.8108434677124
adeo,12,F12: Composition Function 4,20,22,1000000,2938.416185264909,238.41618526490905,False,256.8303608894348
adeo,12,F12: Composition Function 4,20,23,1000000,2938.381613102561,238.38161310256143,False,256.8325049877167
adeo,12,F12: Composition Function 4,20,24,1000000,2938.460797625325,238.46079762532557,False,256.1267395019531
adeo,12,F12: Composition Function 4,20,25,1000000,2938.4250245520407,238.42502455204067,False,236.22101497650144
adeo,12,F12: Composition Function 4,20,26,1000000,2942.0092437424887,242.0092437424887,False,239.04705286026
adeo,12,F12: Composition Function 4,20,27,1000000,2938.273747551741,238.2737475517415,False,216.99026036262512
adeo,12,F12: Composition Function 4,20,28,1000000,2939.2578905897385,239.2578905897385,False,181.89046454429624
adeo,12,F12: Composition Function 4,20,29,1000000,2941.650095856787,241.6500958567872,False,217.25199913978577
adeo,12,F12: Composition Function 4,20,30,1000000,2938.2855635313363,238.2855635313363,False,225.87812995910645
de_crossover,1,F1: Shifted and full Rotated Zakharov Function,10,1,200000,300.0,0.0,True,10.345160007476808
de_crossover,1,F1: Shifted and full Rotated Zakharov Function,10,2,200000,300.0,0.0,True,10.464237928390505
de_crossover,1,F1: Shifted and full Rotated Zakharov Function,10,3,200000,300.0,0.0,True,10.584861755371094
de_crossover,1,F1: Shifted and full Rotated Zakharov Function,10,4,200000,300.0,0.0,True,10.83542799949646
de_crossover,1,F1: Shifted and full Rotated Zakharov Function,10,5,200000,300.0,0.0,True,10.433039665222168
de_crossover,1,F1: Shifted and full Rotated Zakharov Function,10,6,200000,300.0,0.0,True,10.062413930892944
de_crossover,1,F1: Shifted and full Rotated Zakharov Function,10,7,200000,300.0,0.0,True,9.700726747512816
de_crossover,1,F1: Shifted and full Rotated Zakharov Function,10,8,200000,300.0,0.0,True,10.061972856521606
de_crossover,1,F1: Shifted and full Rotated Zakharov Function,10,9,200000,300.0,0.0,True,9.628559350967407
de_crossover,1,F1: Shifted and full Rotated Zakharov Function,10,10,200000,300.0,0.0,True,9.859137773513794
de_crossover,1,F1: Shifted and full Rotated Zakharov Function,10,11,200000,300.0,0.0,True,10.22916293144226
de_crossover,1,F1: Shifted and full Rotated Zakharov Function,10,12,200000,300.0,0.0,True,10.2375009059906
de_crossover,1,F1: Shifted and full Rotated Zakharov Function,10,13,200000,300.0,0.0,True,10.378859758377075
de_crossover,1,F1: Shifted and full Rotated Zakharov Function,10,14,200000,300.0,0.0,True,10.313519716262816
de_crossover,1,F1: Shifted and full Rotated Zakharov Function,10,15,200000,300.0,0.0,True,9.822169542312622
de_crossover,1,F1: Shifted and full Rotated Zakharov Function,10,16,200000,300.0,0.0,True,10.65041208267212
de_crossover,1,F1: Shifted and full Rotated Zakharov Function,10,17,200000,300.0,0.0,True,10.485026597976685
de_crossover,1,F1: Shifted and full Rotated Zakharov Function,10,18,200000,300.0,0.0,True,10.77125859260559
de_crossover,1,F1: Shifted and full Rotated Zakharov Function,10,19,200000,300.0,0.0,True,11.84992790222168
de_crossover,1,F1: Shifted and full Rotated Zakharov Function,10,20,200000,300.0,0.0,True,10.098005056381226
de_crossover,1,F1: Shifted and full Rotated Zakharov Function,10,21,200000,300.0,0.0,True,9.849831104278564
de_crossover,1,F1: Shifted and full Rotated Zakharov Function,10,22,200000,300.0,0.0,True,9.66292643547058
de_crossover,1,F1: Shifted and full Rotated Zakharov Function,10,23,200000,300.0,0.0,True,10.554500102996826
de_crossover,1,F1: Shifted and full Rotated Zakharov Function,10,24,200000,300.0,0.0,True,10.230381965637209
de_crossover,1,F1: Shifted and full Rotated Zakharov Function,10,25,200000,300.0,0.0,True,9.810806512832642
de_crossover,1,F1: Shifted and full Rotated Zakharov Function,10,26,200000,300.0,0.0,True,10.401012659072876
de_crossover,1,F1: Shifted and full Rotated Zakharov Function,10,27,200000,300.0,0.0,True,13.506704807281494
de_crossover,1,F1: Shifted and full Rotated Zakharov Function,10,28,200000,300.0,0.0,True,13.489378452301024
de_crossover,1,F1: Shifted and full Rotated Zakharov Function,10,29,200000,300.0,0.0,True,13.274332046508787
de_crossover,1,F1: Shifted and full Rotated Zakharov Function,10,30,200000,300.0,0.0,True,13.113606929779053
de_crossover,2,F2: Shifted and Rotated Rosenbrock’s Function,10,1,200000,403.989639806584,3.989639806584023,False,13.786081790924072
de_crossover,2,F2: Shifted and Rotated Rosenbrock’s Function,10,2,200000,403.9897424822889,3.989742482288932,False,10.841963529586792
de_crossover,2,F2: Shifted and Rotated Rosenbrock’s Function,10,3,200000,403.9902414795385,3.990241479538497,False,10.860422849655151
de_crossover,2,F2: Shifted and Rotated Rosenbrock’s Function,10,4,200000,403.9935602662439,3.9935602662438896,False,11.031619787216188
de_crossover,2,F2: Shifted and Rotated Rosenbrock’s Function,10,5,200000,403.9891798320533,3.98917983205331,False,10.793271780014038
de_crossover,2,F2: Shifted and Rotated Rosenbrock’s Function,10,6,200000,403.9919784445063,3.991978444506288,False,11.763790369033812
de_crossover,2,F2: Shifted and Rotated Rosenbrock’s Function,10,7,200000,403.9882578150053,3.988257815005284,False,12.024389028549194
de_crossover,2,F2: Shifted and Rotated Rosenbrock’s Function,10,8,200000,403.9907668854737,3.990766885473647,False,11.531460046768188
de_crossover,2,F2: Shifted and Rotated Rosenbrock’s Function,10,9,200000,403.9887838280815,3.988783828081523,False,11.496493816375732
de_crossover,2,F2: Shifted and Rotated Rosenbrock’s Function,10,10,200000,403.99208105063497,3.992081050634965,False,11.079981088638306
de_crossover,2,F2: Shifted and Rotated Rosenbrock’s Function,10,11,200000,403.99104155073263,3.991041550732632,False,10.743263721466064
de_crossover,2,F2: Shifted and Rotated Rosenbrock’s Function,10,12,200000,403.9912754131554,3.991275413155393,False,14.9204683303833
de_crossover,2,F2: Shifted and Rotated Rosenbrock’s Function,10,13,200000,403.9906467531323,3.990646753132296,False,15.1868417263031
de_crossover,2,F2: Shifted and Rotated Rosenbrock’s Function,10,14,200000,403.9904706974127,3.990470697412661,False,15.343571901321411
de_crossover,2,F2: Shifted and Rotated Rosenbrock’s Function,10,15,200000,403.9881810924031,3.9881810924030674,False,14.910686254501345
de_crossover,2,F2: Shifted and Rotated Rosenbrock’s Function,10,16,200000,408.9161019277813,8.916101927781312,False,15.22147297859192
de_crossover,2,F2: Shifted and Rotated Rosenbrock’s Function,10,17,200000,408.9161019277813,8.916101927781312,False,14.98804235458374
de_crossover,2,F2: Shifted and Rotated Rosenbrock’s Function,10,18,200000,408.9161019277813,8.916101927781312,False,15.050332069396973
de_crossover,2,F2: Shifted and Rotated Rosenbrock’s Function,10,19,200000,403.99293079511534,3.992930795115342,False,15.445834636688232
de_crossover,2,F2: Shifted and Rotated Rosenbrock’s Function,10,20,200000,403.9953231046183,3.995323104618251,False,15.568897247314451
de_crossover,2,F2: Shifted and Rotated Rosenbrock’s Function,10,21,200000,403.9898719134339,3.989871913433888,False,15.178225994110107
de_crossover,2,F2: Shifted and Rotated Rosenbrock’s Function,10,22,200000,403.9914716969347,3.991471696934696,False,15.410270690917969
de_crossover,2,F2: Shifted and Rotated Rosenbrock’s Function,10,23,200000,408.9161019277813,8.916101927781312,False,14.937519788742064
de_crossover,2,F2: Shifted and Rotated Rosenbrock’s Function,10,24,200000,403.9901558141342,3.990155814134198,False,15.13145875930786
de_crossover,2,F2: Shifted and Rotated Rosenbrock’s Function,10,25,200000,403.9894163931189,3.989416393118916,False,15.348734617233276
de_crossover,2,F2: Shifted and Rotated Rosenbrock’s Function,10,26,200000,403.9912232650688,3.991223265068754,False,15.601673126220703
de_crossover,2,F2: Shifted and Rotated Rosenbrock’s Function,10,27,200000,403.9918367937297,3.991836793729647,False,15.52177381515503
de_crossover,2,F2: Shifted and Rotated Rosenbrock’s Function,10,28,200000,403.9921518285379,3.992151828537885,False,15.16169047355652
de_crossover,2,F2: Shifted and Rotated Rosenbrock’s Function,10,29,200000,403.9888900540976,3.988890054097567,False,14.742029190063477
de_crossover,2,F2: Shifted and Rotated Rosenbrock’s Function,10,30,200000,403.9899700700112,3.989970070011225,False,15.481725454330444
de_crossover,3,F3: Shifted and full Rotated Expanded Schaffer’s F7,10,1,200000,600.0,0.0,True,19.26316714286804
de_crossover,3,F3: Shifted and full Rotated Expanded Schaffer’s F7,10,2,200000,600.0,0.0,True,19.44267511367798
de_crossover,3,F3: Shifted and full Rotated Expanded Schaffer’s F7,10,3,200000,600.0,0.0,True,19.284462690353397
de_crossover,3,F3: Shifted and full Rotated Expanded Schaffer’s F7,10,4,200000,600.0,0.0,True,19.03883171081543
de_crossover,3,F3: Shifted and full Rotated Expanded Schaffer’s F7,10,5,200000,600.0,0.0,True,19.813188314437863
de_crossover,3,F3: Shifted and full Rotated Expanded Schaffer’s F7,10,6,200000,600.0,0.0,True,18.575838088989254
de_crossover,3,F3: Shifted and full Rotated Expanded Schaffer’s F7,10,7,200000,600.0,0.0,True,18.693575620651245
de_crossover,3,F3: Shifted and full Rotated Expanded Schaffer’s F7,10,8,200000,600.0,0.0,True,18.94886302947998
de_crossover,3,F3: Shifted and full Rotated Expanded Schaffer’s F7,10,9,200000,600.0,0.0,True,19.328628540039062
de_crossover,3,F3: Shifted and full Rotated Expanded Schaffer’s F7,10,10,200000,600.0,0.0,True,19.46988129615784
de_crossover,3,F3: Shifted and full Rotated Expanded Schaffer’s F7,10,11,200000,600.0,0.0,True,18.69252157211304
de_crossover,3,F3: Shifted and full Rotated Expanded Schaffer’s F7,10,12,200000,600.0,0.0,True,18.30226445198059
de_crossover,3,F3: Shifted and full Rotated Expanded Schaffer’s F7,10,13,200000,600.0,0.0,True,19.63031840324402
de_crossover,3,F3: Shifted and full Rotated Expanded Schaffer’s F7,10,14,200000,600.0,0.0,True,18.914844751358032
de_crossover,3,F3: Shifted and full Rotated Expanded Schaffer’s F7,10,15,200000,600.0,0.0,True,18.91820693016052
de_crossover,3,F3: Shifted and full Rotated Expanded Schaffer’s F7,10,16,200000,600.0,0.0,True,19.56761646270752
de_crossover,3,F3: Shifted and full Rotated Expanded Schaffer’s F7,10,17,200000,600.0,0.0,True,18.813597917556763
de_crossover,3,F3: Shifted and full Rotated Expanded Schaffer’s F7,10,18,200000,600.0,0.0,True,19.63220763206482
de_crossover,3,F3: Shifted and full Rotated Expanded Schaffer’s F7,10,19,200000,600.0,0.0,True,19.928609132766724
de_crossover,3,F3: Shifted and full Rotated Expanded Schaffer’s F7,10,20,200000,600.0,0.0,True,20.32309341430664
de_crossover,3,F3: Shifted and full Rotated Expanded Schaffer’s F7,10,21,200000,600.0,0.0,True,19.595655918121334
de_crossover,3,F3: Shifted and full Rotated Expanded Schaffer’s F7,10,22,200000,600.0,0.0,True,19.800211429595947
de_crossover,3,F3: Shifted and full Rotated Expanded Schaffer’s F7,10,23,200000,600.0,0.0,True,18.997468948364254
de_crossover,3,F3: Shifted and full Rotated Expanded Schaffer’s F7,10,24,200000,600.0,0.0,True,18.950246334075928
de_crossover,3,F3: Shifted and full Rotated Expanded Schaffer’s F7,10,25,200000,600.0,0.0,True,18.205469369888306
de_crossover,3,F3: Shifted and full Rotated Expanded Schaffer’s F7,10,26,200000,600.0,0.0,True,18.98235416412353
de_crossover,3,F3: Shifted and full Rotated Expanded Schaffer’s F7,10,27,200000,600.0,0.0,True,18.77677893638611
de_crossover,3,F3: Shifted and full Rotated Expanded Schaffer’s F7,10,28,200000,600.0,0.0,True,18.82591843605041
de_crossover,3,F3: Shifted and full Rotated Expanded Schaffer’s F7,10,29,200000,600.0,0.0,True,19.30546188354492
de_crossover,3,F3: Shifted and full Rotated Expanded Schaffer’s F7,10,30,200000,600.0,0.0,True,18.180657625198364
de_crossover,4,F4: Shifted and Rotated Non-Continuous Rastrigin’s Function,10,1,200000,842.2113776457675,42.21137764576747,False,24.68498587608337
de_crossover,4,F4: Shifted and Rotated Non-Continuous Rastrigin’s Function,10,2,200000,846.6466100280142,46.64661002801415,False,24.787623167037964
de_crossover,4,F4: Shifted and Rotated Non-Continuous Rastrigin’s Function,10,3,200000,832.0,32.0,False,24.673868656158447
de_crossover,4,F4: Shifted and Rotated Non-Continuous Rastrigin’s Function,10,4,200000,844.1198351091884,44.11983510918844,False,24.43929409980774
de_crossover,4,F4: Shifted and Rotated Non-Continuous Rastrigin’s Function,10,5,200000,848.0,48.0,False,24.8394877910614
de_crossover,4,F4: Shifted and Rotated Non-Continuous Rastrigin’s Function,10,6,200000,838.2510321447437,38.2510321447437,False,24.70964193344116
de_crossover,4,F4: Shifted and Rotated Non-Continuous Rastrigin’s Function,10,7,200000,834.798189943066,34.79818994306595,False,24.39104652404785
de_crossover,4,F4: Shifted and Rotated Non-Continuous Rastrigin’s Function,10,8,200000,844.3789256086388,44.37892560863884,False,24.121449947357178
de_crossover,4,F4: Shifted and Rotated Non-Continuous Rastrigin’s Function,10,9,200000,844.0,44.0,False,24.689232110977173
de_crossover,4,F4: Shifted and Rotated Non-Continuous Rastrigin’s Function,10,10,200000,843.8544291433659,43.85442914336591,False,24.44352102279663
de_crossover,4,F4: Shifted and Rotated Non-Continuous Rastrigin’s Function,10,11,200000,838.0,38.0,False,26.42416715621948
de_crossover,4,F4: Shifted and Rotated Non-Continuous Rastrigin’s Function,10,12,200000,837.324060051556,37.32406005155599,False,25.781275749206543
de_crossover,4,F4: Shifted and Rotated Non-Continuous Rastrigin’s Function,10,13,200000,830.4648515840023,30.464851584002304,False,25.017430543899536
de_crossover,4,F4: Shifted and Rotated Non-Continuous Rastrigin’s Function,10,14,200000,830.5947341510351,30.59473415103514,False,25.32081151008606
de_crossover,4,F4: Shifted and Rotated Non-Continuous Rastrigin’s Function,10,15,200000,839.4962877062749,39.49628770627487,False,25.04576110839844
de_crossover,4,F4: Shifted and Rotated Non-Continuous Rastrigin’s Function,10,16,200000,832.0,32.0,False,25.20234227180481
de_crossover,4,F4: Shifted and Rotated Non-Continuous Rastrigin’s Function,10,17,200000,824.0134160598664,24.01341605986636,False,25.148862600326535
de_crossover,4,F4: Shifted and Rotated Non-Continuous Rastrigin’s Function,10,18,200000,836.7015248082357,36.70152480823572,False,24.88035297393799
de_crossover,4,F4: Shifted and Rotated Non-Continuous Rastrigin’s Function,10,19,200000,837.0327764899604,37.03277648996038,False,23.81678605079651
de_crossover,4,F4: Shifted and Rotated Non-Continuous Rastrigin’s Function,10,20,200000,832.0987613897402,32.09876138974016,False,24.46923923492432
de_crossover,4,F4: Shifted and Rotated Non-Continuous Rastrigin’s Function,10,21,200000,846.1345405443135,46.134540544313495,False,24.07784914970398
de_crossover,4,F4: Shifted and Rotated Non-Continuous Rastrigin’s Function,10,22,200000,836.7614468998541,36.76144689985415,False,24.365225553512573
de_crossover,4,F4: Shifted and Rotated Non-Continuous Rastrigin’s Function,10,23,200000,835.9792787853178,35.979278785317774,False,22.948779106140137
de_crossover,4,F4: Shifted and Rotated Non-Continuous Rastrigin’s Function,10,24,200000,846.5475464453957,46.54754644539571,False,23.94955039024353
de_crossover,4,F4: Shifted and Rotated Non-Continuous Rastrigin’s Function,10,25,200000,833.1577370710203,33.15773707102028,False,25.4587836265564
de_crossover,4,F4: Shifted and Rotated Non-Continuous Rastrigin’s Function,10,26,200000,833.4154992907467,33.41549929074665,False,25.45311117172241
de_crossover,4,F4: Shifted and Rotated Non-Continuous Rastrigin’s Function,10,27,200000,838.408090844878,38.40809084487796,False,24.897343158721924
de_crossover,4,F4: Shifted and Rotated Non-Continuous Rastrigin’s Function,10,28,200000,842.0,42.0,False,25.008864164352417
de_crossover,4,F4: Shifted and Rotated Non-Continuous Rastrigin’s Function,10,29,200000,838.0,38.0,False,24.165890216827396
de_crossover,4,F4: Shifted and Rotated Non-Continuous Rastrigin’s Function,10,30,200000,844.2045822337905,44.20458223379046,False,24.74436974525452
de_crossover,5,F5: Shifted and Rotated Levy Function,10,1,200000,900.0,0.0,True,16.90711808204651
de_crossover,5,F5: Shifted and Rotated Levy Function,10,2,200000,900.0,0.0,True,16.467321157455444
de_crossover,5,F5: Shifted and Rotated Levy Function,10,3,200000,900.0,0.0,True,16.988901615142822
de_crossover,5,F5: Shifted and Rotated Levy Function,10,4,200000,900.0,0.0,True,16.68109965324402
de_crossover,5,F5: Shifted and Rotated Levy Function,10,5,200000,900.0,0.0,True,17.175217628479004
de_crossover,5,F5: Shifted and Rotated Levy Function,10,6,200000,900.0,0.0,True,17.07425284385681
de_crossover,5,F5: Shifted and Rotated Levy Function,10,7,200000,900.0,0.0,True,16.609281539916992
de_crossover,5,F5: Shifted and Rotated Levy Function,10,8,200000,900.0,0.0,True,17.39907693862915
de_crossover,5,F5: Shifted and Rotated Levy Function,10,9,200000,900.0,0.0,True,16.58514142036438
de_crossover,5,F5: Shifted and Rotated Levy Function,10,10,200000,900.0,0.0,True,16.90645956993103
de_crossover,5,F5: Shifted and Rotated Levy Function,10,11,200000,900.0,0.0,True,16.559866666793823
de_crossover,5,F5: Shifted and Rotated Levy Function,10,12,200000,900.0,0.0,True,16.634093761444092
de_crossover,5,F5: Shifted and Rotated Levy Function,10,13,200000,900.0,0.0,True,17.76369071006775
de_crossover,5,F5: Shifted and Rotated Levy Function,10,14,200000,900.0,0.0,True,17.357741594314575
de_crossover,5,F5: Shifted and Rotated Levy Function,10,15,200000,900.0,0.0,True,17.255980253219604
de_crossover,5,F5: Shifted and Rotated Levy Function,10,16,200000,900.0,0.0,True,17.582119464874268
de_crossover,5,F5: Shifted and Rotated Levy Function,10,17,200000,900.0,0.0,True,17.208268404006958
de_crossover,5,F5: Shifted and Rotated Levy Function,10,18,200000,900.0,0.0,True,17.40790104866028
de_crossover,5,F5: Shifted and Rotated Levy Function,10,19,200000,900.0,0.0,True,17.637179374694824
de_crossover,5,F5: Shifted and Rotated Levy Function,10,20,200000,900.0,0.0,True,17.41960072517395
de_crossover,5,F5: Shifted and Rotated Levy Function,10,21,200000,900.0,0.0,True,17.703484296798706
de_crossover,5,F5: Shifted and Rotated Levy Function,10,22,200000,900.0,0.0,True,17.20148277282715
de_crossover,5,F5: Shifted and Rotated Levy Function,10,23,200000,900.0,0.0,True,16.34931445121765
de_crossover,5,F5: Shifted and Rotated Levy Function,10,24,200000,900.0,0.0,True,16.875008821487427
de_crossover,5,F5: Shifted and Rotated Levy Function,10,25,200000,900.0,0.0,True,16.833582401275635
de_crossover,5,F5: Shifted and Rotated Levy Function,10,26,200000,900.0,0.0,True,16.717410802841187
de_crossover,5,F5: Shifted and Rotated Levy Function,10,27,200000,900.0,0.0,True,16.52128791809082
de_crossover,5,F5: Shifted and Rotated Levy Function,10,28,200000,900.0,0.0,True,16.312077045440674
de_crossover,5,F5: Shifted and Rotated Levy Function,10,29,200000,900.0,0.0,True,16.388235807418823
de_crossover,5,F5: Shifted and Rotated Levy Function,10,30,200000,900.0,0.0,True,15.923681497573853
de_crossover,6,F6: Hybrid Function 1,10,1,200000,1809.2125338192127,9.21253381921315,False,18.14288711547852
de_crossover,6,F6: Hybrid Function 1,10,2,200000,1815.99329061375,15.993290613750103,False,17.45884609222412
de_crossover,6,F6: Hybrid Function 1,10,3,200000,1804.30435176894,4.304351768940023,False,18.5400333404541
de_crossover,6,F6: Hybrid Function 1,10,4,200000,1803.6277235960133,3.627723596013311,False,17.37190842628479
de_crossover,6,F6: Hybrid Function 1,10,5,200000,1812.425179890732,12.425179890731895,False,18.021260023117065
de_crossover,6,F6: Hybrid Function 1,10,6,200000,1815.932250184917,15.932250184916938,False,18.63960266113281
de_crossover,6,F6: Hybrid Function 1,10,7,200000,1815.2868728214544,15.28687282145438,False,17.638803720474243
de_crossover,6,F6: Hybrid Function 1,10,8,200000,1814.839259832754,14.839259832753896,False,17.78444194793701
de_crossover,6,F6: Hybrid Function 1,10,9,200000,1809.3230844317252,9.32308443172542,False,17.951419591903687
de_crossover,6,F6: Hybrid Function 1,10,10,200000,1820.4689863241292,20.46898632412945,False,18.477866411209103
de_crossover,6,F6: Hybrid Function 1,10,11,200000,1806.3967172237049,6.396717223704854,False,18.00692582130432
de_crossover,6,F6: Hybrid Function 1,10,12,200000,1806.0135355834925,6.013535583492285,False,18.30744409561157
de_crossover,6,F6: Hybrid Function 1,10,13,200000,1808.509082344311,8.509082344311082,False,17.403647661209106
de_crossover,6,F6: Hybrid Function 1,10,14,200000,1815.0852020252887,15.085202025289163,False,17.095401287078857
de_crossover,6,F6: Hybrid Function 1,10,15,200000,1813.064780937337,13.064780937336993,False,18.149575233459476
de_crossover,6,F6: Hybrid Function 1,10,16,200000,1810.9551999604164,10.955199960416394,False,17.439944982528687
de_crossover,6,F6: Hybrid Function 1,10,17,200000,1814.9237621063255,14.92376210632574,False,18.279656410217285
de_crossover,6,F6: Hybrid Function 1,10,18,200000,1809.6351467933675,9.635146793367312,False,17.755919694900513
de_crossover,6,F6: Hybrid Function 1,10,19,200000,1811.2570482076887,11.25704820768874,False,17.93034839630127
de_crossover,6,F6: Hybrid Function 1,10,20,200000,1808.193925846028,8.193925846027696,False,18.02232789993286
de_crossover,6,F6: Hybrid Function 1,10,21,200000,1811.711179117103,11.711179117103027,False,17.92601466178894
de_crossover,6,F6: Hybrid Function 1,10,22,200000,1816.9240285256465,16.924028525646463,False,17.6336350440979
de_crossover,6,F6: Hybrid Function 1,10,23,200000,1810.300664794238,10.300664794237946,False,17.815696477890015
de_crossover,6,F6: Hybrid Function 1,10,24,200000,1812.856183556858,12.856183556858014,False,17.414779663085938
de_crossover,6,F6: Hybrid Function 1,10,25,200000,1815.6533791713296,15.653379171329789,False,17.635658025741577
de_crossover,6,F6: Hybrid Function 1,10,26,200000,1808.1722417210324,8.172241721032378,False,17.655437231063843
de_crossover,6,F6: Hybrid Function 1,10,27,200000,1806.3532101403944,6.353210140394594,False,17.997507095336914
de_crossover,6,F6: Hybrid Function 1,10,28,200000,1809.813990328059,9.813990328058935,False,17.944305658340454
de_crossover,6,F6: Hybrid Function 1,10,29,200000,1806.9661009494955,6.966100949495512,False,17.062124967575073
de_crossover,6,F6: Hybrid Function 1,10,30,200000,1812.2797624182124,12.279762418212384,False,17.406440019607544
de_crossover,7,F7: Hybrid Function 2,10,1,200000,2015.292672443897,15.292672443896665,False,99.028067111969
de_crossover,7,F7: Hybrid Function 2,10,2,200000,2009.414140187455,9.414140187454905,False,96.65030074119568
de_crossover,7,F7: Hybrid Function 2,10,3,200000,2017.1073496281404,17.107349628140355,False,96.14978075027466
de_crossover,7,F7: Hybrid Function 2,10,4,200000,2017.1612332579923,17.161233257992535,False,97.24149227142334
de_crossover,7,F7: Hybrid Function 2,10,5,200000,2017.8028437793744,17.80284377937437,False,98.30092120170592
de_crossover,7,F7: Hybrid Function 2,10,6,200000,2014.817532103108,14.817532103107853,False,96.51981210708618
de_crossover,7,F7: Hybrid Function 2,10,7,200000,2022.1270483464943,22.127048346494348,False,97.26230144500732
de_crossover,7,F7: Hybrid Function 2,10,8,200000,2009.8021423511896,9.80214235118956,False,95.9251515865326
de_crossover,7,F7: Hybrid Function 2,10,9,200000,2014.6570788322376,14.657078832237858,False,96.82448077201845
de_crossover,7,F7: Hybrid Function 2,10,10,200000,2010.9544359032743,10.954435903274543,False,98.24963521957396
de_crossover,7,F7: Hybrid Function 2,10,11,200000,2000.8033322837189,0.8033322837188734,False,96.80336284637453
de_crossover,7,F7: Hybrid Function 2,10,12,200000,2014.6482233223248,14.648223322324611,False,97.25719976425172
de_crossover,7,F7: Hybrid Function 2,10,13,200000,2014.6795198763573,14.679519876357515,False,96.0530276298523
de_crossover,7,F7: Hybrid Function 2,10,14,200000,2013.4115884591663,13.411588459166296,False,97.32757925987244
de_crossover,7,F7: Hybrid Function 2,10,15,200000,2009.751841519278,9.75184151927806,False,94.3691942691803
de_crossover,7,F7: Hybrid Function 2,10,16,200000,2011.4514970786577,11.451497078657669,False,96.211829662323
de_crossover,7,F7: Hybrid Function 2,10,17,200000,2001.540993349854,1.540993349854034,False,97.5706615447998
de_crossover,7,F7: Hybrid Function 2,10,18,200000,2015.1054681854264,15.105468185426162,False,97.66932964324953
de_crossover,7,F7: Hybrid Function 2,10,19,200000,2019.338259937724,19.338259937723706,False,96.11894702911376
de_crossover,7,F7: Hybrid Function 2,10,20,200000,2011.9300383681127,11.930038368113172,False,97.37311959266664
de_crossover,7,F7: Hybrid Function 2,10,21,200000,2009.0575562845029,9.057556284502652,False,98.1166970729828
de_crossover,7,F7: Hybrid Function 2,10,22,200000,2012.827691311944,12.82769131194368,False,98.70751404762268
de_crossover,7,F7: Hybrid Function 2,10,23,200000,2022.55085482152,22.550854821520037,False,97.63587594032288
de_crossover,7,F7: Hybrid Function 2,10,24,200000,2013.82609863972,13.826098639720158,False,97.56135392189026
de_crossover,7,F7: Hybrid Function 2,10,25,200000,2024.018616502388,24.01861650238766,False,96.3313171863556
de_crossover,7,F7: Hybrid Function 2,10,26,200000,2008.692664535864,8.692664535863969,False,96.82431554794312
de_crossover,7,F7: Hybrid Function 2,10,27,200000,2013.2041885953588,13.2041885953588,False,97.91972661018372
de_crossover,7,F7: Hybrid Function 2,10,28,200000,2020.3636328918049,20.363632891804627,False,95.9840316772461
de_crossover,7,F7: Hybrid Function 2,10,29,200000,2014.337817573529,14.337817573529035,False,98.26072430610655
de_crossover,7,F7: Hybrid Function 2,10,30,200000,2021.7558543684904,21.755854368490645,False,96.48315405845642
de_crossover,8,F8: Hybrid Function 3,10,1,200000,2216.838673663896,16.83867366389586,False,126.67859482765198
de_crossover,8,F8: Hybrid Function 3,10,2,200000,2215.455386492132,15.455386492131764,False,128.4230935573578
de_crossover,8,F8: Hybrid Function 3,10,3,200000,2214.7628780832306,14.76287808323059,False,129.04912734031677
de_crossover,8,F8: Hybrid Function 3,10,4,200000,2219.475465855447,19.47546585544705,False,130.94213938713074
de_crossover,8,F8: Hybrid Function 3,10,5,200000,2213.334323965691,13.334323965691055,False,132.4956066608429
de_crossover,8,F8: Hybrid Function 3,10,6,200000,2216.873096934343,16.87309693434281,False,130.1811671257019
de_crossover,8,F8: Hybrid Function 3,10,7,200000,2213.280063489909,13.280063489909026,False,130.36011600494385
de_crossover,8,F8: Hybrid Function 3,10,8,200000,2217.636833773784,17.636833773783565,False,130.51604413986206
de_crossover,8,F8: Hybrid Function 3,10,9,200000,2217.4131550391844,17.413155039184403,False,136.95144820213318
de_crossover,8,F8: Hybrid Function 3,10,10,200000,2211.6196019150752,11.619601915075236,False,132.43945002555847
de_crossover,8,F8: Hybrid Function 3,10,11,200000,2218.2237499350904,18.22374993509038,False,128.40630388259888
de_crossover,8,F8: Hybrid Function 3,10,12,200000,2218.3257978097467,18.325797809746746,False,128.81224060058594
de_crossover,8,F8: Hybrid Function 3,10,13,200000,2216.4458453157667,16.445845315766746,False,128.89138746261597
de_crossover,8,F8: Hybrid Function 3,10,14,200000,2214.385154515856,14.385154515855902,False,129.55780720710754
de_crossover,8,F8: Hybrid Function 3,10,15,200000,2216.5217077445427,16.52170774454271,False,129.16009259223938
de_crossover,8,F8: Hybrid Function 3,10,16,200000,2217.0688492838044,17.06884928380441,False,126.88875603675842
de_crossover,8,F8: Hybrid Function 3,10,17,200000,2222.2884325594305,22.28843255943048,False,129.3280918598175
de_crossover,8,F8: Hybrid Function 3,10,18,200000,2216.882464149866,16.882464149865882,False,129.16802668571472
de_crossover,8,F8: Hybrid Function 3,10,19,200000,2215.763937385295,15.763937385294868,False,126.5593650341034
de_crossover,8,F8: Hybrid Function 3,10,20,200000,2215.031362856531,15.031362856530905,False,129.24077105522156
de_crossover,8,F8: Hybrid Function 3,10,21,200000,2218.349818731446,18.349818731445797,False,127.80218315124512
de_crossover,8,F8: Hybrid Function 3,10,22,200000,2214.2072268883703,14.207226888370316,False,125.75560188293456
de_crossover,8,F8: Hybrid Function 3,10,23,200000,2219.4402360129807,19.44023601298068,False,127.67809438705444
de_crossover,8,F8: Hybrid Function 3,10,24,200000,2216.2757331474104,16.275733147410392,False,128.17314863204956
de_crossover,8,F8: Hybrid Function 3,10,25,200000,2214.024580757852,14.024580757851709,False,127.95519280433656
de_crossover,8,F8: Hybrid Function 3,10,26,200000,2220.067998746856,20.06799874685612,False,128.6252920627594
de_crossover,8,F8: Hybrid Function 3,10,27,200000,2217.0963953859064,17.096395385906362,False,128.8204312324524
de_crossover,8,F8: Hybrid Function 3,10,28,200000,2218.459898142306,18.45989814230597,False,129.0047607421875
de_crossover,8,F8: Hybrid Function 3,10,29,200000,2215.843891585394,15.843891585393976,False,130.1576464176178
de_crossover,8,F8: Hybrid Function 3,10,30,200000,2217.647460925027,17.64746092502719,False,133.33429312705994
de_crossover,9,F9: Composition Function 1,10,1,200000,2300.0,0.0,True,35.32115721702576
de_crossover,9,F9: Composition Function 1,10,2,200000,2300.0000000000005,4.547473508864641e-13,True,36.21036124229431
de_crossover,9,F9: Composition Function 1,10,3,200000,2659.0943447875884,359.0943447875884,False,35.36166739463806
de_crossover,9,F9: Composition Function 1,10,4,200000,2659.094344791981,359.0943447919808,False,33.89470934867859
de_crossover,9,F9: Composition Function 1,10,5,200000,2659.094344831552,359.094344831552,False,34.95994162559509
de_crossover,9,F9: Composition Function 1,10,6,200000,2659.094344785411,359.09434478541107,False,35.43334364891052
de_crossover,9,F9: Composition Function 1,10,7,200000,2659.094344797891,359.09434479789115,False,34.83220314979553
de_crossover,9,F9: Composition Function 1,10,8,200000,2659.0943447948644,359.0943447948644,False,34.33441424369812
de_crossover,9,F9: Composition Function 1,10,9,200000,2659.0943447891486,359.09434478914864,False,34.840585708618164
de_crossover,9,F9: Composition Function 1,10,10,200000,2659.094344802505,359.0943448025055,False,35.10009455680847
de_crossover,9,F9: Composition Function 1,10,11,200000,2659.094344825283,359.09434482528286,False,35.735618591308594
de_crossover,9,F9: Composition Function 1,10,12,200000,2659.0943448029248,359.09434480292475,False,35.11621356010437
de_crossover,9,F9: Composition Function 1,10,13,200000,2300.0000000000005,4.547473508864641e-13,True,34.35482096672058
de_crossover,9,F9: Composition Function 1,10,14,200000,2659.09434479351,359.0943447935101,False,35.930665731430054
de_crossover,9,F9: Composition Function 1,10,15,200000,2300.0,0.0,True,35.87475085258484
de_crossover,9,F9: Composition Function 1,10,16,200000,2300.0000000000005,4.547473508864641e-13,True,35.623106479644775
de_crossover,9,F9: Composition Function 1,10,17,200000,2659.094344788535,359.0943447885352,False,36.53803849220276
de_crossover,9,F9: Composition Function 1,10,18,200000,2659.0943447908744,359.0943447908744,False,35.22648549079895
de_crossover,9,F9: Composition Function 1,10,19,200000,2659.094344791489,359.0943447914892,False,35.75717616081238
de_crossover,9,F9: Composition Function 1,10,20,200000,2300.0000000000005,4.547473508864641e-13,True,35.94646334648132
de_crossover,9,F9: Composition Function 1,10,21,200000,2300.0,0.0,True,35.23753070831299
de_crossover,9,F9: Composition Function 1,10,22,200000,2300.0000000000005,4.547473508864641e-13,True,35.01478219032288
de_crossover,9,F9: Composition Function 1,10,23,200000,2659.0943447872205,359.0943447872205,False,36.38453531265259
de_crossover,9,F9: Composition Function 1,10,24,200000,2659.094344788289,359.0943447882892,False,36.1273877620697
de_crossover,9,F9: Composition Function 1,10,25,200000,2300.0000000000005,4.547473508864641e-13,True,34.88641881942749
de_crossover,9,F9: Composition Function 1,10,26,200000,2659.0943448147264,359.0943448147264,False,35.83725881576538
de_crossover,9,F9: Composition Function 1,10,27,200000,2659.0943447833283,359.0943447833283,False,36.08884286880493
de_crossover,9,F9: Composition Function 1,10,28,200000,2659.094344786038,359.09434478603816,False,35.44604301452637
de_crossover,9,F9: Composition Function 1,10,29,200000,2659.094344786856,359.09434478685534,False,36.98479843139648
de_crossover,9,F9: Composition Function 1,10,30,200000,2659.094344814584,359.0943448145836,False,35.45066785812378
de_crossover,10,F10: Composition Function 2,10,1,200000,2620.87264974898,220.8726497489797,False,36.17354774475098
de_crossover,10,F10: Composition Function 2,10,2,200000,2620.8726497489797,220.87264974897928,False,35.75886607170105
de_crossover,10,F10: Composition Function 2,10,3,200000,2620.8726497489797,220.87264974897928,False,36.06477689743042
de_crossover,10,F10: Composition Function 2,10,4,200000,2620.87264974898,220.8726497489797,False,36.42158555984497
de_crossover,10,F10: Composition Function 2,10,5,200000,2620.8726497489797,220.87264974897928,False,36.4303879737854
de_crossover,10,F10: Composition Function 2,10,6,200000,2620.87264974898,220.8726497489797,False,35.699703216552734
de_crossover,10,F10: Composition Function 2,10,7,200000,2620.8726497489797,220.87264974897928,False,35.60097813606262
de_crossover,10,F10: Composition Function 2,10,8,200000,2620.8726497489797,220.87264974897928,False,35.5087468624115
de_crossover,10,F10: Composition Function 2,10,9,200000,2620.8726497489797,220.87264974897928,False,35.0400116443634
de_crossover,10,F10: Composition Function 2,10,10,200000,2650.736396032846,250.73639603284664,False,35.27776217460632
de_crossover,10,F10: Composition Function 2,10,11,200000,2620.87264974898,220.8726497489797,False,35.60403490066528
de_crossover,10,F10: Composition Function 2,10,12,200000,2620.87264974898,220.8726497489797,False,35.66608381271362
de_crossover,10,F10: Composition Function 2,10,13,200000,2620.8726497489797,220.87264974897928,False,36.84813952445984
de_crossover,10,F10: Composition Function 2,10,14,200000,2620.87264974898,220.8726497489797,False,36.56527519226074
de_crossover,10,F10: Composition Function 2,10,15,200000,2620.8726497489797,220.87264974897928,False,36.032387495040894
de_crossover,10,F10: Composition Function 2,10,16,200000,2620.8726497489797,220.87264974897928,False,35.88604927062988
de_crossover,10,F10: Composition Function 2,10,17,200000,2620.87264974898,220.8726497489797,False,35.881561279296875
de_crossover,10,F10: Composition Function 2,10,18,200000,2620.8726497489797,220.87264974897928,False,36.50233817100525
de_crossover,10,F10: Composition Function 2,10,19,200000,2620.87264974898,220.8726497489797,False,35.58932566642761
de_crossover,10,F10: Composition Function 2,10,20,200000,2620.87264974898,220.8726497489797,False,36.00132894515991
de_crossover,10,F10: Composition Function 2,10,21,200000,2620.8726497489797,220.87264974897928,False,34.798311710357666
de_crossover,10,F10: Composition Function 2,10,22,200000,2620.87264974898,220.8726497489797,False,34.571953773498535
de_crossover,10,F10: Composition Function 2,10,23,200000,2620.87264974898,220.8726497489797,False,34.61091923713684
de_crossover,10,F10: Composition Function 2,10,24,200000,2620.8726497489797,220.87264974897928,False,35.34892296791077
de_crossover,10,F10: Composition Function 2,10,25,200000,2620.8726497489797,220.87264974897928,False,35.888129234313965
de_crossover,10,F10: Composition Function 2,10,26,200000,2620.87264974898,220.8726497489797,False,34.69486594200134
de_crossover,10,F10: Composition Function 2,10,27,200000,2620.8726497489797,220.87264974897928,False,37.0332100391388
de_crossover,10,F10: Composition Function 2,10,28,200000,2620.8726497489797,220.87264974897928,False,35.362977266311646
de_crossover,10,F10: Composition Function 2,10,29,200000,2620.8726497489797,220.87264974897928,False,33.87531518936157
de_crossover,10,F10: Composition Function 2,10,30,200000,2620.87264974898,220.8726497489797,False,34.80559802055359
de_crossover,11,F11: Composition Function 3,10,1,200000,2600.0,0.0,True,51.139997720718384
de_crossover,11,F11: Composition Function 3,10,2,200000,2600.0000000000005,4.547473508864641e-13,True,49.98757219314575
de_crossover,11,F11: Composition Function 3,10,3,200000,2600.0000000000005,4.547473508864641e-13,True,50.94992470741272
de_crossover,11,F11: Composition Function 3,10,4,200000,2600.0,0.0,True,50.74875211715698
de_crossover,11,F11: Composition Function 3,10,5,200000,2600.0000000000005,4.547473508864641e-13,True,51.03389477729797
de_crossover,11,F11: Composition Function 3,10,6,200000,2600.0,0.0,True,50.32499384880066
de_crossover,11,F11: Composition Function 3,10,7,200000,2600.0000000000005,4.547473508864641e-13,True,51.841389179229736
de_crossover,11,F11: Composition Function 3,10,8,200000,2600.0,0.0,True,49.74049091339111
de_crossover,11,F11: Composition Function 3,10,9,200000,2600.0000000000005,4.547473508864641e-13,True,49.67865562438965
de_crossover,11,F11: Composition Function 3,10,10,200000,2600.0000000000005,4.547473508864641e-13,True,51.85845422744751
de_crossover,11,F11: Composition Function 3,10,11,200000,2600.0,0.0,True,50.146090030670166
de_crossover,11,F11: Composition Function 3,10,12,200000,2600.0,0.0,True,50.53984427452088
de_crossover,11,F11: Composition Function 3,10,13,200000,2600.0,0.0,True,51.93026208877564
de_crossover,11,F11: Composition Function 3,10,14,200000,2600.0000000000005,4.547473508864641e-13,True,51.68628811836243
de_crossover,11,F11: Composition Function 3,10,15,200000,2600.0000000000005,4.547473508864641e-13,True,50.52821493148804
de_crossover,11,F11: Composition Function 3,10,16,200000,2600.0,0.0,True,50.34055399894714
de_crossover,11,F11: Composition Function 3,10,17,200000,2600.0,0.0,True,49.98202896118164
de_crossover,11,F11: Composition Function 3,10,18,200000,2600.0000000000005,4.547473508864641e-13,True,50.96784210205078
de_crossover,11,F11: Composition Function 3,10,19,200000,2600.0,0.0,True,50.273584604263306
de_crossover,11,F11: Composition Function 3,10,20,200000,2600.0000000000005,4.547473508864641e-13,True,49.86651372909546
de_crossover,11,F11: Composition Function 3,10,21,200000,2600.0,0.0,True,51.427496910095215
de_crossover,11,F11: Composition Function 3,10,22,200000,2600.0,0.0,True,51.63808536529541
de_crossover,11,F11: Composition Function 3,10,23,200000,2600.0,0.0,True,51.1632559299469
de_crossover,11,F11: Composition Function 3,10,24,200000,2600.0,0.0,True,51.32869982719421
de_crossover,11,F11: Composition Function 3,10,25,200000,2600.0000000000005,4.547473508864641e-13,True,50.95597362518311
de_crossover,11,F11: Composition Function 3,10,26,200000,2600.0,0.0,True,49.91002655029297
de_crossover,11,F11: Composition Function 3,10,27,200000,2600.0,0.0,True,49.84360647201538
de_crossover,11,F11: Composition Function 3,10,28,200000,2600.0000000000005,4.547473508864641e-13,True,49.75463247299194
de_crossover,11,F11: Composition Function 3,10,29,200000,2600.0,0.0,True,51.11038327217102
de_crossover,11,F11: Composition Function 3,10,30,200000,2600.0,0.0,True,50.56673359870911
de_crossover,12,F12: Composition Function 4,10,1,200000,2864.897547592761,164.89754759276093,False,54.81296753883362
de_crossover,12,F12: Composition Function 4,10,2,200000,2864.4940108481355,164.49401084813553,False,55.17469000816345
de_crossover,12,F12: Composition Function 4,10,3,200000,2865.8917707706573,165.89177077065733,False,52.92067742347717
de_crossover,12,F12: Composition Function 4,10,4,200000,2865.8917837819017,165.89178378190172,False,54.710284948349
de_crossover,12,F12: Composition Function 4,10,5,200000,2864.4741084297725,164.4741084297725,False,56.22632670402527
de_crossover,12,F12: Composition Function 4,10,6,200000,2864.0139712494997,164.01397124949926,False,54.6240770816803
de_crossover,12,F12: Composition Function 4,10,7,200000,2865.891781149925,165.89178114992546,False,56.00100660324097
de_crossover,12,F12: Composition Function 4,10,8,200000,2864.013989920154,164.01398992015402,False,55.49135231971741
de_crossover,12,F12: Composition Function 4,10,9,200000,2865.8917794059125,165.89177940591253,False,56.55210852622986
de_crossover,12,F12: Composition Function 4,10,10,200000,2864.474143159724,164.474143159724,False,55.46989369392395
de_crossover,12,F12: Composition Function 4,10,11,200000,2864.473733726444,164.4737337264437,False,55.656577825546265
de_crossover,12,F12: Composition Function 4,10,12,200000,2865.8917741046203,165.89177410462025,False,55.93710923194885
de_crossover,12,F12: Composition Function 4,10,13,200000,2864.4752552856808,164.47525528568076,False,55.15245246887207
de_crossover,12,F12: Composition Function 4,10,14,200000,2864.0139670561603,164.01396705616023,False,55.89241576194763
de_crossover,12,F12: Composition Function 4,10,15,200000,2864.013981542389,164.01398154238905,False,56.7355375289917
de_crossover,12,F12: Composition Function 4,10,16,200000,2865.891768873741,165.8917688737415,False,55.60534048080444
de_crossover,12,F12: Composition Function 4,10,17,200000,2864.4742194159157,164.4742194159153,False,55.488754749298096
de_crossover,12,F12: Composition Function 4,10,18,200000,2864.4744987657123,164.47449876571227,False,55.684701681137085
de_crossover,12,F12: Composition Function 4,10,19,200000,2864.4741975518536,164.47419755185365,False,54.87141180038452
de_crossover,12,F12: Composition Function 4,10,20,200000,2864.0139557964576,164.0139557964576,False,56.41186189651489
de_crossover,12,F12: Composition Function 4,10,21,200000,2865.8917738809205,165.89177388092048,False,54.90718913078308
de_crossover,12,F12: Composition Function 4,10,22,200000,2864.474072530875,164.47407253087522,False,56.18753123283386
de_crossover,12,F12: Composition Function 4,10,23,200000,2864.4741049661743,164.4741049661743,False,54.1049873828888
de_crossover,12,F12: Composition Function 4,10,24,200000,2864.4740741891624,164.47407418916237,False,54.737672328948975
de_crossover,12,F12: Composition Function 4,10,25,200000,2864.47426831512,164.47426831511984,False,55.6560046672821
de_crossover,12,F12: Composition Function 4,10,26,200000,2864.474050766588,164.47405076658788,False,56.40161991119385
de_crossover,12,F12: Composition Function 4,10,27,200000,2864.47395757416,164.4739575741596,False,55.72873663902283
de_crossover,12,F12: Composition Function 4,10,28,200000,2864.473995691946,164.47399569194613,False,55.96733212471008
de_crossover,12,F12: Composition Function 4,10,29,200000,2865.891775176244,165.89177517624375,False,55.53416419029236
de_crossover,12,F12: Composition Function 4,10,30,200000,2864.474164843996,164.47416484399582,False,57.64257717132568
de_crossover,1,F1: Shifted and full Rotated Zakharov Function,20,1,1000000,300.0,0.0,True,66.26743221282959
de_crossover,1,F1: Shifted and full Rotated Zakharov Function,20,2,1000000,300.0,0.0,True,65.81912302970886
de_crossover,1,F1: Shifted and full Rotated Zakharov Function,20,3,1000000,300.0,0.0,True,65.70788478851318
de_crossover,1,F1: Shifted and full Rotated Zakharov Function,20,4,1000000,300.0,0.0,True,66.01954412460327
de_crossover,1,F1: Shifted and full Rotated Zakharov Function,20,5,1000000,300.0,0.0,True,65.27136611938477
de_crossover,1,F1: Shifted and full Rotated Zakharov Function,20,6,1000000,300.0,0.0,True,64.84234237670898
de_crossover,1,F1: Shifted and full Rotated Zakharov Function,20,7,1000000,300.0,0.0,True,65.40240263938904
de_crossover,1,F1: Shifted and full Rotated Zakharov Function,20,8,1000000,300.0,0.0,True,67.23211717605591
de_crossover,1,F1: Shifted and full Rotated Zakharov Function,20,9,1000000,300.0,0.0,True,65.68642807006836
de_crossover,1,F1: Shifted and full Rotated Zakharov Function,20,10,1000000,300.0,0.0,True,66.5155930519104
de_crossover,1,F1: Shifted and full Rotated Zakharov Function,20,11,1000000,300.0,0.0,True,66.15290260314941
de_crossover,1,F1: Shifted and full Rotated Zakharov Function,20,12,1000000,300.0,0.0,True,65.56806254386902
de_crossover,1,F1: Shifted and full Rotated Zakharov Function,20,13,1000000,300.0,0.0,True,66.68542551994324
de_crossover,1,F1: Shifted and full Rotated Zakharov Function,20,14,1000000,300.0,0.0,True,66.97745633125305
de_crossover,1,F1: Shifted and full Rotated Zakharov Function,20,15,1000000,300.0,0.0,True,65.63472938537598
de_crossover,1,F1: Shifted and full Rotated Zakharov Function,20,16,1000000,300.0,0.0,True,65.92808079719543
de_crossover,1,F1: Shifted and full Rotated Zakharov Function,20,17,1000000,300.0,0.0,True,66.0425980091095
de_crossover,1,F1: Shifted and full Rotated Zakharov Function,20,18,1000000,300.0,0.0,True,65.45931434631348
de_crossover,1,F1: Shifted and full Rotated Zakharov Function,20,19,1000000,300.0,0.0,True,67.08327341079712
de_crossover,1,F1: Shifted and full Rotated Zakharov Function,20,20,1000000,300.0,0.0,True,65.77656126022339
de_crossover,1,F1: Shifted and full Rotated Zakharov Function,20,21,1000000,300.0,0.0,True,66.45781350135803
de_crossover,1,F1: Shifted and full Rotated Zakharov Function,20,22,1000000,300.0,0.0,True,67.67429113388062
de_crossover,1,F1: Shifted and full Rotated Zakharov Function,20,23,1000000,300.0,0.0,True,67.6782751083374
de_crossover,1,F1: Shifted and full Rotated Zakharov Function,20,24,1000000,300.0,0.0,True,66.06348037719727
de_crossover,1,F1: Shifted and full Rotated Zakharov Function,20,25,1000000,300.0,0.0,True,68.96765303611755
de_crossover,1,F1: Shifted and full Rotated Zakharov Function,20,26,1000000,300.0,0.0,True,70.68739771842957
de_crossover,1,F1: Shifted and full Rotated Zakharov Function,20,27,1000000,300.0,0.0,True,69.34516620635986
de_crossover,1,F1: Shifted and full Rotated Zakharov Function,20,28,1000000,300.0,0.0,True,69.55297875404358
de_crossover,1,F1: Shifted and full Rotated Zakharov Function,20,29,1000000,300.0,0.0,True,69.4868311882019
de_crossover,1,F1: Shifted and full Rotated Zakharov Function,20,30,1000000,300.0,0.0,True,70.51244759559631
de_crossover,2,F2: Shifted and Rotated Rosenbrock’s Function,20,1,1000000,444.8954693174513,44.89546931745133,False,74.51302981376648
de_crossover,2,F2: Shifted and Rotated Rosenbrock’s Function,20,2,1000000,449.0844789794812,49.08447897948122,False,74.18866896629333
de_crossover,2,F2: Shifted and Rotated Rosenbrock’s Function,20,3,1000000,444.8954693174513,44.89546931745133,False,72.012779712677
de_crossover,2,F2: Shifted and Rotated Rosenbrock’s Function,20,4,1000000,444.8954693174513,44.89546931745133,False,74.03282594680786
de_crossover,2,F2: Shifted and Rotated Rosenbrock’s Function,20,5,1000000,444.8954693174513,44.89546931745133,False,77.4940710067749
de_crossover,2,F2: Shifted and Rotated Rosenbrock’s Function,20,6,1000000,449.0844789794812,49.08447897948122,False,77.1287293434143
de_crossover,2,F2: Shifted and Rotated Rosenbrock’s Function,20,7,1000000,449.0844789794812,49.08447897948122,False,75.34393382072449
de_crossover,2,F2: Shifted and Rotated Rosenbrock’s Function,20,8,1000000,444.8954693174513,44.89546931745133,False,73.94876265525818
de_crossover,2,F2: Shifted and Rotated Rosenbrock’s Function,20,9,1000000,444.8954693174513,44.89546931745133,False,73.4557433128357
de_crossover,2,F2: Shifted and Rotated Rosenbrock’s Function,20,10,1000000,444.8954693174513,44.89546931745133,False,73.68919086456299
de_crossover,2,F2: Shifted and Rotated Rosenbrock’s Function,20,11,1000000,449.0844789794812,49.08447897948122,False,59.52758455276489
de_crossover,2,F2: Shifted and Rotated Rosenbrock’s Function,20,12,1000000,444.8954693174513,44.89546931745133,False,61.37546253204346
de_crossover,2,F2: Shifted and Rotated Rosenbrock’s Function,20,13,1000000,444.8954693174513,44.89546931745133,False,56.37805080413818
de_crossover,2,F2: Shifted and Rotated Rosenbrock’s Function,20,14,1000000,444.8954693174513,44.89546931745133,False,60.70189023017883
de_crossover,2,F2: Shifted and Rotated Rosenbrock’s Function,20,15,1000000,444.8954693174513,44.89546931745133,False,73.00465059280396
de_crossover,2,F2: Shifted and Rotated Rosenbrock’s Function,20,16,1000000,444.8954693174513,44.89546931745133,False,73.09264063835144
de_crossover,2,F2: Shifted and Rotated Rosenbrock’s Function,20,17,1000000,444.8954693174513,44.89546931745133,False,75.51587796211243
de_crossover,2,F2: Shifted and Rotated Rosenbrock’s Function,20,18,1000000,444.8954693174513,44.89546931745133,False,76.21868109703064
de_crossover,2,F2: Shifted and Rotated Rosenbrock’s Function,20,19,1000000,444.8954693174513,44.89546931745133,False,72.15160942077637
de_crossover,2,F2: Shifted and Rotated Rosenbrock’s Function,20,20,1000000,449.0844789794812,49.08447897948122,False,72.1297037601471
de_crossover,2,F2: Shifted and Rotated Rosenbrock’s Function,20,21,1000000,444.8954693174513,44.89546931745133,False,71.29176473617554
de_crossover,2,F2: Shifted and Rotated Rosenbrock’s Function,20,22,1000000,444.8954693174513,44.89546931745133,False,74.47877073287964
de_crossover,2,F2: Shifted and Rotated Rosenbrock’s Function,20,23,1000000,444.8954693174513,44.89546931745133,False,73.31871438026428
de_crossover,2,F2: Shifted and Rotated Rosenbrock’s Function,20,24,1000000,444.8954693174513,44.89546931745133,False,73.58135652542114
de_crossover,2,F2: Shifted and Rotated Rosenbrock’s Function,20,25,1000000,444.8954693174513,44.89546931745133,False,73.45173692703247
de_crossover,2,F2: Shifted and Rotated Rosenbrock’s Function,20,26,1000000,444.8954693174513,44.89546931745133,False,72.86038255691528
de_crossover,2,F2: Shifted and Rotated Rosenbrock’s Function,20,27,1000000,444.8954693174513,44.89546931745133,False,73.96930742263794
de_crossover,2,F2: Shifted and Rotated Rosenbrock’s Function,20,28,1000000,449.0844789794812,49.08447897948122,False,75.92314410209656
de_crossover,2,F2: Shifted and Rotated Rosenbrock’s Function,20,29,1000000,444.8954693174513,44.89546931745133,False,72.04450368881226
de_crossover,2,F2: Shifted and Rotated Rosenbrock’s Function,20,30,1000000,444.8954693174513,44.89546931745133,False,72.4986526966095
de_crossover,3,F3: Shifted and full Rotated Expanded Schaffer’s F7,20,1,1000000,600.0,0.0,True,96.06243324279784
de_crossover,3,F3: Shifted and full Rotated Expanded Schaffer’s F7,20,2,1000000,600.0,0.0,True,93.9071056842804
de_crossover,3,F3: Shifted and full Rotated Expanded Schaffer’s F7,20,3,1000000,600.0,0.0,True,94.3206832408905
de_crossover,3,F3: Shifted and full Rotated Expanded Schaffer’s F7,20,4,1000000,600.0,0.0,True,94.98928451538086
de_crossover,3,F3: Shifted and full Rotated Expanded Schaffer’s F7,20,5,1000000,600.0,0.0,True,78.1876790523529
de_crossover,3,F3: Shifted and full Rotated Expanded Schaffer’s F7,20,6,1000000,600.0,0.0,True,89.17266774177551
de_crossover,3,F3: Shifted and full Rotated Expanded Schaffer’s F7,20,7,1000000,600.0,0.0,True,92.2366394996643
de_crossover,3,F3: Shifted and full Rotated Expanded Schaffer’s F7,20,8,1000000,600.0,0.0,True,92.810448884964
de_crossover,3,F3: Shifted and full Rotated Expanded Schaffer’s F7,20,9,1000000,600.0,0.0,True,92.64202165603638
de_crossover,3,F3: Shifted and full Rotated Expanded Schaffer’s F7,20,10,1000000,600.0,0.0,True,85.01454591751099
de_crossover,3,F3: Shifted and full Rotated Expanded Schaffer’s F7,20,11,1000000,600.0,0.0,True,93.90772914886476
de_crossover,3,F3: Shifted and full Rotated Expanded Schaffer’s F7,20,12,1000000,600.0,0.0,True,98.62063908576964
de_crossover,3,F3: Shifted and full Rotated Expanded Schaffer’s F7,20,13,1000000,600.0,0.0,True,97.96595239639282
de_crossover,3,F3: Shifted and full Rotated Expanded Schaffer’s F7,20,14,1000000,600.0,0.0,True,94.62397503852844
de_crossover,3,F3: Shifted and full Rotated Expanded Schaffer’s F7,20,15,1000000,600.0,0.0,True,96.28316569328308
de_crossover,3,F3: Shifted and full Rotated Expanded Schaffer’s F7,20,16,1000000,600.0,0.0,True,96.68363213539124
de_crossover,3,F3: Shifted and full Rotated Expanded Schaffer’s F7,20,17,1000000,600.0,0.0,True,94.80331230163574
de_crossover,3,F3: Shifted and full Rotated Expanded Schaffer’s F7,20,18,1000000,600.0,0.0,True,96.96845722198486
de_crossover,3,F3: Shifted and full Rotated Expanded Schaffer’s F7,20,19,1000000,600.0,0.0,True,95.3764340877533
de_crossover,3,F3: Shifted and full Rotated Expanded Schaffer’s F7,20,20,1000000,600.0,0.0,True,94.98006081581116
de_crossover,3,F3: Shifted and full Rotated Expanded Schaffer’s F7,20,21,1000000,600.0,0.0,True,94.71318316459656
de_crossover,3,F3: Shifted and full Rotated Expanded Schaffer’s F7,20,22,1000000,600.0,0.0,True,97.433034658432
de_crossover,3,F3: Shifted and full Rotated Expanded Schaffer’s F7,20,23,1000000,600.0,0.0,True,97.08864307403564
de_crossover,3,F3: Shifted and full Rotated Expanded Schaffer’s F7,20,24,1000000,600.0,0.0,True,98.02121448516846
de_crossover,3,F3: Shifted and full Rotated Expanded Schaffer’s F7,20,25,1000000,600.0,0.0,True,97.79507064819336
de_crossover,3,F3: Shifted and full Rotated Expanded Schaffer’s F7,20,26,1000000,600.0,0.0,True,94.89732360839844
de_crossover,3,F3: Shifted and full Rotated Expanded Schaffer’s F7,20,27,1000000,600.0,0.0,True,95.07002782821657
de_crossover,3,F3: Shifted and full Rotated Expanded Schaffer’s F7,20,28,1000000,600.0,0.0,True,88.69572377204895
de_crossover,3,F3: Shifted and full Rotated Expanded Schaffer’s F7,20,29,1000000,600.0,0.0,True,70.94338059425354
de_crossover,3,F3: Shifted and full Rotated Expanded Schaffer’s F7,20,30,1000000,600.0,0.0,True,93.74031352996826
de_crossover,4,F4: Shifted and Rotated Non-Continuous Rastrigin’s Function,20,1,1000000,975.4113975233792,175.41139752337915,False,121.6471300125122
de_crossover,4,F4: Shifted and Rotated Non-Continuous Rastrigin’s Function,20,2,1000000,967.1774073114595,167.17740731145966,False,123.50053215026855
de_crossover,4,F4: Shifted and Rotated Non-Continuous Rastrigin’s Function,20,3,1000000,981.9311239501218,181.9311239501218,False,121.51549863815308
de_crossover,4,F4: Shifted and Rotated Non-Continuous Rastrigin’s Function,20,4,1000000,921.4662423299906,121.46624232999056,False,119.1427698135376
de_crossover,4,F4: Shifted and Rotated Non-Continuous Rastrigin’s Function,20,5,1000000,980.4678198283016,180.4678198283016,False,116.96451044082642
de_crossover,4,F4: Shifted and Rotated Non-Continuous Rastrigin’s Function,20,6,1000000,994.7846497912872,194.7846497912872,False,121.56149911880492
de_crossover,4,F4: Shifted and Rotated Non-Continuous Rastrigin’s Function,20,7,1000000,988.3672135472776,188.36721354727771,False,125.2813892364502
de_crossover,4,F4: Shifted and Rotated Non-Continuous Rastrigin’s Function,20,8,1000000,970.4563870056008,170.45638700560073,False,123.56567025184631
de_crossover,4,F4: Shifted and Rotated Non-Continuous Rastrigin’s Function,20,9,1000000,960.8683004497829,160.86830044978285,False,124.510981798172
de_crossover,4,F4: Shifted and Rotated Non-Continuous Rastrigin’s Function,20,10,1000000,978.7845716223084,178.78457162230836,False,123.20358276367188
de_crossover,4,F4: Shifted and Rotated Non-Continuous Rastrigin’s Function,20,11,1000000,945.509604957791,145.509604957791,False,122.64839482307434
de_crossover,4,F4: Shifted and Rotated Non-Continuous Rastrigin’s Function,20,12,1000000,971.2431927765874,171.24319277658742,False,122.48018789291382
de_crossover,4,F4: Shifted and Rotated Non-Continuous Rastrigin’s Function,20,13,1000000,955.8123453592686,155.81234535926865,False,123.48461294174194
de_crossover,4,F4: Shifted and Rotated Non-Continuous Rastrigin’s Function,20,14,1000000,973.359044806947,173.35904480694705,False,120.56877279281616
de_crossover,4,F4: Shifted and Rotated Non-Continuous Rastrigin’s Function,20,15,1000000,972.4560484844748,172.45604848447488,False,118.83372735977171
de_crossover,4,F4: Shifted and Rotated Non-Continuous Rastrigin’s Function,20,16,1000000,928.3729109931352,128.37291099313506,False,95.0973253250122
de_crossover,4,F4: Shifted and Rotated Non-Continuous Rastrigin’s Function,20,17,1000000,969.024880266732,169.024880266732,False,98.28764128684998
de_crossover,4,F4: Shifted and Rotated Non-Continuous Rastrigin’s Function,20,18,1000000,965.178257373634,165.1782573736341,False,121.44213676452635
de_crossover,4,F4: Shifted and Rotated Non-Continuous Rastrigin’s Function,20,19,1000000,970.8871317312748,170.88713173127485,False,118.74094009399414
de_crossover,4,F4: Shifted and Rotated Non-Continuous Rastrigin’s Function,20,20,1000000,949.1518264064046,149.15182640640455,False,119.61678695678712
de_crossover,4,F4: Shifted and Rotated Non-Continuous Rastrigin’s Function,20,21,1000000,930.1698829607078,130.1698829607078,False,119.90572094917296
de_crossover,4,F4: Shifted and Rotated Non-Continuous Rastrigin’s Function,20,22,1000000,960.9473763121078,160.94737631210785,False,118.49430346488953
de_crossover,4,F4: Shifted and Rotated Non-Continuous Rastrigin’s Function,20,23,1000000,981.6782230365582,181.67822303655817,False,118.10570740699768
de_crossover,4,F4: Shifted and Rotated Non-Continuous Rastrigin’s Function,20,24,1000000,918.2424307209787,118.24243072097876,False,118.46048092842102
de_crossover,4,F4: Shifted and Rotated Non-Continuous Rastrigin’s Function,20,25,1000000,970.0278687404284,170.0278687404284,False,118.44429802894592
de_crossover,4,F4: Shifted and Rotated Non-Continuous Rastrigin’s Function,20,26,1000000,980.6690235907616,180.66902359076155,False,119.43413710594176
de_crossover,4,F4: Shifted and Rotated Non-Continuous Rastrigin’s Function,20,27,1000000,979.9647324479912,179.9647324479913,False,119.51976418495178
de_crossover,4,F4: Shifted and Rotated Non-Continuous Rastrigin’s Function,20,28,1000000,985.0710894435366,185.0710894435366,False,118.58005332946776
de_crossover,4,F4: Shifted and Rotated Non-Continuous Rastrigin’s Function,20,29,1000000,995.145419574471,195.14541957447105,False,118.311461687088
de_crossover,4,F4: Shifted and Rotated Non-Continuous Rastrigin’s Function,20,30,1000000,985.1585333357342,185.1585333357342,False,117.41056871414185
de_crossover,5,F5: Shifted and Rotated Levy Function,20,1,1000000,900.0,0.0,True,81.84097409248352
de_crossover,5,F5: Shifted and Rotated Levy Function,20,2,1000000,900.0,0.0,True,82.46309900283813
de_crossover,5,F5: Shifted and Rotated Levy Function,20,3,1000000,900.0,0.0,True,82.30645632743835
de_crossover,5,F5: Shifted and Rotated Levy Function,20,4,1000000,900.0,0.0,True,80.78976702690125
de_crossover,5,F5: Shifted and Rotated Levy Function,20,5,1000000,900.0,0.0,True,81.56204462051392
de_crossover,5,F5: Shifted and Rotated Levy Function,20,6,1000000,900.0,0.0,True,80.95248174667358
de_crossover,5,F5: Shifted and Rotated Levy Function,20,7,1000000,900.0,0.0,True,81.09396743774414
de_crossover,5,F5: Shifted and Rotated Levy Function,20,8,1000000,900.0,0.0,True,83.3120551109314
de_crossover,5,F5: Shifted and Rotated Levy Function,20,9,1000000,900.0,0.0,True,82.19068098068237
de_crossover,5,F5: Shifted and Rotated Levy Function,20,10,1000000,900.0,0.0,True,81.71426653862
de_crossover,5,F5: Shifted and Rotated Levy Function,20,11,1000000,900.0,0.0,True,82.67576909065247
de_crossover,5,F5: Shifted and Rotated Levy Function,20,12,1000000,900.0,0.0,True,81.47523069381714
de_crossover,5,F5: Shifted and Rotated Levy Function,20,13,1000000,900.0,0.0,True,77.37010908126831
de_crossover,5,F5: Shifted and Rotated Levy Function,20,14,1000000,900.0,0.0,True,83.57241296768188
de_crossover,5,F5: Shifted and Rotated Levy Function,20,15,1000000,900.0,0.0,True,86.06340217590332
de_crossover,5,F5: Shifted and Rotated Levy Function,20,16,1000000,900.0,0.0,True,83.82695722579956
de_crossover,5,F5: Shifted and Rotated Levy Function,20,17,1000000,900.0,0.0,True,84.9537627696991
de_crossover,5,F5: Shifted and Rotated Levy Function,20,18,1000000,900.0,0.0,True,83.30820178985596
de_crossover,5,F5: Shifted and Rotated Levy Function,20,19,1000000,900.0,0.0,True,83.66595935821533
de_crossover,5,F5: Shifted and Rotated Levy Function,20,20,1000000,900.0,0.0,True,83.04200482368469
de_crossover,5,F5: Shifted and Rotated Levy Function,20,21,1000000,900.0,0.0,True,82.94550848007202
de_crossover,5,F5: Shifted and Rotated Levy Function,20,22,1000000,900.0,0.0,True,85.20852375030518
de_crossover,5,F5: Shifted and Rotated Levy Function,20,23,1000000,900.0,0.0,True,81.60485363006592
de_crossover,5,F5: Shifted and Rotated Levy Function,20,24,1000000,900.0,0.0,True,80.72116255760193
de_crossover,5,F5: Shifted and Rotated Levy Function,20,25,1000000,900.0,0.0,True,81.38776874542236
de_crossover,5,F5: Shifted and Rotated Levy Function,20,26,1000000,900.0,0.0,True,80.99477648735046
de_crossover,5,F5: Shifted and Rotated Levy Function,20,27,1000000,900.0,0.0,True,82.25557899475098
de_crossover,5,F5: Shifted and Rotated Levy Function,20,28,1000000,900.0,0.0,True,82.39200282096863
de_crossover,5,F5: Shifted and Rotated Levy Function,20,29,1000000,900.0,0.0,True,81.24970960617065
de_crossover,5,F5: Shifted and Rotated Levy Function,20,30,1000000,900.0,0.0,True,82.1630961894989
de_crossover,6,F6: Hybrid Function 1,20,1,1000000,17487652.05731354,17485852.05731354,False,91.37111353874208
de_crossover,6,F6: Hybrid Function 1,20,2,1000000,4062745.069611714,4060945.069611714,False,92.3875126838684
de_crossover,6,F6: Hybrid Function 1,20,3,1000000,14205609.031770265,14203809.031770265,False,91.19032073020936
de_crossover,6,F6: Hybrid Function 1,20,4,1000000,18008352.228247866,18006552.228247866,False,91.65708589553832
de_crossover,6,F6: Hybrid Function 1,20,5,1000000,12247255.868899036,12245455.868899036,False,91.902601480484
de_crossover,6,F6: Hybrid Function 1,20,6,1000000,24186516.261029623,24184716.261029623,False,91.30451560020448
de_crossover,6,F6: Hybrid Function 1,20,7,1000000,7603710.751387389,7601910.751387389,False,87.31191325187683
de_crossover,6,F6: Hybrid Function 1,20,8,1000000,10323538.54676205,10321738.54676205,False,87.46915221214294
de_crossover,6,F6: Hybrid Function 1,20,9,1000000,20096027.31200808,20094227.31200808,False,89.8452033996582
de_crossover,6,F6: Hybrid Function 1,20,10,1000000,8754706.981336987,8752906.981336987,False,87.34588289260864
de_crossover,6,F6: Hybrid Function 1,20,11,1000000,17037493.194390476,17035693.194390476,False,87.1505515575409
de_crossover,6,F6: Hybrid Function 1,20,12,1000000,21235258.46786133,21233458.46786133,False,88.1760561466217
de_crossover,6,F6: Hybrid Function 1,20,13,1000000,5705832.978738205,5704032.978738205,False,90.11423635482788
de_crossover,6,F6: Hybrid Function 1,20,14,1000000,20153897.82990854,20152097.82990854,False,87.27071022987366
de_crossover,6,F6: Hybrid Function 1,20,15,1000000,13639975.991289474,13638175.991289474,False,86.79317474365234
de_crossover,6,F6: Hybrid Function 1,20,16,1000000,11455978.671635026,11454178.671635026,False,88.36300826072693
de_crossover,6,F6: Hybrid Function 1,20,17,1000000,14317532.129135836,14315732.129135836,False,89.97026777267456
de_crossover,6,F6: Hybrid Function 1,20,18,1000000,13786283.997946562,13784483.997946562,False,88.62319302558899
de_crossover,6,F6: Hybrid Function 1,20,19,1000000,10280218.904152736,10278418.904152736,False,88.81821393966675
de_crossover,6,F6: Hybrid Function 1,20,20,1000000,10080165.514767207,10078365.514767207,False,88.36588382720947
de_crossover,6,F6: Hybrid Function 1,20,21,1000000,13548855.135563832,13547055.135563832,False,88.71859097480774
de_crossover,6,F6: Hybrid Function 1,20,22,1000000,10309242.260012375,10307442.260012375,False,88.87582778930664
de_crossover,6,F6: Hybrid Function 1,20,23,1000000,27325045.95235782,27323245.95235782,False,87.60599732398987
de_crossover,6,F6: Hybrid Function 1,20,24,1000000,19176960.200389378,19175160.200389378,False,88.33390283584595
de_crossover,6,F6: Hybrid Function 1,20,25,1000000,15636755.69520744,15634955.69520744,False,88.10150098800659
de_crossover,6,F6: Hybrid Function 1,20,26,1000000,8912271.16335223,8910471.16335223,False,86.65763688087463
de_crossover,6,F6: Hybrid Function 1,20,27,1000000,18089409.47178262,18087609.47178262,False,87.41982173919678
de_crossover,6,F6: Hybrid Function 1,20,28,1000000,9189913.386939587,9188113.386939587,False,87.4066379070282
de_crossover,6,F6: Hybrid Function 1,20,29,1000000,15538212.675439509,15536412.675439509,False,86.18692088127136
de_crossover,6,F6: Hybrid Function 1,20,30,1000000,12625051.099212218,12623251.099212218,False,87.93408536911011
de_crossover,7,F7: Hybrid Function 2,20,1,1000000,2144.634108072152,144.63410807215223,False,789.7001729011536
de_crossover,7,F7: Hybrid Function 2,20,2,1000000,2129.537258307689,129.53725830768917,False,795.2342958450317
de_crossover,7,F7: Hybrid Function 2,20,3,1000000,2109.582419749543,109.58241974954308,False,784.4791069030762
de_crossover,7,F7: Hybrid Function 2,20,4,1000000,2165.806893176569,165.8068931765688,False,795.3869807720184
de_crossover,7,F7: Hybrid Function 2,20,5,1000000,2131.9580455198097,131.95804551980973,False,797.5285263061523
de_crossover,7,F7: Hybrid Function 2,20,6,1000000,2141.3287035855774,141.3287035855774,False,792.3220133781433
de_crossover,7,F7: Hybrid Function 2,20,7,1000000,2108.059914188536,108.05991418853591,False,789.0126557350159
de_crossover,7,F7: Hybrid Function 2,20,8,1000000,2116.404153374413,116.404153374413,False,799.907265663147
de_crossover,7,F7: Hybrid Function 2,20,9,1000000,2206.337930711221,206.3379307112209,False,789.548061132431
de_crossover,7,F7: Hybrid Function 2,20,10,1000000,2109.376127503955,109.3761275039551,False,794.7000074386597
de_crossover,7,F7: Hybrid Function 2,20,11,1000000,2107.082862754999,107.08286275499904,False,795.0671615600586
de_crossover,7,F7: Hybrid Function 2,20,12,1000000,2140.4267553607388,140.42675536073875,False,791.3391013145447
de_crossover,7,F7: Hybrid Function 2,20,13,1000000,2122.267021420618,122.26702142061822,False,796.1191573143005
de_crossover,7,F7: Hybrid Function 2,20,14,1000000,2096.1991819066607,96.19918190666068,False,792.3075377941132
de_crossover,7,F7: Hybrid Function 2,20,15,1000000,2126.3961604871893,126.39616048718926,False,786.0115830898285
de_crossover,7,F7: Hybrid Function 2,20,16,1000000,2151.838502576171,151.83850257617087,False,793.6831841468811
de_crossover,7,F7: Hybrid Function 2,20,17,1000000,2141.0544189941406,141.05441899414063,False,789.2068784236908
de_crossover,7,F7: Hybrid Function 2,20,18,1000000,2128.906658784241,128.90665878424124,False,790.9142744541168
de_crossover,7,F7: Hybrid Function 2,20,19,1000000,2116.6876705640498,116.68767056404975,False,791.4498834609985
de_crossover,7,F7: Hybrid Function 2,20,20,1000000,2137.8058392618304,137.80583926183044,False,783.3546712398529
de_crossover,7,F7: Hybrid Function 2,20,21,1000000,2116.7869919368845,116.78699193688452,False,792.3291776180267
de_crossover,7,F7: Hybrid Function 2,20,22,1000000,2102.8664197552216,102.8664197552216,False,793.5915493965149
de_crossover,7,F7: Hybrid Function 2,20,23,1000000,2100.162822614348,100.162822614348,False,785.48166847229
de_crossover,7,F7: Hybrid Function 2,20,24,1000000,2104.714480588651,104.714480588651,False,794.8830094337463
de_crossover,7,F7: Hybrid Function 2,20,25,1000000,2144.169182805698,144.1691828056978,False,787.8087174892426
de_crossover,7,F7: Hybrid Function 2,20,26,1000000,2089.5837985384223,89.58379853842234,False,788.613648891449
de_crossover,7,F7: Hybrid Function 2,20,27,1000000,2133.8508987162327,133.85089871623268,False,792.301031589508
de_crossover,7,F7: Hybrid Function 2,20,28,1000000,2100.135220565739,100.13522056573902,False,795.0352907180786
de_crossover,7,F7: Hybrid Function 2,20,29,1000000,2136.757278596215,136.7572785962152,False,794.4396715164185
de_crossover,7,F7: Hybrid Function 2,20,30,1000000,2128.431846719013,128.4318467190128,False,796.229282617569
de_crossover,8,F8: Hybrid Function 3,20,1,1000000,2486.0725777550897,286.0725777550897,False,1085.5154201984406
de_crossover,8,F8: Hybrid Function 3,20,2,1000000,2794.022086709774,594.0220867097742,False,1092.093513250351
de_crossover,8,F8: Hybrid Function 3,20,3,1000000,2541.117623239139,341.117623239139,False,1096.716570854187
de_crossover,8,F8: Hybrid Function 3,20,4,1000000,3287.358793395001,1087.3587933950012,False,1098.6038763523102
de_crossover,8,F8: Hybrid Function 3,20,5,1000000,2650.0763530397235,450.0763530397235,False,1100.621149301529
de_crossover,8,F8: Hybrid Function 3,20,6,1000000,2779.1717549782807,579.1717549782807,False,1092.6475162506104
de_crossover,8,F8: Hybrid Function 3,20,7,1000000,2646.7200165101326,446.7200165101326,False,1094.0175774097445
de_crossover,8,F8: Hybrid Function 3,20,8,1000000,2475.3654156927105,275.3654156927105,False,1099.9102358818054
de_crossover,8,F8: Hybrid Function 3,20,9,1000000,3004.4145256175284,804.4145256175284,False,1099.3131155967712
de_crossover,8,F8: Hybrid Function 3,20,10,1000000,2885.9218151106456,685.9218151106456,False,1107.302430152893
de_crossover,8,F8: Hybrid Function 3,20,11,1000000,2396.989927188728,196.989927188728,False,1096.6784753799438
de_crossover,8,F8: Hybrid Function 3,20,12,1000000,2747.618304679984,547.6183046799842,False,1097.5746865272522
de_crossover,8,F8: Hybrid Function 3,20,13,1000000,2423.2990366266517,223.2990366266513,False,1097.6170949935913
de_crossover,8,F8: Hybrid Function 3,20,14,1000000,2526.167364675101,326.167364675101,False,1109.504787683487
de_crossover,8,F8: Hybrid Function 3,20,15,1000000,2541.8973274740706,341.8973274740706,False,1099.1762425899506
de_crossover,8,F8: Hybrid Function 3,20,16,1000000,2620.2133148784387,420.2133148784387,False,1095.7348759174347
de_crossover,8,F8: Hybrid Function 3,20,17,1000000,3126.518789980291,926.5187899802908,False,1098.4548258781433
de_crossover,8,F8: Hybrid Function 3,20,18,1000000,3023.409785036005,823.4097850360049,False,1101.0794944763184
de_crossover,8,F8: Hybrid Function 3,20,19,1000000,2596.637204433704,396.637204433704,False,1098.260348558426
de_crossover,8,F8: Hybrid Function 3,20,20,1000000,2780.202144856698,580.2021448566979,False,1090.154334306717
de_crossover,8,F8: Hybrid Function 3,20,21,1000000,2481.1006188976835,281.1006188976835,False,1089.5266757011414
de_crossover,8,F8: Hybrid Function 3,20,22,1000000,2712.9843185355912,512.9843185355912,False,1097.354454278946
de_crossover,8,F8: Hybrid Function 3,20,23,1000000,2632.315511933809,432.3155119338089,False,1096.6049423217771
de_crossover,8,F8: Hybrid Function 3,20,24,1000000,2493.201955009146,293.2019550091459,False,1099.6309831142426
de_crossover,8,F8: Hybrid Function 3,20,25,1000000,2397.8321513175183,197.8321513175183,False,1095.6722383499146
de_crossover,8,F8: Hybrid Function 3,20,26,1000000,2326.526025508878,126.52602550887786,False,1096.7342853546145
de_crossover,8,F8: Hybrid Function 3,20,27,1000000,2517.3056011697618,317.30560116976176,False,1100.4577960968018
de_crossover,8,F8: Hybrid Function 3,20,28,1000000,2593.380473541064,393.3804735410636,False,1095.1635162830353
de_crossover,8,F8: Hybrid Function 3,20,29,1000000,2507.145862084375,307.14586208437504,False,1037.3326008319857
de_crossover,8,F8: Hybrid Function 3,20,30,1000000,2776.3478950833046,576.3478950833046,False,963.274427652359
de_crossover,9,F9: Composition Function 1,20,1,1000000,2635.6387702721645,335.6387702721645,False,130.01830077171326
de_crossover,9,F9: Composition Function 1,20,2,1000000,2635.638770271737,335.63877027173703,False,123.67310571670532
de_crossover,9,F9: Composition Function 1,20,3,1000000,2635.638770272606,335.63877027260605,False,122.55985569953918
de_crossover,9,F9: Composition Function 1,20,4,1000000,2635.638770272374,335.63877027237413,False,137.86445951461792
de_crossover,9,F9: Composition Function 1,20,5,1000000,2635.6387702733728,335.6387702733728,False,132.3506317138672
de_crossover,9,F9: Composition Function 1,20,6,1000000,2635.638770274368,335.63877027436774,False,124.53349089622498
de_crossover,9,F9: Composition Function 1,20,7,1000000,2635.63877027181,335.6387702718098,False,127.43740963935852
de_crossover,9,F9: Composition Function 1,20,8,1000000,2635.638770272216,335.6387702722159,False,140.51405143737793
de_crossover,9,F9: Composition Function 1,20,9,1000000,2635.6387702720845,335.63877027208446,False,133.88574838638306
de_crossover,9,F9: Composition Function 1,20,10,1000000,2635.6387702728607,335.6387702728607,False,131.05790948867798
de_crossover,9,F9: Composition Function 1,20,11,1000000,2635.6387702735374,335.6387702735374,False,133.78225374221802
de_crossover,9,F9: Composition Function 1,20,12,1000000,2635.638770274671,335.63877027467106,False,135.05913710594177
de_crossover,9,F9: Composition Function 1,20,13,1000000,2635.638770272156,335.63877027215585,False,134.17061758041382
de_crossover,9,F9: Composition Function 1,20,14,1000000,2635.6387702730435,335.6387702730435,False,128.85931396484375
de_crossover,9,F9: Composition Function 1,20,15,1000000,2635.6387702718757,335.6387702718753,False,126.64505577087402
de_crossover,9,F9: Composition Function 1,20,16,1000000,2635.638770271898,335.638770271898,False,130.0231533050537
de_crossover,9,F9: Composition Function 1,20,17,1000000,2635.63877027276,335.63877027275976,False,137.95614075660706
de_crossover,9,F9: Composition Function 1,20,18,1000000,2635.6387702729403,335.6387702729403,False,132.46403217315674
de_crossover,9,F9: Composition Function 1,20,19,1000000,2635.6387702724064,335.6387702724064,False,123.25202894210815
de_crossover,9,F9: Composition Function 1,20,20,1000000,2635.6387702717684,335.6387702717684,False,121.99697852134705
de_crossover,9,F9: Composition Function 1,20,21,1000000,2635.6387702720567,335.6387702720567,False,130.00459909439087
de_crossover,9,F9: Composition Function 1,20,22,1000000,2635.6387702734723,335.63877027347235,False,132.47328186035156
de_crossover,9,F9: Composition Function 1,20,23,1000000,2635.638770273343,335.6387702733432,False,136.45226669311523
de_crossover,9,F9: Composition Function 1,20,24,1000000,2635.638770272345,335.6387702723455,False,139.30480313301086
de_crossover,9,F9: Composition Function 1,20,25,1000000,2635.6387702718994,335.6387702718994,False,170.08113527297974
de_crossover,9,F9: Composition Function 1,20,26,1000000,2635.6387702726524,335.63877027265244,False,162.86459589004517
de_crossover,9,F9: Composition Function 1,20,27,1000000,2635.6387702730435,335.6387702730435,False,135.02764129638672
de_crossover,9,F9: Composition Function 1,20,28,1000000,2635.638770272462,335.6387702724619,False,138.42314863204956
de_crossover,9,F9: Composition Function 1,20,29,1000000,2635.638770272089,335.63877027208946,False,181.71228194236755
de_crossover,9,F9: Composition Function 1,20,30,1000000,2635.638770271749,335.63877027174885,False,168.54734754562378
de_crossover,10,F10: Composition Function 2,20,1,1000000,2795.237174005535,395.2371740055351,False,169.7709836959839
de_crossover,10,F10: Composition Function 2,20,2,1000000,2795.2372763684834,395.2372763684834,False,170.4113645553589
de_crossover,10,F10: Composition Function 2,20,3,1000000,2795.237443828527,395.2374438285269,False,172.50124740600586
de_crossover,10,F10: Composition Function 2,20,4,1000000,2795.2371846030383,395.2371846030383,False,185.3209307193756
de_crossover,10,F10: Composition Function 2,20,5,1000000,2795.2373400614088,395.2373400614088,False,189.9542214870453
de_crossover,10,F10: Composition Function 2,20,6,1000000,2795.2373456734545,395.23734567345446,False,193.58667755126956
de_crossover,10,F10: Composition Function 2,20,7,1000000,2795.2372987374524,395.2372987374524,False,189.91971373558044
de_crossover,10,F10: Composition Function 2,20,8,1000000,2795.238270409235,395.2382704092352,False,192.60281562805176
de_crossover,10,F10: Composition Function 2,20,9,1000000,2795.237231405395,395.2372314053951,False,191.6462411880493
de_crossover,10,F10: Composition Function 2,20,10,1000000,2795.2372696152097,395.2372696152097,False,193.8924515247345
de_crossover,10,F10: Composition Function 2,20,11,1000000,2795.237299245781,395.2372992457808,False,187.50336408615112
de_crossover,10,F10: Composition Function 2,20,12,1000000,2795.2372450918106,395.23724509181056,False,191.09505105018616
de_crossover,10,F10: Composition Function 2,20,13,1000000,2795.237224628057,395.2372246280575,False,188.9331922531128
de_crossover,10,F10: Composition Function 2,20,14,1000000,2795.237608549103,395.2376085491028,False,185.30400443077087
de_crossover,10,F10: Composition Function 2,20,15,1000000,2795.237689945808,395.2376899458077,False,182.68673419952395
de_crossover,10,F10: Composition Function 2,20,16,1000000,2795.2373916926767,395.2373916926768,False,188.90622472763064
de_crossover,10,F10: Composition Function 2,20,17,1000000,2795.2373152862265,395.2373152862265,False,186.67450404167172
de_crossover,10,F10: Composition Function 2,20,18,1000000,2795.237133430523,395.23713343052304,False,189.22932624816892
de_crossover,10,F10: Composition Function 2,20,19,1000000,2795.237307234976,395.237307234976,False,138.2877333164215
de_crossover,10,F10: Composition Function 2,20,20,1000000,2795.237194007214,395.23719400721393,False,124.8083860874176
de_crossover,10,F10: Composition Function 2,20,21,1000000,2795.2374108679464,395.2374108679464,False,181.591543674469
de_crossover,10,F10: Composition Function 2,20,22,1000000,2795.2371783441527,395.2371783441527,False,184.9294948577881
de_crossover,10,F10: Composition Function 2,20,23,1000000,2795.2373692131846,395.2373692131846,False,166.12419152259827
de_crossover,10,F10: Composition Function 2,20,24,1000000,2795.237244331961,395.23724433196094,False,144.3908998966217
de_crossover,10,F10: Composition Function 2,20,25,1000000,2795.2371858339216,395.2371858339216,False,139.5309338569641
de_crossover,10,F10: Composition Function 2,20,26,1000000,2795.237396536675,395.2373965366751,False,163.01719856262207
de_crossover,10,F10: Composition Function 2,20,27,1000000,2795.2373189502982,395.23731895029823,False,179.05345630645752
de_crossover,10,F10: Composition Function 2,20,28,1000000,2795.2373301653884,395.2373301653884,False,145.3054563999176
de_crossover,10,F10: Composition Function 2,20,29,1000000,2795.237364203242,395.2373642032421,False,159.61659622192383
de_crossover,10,F10: Composition Function 2,20,30,1000000,2809.6411344334388,409.6411344334388,False,152.6333224773407
de_crossover,11,F11: Composition Function 3,20,1,1000000,2600.0000000000005,4.547473508864641e-13,True,271.10993695259094
de_crossover,11,F11: Composition Function 3,20,2,1000000,2600.0000000000005,4.547473508864641e-13,True,278.0189266204834
de_crossover,11,F11: Composition Function 3,20,3,1000000,2600.0000000000005,4.547473508864641e-13,True,231.3729565143585
de_crossover,11,F11: Composition Function 3,20,4,1000000,2600.0000000000005,4.547473508864641e-13,True,212.0610709190369
de_crossover,11,F11: Composition Function 3,20,5,1000000,2600.0000000000005,4.547473508864641e-13,True,200.81033039093015
de_crossover,11,F11: Composition Function 3,20,6,1000000,2600.0000000000005,4.547473508864641e-13,True,200.1730501651764
de_crossover,11,F11: Composition Function 3,20,7,1000000,2600.0000000000005,4.547473508864641e-13,True,222.7914192676544
de_crossover,11,F11: Composition Function 3,20,8,1000000,2600.0000000000005,4.547473508864641e-13,True,222.74284195899963
de_crossover,11,F11: Composition Function 3,20,9,1000000,2600.0000000000005,4.547473508864641e-13,True,225.4757730960846
de_crossover,11,F11: Composition Function 3,20,10,1000000,2600.0000000000005,4.547473508864641e-13,True,226.4438726902008
de_crossover,11,F11: Composition Function 3,20,11,1000000,2600.0000000000005,4.547473508864641e-13,True,234.952999830246
de_crossover,11,F11: Composition Function 3,20,12,1000000,2600.0000000000005,4.547473508864641e-13,True,218.5312287807465
de_crossover,11,F11: Composition Function 3,20,13,1000000,2600.0000000000005,4.547473508864641e-13,True,199.1306204795837
de_crossover,11,F11: Composition Function 3,20,14,1000000,2600.0000000000005,4.547473508864641e-13,True,215.03731441497803
de_crossover,11,F11: Composition Function 3,20,15,1000000,2600.0000000000005,4.547473508864641e-13,True,242.86955952644348
de_crossover,11,F11: Composition Function 3,20,16,1000000,2600.0000000000005,4.547473508864641e-13,True,246.73772716522217
de_crossover,11,F11: Composition Function 3,20,17,1000000,2600.0000000000005,4.547473508864641e-13,True,245.67405915260315
de_crossover,11,F11: Composition Function 3,20,18,1000000,2600.0000000000005,4.547473508864641e-13,True,245.67045259475708
de_crossover,11,F11: Composition Function 3,20,19,1000000,2600.0000000000005,4.547473508864641e-13,True,241.4067075252533
de_crossover,11,F11: Composition Function 3,20,20,1000000,2600.0000000000005,4.547473508864641e-13,True,244.5255732536316
de_crossover,11,F11: Composition Function 3,20,21,1000000,2600.0000000000005,4.547473508864641e-13,True,246.70507645606995
de_crossover,11,F11: Composition Function 3,20,22,1000000,2600.0000000000005,4.547473508864641e-13,True,246.6023569107056
de_crossover,11,F11: Composition Function 3,20,23,1000000,2600.0000000000005,4.547473508864641e-13,True,246.22814798355105
de_crossover,11,F11: Composition Function 3,20,24,1000000,2600.0000000000005,4.547473508864641e-13,True,243.3044805526733
de_crossover,11,F11: Composition Function 3,20,25,1000000,2600.0000000000005,4.547473508864641e-13,True,243.84424448013303
de_crossover,11,F11: Composition Function 3,20,26,1000000,2600.0000000000005,4.547473508864641e-13,True,245.5744268894196
de_crossover,11,F11: Composition Function 3,20,27,1000000,2600.0000000000005,4.547473508864641e-13,True,240.87130427360532
de_crossover,11,F11: Composition Function 3,20,28,1000000,2600.0000000000005,4.547473508864641e-13,True,243.80939388275144
de_crossover,11,F11: Composition Function 3,20,29,1000000,2600.0000000000005,4.547473508864641e-13,True,245.98731064796448
de_crossover,11,F11: Composition Function 3,20,30,1000000,2600.0000000000005,4.547473508864641e-13,True,243.16633868217468
de_crossover,12,F12: Composition Function 4,20,1,1000000,2938.285034265133,238.2850342651332,False,261.0356879234314
de_crossover,12,F12: Composition Function 4,20,2,1000000,2938.285034265133,238.2850342651332,False,260.97926449775696
de_crossover,12,F12: Composition Function 4,20,3,1000000,2938.2850342651336,238.2850342651336,False,264.9637348651886
de_crossover,12,F12: Composition Function 4,20,4,1000000,2938.346813983749,238.34681398374917,False,260.973335981369
de_crossover,12,F12: Composition Function 4,20,5,1000000,2938.2850342651336,238.2850342651336,False,262.32655239105225
de_crossover,12,F12: Composition Function 4,20,6,1000000,2938.285034265133,238.2850342651332,False,265.7793595790863
de_crossover,12,F12: Composition Function 4,20,7,1000000,2938.285034265133,238.2850342651332,False,264.4247336387634
de_crossover,12,F12: Composition Function 4,20,8,1000000,2938.5487861857755,238.5487861857755,False,264.0628159046173
de_crossover,12,F12: Composition Function 4,20,9,1000000,2938.285034265133,238.2850342651332,False,255.33802604675293
de_crossover,12,F12: Composition Function 4,20,10,1000000,2938.6726600528395,238.67266005283955,False,250.45468711853027
de_crossover,12,F12: Composition Function 4,20,11,1000000,2938.2850342651336,238.2850342651336,False,251.3775656223297
de_crossover,12,F12: Composition Function 4,20,12,1000000,2938.285034265133,238.2850342651332,False,249.1413218975067
de_crossover,12,F12: Composition Function 4,20,13,1000000,2938.2850342651336,238.2850342651336,False,250.8096089363098
de_crossover,12,F12: Composition Function 4,20,14,1000000,2938.2850342651336,238.2850342651336,False,248.3642110824585
de_crossover,12,F12: Composition Function 4,20,15,1000000,2938.285034265133,238.2850342651332,False,246.98915910720825
de_crossover,12,F12: Composition Function 4,20,16,1000000,2938.2850342651336,238.2850342651336,False,246.2419276237488
de_crossover,12,F12: Composition Function 4,20,17,1000000,2938.285034265133,238.2850342651332,False,248.00560688972476
de_crossover,12,F12: Composition Function 4,20,18,1000000,2938.285034265133,238.2850342651332,False,253.9230649471283
de_crossover,12,F12: Composition Function 4,20,19,1000000,2938.285034265133,238.2850342651332,False,254.4237458705902
de_crossover,12,F12: Composition Function 4,20,20,1000000,2938.346813983749,238.34681398374917,False,249.50790524482727
de_crossover,12,F12: Composition Function 4,20,21,1000000,2938.2850342651336,238.2850342651336,False,253.89994883537287
de_crossover,12,F12: Composition Function 4,20,22,1000000,2938.2850342651336,238.2850342651336,False,250.90278792381287
de_crossover,12,F12: Composition Function 4,20,23,1000000,2938.2850342651336,238.2850342651336,False,249.88366985321045
de_crossover,12,F12: Composition Function 4,20,24,1000000,2938.346813983749,238.34681398374917,False,244.9200828075409
de_crossover,12,F12: Composition Function 4,20,25,1000000,2938.285034265133,238.2850342651332,False,246.1280813217163
de_crossover,12,F12: Composition Function 4,20,26,1000000,2938.2850342651336,238.2850342651336,False,248.5601439476013
de_crossover,12,F12: Composition Function 4,20,27,1000000,2938.2850342651336,238.2850342651336,False,252.3571736812592
de_crossover,12,F12: Composition Function 4,20,28,1000000,2938.6726600528395,238.67266005283955,False,248.854679107666
de_crossover,12,F12: Composition Function 4,20,29,1000000,2938.2850342651336,238.2850342651336,False,252.58059549331665
de_crossover,12,F12: Composition Function 4,20,30,1000000,2938.285034265133,238.2850342651332,False,249.04869031906128
de_gradient_boost,1,F1: Shifted and full Rotated Zakharov Function,10,1,200000,302.3434156057585,2.34341560575848,False,7.801007270812988
de_gradient_boost,1,F1: Shifted and full Rotated Zakharov Function,10,2,200000,302.7421331253011,2.742133125301109,False,7.482054710388184
de_gradient_boost,1,F1: Shifted and full Rotated Zakharov Function,10,3,200000,302.416314810534,2.416314810534004,False,7.602978706359863
de_gradient_boost,1,F1: Shifted and full Rotated Zakharov Function,10,4,200000,303.8679750177412,3.867975017741173,False,7.434011697769165
de_gradient_boost,1,F1: Shifted and full Rotated Zakharov Function,10,5,200000,303.57393264285065,3.57393264285065,False,7.392288446426392
de_gradient_boost,1,F1: Shifted and full Rotated Zakharov Function,10,6,200000,302.55481872264403,2.554818722644029,False,7.040366172790527
de_gradient_boost,1,F1: Shifted and full Rotated Zakharov Function,10,7,200000,302.36916166453875,2.369161664538751,False,6.7775046825408936
de_gradient_boost,1,F1: Shifted and full Rotated Zakharov Function,10,8,200000,301.9807665317926,1.9807665317925969,False,7.011038064956665
de_gradient_boost,1,F1: Shifted and full Rotated Zakharov Function,10,9,200000,302.03736871855466,2.03736871855466,False,7.019498109817505
de_gradient_boost,1,F1: Shifted and full Rotated Zakharov Function,10,10,200000,301.81112583336323,1.811125833363235,False,7.025561571121216
de_gradient_boost,1,F1: Shifted and full Rotated Zakharov Function,10,11,200000,302.71861334616926,2.7186133461692634,False,7.477150201797485
de_gradient_boost,1,F1: Shifted and full Rotated Zakharov Function,10,12,200000,302.9671891316588,2.967189131658756,False,7.869916677474976
de_gradient_boost,1,F1: Shifted and full Rotated Zakharov Function,10,13,200000,301.80542536154445,1.8054253615444509,False,7.050799369812012
de_gradient_boost,1,F1: Shifted and full Rotated Zakharov Function,10,14,200000,302.4014851753,2.4014851752999675,False,7.641944169998169
de_gradient_boost,1,F1: Shifted and full Rotated Zakharov Function,10,15,200000,302.14204106637663,2.1420410663766347,False,7.258618116378784
de_gradient_boost,1,F1: Shifted and full Rotated Zakharov Function,10,16,200000,301.6859122326824,1.6859122326823694,False,7.197399139404297
de_gradient_boost,1,F1: Shifted and full Rotated Zakharov Function,10,17,200000,301.6717544886038,1.671754488603824,False,6.992800235748291
de_gradient_boost,1,F1: Shifted and full Rotated Zakharov Function,10,18,200000,302.7344786361457,2.7344786361456954,False,7.186759948730469
de_gradient_boost,1,F1: Shifted and full Rotated Zakharov Function,10,19,200000,301.9460973058681,1.9460973058680795,False,7.363904237747192
de_gradient_boost,1,F1: Shifted and full Rotated Zakharov Function,10,20,200000,304.20587282045136,4.205872820451361,False,7.244093179702759
de_gradient_boost,1,F1: Shifted and full Rotated Zakharov Function,10,21,200000,303.19017676907976,3.190176769079756,False,7.576531410217285
de_gradient_boost,1,F1: Shifted and full Rotated Zakharov Function,10,22,200000,307.74777438561136,7.747774385611365,False,7.368051528930664
de_gradient_boost,1,F1: Shifted and full Rotated Zakharov Function,10,23,200000,302.17320700196774,2.1732070019677394,False,7.310315608978271
de_gradient_boost,1,F1: Shifted and full Rotated Zakharov Function,10,24,200000,302.5493408646003,2.5493408646003104,False,7.007145881652832
de_gradient_boost,1,F1: Shifted and full Rotated Zakharov Function,10,25,200000,302.47770360601123,2.4777036060112323,False,7.585606575012207
de_gradient_boost,1,F1: Shifted and full Rotated Zakharov Function,10,26,200000,303.33807105404634,3.3380710540463383,False,7.226503849029541
de_gradient_boost,1,F1: Shifted and full Rotated Zakharov Function,10,27,200000,303.8436200414808,3.84362004148079,False,7.108256578445435
de_gradient_boost,1,F1: Shifted and full Rotated Zakharov Function,10,28,200000,304.1382894536633,4.138289453663276,False,7.026359796524048
de_gradient_boost,1,F1: Shifted and full Rotated Zakharov Function,10,29,200000,301.9616330167716,1.9616330167716,False,7.445282459259033
de_gradient_boost,1,F1: Shifted and full Rotated Zakharov Function,10,30,200000,302.2136645116313,2.2136645116313503,False,7.435275554656982
de_gradient_boost,2,F2: Shifted and Rotated Rosenbrock’s Function,10,1,200000,408.9405931790725,8.940593179072437,False,8.888299465179443
de_gradient_boost,2,F2: Shifted and Rotated Rosenbrock’s Function,10,2,200000,408.9399068596594,8.939906859659402,False,8.735053777694702
de_gradient_boost,2,F2: Shifted and Rotated Rosenbrock’s Function,10,3,200000,400.2933916045802,0.293391604580222,False,8.523337125778198
de_gradient_boost,2,F2: Shifted and Rotated Rosenbrock’s Function,10,4,200000,408.934541846313,8.934541846313039,False,8.883782863616943
de_gradient_boost,2,F2: Shifted and Rotated Rosenbrock’s Function,10,5,200000,408.9391738332167,8.939173833216728,False,8.834550380706787
de_gradient_boost,2,F2: Shifted and Rotated Rosenbrock’s Function,10,6,200000,408.9423080829897,8.942308082989712,False,8.688874959945679
de_gradient_boost,2,F2: Shifted and Rotated Rosenbrock’s Function,10,7,200000,408.9638930575138,8.963893057513815,False,8.466113090515137
de_gradient_boost,2,F2: Shifted and Rotated Rosenbrock’s Function,10,8,200000,408.9594323569042,8.959432356904244,False,8.545227766036987
de_gradient_boost,2,F2: Shifted and Rotated Rosenbrock’s Function,10,9,200000,405.4687899487372,5.4687899487371965,False,8.614220380783081
de_gradient_boost,2,F2: Shifted and Rotated Rosenbrock’s Function,10,10,200000,404.8705791495453,4.870579149545335,False,8.661691665649414
de_gradient_boost,2,F2: Shifted and Rotated Rosenbrock’s Function,10,11,200000,408.95864671496935,8.958646714969348,False,8.672325134277344
de_gradient_boost,2,F2: Shifted and Rotated Rosenbrock’s Function,10,12,200000,408.93597034420793,8.93597034420793,False,8.817582845687866
de_gradient_boost,2,F2: Shifted and Rotated Rosenbrock’s Function,10,13,200000,408.9726688612326,8.972668861232592,False,8.988086700439453
de_gradient_boost,2,F2: Shifted and Rotated Rosenbrock’s Function,10,14,200000,405.334415304949,5.334415304949005,False,8.495813131332397
de_gradient_boost,2,F2: Shifted and Rotated Rosenbrock’s Function,10,15,200000,405.561442858578,5.561442858578005,False,9.005906343460083
de_gradient_boost,2,F2: Shifted and Rotated Rosenbrock’s Function,10,16,200000,408.9440684637372,8.94406846373721,False,8.359822988510132
de_gradient_boost,2,F2: Shifted and Rotated Rosenbrock’s Function,10,17,200000,404.51377730989367,4.513777309893669,False,8.45957350730896
de_gradient_boost,2,F2: Shifted and Rotated Rosenbrock’s Function,10,18,200000,405.1574070582337,5.157407058233673,False,8.506688117980957
de_gradient_boost,2,F2: Shifted and Rotated Rosenbrock’s Function,10,19,200000,408.9413615420711,8.941361542071093,False,8.59386658668518
de_gradient_boost,2,F2: Shifted and Rotated Rosenbrock’s Function,10,20,200000,408.9703769086783,8.970376908678304,False,8.77502989768982
de_gradient_boost,2,F2: Shifted and Rotated Rosenbrock’s Function,10,21,200000,408.9347829047618,8.93478290476179,False,8.670773983001709
de_gradient_boost,2,F2: Shifted and Rotated Rosenbrock’s Function,10,22,200000,404.7091147739803,4.709114773980275,False,9.013893604278564
de_gradient_boost,2,F2: Shifted and Rotated Rosenbrock’s Function,10,23,200000,408.9512818317679,8.951281831767915,False,8.66524600982666
de_gradient_boost,2,F2: Shifted and Rotated Rosenbrock’s Function,10,24,200000,408.94515464749776,8.945154647497759,False,8.704962491989136
de_gradient_boost,2,F2: Shifted and Rotated Rosenbrock’s Function,10,25,200000,405.8127535651407,5.812753565140667,False,8.619500398635864
de_gradient_boost,2,F2: Shifted and Rotated Rosenbrock’s Function,10,26,200000,406.2200505002109,6.220050500210903,False,8.856260538101196
de_gradient_boost,2,F2: Shifted and Rotated Rosenbrock’s Function,10,27,200000,409.80241291716754,9.802412917167544,False,8.425449848175049
de_gradient_boost,2,F2: Shifted and Rotated Rosenbrock’s Function,10,28,200000,408.9535553987608,8.953555398760784,False,8.704489946365356
de_gradient_boost,2,F2: Shifted and Rotated Rosenbrock’s Function,10,29,200000,408.9425713318402,8.942571331840213,False,8.870413303375244
de_gradient_boost,2,F2: Shifted and Rotated Rosenbrock’s Function,10,30,200000,407.0733160176024,7.073316017602394,False,8.629222869873047
de_gradient_boost,3,F3: Shifted and full Rotated Expanded Schaffer’s F7,10,1,200000,600.0000217341535,2.1734153506258732e-05,False,12.3368878364563
de_gradient_boost,3,F3: Shifted and full Rotated Expanded Schaffer’s F7,10,2,200000,600.000014901998,1.4901998042660123e-05,False,12.407668590545654
de_gradient_boost,3,F3: Shifted and full Rotated Expanded Schaffer’s F7,10,3,200000,600.0000339659724,3.396597242044663e-05,False,12.48796558380127
de_gradient_boost,3,F3: Shifted and full Rotated Expanded Schaffer’s F7,10,4,200000,600.0000278484437,2.78484436648796e-05,False,12.47162699699402
de_gradient_boost,3,F3: Shifted and full Rotated Expanded Schaffer’s F7,10,5,200000,600.0000408218056,4.082180555542436e-05,False,12.203604459762571
de_gradient_boost,3,F3: Shifted and full Rotated Expanded Schaffer’s F7,10,6,200000,600.0000275185918,2.75185917644194e-05,False,12.754851579666138
de_gradient_boost,3,F3: Shifted and full Rotated Expanded Schaffer’s F7,10,7,200000,600.0000297136596,2.9713659614571952e-05,False,11.961484670639038
de_gradient_boost,3,F3: Shifted and full Rotated Expanded Schaffer’s F7,10,8,200000,600.0000274491592,2.7449159233583487e-05,False,12.19150424003601
de_gradient_boost,3,F3: Shifted and full Rotated Expanded Schaffer’s F7,10,9,200000,600.0000329517411,3.29517411046254e-05,False,12.270285606384276
de_gradient_boost,3,F3: Shifted and full Rotated Expanded Schaffer’s F7,10,10,200000,600.00002881804,2.8818040050282437e-05,False,12.512050151824951
de_gradient_boost,3,F3: Shifted and full Rotated Expanded Schaffer’s F7,10,11,200000,600.0000367380486,3.6738048606821394e-05,False,12.415827512741089
de_gradient_boost,3,F3: Shifted and full Rotated Expanded Schaffer’s F7,10,12,200000,600.0000528259984,5.2825998409389285e-05,False,12.602436542510986
de_gradient_boost,3,F3: Shifted and full Rotated Expanded Schaffer’s F7,10,13,200000,600.0000198074515,1.980745150831353e-05,False,12.021926403045654
de_gradient_boost,3,F3: Shifted and full Rotated Expanded Schaffer’s F7,10,14,200000,600.0000083620552,8.362055154975678e-06,False,12.51084804534912
de_gradient_boost,3,F3: Shifted and full Rotated Expanded Schaffer’s F7,10,15,200000,600.0000299924649,2.999246487433993e-05,False,12.116561889648438
de_gradient_boost,3,F3: Shifted and full Rotated Expanded Schaffer’s F7,10,16,200000,600.0000454824062,4.548240622170852e-05,False,12.081801176071169
de_gradient_boost,3,F3: Shifted and full Rotated Expanded Schaffer’s F7,10,17,200000,600.0000352022879,3.5202287904212426e-05,False,12.322294473648071
de_gradient_boost,3,F3: Shifted and full Rotated Expanded Schaffer’s F7,10,18,200000,600.0000359677427,3.596774274683412e-05,False,12.078211069107056
de_gradient_boost,3,F3: Shifted and full Rotated Expanded Schaffer’s F7,10,19,200000,600.0000327731378,3.2773137832009525e-05,False,12.297592401504517
de_gradient_boost,3,F3: Shifted and full Rotated Expanded Schaffer’s F7,10,20,200000,600.0000507545891,5.0754589096868585e-05,False,11.895209789276125
de_gradient_boost,3,F3: Shifted and full Rotated Expanded Schaffer’s F7,10,21,200000,600.0000335335108,3.3533510759298224e-05,False,12.746259450912476
de_gradient_boost,3,F3: Shifted and full Rotated Expanded Schaffer’s F7,10,22,200000,600.0000291458625,2.9145862527002464e-05,False,12.596834897994995
de_gradient_boost,3,F3: Shifted and full Rotated Expanded Schaffer’s F7,10,23,200000,600.0000331449819,3.314498189865844e-05,False,12.651911497116089
de_gradient_boost,3,F3: Shifted and full Rotated Expanded Schaffer’s F7,10,24,200000,600.0000374324181,3.743241813936038e-05,False,12.329596996307371
de_gradient_boost,3,F3: Shifted and full Rotated Expanded Schaffer’s F7,10,25,200000,600.0000239429606,2.3942960638123623e-05,False,12.597978591918944
de_gradient_boost,3,F3: Shifted and full Rotated Expanded Schaffer’s F7,10,26,200000,600.0000328847143,3.2884714300962514e-05,False,12.348774433135986
de_gradient_boost,3,F3: Shifted and full Rotated Expanded Schaffer’s F7,10,27,200000,600.0000301625755,3.0162575512804324e-05,False,12.775630712509155
de_gradient_boost,3,F3: Shifted and full Rotated Expanded Schaffer’s F7,10,28,200000,600.0000336736132,3.367361318851181e-05,False,12.591008186340332
de_gradient_boost,3,F3: Shifted and full Rotated Expanded Schaffer’s F7,10,29,200000,600.000022720704,2.2720704009771e-05,False,12.37809133529663
de_gradient_boost,3,F3: Shifted and full Rotated Expanded Schaffer’s F7,10,30,200000,600.0000465495167,4.6549516696359206e-05,False,12.359272241592407
de_gradient_boost,4,F4: Shifted and Rotated Non-Continuous Rastrigin’s Function,10,1,200000,846.0001963056396,46.00019630563963,False,17.888349533081055
de_gradient_boost,4,F4: Shifted and Rotated Non-Continuous Rastrigin’s Function,10,2,200000,871.2195608113557,71.21956081135568,False,17.273550987243652
de_gradient_boost,4,F4: Shifted and Rotated Non-Continuous Rastrigin’s Function,10,3,200000,854.0,54.0,False,17.75023865699768
de_gradient_boost,4,F4: Shifted and Rotated Non-Continuous Rastrigin’s Function,10,4,200000,883.372412982601,83.37241298260096,False,17.89986276626587
de_gradient_boost,4,F4: Shifted and Rotated Non-Continuous Rastrigin’s Function,10,5,200000,860.0468126093119,60.04681260931193,False,17.83204960823059
de_gradient_boost,4,F4: Shifted and Rotated Non-Continuous Rastrigin’s Function,10,6,200000,860.2774649650951,60.27746496509508,False,17.055157899856567
de_gradient_boost,4,F4: Shifted and Rotated Non-Continuous Rastrigin’s Function,10,7,200000,865.9729098526499,65.97290985264988,False,18.125065326690677
de_gradient_boost,4,F4: Shifted and Rotated Non-Continuous Rastrigin’s Function,10,8,200000,863.3296585853768,63.32965858537682,False,17.694716691970825
de_gradient_boost,4,F4: Shifted and Rotated Non-Continuous Rastrigin’s Function,10,9,200000,881.5087927090806,81.50879270908058,False,17.937028884887695
de_gradient_boost,4,F4: Shifted and Rotated Non-Continuous Rastrigin’s Function,10,10,200000,861.9989141594757,61.9989141594757,False,17.335055351257324
de_gradient_boost,4,F4: Shifted and Rotated Non-Continuous Rastrigin’s Function,10,11,200000,882.5777826946481,82.57778269464814,False,17.894540309906006
de_gradient_boost,4,F4: Shifted and Rotated Non-Continuous Rastrigin’s Function,10,12,200000,870.6562520529113,70.65625205291133,False,17.546881198883057
de_gradient_boost,4,F4: Shifted and Rotated Non-Continuous Rastrigin’s Function,10,13,200000,874.0185765723805,74.01857657238054,False,17.60822367668152
de_gradient_boost,4,F4: Shifted and Rotated Non-Continuous Rastrigin’s Function,10,14,200000,863.387788578495,63.38778857849502,False,18.177343606948853
de_gradient_boost,4,F4: Shifted and Rotated Non-Continuous Rastrigin’s Function,10,15,200000,860.384254671881,60.38425467188097,False,17.757551670074463
de_gradient_boost,4,F4: Shifted and Rotated Non-Continuous Rastrigin’s Function,10,16,200000,886.0967369904246,86.09673699042457,False,18.298536777496334
de_gradient_boost,4,F4: Shifted and Rotated Non-Continuous Rastrigin’s Function,10,17,200000,875.267632861108,75.26763286110804,False,17.85658311843872
de_gradient_boost,4,F4: Shifted and Rotated Non-Continuous Rastrigin’s Function,10,18,200000,876.0783927399897,76.07839273998968,False,17.2815682888031
de_gradient_boost,4,F4: Shifted and Rotated Non-Continuous Rastrigin’s Function,10,19,200000,844.0,44.0,False,17.71523404121399
de_gradient_boost,4,F4: Shifted and Rotated Non-Continuous Rastrigin’s Function,10,20,200000,864.1369086619422,64.13690866194224,False,17.51621150970459
de_gradient_boost,4,F4: Shifted and Rotated Non-Continuous Rastrigin’s Function,10,21,200000,870.5,70.5,False,17.730326652526855
de_gradient_boost,4,F4: Shifted and Rotated Non-Continuous Rastrigin’s Function,10,22,200000,890.2329431272058,90.23294312720576,False,16.993993997573853
de_gradient_boost,4,F4: Shifted and Rotated Non-Continuous Rastrigin’s Function,10,23,200000,838.0296486899615,38.02964868996151,False,18.03675055503845
de_gradient_boost,4,F4: Shifted and Rotated Non-Continuous Rastrigin’s Function,10,24,200000,880.3604998517877,80.36049985178772,False,18.126567602157596
de_gradient_boost,4,F4: Shifted and Rotated Non-Continuous Rastrigin’s Function,10,25,200000,879.0887939407812,79.08879394078122,False,18.081995010375977
de_gradient_boost,4,F4: Shifted and Rotated Non-Continuous Rastrigin’s Function,10,26,200000,874.0,74.0,False,17.696544885635376
de_gradient_boost,4,F4: Shifted and Rotated Non-Continuous Rastrigin’s Function,10,27,200000,848.1924955385123,48.19249553851228,False,17.70462703704834
de_gradient_boost,4,F4: Shifted and Rotated Non-Continuous Rastrigin’s Function,10,28,200000,868.0,68.0,False,17.5457546710968
de_gradient_boost,4,F4: Shifted and Rotated Non-Continuous Rastrigin’s Function,10,29,200000,882.1735207013534,82.17352070135337,False,17.87269139289856
de_gradient_boost,4,F4: Shifted and Rotated Non-Continuous Rastrigin’s Function,10,30,200000,850.014465748148,50.01446574814804,False,17.268311500549316
de_gradient_boost,5,F5: Shifted and Rotated Levy Function,10,1,200000,900.0017851205384,0.0017851205384431,False,10.769662141799929
de_gradient_boost,5,F5: Shifted and Rotated Levy Function,10,2,200000,900.001821765258,0.0018217652580005,False,10.303852081298828
de_gradient_boost,5,F5: Shifted and Rotated Levy Function,10,3,200000,900.0007998923866,0.000799892386567,False,10.451942682266235
de_gradient_boost,5,F5: Shifted and Rotated Levy Function,10,4,200000,900.0009167294609,0.0009167294608687,False,10.884381294250488
de_gradient_boost,5,F5: Shifted and Rotated Levy Function,10,5,200000,900.0008436123563,0.0008436123563342,False,11.47749137878418
de_gradient_boost,5,F5: Shifted and Rotated Levy Function,10,6,200000,900.0006330126372,0.0006330126371949,False,9.982527017593384
de_gradient_boost,5,F5: Shifted and Rotated Levy Function,10,7,200000,900.0009837476113,0.0009837476112579,False,10.687009334564207
de_gradient_boost,5,F5: Shifted and Rotated Levy Function,10,8,200000,900.0021550774952,0.0021550774952174,False,10.656856775283812
de_gradient_boost,5,F5: Shifted and Rotated Levy Function,10,9,200000,900.0012252114775,0.0012252114775037,False,10.93088412284851
de_gradient_boost,5,F5: Shifted and Rotated Levy Function,10,10,200000,900.0017140659564,0.0017140659564347,False,10.644810199737549
de_gradient_boost,5,F5: Shifted and Rotated Levy Function,10,11,200000,900.0016932936768,0.0016932936767943,False,10.276216745376589
de_gradient_boost,5,F5: Shifted and Rotated Levy Function,10,12,200000,900.0012393629489,0.0012393629489224,False,10.59363842010498
de_gradient_boost,5,F5: Shifted and Rotated Levy Function,10,13,200000,900.0025971306355,0.0025971306355359,False,10.687254428863524
de_gradient_boost,5,F5: Shifted and Rotated Levy Function,10,14,200000,900.0020050070751,0.0020050070751267,False,10.9577476978302
de_gradient_boost,5,F5: Shifted and Rotated Levy Function,10,15,200000,900.0007604071766,0.0007604071765854,False,10.80230951309204
de_gradient_boost,5,F5: Shifted and Rotated Levy Function,10,16,200000,900.0024115321705,0.0024115321705266,False,10.513710260391235
de_gradient_boost,5,F5: Shifted and Rotated Levy Function,10,17,200000,900.0008432262416,0.0008432262416135,False,10.243506669998167
de_gradient_boost,5,F5: Shifted and Rotated Levy Function,10,18,200000,900.001353384674,0.0013533846739619,False,10.769187211990356
de_gradient_boost,5,F5: Shifted and Rotated Levy Function,10,19,200000,900.0045234620151,0.0045234620150722,False,10.631827354431152
de_gradient_boost,5,F5: Shifted and Rotated Levy Function,10,20,200000,900.001967057408,0.0019670574080237,False,10.673846006393433
de_gradient_boost,5,F5: Shifted and Rotated Levy Function,10,21,200000,900.0020166026177,0.0020166026176866,False,10.78114104270935
de_gradient_boost,5,F5: Shifted and Rotated Levy Function,10,22,200000,900.0013742695025,0.0013742695025484,False,10.468499183654783
de_gradient_boost,5,F5: Shifted and Rotated Levy Function,10,23,200000,900.0021248140705,0.0021248140704983,False,10.593095064163208
de_gradient_boost,5,F5: Shifted and Rotated Levy Function,10,24,200000,900.0017690078583,0.0017690078583427,False,10.670855045318604
de_gradient_boost,5,F5: Shifted and Rotated Levy Function,10,25,200000,900.0013938411972,0.0013938411972276,False,10.323995113372805
de_gradient_boost,5,F5: Shifted and Rotated Levy Function,10,26,200000,900.0019836545764,0.0019836545764064,False,10.58792233467102
de_gradient_boost,5,F5: Shifted and Rotated Levy Function,10,27,200000,900.0008564951895,0.0008564951895095,False,10.885619163513184
de_gradient_boost,5,F5: Shifted and Rotated Levy Function,10,28,200000,900.0018159794406,0.0018159794406074,False,10.783104658126833
de_gradient_boost,5,F5: Shifted and Rotated Levy Function,10,29,200000,900.4553915230142,0.4553915230142138,False,10.919431924819946
de_gradient_boost,5,F5: Shifted and Rotated Levy Function,10,30,200000,900.0017086498174,0.0017086498173739,False,10.443572998046877
de_gradient_boost,6,F6: Hybrid Function 1,10,1,200000,4944.927140428741,3144.927140428741,False,11.504306554794312
de_gradient_boost,6,F6: Hybrid Function 1,10,2,200000,5449.60922363072,3649.60922363072,False,12.417058229446411
de_gradient_boost,6,F6: Hybrid Function 1,10,3,200000,16986.180548974968,15186.180548974968,False,11.914116621017456
de_gradient_boost,6,F6: Hybrid Function 1,10,4,200000,11507.396427797084,9707.396427797084,False,12.03078842163086
de_gradient_boost,6,F6: Hybrid Function 1,10,5,200000,9815.092616232592,8015.092616232592,False,12.24220085144043
de_gradient_boost,6,F6: Hybrid Function 1,10,6,200000,5997.510320948471,4197.510320948471,False,11.98595643043518
de_gradient_boost,6,F6: Hybrid Function 1,10,7,200000,14198.77123557986,12398.77123557986,False,12.12507462501526
de_gradient_boost,6,F6: Hybrid Function 1,10,8,200000,5533.957122874367,3733.957122874367,False,12.056565046310425
de_gradient_boost,6,F6: Hybrid Function 1,10,9,200000,12520.9676640444,10720.9676640444,False,11.922504901885986
de_gradient_boost,6,F6: Hybrid Function 1,10,10,200000,13857.069158620126,12057.069158620126,False,11.911491632461548
de_gradient_boost,6,F6: Hybrid Function 1,10,11,200000,29919.31311699908,28119.31311699908,False,12.072224378585815
de_gradient_boost,6,F6: Hybrid Function 1,10,12,200000,19503.19479598919,17703.19479598919,False,12.146421909332275
de_gradient_boost,6,F6: Hybrid Function 1,10,13,200000,23909.413338582508,22109.413338582508,False,12.172702550888062
de_gradient_boost,6,F6: Hybrid Function 1,10,14,200000,4115.383089329785,2315.383089329785,False,11.640835285186768
de_gradient_boost,6,F6: Hybrid Function 1,10,15,200000,11580.34119677683,9780.34119677683,False,12.279787540435793
de_gradient_boost,6,F6: Hybrid Function 1,10,16,200000,6455.794454213777,4655.794454213777,False,11.70401096343994
de_gradient_boost,6,F6: Hybrid Function 1,10,17,200000,31104.2042150023,29304.2042150023,False,12.060610055923462
de_gradient_boost,6,F6: Hybrid Function 1,10,18,200000,10706.399564124951,8906.399564124951,False,11.92758011817932
de_gradient_boost,6,F6: Hybrid Function 1,10,19,200000,39509.93992589772,37709.93992589772,False,11.9167742729187
de_gradient_boost,6,F6: Hybrid Function 1,10,20,200000,16540.953799598286,14740.953799598286,False,12.21947693824768
de_gradient_boost,6,F6: Hybrid Function 1,10,21,200000,3063.0736678197786,1263.0736678197786,False,12.290068864822388
de_gradient_boost,6,F6: Hybrid Function 1,10,22,200000,11080.520100242786,9280.520100242786,False,11.770309925079346
de_gradient_boost,6,F6: Hybrid Function 1,10,23,200000,10784.451458736534,8984.451458736534,False,12.228271961212158
de_gradient_boost,6,F6: Hybrid Function 1,10,24,200000,8629.378625096118,6829.378625096118,False,12.267829418182371
de_gradient_boost,6,F6: Hybrid Function 1,10,25,200000,3236.6413552651443,1436.6413552651445,False,12.145829200744627
de_gradient_boost,6,F6: Hybrid Function 1,10,26,200000,16963.1132704494,15163.1132704494,False,11.981817960739136
de_gradient_boost,6,F6: Hybrid Function 1,10,27,200000,2838.8962333509,1038.8962333508998,False,12.152074813842772
de_gradient_boost,6,F6: Hybrid Function 1,10,28,200000,3967.84547666862,2167.84547666862,False,11.978050470352173
de_gradient_boost,6,F6: Hybrid Function 1,10,29,200000,5615.850859937262,3815.8508599372617,False,11.796584606170654
de_gradient_boost,6,F6: Hybrid Function 1,10,30,200000,12128.857121112189,10328.857121112189,False,12.224536895751951
de_gradient_boost,7,F7: Hybrid Function 2,10,1,200000,2033.8417923656743,33.841792365674564,False,97.32419061660768
de_gradient_boost,7,F7: Hybrid Function 2,10,2,200000,2031.7680614776357,31.768061477635456,False,98.06373405456544
de_gradient_boost,7,F7: Hybrid Function 2,10,3,200000,2031.4370585190636,31.437058519063385,False,97.27046036720276
de_gradient_boost,7,F7: Hybrid Function 2,10,4,200000,2024.46713905128,24.4671390512799,False,96.30994987487792
de_gradient_boost,7,F7: Hybrid Function 2,10,5,200000,2040.7332783916927,40.73327839169315,False,96.19535565376282
de_gradient_boost,7,F7: Hybrid Function 2,10,6,200000,2030.8212461606329,30.82124616063265,False,96.07911109924316
de_gradient_boost,7,F7: Hybrid Function 2,10,7,200000,2031.1057383573493,31.105738357349537,False,97.58601021766664
de_gradient_boost,7,F7: Hybrid Function 2,10,8,200000,2033.9310509736224,33.93105097362218,False,96.61290144920348
de_gradient_boost,7,F7: Hybrid Function 2,10,9,200000,2035.8688210721743,35.86882107217434,False,96.51339197158812
de_gradient_boost,7,F7: Hybrid Function 2,10,10,200000,2034.1456004284296,34.14560042842959,False,95.7395875453949
de_gradient_boost,7,F7: Hybrid Function 2,10,11,200000,2023.7432437838536,23.743243783853583,False,96.03991889953612
de_gradient_boost,7,F7: Hybrid Function 2,10,12,200000,2026.353087388973,26.35308738897311,False,96.6632788181305
de_gradient_boost,7,F7: Hybrid Function 2,10,13,200000,2027.5839746566855,27.58397465668577,False,95.89145851135254
de_gradient_boost,7,F7: Hybrid Function 2,10,14,200000,2039.8528600502136,39.85286005021362,False,97.03929448127748
de_gradient_boost,7,F7: Hybrid Function 2,10,15,200000,2027.0864110975456,27.08641109754581,False,97.4377326965332
de_gradient_boost,7,F7: Hybrid Function 2,10,16,200000,2030.908090135233,30.908090135232897,False,96.2986545562744
de_gradient_boost,7,F7: Hybrid Function 2,10,17,200000,2025.8973590862367,25.897359086236747,False,97.46308660507202
de_gradient_boost,7,F7: Hybrid Function 2,10,18,200000,2025.5360446700183,25.536044670018327,False,94.94117665290833
de_gradient_boost,7,F7: Hybrid Function 2,10,19,200000,2024.0860483092408,24.0860483092406,False,96.32662200927734
de_gradient_boost,7,F7: Hybrid Function 2,10,20,200000,2045.4748629256803,45.47486292568033,False,96.84321570396423
de_gradient_boost,7,F7: Hybrid Function 2,10,21,200000,2033.6095171737504,33.60951717375019,False,95.40672779083252
de_gradient_boost,7,F7: Hybrid Function 2,10,22,200000,2035.359085673092,35.35908567309161,False,96.96147298812866
de_gradient_boost,7,F7: Hybrid Function 2,10,23,200000,2035.480453013408,35.48045301340812,False,95.26112461090088
de_gradient_boost,7,F7: Hybrid Function 2,10,24,200000,2022.295200727414,22.295200727414112,False,96.9112811088562
de_gradient_boost,7,F7: Hybrid Function 2,10,25,200000,2029.0054458837171,29.00544588371736,False,96.21218752861024
de_gradient_boost,7,F7: Hybrid Function 2,10,26,200000,2027.8565177745872,27.85651777458725,False,95.60172843933104
de_gradient_boost,7,F7: Hybrid Function 2,10,27,200000,2024.8506888740271,24.850688874027128,False,94.8774151802063
de_gradient_boost,7,F7: Hybrid Function 2,10,28,200000,2041.5079218521248,41.50792185212458,False,96.34102201461792
de_gradient_boost,7,F7: Hybrid Function 2,10,29,200000,2031.8417637057796,31.841763705779385,False,96.85410857200624
de_gradient_boost,7,F7: Hybrid Function 2,10,30,200000,2023.4364952373187,23.43649523731869,False,97.54692149162292
de_gradient_boost,8,F8: Hybrid Function 3,10,1,200000,2227.3760716851784,27.37607168517843,False,133.55977725982666
de_gradient_boost,8,F8: Hybrid Function 3,10,2,200000,2216.048660746055,16.048660746054793,False,131.33517217636108
de_gradient_boost,8,F8: Hybrid Function 3,10,3,200000,2224.428685019252,24.42868501925159,False,131.55566143989563
de_gradient_boost,8,F8: Hybrid Function 3,10,4,200000,2229.940700930035,29.94070093003484,False,132.27743649482727
de_gradient_boost,8,F8: Hybrid Function 3,10,5,200000,3441.078043623303,1241.078043623303,False,131.36932802200317
de_gradient_boost,8,F8: Hybrid Function 3,10,6,200000,2228.408262909332,28.408262909331825,False,133.3492467403412
de_gradient_boost,8,F8: Hybrid Function 3,10,7,200000,2225.2183651603955,25.21836516039548,False,132.0276870727539
de_gradient_boost,8,F8: Hybrid Function 3,10,8,200000,2226.379181587134,26.3791815871341,False,131.83616876602173
de_gradient_boost,8,F8: Hybrid Function 3,10,9,200000,2423.400834830146,223.40083483014587,False,131.68232464790344
de_gradient_boost,8,F8: Hybrid Function 3,10,10,200000,2225.555069274895,25.555069274894777,False,131.61730813980105
de_gradient_boost,8,F8: Hybrid Function 3,10,11,200000,2225.0014181397564,25.001418139756424,False,132.4680693149567
de_gradient_boost,8,F8: Hybrid Function 3,10,12,200000,2224.504257822088,24.50425782208822,False,130.56341862678528
de_gradient_boost,8,F8: Hybrid Function 3,10,13,200000,2227.073002248346,27.0730022483458,False,131.14161133766174
de_gradient_boost,8,F8: Hybrid Function 3,10,14,200000,2222.1886090224707,22.1886090224707,False,131.7910430431366
de_gradient_boost,8,F8: Hybrid Function 3,10,15,200000,2226.431997320528,26.4319973205279,False,132.71913170814514
de_gradient_boost,8,F8: Hybrid Function 3,10,16,200000,2223.8297950920773,23.829795092077347,False,134.6242549419403
de_gradient_boost,8,F8: Hybrid Function 3,10,17,200000,2226.2756795695323,26.275679569532254,False,132.88392639160156
de_gradient_boost,8,F8: Hybrid Function 3,10,18,200000,2229.0209913619124,29.020991361912365,False,134.08684992790222
de_gradient_boost,8,F8: Hybrid Function 3,10,19,200000,2224.4667992878617,24.466799287861704,False,138.20355558395386
de_gradient_boost,8,F8: Hybrid Function 3,10,20,200000,2226.5939380941845,26.593938094184523,False,137.22983312606812
de_gradient_boost,8,F8: Hybrid Function 3,10,21,200000,2230.001159093568,30.00115909356782,False,136.51182627677915
de_gradient_boost,8,F8: Hybrid Function 3,10,22,200000,2225.951084681876,25.951084681875727,False,138.63238549232483
de_gradient_boost,8,F8: Hybrid Function 3,10,23,200000,2225.0909375825804,25.09093758258041,False,136.88578176498413
de_gradient_boost,8,F8: Hybrid Function 3,10,24,200000,2227.326858462084,27.32685846208369,False,137.71736812591553
de_gradient_boost,8,F8: Hybrid Function 3,10,25,200000,2218.624803085748,18.624803085748223,False,139.03433990478516
de_gradient_boost,8,F8: Hybrid Function 3,10,26,200000,16273.43121196001,14073.43121196001,False,136.99792575836182
de_gradient_boost,8,F8: Hybrid Function 3,10,27,200000,2224.77266741354,24.772667413540148,False,139.06634426116943
de_gradient_boost,8,F8: Hybrid Function 3,10,28,200000,2225.1184872725103,25.118487272510265,False,137.14601850509644
de_gradient_boost,8,F8: Hybrid Function 3,10,29,200000,2226.6465158338765,26.64651583387649,False,139.04193115234375
de_gradient_boost,8,F8: Hybrid Function 3,10,30,200000,2226.7773029968057,26.7773029968057,False,139.10100936889648
de_gradient_boost,9,F9: Composition Function 1,10,1,200000,2301.813026056108,1.8130260561079008,False,31.93532419204712
de_gradient_boost,9,F9: Composition Function 1,10,2,200000,2659.263100301728,359.2631003017282,False,31.46906280517578
de_gradient_boost,9,F9: Composition Function 1,10,3,200000,2659.842824065775,359.84282406577495,False,31.42834973335266
de_gradient_boost,9,F9: Composition Function 1,10,4,200000,2659.3342734830994,359.3342734830994,False,31.5304753780365
de_gradient_boost,9,F9: Composition Function 1,10,5,200000,2665.2633227460806,365.2633227460806,False,31.01239013671875
de_gradient_boost,9,F9: Composition Function 1,10,6,200000,2659.2864620917253,359.2864620917253,False,31.18133783340454
de_gradient_boost,9,F9: Composition Function 1,10,7,200000,2659.1745878942265,359.17458789422653,False,30.63598132133484
de_gradient_boost,9,F9: Composition Function 1,10,8,200000,2659.1479294351966,359.1479294351966,False,29.167864322662357
de_gradient_boost,9,F9: Composition Function 1,10,9,200000,2659.1753891863154,359.17538918631544,False,28.815988779067997
de_gradient_boost,9,F9: Composition Function 1,10,10,200000,2659.3817381232493,359.3817381232493,False,29.543354034423828
de_gradient_boost,9,F9: Composition Function 1,10,11,200000,2659.108899323501,359.1088993235012,False,30.09161782264709
de_gradient_boost,9,F9: Composition Function 1,10,12,200000,2659.2806709021534,359.28067090215336,False,31.02855443954468
de_gradient_boost,9,F9: Composition Function 1,10,13,200000,2659.5524246904024,359.5524246904024,False,30.919411659240723
de_gradient_boost,9,F9: Composition Function 1,10,14,200000,2301.079051038198,1.0790510381980312,False,29.589045763015747
de_gradient_boost,9,F9: Composition Function 1,10,15,200000,2659.1981588302933,359.1981588302933,False,30.60166907310486
de_gradient_boost,9,F9: Composition Function 1,10,16,200000,2659.1293557226068,359.1293557226068,False,30.11751413345337
de_gradient_boost,9,F9: Composition Function 1,10,17,200000,2659.153686201847,359.153686201847,False,29.029253005981445
de_gradient_boost,9,F9: Composition Function 1,10,18,200000,2659.35784654566,359.35784654565987,False,29.267465114593502
de_gradient_boost,9,F9: Composition Function 1,10,19,200000,2659.234360617627,359.23436061762686,False,31.69052529335022
de_gradient_boost,9,F9: Composition Function 1,10,20,200000,2659.2454395072214,359.24543950722136,False,31.117308616638184
de_gradient_boost,9,F9: Composition Function 1,10,21,200000,2659.24136427618,359.24136427617987,False,31.61578607559204
de_gradient_boost,9,F9: Composition Function 1,10,22,200000,2659.1581067617244,359.1581067617244,False,29.994935274124146
de_gradient_boost,9,F9: Composition Function 1,10,23,200000,2659.5290546378897,359.52905463788966,False,31.41641068458557
de_gradient_boost,9,F9: Composition Function 1,10,24,200000,2659.1232978256576,359.1232978256576,False,31.077567100524902
de_gradient_boost,9,F9: Composition Function 1,10,25,200000,2659.228331305965,359.2283313059652,False,30.78128933906555
de_gradient_boost,9,F9: Composition Function 1,10,26,200000,2659.1668885679146,359.1668885679146,False,32.05491280555725
de_gradient_boost,9,F9: Composition Function 1,10,27,200000,2659.247871685392,359.24787168539206,False,32.0091655254364
de_gradient_boost,9,F9: Composition Function 1,10,28,200000,2659.161781526217,359.16178152621706,False,31.25244355201721
de_gradient_boost,9,F9: Composition Function 1,10,29,200000,2301.537416023076,1.5374160230758207,False,31.303916454315186
de_gradient_boost,9,F9: Composition Function 1,10,30,200000,2659.910543799795,359.91054379979505,False,31.476454257965088
de_gradient_boost,10,F10: Composition Function 2,10,1,200000,2623.027942168389,223.02794216838856,False,32.63832473754883
de_gradient_boost,10,F10: Composition Function 2,10,2,200000,2626.7199707244326,226.71997072443264,False,32.486369371414185
de_gradient_boost,10,F10: Composition Function 2,10,3,200000,2621.1739048648337,221.17390486483373,False,31.575759410858154
de_gradient_boost,10,F10: Composition Function 2,10,4,200000,2621.2725702002103,221.27257020021037,False,31.36056661605835
de_gradient_boost,10,F10: Composition Function 2,10,5,200000,2622.439596864112,222.439596864112,False,33.02632570266724
de_gradient_boost,10,F10: Composition Function 2,10,6,200000,2621.595197801504,221.59519780150413,False,32.481396436691284
de_gradient_boost,10,F10: Composition Function 2,10,7,200000,2619.88526178793,219.88526178793015,False,33.259100675582886
de_gradient_boost,10,F10: Composition Function 2,10,8,200000,2620.9760762006267,220.97607620062672,False,32.41174912452698
de_gradient_boost,10,F10: Composition Function 2,10,9,200000,2621.233499482369,221.2334994823691,False,32.08237051963806
de_gradient_boost,10,F10: Composition Function 2,10,10,200000,2621.180367834136,221.18036783413615,False,32.43001437187195
de_gradient_boost,10,F10: Composition Function 2,10,11,200000,2621.0175623637565,221.0175623637565,False,32.120946168899536
de_gradient_boost,10,F10: Composition Function 2,10,12,200000,2622.5866937480973,222.58669374809733,False,31.98245072364807
de_gradient_boost,10,F10: Composition Function 2,10,13,200000,2621.0806768096727,221.0806768096727,False,32.72912788391113
de_gradient_boost,10,F10: Composition Function 2,10,14,200000,2620.975912753688,220.97591275368768,False,32.623685359954834
de_gradient_boost,10,F10: Composition Function 2,10,15,200000,2761.4532719757103,361.4532719757103,False,35.12911605834961
de_gradient_boost,10,F10: Composition Function 2,10,16,200000,2621.085380342806,221.08538034280585,False,32.83353304862976
de_gradient_boost,10,F10: Composition Function 2,10,17,200000,2621.020841246097,221.02084124609743,False,32.04355549812317
de_gradient_boost,10,F10: Composition Function 2,10,18,200000,2741.1688298112254,341.1688298112253,False,32.08522939682007
de_gradient_boost,10,F10: Composition Function 2,10,19,200000,2621.3098582729885,221.30985827298852,False,31.925284385681152
de_gradient_boost,10,F10: Composition Function 2,10,20,200000,2725.4176396569305,325.41763965693053,False,32.003658294677734
de_gradient_boost,10,F10: Composition Function 2,10,21,200000,2621.0317390440614,221.0317390440614,False,32.468761682510376
de_gradient_boost,10,F10: Composition Function 2,10,22,200000,2746.562467310919,346.56246731091915,False,31.914186239242557
de_gradient_boost,10,F10: Composition Function 2,10,23,200000,2621.046646744224,221.04664674422384,False,31.867987871170044
de_gradient_boost,10,F10: Composition Function 2,10,24,200000,2621.171650941399,221.1716509413991,False,32.475337982177734
de_gradient_boost,10,F10: Composition Function 2,10,25,200000,2621.791715480754,221.7917154807542,False,32.23447012901306
de_gradient_boost,10,F10: Composition Function 2,10,26,200000,2621.0596009818937,221.0596009818937,False,31.99462080001831
de_gradient_boost,10,F10: Composition Function 2,10,27,200000,2621.174828252182,221.17482825218207,False,32.16515135765076
de_gradient_boost,10,F10: Composition Function 2,10,28,200000,2623.4541540169776,223.45415401697755,False,32.01557445526123
de_gradient_boost,10,F10: Composition Function 2,10,29,200000,2623.526119558905,223.5261195589051,False,32.087692737579346
de_gradient_boost,10,F10: Composition Function 2,10,30,200000,2739.2268402849418,339.2268402849418,False,32.039116621017456
de_gradient_boost,11,F11: Composition Function 3,10,1,200000,2600.678047478219,0.678047478219014,False,48.97213172912598
de_gradient_boost,11,F11: Composition Function 3,10,2,200000,2600.500036758857,0.5000367588568224,False,48.57662320137024
de_gradient_boost,11,F11: Composition Function 3,10,3,200000,2600.411316933424,0.411316933424132,False,48.31254053115845
de_gradient_boost,11,F11: Composition Function 3,10,4,200000,3476.9301395980297,876.9301395980297,False,50.018791913986206
de_gradient_boost,11,F11: Composition Function 3,10,5,200000,2600.443597842345,0.4435978423448432,False,48.25535535812378
de_gradient_boost,11,F11: Composition Function 3,10,6,200000,3477.03159562589,877.0315956258901,False,50.195905685424805
de_gradient_boost,11,F11: Composition Function 3,10,7,200000,2600.5366269778765,0.5366269778764945,False,48.373131275177
de_gradient_boost,11,F11: Composition Function 3,10,8,200000,2600.611298601149,0.6112986011494286,False,48.782495737075806
de_gradient_boost,11,F11: Composition Function 3,10,9,200000,2600.551995376203,0.5519953762031946,False,49.130606174468994
de_gradient_boost,11,F11: Composition Function 3,10,10,200000,3476.7774748800102,876.7774748800102,False,50.21749019622803
de_gradient_boost,11,F11: Composition Function 3,10,11,200000,2600.687429190894,0.6874291908939085,False,49.051143407821655
de_gradient_boost,11,F11: Composition Function 3,10,12,200000,2600.4321147707115,0.4321147707114505,False,49.21735978126526
de_gradient_boost,11,F11: Composition Function 3,10,13,200000,2600.4692540436054,0.4692540436053605,False,48.51677131652832
de_gradient_boost,11,F11: Composition Function 3,10,14,200000,3476.9299927397506,876.9299927397506,False,50.51590871810913
de_gradient_boost,11,F11: Composition Function 3,10,15,200000,2600.482145529071,0.4821455290712038,False,49.061442613601685
de_gradient_boost,11,F11: Composition Function 3,10,16,200000,2600.485257566303,0.485257566303062,False,49.10272407531738
de_gradient_boost,11,F11: Composition Function 3,10,17,200000,2600.403899883445,0.4038998834448648,False,48.4244658946991
de_gradient_boost,11,F11: Composition Function 3,10,18,200000,2600.422175546684,0.4221755466842296,False,48.60417056083679
de_gradient_boost,11,F11: Composition Function 3,10,19,200000,3477.665759028093,877.6657590280929,False,50.25135040283203
de_gradient_boost,11,F11: Composition Function 3,10,20,200000,2600.377475589221,0.3774755892209214,False,48.64544749259949
de_gradient_boost,11,F11: Composition Function 3,10,21,200000,2600.536609944551,0.5366099445509462,False,48.39043974876404
de_gradient_boost,11,F11: Composition Function 3,10,22,200000,2600.327386043822,0.3273860438221163,False,49.14109134674072
de_gradient_boost,11,F11: Composition Function 3,10,23,200000,2600.469392795504,0.4693927955036088,False,49.01877760887146
de_gradient_boost,11,F11: Composition Function 3,10,24,200000,2600.5087395341875,0.5087395341874981,False,48.92957329750061
de_gradient_boost,11,F11: Composition Function 3,10,25,200000,2600.5752787260294,0.5752787260294099,False,48.70120048522949
de_gradient_boost,11,F11: Composition Function 3,10,26,200000,2600.424611734581,0.4246117345815037,False,48.52353882789612
de_gradient_boost,11,F11: Composition Function 3,10,27,200000,2605.071064827712,5.0710648277122345,False,49.21066236495972
de_gradient_boost,11,F11: Composition Function 3,10,28,200000,2600.36106187883,0.361061878829787,False,49.163403272628784
de_gradient_boost,11,F11: Composition Function 3,10,29,200000,2600.410530248881,0.4105302488810594,False,48.979121923446655
de_gradient_boost,11,F11: Composition Function 3,10,30,200000,2600.6607620168743,0.6607620168742869,False,48.8987512588501
de_gradient_boost,12,F12: Composition Function 4,10,1,200000,2866.455470654305,166.45547065430492,False,53.32525014877319
de_gradient_boost,12,F12: Composition Function 4,10,2,200000,2865.931683845944,165.931683845944,False,53.1416232585907
de_gradient_boost,12,F12: Composition Function 4,10,3,200000,2866.4372840157685,166.43728401576843,False,53.140341997146606
de_gradient_boost,12,F12: Composition Function 4,10,4,200000,2865.514041756277,165.51404175627704,False,53.48625922203064
de_gradient_boost,12,F12: Composition Function 4,10,5,200000,2865.9557683983003,165.95576839830028,False,52.894842863082886
de_gradient_boost,12,F12: Composition Function 4,10,6,200000,2866.4330557126027,166.4330557126027,False,52.51751327514648
de_gradient_boost,12,F12: Composition Function 4,10,7,200000,2871.246612003622,171.24661200362198,False,53.267861127853394
de_gradient_boost,12,F12: Composition Function 4,10,8,200000,2864.590593584783,164.59059358478316,False,53.58914375305176
de_gradient_boost,12,F12: Composition Function 4,10,9,200000,2864.561236269642,164.561236269642,False,55.65662217140198
de_gradient_boost,12,F12: Composition Function 4,10,10,200000,2867.5007859546754,167.5007859546754,False,53.070223331451416
de_gradient_boost,12,F12: Composition Function 4,10,11,200000,2865.949573209941,165.9495732099408,False,52.80683827400208
de_gradient_boost,12,F12: Composition Function 4,10,12,200000,2863.7966601965263,163.79666019652632,False,55.00678467750549
de_gradient_boost,12,F12: Composition Function 4,10,13,200000,2869.913386440659,169.913386440659,False,54.28899550437927
de_gradient_boost,12,F12: Composition Function 4,10,14,200000,2866.2853656571547,166.28536565715467,False,54.14388990402222
de_gradient_boost,12,F12: Composition Function 4,10,15,200000,2866.425536136216,166.42553613621612,False,54.07399010658264
de_gradient_boost,12,F12: Composition Function 4,10,16,200000,2865.9353282799807,165.9353282799807,False,54.67592763900757
de_gradient_boost,12,F12: Composition Function 4,10,17,200000,2865.909278900111,165.90927890011108,False,54.59273886680603
de_gradient_boost,12,F12: Composition Function 4,10,18,200000,2866.4276345747894,166.4276345747894,False,54.41140604019165
de_gradient_boost,12,F12: Composition Function 4,10,19,200000,2865.965697615707,165.96569761570709,False,55.22178840637207
de_gradient_boost,12,F12: Composition Function 4,10,20,200000,2867.486759856351,167.486759856351,False,54.50874495506287
de_gradient_boost,12,F12: Composition Function 4,10,21,200000,2866.44634303093,166.44634303093017,False,54.474759578704834
de_gradient_boost,12,F12: Composition Function 4,10,22,200000,2864.5448836962323,164.54488369623232,False,53.80374956130981
de_gradient_boost,12,F12: Composition Function 4,10,23,200000,2865.941492959808,165.94149295980787,False,54.030017375946045
de_gradient_boost,12,F12: Composition Function 4,10,24,200000,2863.884113343337,163.8841133433375,False,53.34318709373474
de_gradient_boost,12,F12: Composition Function 4,10,25,200000,2866.017727302122,166.01772730212178,False,52.195842027664185
de_gradient_boost,12,F12: Composition Function 4,10,26,200000,2865.945904319128,165.9459043191282,False,54.3630211353302
de_gradient_boost,12,F12: Composition Function 4,10,27,200000,2865.957367323134,165.9573673231339,False,54.40033936500549
de_gradient_boost,12,F12: Composition Function 4,10,28,200000,2864.0286915778943,164.02869157789428,False,53.70439839363098
de_gradient_boost,12,F12: Composition Function 4,10,29,200000,2865.931576655972,165.9315766559721,False,53.83509087562561
de_gradient_boost,12,F12: Composition Function 4,10,30,200000,2864.582015182564,164.58201518256374,False,52.83919382095337
de_gradient_boost,1,F1: Shifted and full Rotated Zakharov Function,20,1,1000000,320.7410320230517,20.741032023051677,False,30.332253217697144
de_gradient_boost,1,F1: Shifted and full Rotated Zakharov Function,20,2,1000000,326.41247359527966,26.412473595279664,False,30.34844708442688
de_gradient_boost,1,F1: Shifted and full Rotated Zakharov Function,20,3,1000000,316.5203900475854,16.52039004758541,False,30.051260948181152
de_gradient_boost,1,F1: Shifted and full Rotated Zakharov Function,20,4,1000000,329.04072826743686,29.04072826743686,False,29.90004253387451
de_gradient_boost,1,F1: Shifted and full Rotated Zakharov Function,20,5,1000000,301.9680909360065,1.9680909360064904,False,29.876626014709476
de_gradient_boost,1,F1: Shifted and full Rotated Zakharov Function,20,6,1000000,318.44419958922776,18.444199589227765,False,30.345106840133667
de_gradient_boost,1,F1: Shifted and full Rotated Zakharov Function,20,7,1000000,301.8278232590416,1.8278232590415653,False,30.31827068328857
de_gradient_boost,1,F1: Shifted and full Rotated Zakharov Function,20,8,1000000,494.2182887781921,194.2182887781921,False,30.153828144073486
de_gradient_boost,1,F1: Shifted and full Rotated Zakharov Function,20,9,1000000,301.506514565943,1.5065145659430073,False,30.079283952713013
de_gradient_boost,1,F1: Shifted and full Rotated Zakharov Function,20,10,1000000,327.48955858347887,27.489558583478868,False,31.11408495903015
de_gradient_boost,1,F1: Shifted and full Rotated Zakharov Function,20,11,1000000,310.01692737073654,10.01692737073654,False,30.939756393432617
de_gradient_boost,1,F1: Shifted and full Rotated Zakharov Function,20,12,1000000,302.716335340911,2.716335340910973,False,30.92471957206726
de_gradient_boost,1,F1: Shifted and full Rotated Zakharov Function,20,13,1000000,502.1154951959686,202.1154951959686,False,30.69061756134033
de_gradient_boost,1,F1: Shifted and full Rotated Zakharov Function,20,14,1000000,328.09222465295755,28.092224652957555,False,30.610841274261475
de_gradient_boost,1,F1: Shifted and full Rotated Zakharov Function,20,15,1000000,356.41395244758064,56.41395244758064,False,30.64725399017334
de_gradient_boost,1,F1: Shifted and full Rotated Zakharov Function,20,16,1000000,307.25666175865683,7.256661758656833,False,31.219253063201904
de_gradient_boost,1,F1: Shifted and full Rotated Zakharov Function,20,17,1000000,309.71961221563765,9.719612215637651,False,30.555404663085938
de_gradient_boost,1,F1: Shifted and full Rotated Zakharov Function,20,18,1000000,302.4182794068344,2.418279406834415,False,31.479037761688232
de_gradient_boost,1,F1: Shifted and full Rotated Zakharov Function,20,19,1000000,400.3718076267653,100.3718076267653,False,29.97465991973877
de_gradient_boost,1,F1: Shifted and full Rotated Zakharov Function,20,20,1000000,347.6777253648346,47.6777253648346,False,30.054033994674683
de_gradient_boost,1,F1: Shifted and full Rotated Zakharov Function,20,21,1000000,519.8577539498453,219.85775394984532,False,31.15513610839844
de_gradient_boost,1,F1: Shifted and full Rotated Zakharov Function,20,22,1000000,317.74547814451984,17.745478144519836,False,31.22168612480164
de_gradient_boost,1,F1: Shifted and full Rotated Zakharov Function,20,23,1000000,304.59561378340663,4.595613783406634,False,31.10254406929016
de_gradient_boost,1,F1: Shifted and full Rotated Zakharov Function,20,24,1000000,302.22358517872874,2.22358517872874,False,30.911319732666016
de_gradient_boost,1,F1: Shifted and full Rotated Zakharov Function,20,25,1000000,312.3533536360203,12.353353636020302,False,30.16296911239624
de_gradient_boost,1,F1: Shifted and full Rotated Zakharov Function,20,26,1000000,310.1597538806719,10.159753880671872,False,31.01469039916992
de_gradient_boost,1,F1: Shifted and full Rotated Zakharov Function,20,27,1000000,328.16825354976817,28.168253549768167,False,31.267698526382446
de_gradient_boost,1,F1: Shifted and full Rotated Zakharov Function,20,28,1000000,312.3880129680143,12.388012968014324,False,31.784819841384888
de_gradient_boost,1,F1: Shifted and full Rotated Zakharov Function,20,29,1000000,349.08648953668825,49.08648953668825,False,30.7840039730072
de_gradient_boost,1,F1: Shifted and full Rotated Zakharov Function,20,30,1000000,305.63666844478195,5.636668444781947,False,32.315948724746704
de_gradient_boost,2,F2: Shifted and Rotated Rosenbrock’s Function,20,1,1000000,449.1156183916634,49.11561839166342,False,38.18155956268311
de_gradient_boost,2,F2: Shifted and Rotated Rosenbrock’s Function,20,2,1000000,449.1249543860096,49.12495438600962,False,38.76974678039551
de_gradient_boost,2,F2: Shifted and Rotated Rosenbrock’s Function,20,3,1000000,474.1400434256577,74.14004342565772,False,38.45811653137207
de_gradient_boost,2,F2: Shifted and Rotated Rosenbrock’s Function,20,4,1000000,449.1721235147639,49.17212351476388,False,37.39379167556763
de_gradient_boost,2,F2: Shifted and Rotated Rosenbrock’s Function,20,5,1000000,449.1550220468717,49.15502204687169,False,36.99584221839905
de_gradient_boost,2,F2: Shifted and Rotated Rosenbrock’s Function,20,6,1000000,449.13189025683965,49.13189025683965,False,38.30046081542969
de_gradient_boost,2,F2: Shifted and Rotated Rosenbrock’s Function,20,7,1000000,444.9452472808199,44.9452472808199,False,38.6426374912262
de_gradient_boost,2,F2: Shifted and Rotated Rosenbrock’s Function,20,8,1000000,449.15012970924727,49.15012970924727,False,37.673399925231934
de_gradient_boost,2,F2: Shifted and Rotated Rosenbrock’s Function,20,9,1000000,449.119543775368,49.119543775368015,False,38.42282128334045
de_gradient_boost,2,F2: Shifted and Rotated Rosenbrock’s Function,20,10,1000000,449.1630272647687,49.16302726476869,False,38.61695671081543
de_gradient_boost,2,F2: Shifted and Rotated Rosenbrock’s Function,20,11,1000000,475.3458134483578,75.34581344835783,False,38.1853506565094
de_gradient_boost,2,F2: Shifted and Rotated Rosenbrock’s Function,20,12,1000000,444.9415876267748,44.941587626774776,False,37.56286263465881
de_gradient_boost,2,F2: Shifted and Rotated Rosenbrock’s Function,20,13,1000000,449.1208449362557,49.12084493625571,False,37.8639726638794
de_gradient_boost,2,F2: Shifted and Rotated Rosenbrock’s Function,20,14,1000000,445.0374754056954,45.03747540569543,False,37.49073624610901
de_gradient_boost,2,F2: Shifted and Rotated Rosenbrock’s Function,20,15,1000000,449.1262061043256,49.1262061043256,False,37.80156111717224
de_gradient_boost,2,F2: Shifted and Rotated Rosenbrock’s Function,20,16,1000000,449.1330110044067,49.13301100440668,False,38.78479433059693
de_gradient_boost,2,F2: Shifted and Rotated Rosenbrock’s Function,20,17,1000000,444.9316708546632,44.9316708546632,False,37.58367300033569
de_gradient_boost,2,F2: Shifted and Rotated Rosenbrock’s Function,20,18,1000000,444.9598102817275,44.95981028172753,False,37.84889245033264
de_gradient_boost,2,F2: Shifted and Rotated Rosenbrock’s Function,20,19,1000000,449.1185612092178,49.11856120921783,False,38.125911235809326
de_gradient_boost,2,F2: Shifted and Rotated Rosenbrock’s Function,20,20,1000000,449.14954773341947,49.14954773341947,False,38.38246512413025
de_gradient_boost,2,F2: Shifted and Rotated Rosenbrock’s Function,20,21,1000000,449.1157069110763,49.1157069110763,False,38.902371883392334
de_gradient_boost,2,F2: Shifted and Rotated Rosenbrock’s Function,20,22,1000000,470.63215330458655,70.63215330458655,False,38.624239683151245
de_gradient_boost,2,F2: Shifted and Rotated Rosenbrock’s Function,20,23,1000000,449.1238681759089,49.12386817590891,False,38.93028616905213
de_gradient_boost,2,F2: Shifted and Rotated Rosenbrock’s Function,20,24,1000000,449.15688424020425,49.15688424020425,False,38.397286891937256
de_gradient_boost,2,F2: Shifted and Rotated Rosenbrock’s Function,20,25,1000000,449.13667112569925,49.13667112569925,False,37.69157028198242
de_gradient_boost,2,F2: Shifted and Rotated Rosenbrock’s Function,20,26,1000000,444.9367282533642,44.93672825336421,False,38.05890321731568
de_gradient_boost,2,F2: Shifted and Rotated Rosenbrock’s Function,20,27,1000000,449.33240593330953,49.33240593330953,False,37.59738874435425
de_gradient_boost,2,F2: Shifted and Rotated Rosenbrock’s Function,20,28,1000000,472.78193818830255,72.78193818830255,False,38.15785336494446
de_gradient_boost,2,F2: Shifted and Rotated Rosenbrock’s Function,20,29,1000000,444.9415949767506,44.941594976750594,False,38.6167266368866
de_gradient_boost,2,F2: Shifted and Rotated Rosenbrock’s Function,20,30,1000000,449.1314207896655,49.131420789665526,False,37.18181586265564
de_gradient_boost,3,F3: Shifted and full Rotated Expanded Schaffer’s F7,20,1,1000000,600.0000395249037,3.952490374103945e-05,False,56.82589483261109
de_gradient_boost,3,F3: Shifted and full Rotated Expanded Schaffer’s F7,20,2,1000000,600.0000488868552,4.888685521109437e-05,False,57.445141553878784
de_gradient_boost,3,F3: Shifted and full Rotated Expanded Schaffer’s F7,20,3,1000000,600.000029555829,2.9555828973570897e-05,False,55.72627258300781
de_gradient_boost,3,F3: Shifted and full Rotated Expanded Schaffer’s F7,20,4,1000000,600.0000351026584,3.510265844397509e-05,False,55.00857305526733
de_gradient_boost,3,F3: Shifted and full Rotated Expanded Schaffer’s F7,20,5,1000000,600.0000407687905,4.076879054082383e-05,False,55.385921001434326
de_gradient_boost,3,F3: Shifted and full Rotated Expanded Schaffer’s F7,20,6,1000000,600.0000321476724,3.214767241388472e-05,False,56.353172302246094
de_gradient_boost,3,F3: Shifted and full Rotated Expanded Schaffer’s F7,20,7,1000000,600.0000322576399,3.225763987302344e-05,False,57.42062520980835
de_gradient_boost,3,F3: Shifted and full Rotated Expanded Schaffer’s F7,20,8,1000000,600.0000720852915,7.208529154922871e-05,False,56.95995545387268
de_gradient_boost,3,F3: Shifted and full Rotated Expanded Schaffer’s F7,20,9,1000000,600.0000246436817,2.464368174059928e-05,False,56.59238600730896
de_gradient_boost,3,F3: Shifted and full Rotated Expanded Schaffer’s F7,20,10,1000000,600.0000287749568,2.87749568315121e-05,False,57.02639985084534
de_gradient_boost,3,F3: Shifted and full Rotated Expanded Schaffer’s F7,20,11,1000000,600.0000432744766,4.3274476638544e-05,False,58.08966422080994
de_gradient_boost,3,F3: Shifted and full Rotated Expanded Schaffer’s F7,20,12,1000000,600.000040187551,4.01875510078753e-05,False,55.134368896484375
de_gradient_boost,3,F3: Shifted and full Rotated Expanded Schaffer’s F7,20,13,1000000,600.000023942077,2.3942076950334013e-05,False,55.83792161941528
de_gradient_boost,3,F3: Shifted and full Rotated Expanded Schaffer’s F7,20,14,1000000,600.0000273525027,2.735250268415257e-05,False,57.12822914123535
de_gradient_boost,3,F3: Shifted and full Rotated Expanded Schaffer’s F7,20,15,1000000,600.0000394738839,3.947388393044093e-05,False,56.174824714660645
de_gradient_boost,3,F3: Shifted and full Rotated Expanded Schaffer’s F7,20,16,1000000,600.0000296488028,2.964880275158066e-05,False,55.6553008556366
de_gradient_boost,3,F3: Shifted and full Rotated Expanded Schaffer’s F7,20,17,1000000,600.0000267787417,2.677874169876304e-05,False,56.28633832931519
de_gradient_boost,3,F3: Shifted and full Rotated Expanded Schaffer’s F7,20,18,1000000,600.0000298575578,2.9857557819923383e-05,False,57.1283323764801
de_gradient_boost,3,F3: Shifted and full Rotated Expanded Schaffer’s F7,20,19,1000000,600.0000361418538,3.614185379774426e-05,False,58.16301393508911
de_gradient_boost,3,F3: Shifted and full Rotated Expanded Schaffer’s F7,20,20,1000000,600.0000517025295,5.170252950392751e-05,False,57.562933683395386
de_gradient_boost,3,F3: Shifted and full Rotated Expanded Schaffer’s F7,20,21,1000000,600.0000354560217,3.545602169197082e-05,False,58.50563406944275
de_gradient_boost,3,F3: Shifted and full Rotated Expanded Schaffer’s F7,20,22,1000000,600.0000366034523,3.660345225853234e-05,False,57.39188885688782
de_gradient_boost,3,F3: Shifted and full Rotated Expanded Schaffer’s F7,20,23,1000000,600.0000712686987,7.126869866169727e-05,False,58.13170337677002
de_gradient_boost,3,F3: Shifted and full Rotated Expanded Schaffer’s F7,20,24,1000000,600.000033931606,3.3931606026271766e-05,False,57.90357303619385
de_gradient_boost,3,F3: Shifted and full Rotated Expanded Schaffer’s F7,20,25,1000000,600.0000420469227,4.20469226583009e-05,False,58.661407470703125
de_gradient_boost,3,F3: Shifted and full Rotated Expanded Schaffer’s F7,20,26,1000000,600.0000721727313,7.217273127935186e-05,False,56.000226974487305
de_gradient_boost,3,F3: Shifted and full Rotated Expanded Schaffer’s F7,20,27,1000000,600.0000382173538,3.821735379005986e-05,False,57.23066020011902
de_gradient_boost,3,F3: Shifted and full Rotated Expanded Schaffer’s F7,20,28,1000000,600.0000361519112,3.615191121753014e-05,False,57.74842572212219
de_gradient_boost,3,F3: Shifted and full Rotated Expanded Schaffer’s F7,20,29,1000000,600.0000399112267,3.991122673596692e-05,False,56.71613669395447
de_gradient_boost,3,F3: Shifted and full Rotated Expanded Schaffer’s F7,20,30,1000000,600.000026704312,2.670431194928824e-05,False,55.05174922943115
de_gradient_boost,4,F4: Shifted and Rotated Non-Continuous Rastrigin’s Function,20,1,1000000,1015.5871882385638,215.58718823856384,False,81.86287498474121
de_gradient_boost,4,F4: Shifted and Rotated Non-Continuous Rastrigin’s Function,20,2,1000000,1060.796035209435,260.7960352094351,False,84.86129665374756
de_gradient_boost,4,F4: Shifted and Rotated Non-Continuous Rastrigin’s Function,20,3,1000000,1008.824020954602,208.824020954602,False,85.03062152862549
de_gradient_boost,4,F4: Shifted and Rotated Non-Continuous Rastrigin’s Function,20,4,1000000,1049.359614902448,249.3596149024479,False,82.82722592353821
de_gradient_boost,4,F4: Shifted and Rotated Non-Continuous Rastrigin’s Function,20,5,1000000,1035.918945272677,235.9189452726773,False,81.43562412261963
de_gradient_boost,4,F4: Shifted and Rotated Non-Continuous Rastrigin’s Function,20,6,1000000,1060.1441635436922,260.14416354369223,False,83.62559843063354
de_gradient_boost,4,F4: Shifted and Rotated Non-Continuous Rastrigin’s Function,20,7,1000000,1026.243617140995,226.24361714099496,False,81.52555179595947
de_gradient_boost,4,F4: Shifted and Rotated Non-Continuous Rastrigin’s Function,20,8,1000000,987.729217645636,187.7292176456359,False,81.87443828582764
de_gradient_boost,4,F4: Shifted and Rotated Non-Continuous Rastrigin’s Function,20,9,1000000,1046.146879137193,246.14687913719308,False,80.46235132217407
de_gradient_boost,4,F4: Shifted and Rotated Non-Continuous Rastrigin’s Function,20,10,1000000,1017.8851318518056,217.88513185180545,False,82.28852868080139
de_gradient_boost,4,F4: Shifted and Rotated Non-Continuous Rastrigin’s Function,20,11,1000000,1042.193996414906,242.193996414906,False,81.17796039581299
de_gradient_boost,4,F4: Shifted and Rotated Non-Continuous Rastrigin’s Function,20,12,1000000,1026.1419402694394,226.14194026943937,False,80.83993315696716
de_gradient_boost,4,F4: Shifted and Rotated Non-Continuous Rastrigin’s Function,20,13,1000000,1055.0533413317153,255.05334133171527,False,81.24535083770752
de_gradient_boost,4,F4: Shifted and Rotated Non-Continuous Rastrigin’s Function,20,14,1000000,929.9461834473118,129.9461834473118,False,81.86589789390564
de_gradient_boost,4,F4: Shifted and Rotated Non-Continuous Rastrigin’s Function,20,15,1000000,1022.2147368319472,222.2147368319472,False,81.5696713924408
de_gradient_boost,4,F4: Shifted and Rotated Non-Continuous Rastrigin’s Function,20,16,1000000,1099.2616609731826,299.26166097318264,False,81.58866095542908
de_gradient_boost,4,F4: Shifted and Rotated Non-Continuous Rastrigin’s Function,20,17,1000000,1059.3000733327922,259.3000733327922,False,81.20354151725769
de_gradient_boost,4,F4: Shifted and Rotated Non-Continuous Rastrigin’s Function,20,18,1000000,1027.5847753790554,227.58477537905537,False,81.37565183639526
de_gradient_boost,4,F4: Shifted and Rotated Non-Continuous Rastrigin’s Function,20,19,1000000,1037.1630215735029,237.16302157350287,False,81.18517708778381
de_gradient_boost,4,F4: Shifted and Rotated Non-Continuous Rastrigin’s Function,20,20,1000000,1059.3290723062678,259.3290723062678,False,81.23414421081543
de_gradient_boost,4,F4: Shifted and Rotated Non-Continuous Rastrigin’s Function,20,21,1000000,1051.8779924551995,251.87799245519955,False,82.11226797103882
de_gradient_boost,4,F4: Shifted and Rotated Non-Continuous Rastrigin’s Function,20,22,1000000,1061.3274259805785,261.32742598057825,False,81.02408814430237
de_gradient_boost,4,F4: Shifted and Rotated Non-Continuous Rastrigin’s Function,20,23,1000000,1062.1794680728651,262.17946807286535,False,80.00058460235596
de_gradient_boost,4,F4: Shifted and Rotated Non-Continuous Rastrigin’s Function,20,24,1000000,1045.46607138714,245.4660713871401,False,81.36834740638733
de_gradient_boost,4,F4: Shifted and Rotated Non-Continuous Rastrigin’s Function,20,25,1000000,1041.7098725429926,241.70987254299257,False,81.91191792488098
de_gradient_boost,4,F4: Shifted and Rotated Non-Continuous Rastrigin’s Function,20,26,1000000,1040.074852547791,240.07485254779067,False,81.6721465587616
de_gradient_boost,4,F4: Shifted and Rotated Non-Continuous Rastrigin’s Function,20,27,1000000,1025.1989477779648,225.1989477779648,False,80.12662434577942
de_gradient_boost,4,F4: Shifted and Rotated Non-Continuous Rastrigin’s Function,20,28,1000000,1040.0794138704243,240.07941387042436,False,80.65548706054688
de_gradient_boost,4,F4: Shifted and Rotated Non-Continuous Rastrigin’s Function,20,29,1000000,1011.0556072148664,211.0556072148665,False,80.89120268821716
de_gradient_boost,4,F4: Shifted and Rotated Non-Continuous Rastrigin’s Function,20,30,1000000,1050.834535174713,250.83453517471295,False,80.29767751693726
de_gradient_boost,5,F5: Shifted and Rotated Levy Function,20,1,1000000,900.00611224899,0.0061122489900071,False,45.67981791496277
de_gradient_boost,5,F5: Shifted and Rotated Levy Function,20,2,1000000,900.0071562520973,0.0071562520972747,False,46.6691370010376
de_gradient_boost,5,F5: Shifted and Rotated Levy Function,20,3,1000000,900.005513586772,0.0055135867720537,False,45.71889233589173
de_gradient_boost,5,F5: Shifted and Rotated Levy Function,20,4,1000000,900.0066457056205,0.0066457056204853,False,45.9608805179596
de_gradient_boost,5,F5: Shifted and Rotated Levy Function,20,5,1000000,900.0052047264865,0.005204726486454,False,46.78889441490173
de_gradient_boost,5,F5: Shifted and Rotated Levy Function,20,6,1000000,900.0063600817623,0.0063600817622955,False,46.06619358062744
de_gradient_boost,5,F5: Shifted and Rotated Levy Function,20,7,1000000,900.0020708309086,0.0020708309085648,False,46.43920159339905
de_gradient_boost,5,F5: Shifted and Rotated Levy Function,20,8,1000000,900.0084850137129,0.0084850137128569,False,46.20436310768128
de_gradient_boost,5,F5: Shifted and Rotated Levy Function,20,9,1000000,900.4619774002056,0.4619774002055692,False,45.86609649658203
de_gradient_boost,5,F5: Shifted and Rotated Levy Function,20,10,1000000,900.0927336059812,0.0927336059811523,False,47.07804608345032
de_gradient_boost,5,F5: Shifted and Rotated Levy Function,20,11,1000000,900.0032037296436,0.0032037296435873,False,46.067039489746094
de_gradient_boost,5,F5: Shifted and Rotated Levy Function,20,12,1000000,900.0056396731769,0.0056396731769154,False,45.93716144561768
de_gradient_boost,5,F5: Shifted and Rotated Levy Function,20,13,1000000,900.0039621707964,0.0039621707963988,False,46.70423126220703
de_gradient_boost,5,F5: Shifted and Rotated Levy Function,20,14,1000000,900.0978047571235,0.0978047571235265,False,46.51488614082336
de_gradient_boost,5,F5: Shifted and Rotated Levy Function,20,15,1000000,901.0033990532198,1.0033990532198231,False,46.23798489570618
de_gradient_boost,5,F5: Shifted and Rotated Levy Function,20,16,1000000,900.091964804644,0.0919648046440215,False,46.117921113967896
de_gradient_boost,5,F5: Shifted and Rotated Levy Function,20,17,1000000,900.4593424008436,0.4593424008436386,False,45.76586437225342
de_gradient_boost,5,F5: Shifted and Rotated Levy Function,20,18,1000000,900.0078269190589,0.0078269190588571,False,46.22174382209778
de_gradient_boost,5,F5: Shifted and Rotated Levy Function,20,19,1000000,900.0070341512147,0.0070341512147251,False,45.98126602172852
de_gradient_boost,5,F5: Shifted and Rotated Levy Function,20,20,1000000,900.0920006650547,0.0920006650546838,False,46.62593984603882
de_gradient_boost,5,F5: Shifted and Rotated Levy Function,20,21,1000000,900.5482719099025,0.5482719099024962,False,45.79632830619812
de_gradient_boost,5,F5: Shifted and Rotated Levy Function,20,22,1000000,900.4647327291757,0.4647327291756937,False,46.5656681060791
de_gradient_boost,5,F5: Shifted and Rotated Levy Function,20,23,1000000,900.0059353401401,0.0059353401401267,False,46.16894602775574
de_gradient_boost,5,F5: Shifted and Rotated Levy Function,20,24,1000000,900.0044958093289,0.0044958093288869,False,46.73071002960205
de_gradient_boost,5,F5: Shifted and Rotated Levy Function,20,25,1000000,900.0058053799379,0.0058053799378967,False,46.21072793006897
de_gradient_boost,5,F5: Shifted and Rotated Levy Function,20,26,1000000,900.4576051257385,0.4576051257384961,False,45.63181114196777
de_gradient_boost,5,F5: Shifted and Rotated Levy Function,20,27,1000000,900.912368941118,0.9123689411180748,False,45.78357458114624
de_gradient_boost,5,F5: Shifted and Rotated Levy Function,20,28,1000000,900.0061069330233,0.0061069330232612,False,46.62108254432678
de_gradient_boost,5,F5: Shifted and Rotated Levy Function,20,29,1000000,900.00670511111,0.0067051111100226,False,46.1956958770752
de_gradient_boost,5,F5: Shifted and Rotated Levy Function,20,30,1000000,900.0055576921912,0.0055576921912461,False,46.394437074661255
de_gradient_boost,6,F6: Hybrid Function 1,20,1,1000000,204427.18673540783,202627.18673540783,False,53.4406521320343
de_gradient_boost,6,F6: Hybrid Function 1,20,2,1000000,1081324.3323851912,1079524.3323851912,False,54.087199211120605
de_gradient_boost,6,F6: Hybrid Function 1,20,3,1000000,188833.85974137895,187033.85974137895,False,53.5529842376709
de_gradient_boost,6,F6: Hybrid Function 1,20,4,1000000,219836.11260654416,218036.11260654416,False,53.12601566314697
de_gradient_boost,6,F6: Hybrid Function 1,20,5,1000000,1507327.9048944707,1505527.9048944707,False,53.58781003952026
de_gradient_boost,6,F6: Hybrid Function 1,20,6,1000000,208761.6776408193,206961.6776408193,False,52.7317681312561
de_gradient_boost,6,F6: Hybrid Function 1,20,7,1000000,506061.90014458506,504261.90014458506,False,52.43809509277344
de_gradient_boost,6,F6: Hybrid Function 1,20,8,1000000,200368.0353100853,198568.0353100853,False,53.12986350059509
de_gradient_boost,6,F6: Hybrid Function 1,20,9,1000000,194955.1433491921,193155.1433491921,False,53.48534321784973
de_gradient_boost,6,F6: Hybrid Function 1,20,10,1000000,258199.03650603583,256399.03650603583,False,52.84420132637024
de_gradient_boost,6,F6: Hybrid Function 1,20,11,1000000,243734.5679017983,241934.5679017983,False,53.15544652938843
de_gradient_boost,6,F6: Hybrid Function 1,20,12,1000000,638550.2114883693,636750.2114883693,False,53.23130297660828
de_gradient_boost,6,F6: Hybrid Function 1,20,13,1000000,230769.13385591455,228969.13385591455,False,52.82124996185303
de_gradient_boost,6,F6: Hybrid Function 1,20,14,1000000,289034.233467216,287234.233467216,False,53.16286754608154
de_gradient_boost,6,F6: Hybrid Function 1,20,15,1000000,1587514.3089726495,1585714.3089726495,False,53.25704836845398
de_gradient_boost,6,F6: Hybrid Function 1,20,16,1000000,649397.1606693674,647597.1606693674,False,53.49141788482666
de_gradient_boost,6,F6: Hybrid Function 1,20,17,1000000,520656.9794066955,518856.9794066955,False,53.6083550453186
de_gradient_boost,6,F6: Hybrid Function 1,20,18,1000000,2747126.7896228745,2745326.7896228745,False,53.755857706069946
de_gradient_boost,6,F6: Hybrid Function 1,20,19,1000000,207595.4331118343,205795.4331118343,False,53.79740571975708
de_gradient_boost,6,F6: Hybrid Function 1,20,20,1000000,146141.72793867483,144341.72793867483,False,52.83587169647217
de_gradient_boost,6,F6: Hybrid Function 1,20,21,1000000,445694.3213321745,443894.3213321745,False,54.505316972732544
de_gradient_boost,6,F6: Hybrid Function 1,20,22,1000000,776703.8770524573,774903.8770524573,False,53.58119440078735
de_gradient_boost,6,F6: Hybrid Function 1,20,23,1000000,171808.15815045018,170008.15815045018,False,53.50854516029358
de_gradient_boost,6,F6: Hybrid Function 1,20,24,1000000,215805.10074272976,214005.10074272976,False,54.27019643783569
de_gradient_boost,6,F6: Hybrid Function 1,20,25,1000000,782144.391658261,780344.391658261,False,54.281495809555054
de_gradient_boost,6,F6: Hybrid Function 1,20,26,1000000,228428.769087715,226628.769087715,False,53.76435923576355
de_gradient_boost,6,F6: Hybrid Function 1,20,27,1000000,173122.15787297665,171322.15787297665,False,54.43757319450378
de_gradient_boost,6,F6: Hybrid Function 1,20,28,1000000,267947.7378179693,266147.7378179693,False,53.79696583747864
de_gradient_boost,6,F6: Hybrid Function 1,20,29,1000000,480046.50046894304,478246.50046894304,False,53.78196740150452
de_gradient_boost,6,F6: Hybrid Function 1,20,30,1000000,327840.3275173002,326040.3275173002,False,54.263795375823975
de_gradient_boost,7,F7: Hybrid Function 2,20,1,1000000,2126.6510727221585,126.65107272215846,False,834.211047410965
de_gradient_boost,7,F7: Hybrid Function 2,20,2,1000000,2069.3190676683093,69.31906766830934,False,830.7961463928223
de_gradient_boost,7,F7: Hybrid Function 2,20,3,1000000,2091.853846716489,91.853846716489,False,820.9643542766571
de_gradient_boost,7,F7: Hybrid Function 2,20,4,1000000,2074.154941010583,74.15494101058312,False,823.9692211151123
de_gradient_boost,7,F7: Hybrid Function 2,20,5,1000000,2121.123168163896,121.12316816389604,False,833.2420101165771
de_gradient_boost,7,F7: Hybrid Function 2,20,6,1000000,2069.047783361289,69.04778336128902,False,831.4178659915924
de_gradient_boost,7,F7: Hybrid Function 2,20,7,1000000,2179.248804615105,179.2488046151052,False,828.5376667976379
de_gradient_boost,7,F7: Hybrid Function 2,20,8,1000000,2159.996091525817,159.99609152581706,False,840.9694406986237
de_gradient_boost,7,F7: Hybrid Function 2,20,9,1000000,2096.834278517557,96.83427851755688,False,827.2932450771332
de_gradient_boost,7,F7: Hybrid Function 2,20,10,1000000,2068.876015559347,68.8760155593468,False,834.1670258045197
de_gradient_boost,7,F7: Hybrid Function 2,20,11,1000000,2107.723605634036,107.72360563403572,False,823.7725985050201
de_gradient_boost,7,F7: Hybrid Function 2,20,12,1000000,2070.8189444388904,70.81894443889041,False,835.0994553565979
de_gradient_boost,7,F7: Hybrid Function 2,20,13,1000000,2054.712773516996,54.71277351699564,False,825.7969148159027
de_gradient_boost,7,F7: Hybrid Function 2,20,14,1000000,2199.275741207839,199.27574120783905,False,833.7026479244232
de_gradient_boost,7,F7: Hybrid Function 2,20,15,1000000,2069.049541884513,69.04954188451302,False,830.330155134201
de_gradient_boost,7,F7: Hybrid Function 2,20,16,1000000,2138.513148829988,138.5131488299876,False,831.7725279331207
de_gradient_boost,7,F7: Hybrid Function 2,20,17,1000000,2125.826499234572,125.82649923457166,False,821.1130766868591
de_gradient_boost,7,F7: Hybrid Function 2,20,18,1000000,2084.779329480287,84.77932948028683,False,821.2458848953247
de_gradient_boost,7,F7: Hybrid Function 2,20,19,1000000,2246.3747545749884,246.3747545749884,False,829.2070138454437
de_gradient_boost,7,F7: Hybrid Function 2,20,20,1000000,2055.6474494156923,55.647449415692336,False,823.7811968326569
de_gradient_boost,7,F7: Hybrid Function 2,20,21,1000000,2089.6647991359864,89.66479913598641,False,828.7231545448303
de_gradient_boost,7,F7: Hybrid Function 2,20,22,1000000,2212.794163322881,212.7941633228811,False,824.0702841281891
de_gradient_boost,7,F7: Hybrid Function 2,20,23,1000000,2106.118875142574,106.11887514257388,False,825.046630859375
de_gradient_boost,7,F7: Hybrid Function 2,20,24,1000000,2157.0381123341504,157.03811233415036,False,820.3581955432892
de_gradient_boost,7,F7: Hybrid Function 2,20,25,1000000,2177.4572791835035,177.4572791835035,False,827.7668228149414
de_gradient_boost,7,F7: Hybrid Function 2,20,26,1000000,2064.59300090893,64.59300090893021,False,833.4631614685059
de_gradient_boost,7,F7: Hybrid Function 2,20,27,1000000,2071.2935025440056,71.2935025440056,False,831.0435681343079
de_gradient_boost,7,F7: Hybrid Function 2,20,28,1000000,2160.878776636581,160.87877663658082,False,825.8829660415649
de_gradient_boost,7,F7: Hybrid Function 2,20,29,1000000,2188.7768370593585,188.7768370593585,False,828.8184061050415
de_gradient_boost,7,F7: Hybrid Function 2,20,30,1000000,2040.8143822374136,40.81438223741361,False,826.2900927066803
de_gradient_boost,8,F8: Hybrid Function 3,20,1,1000000,2361.503030047013,161.50303004701345,False,1161.5882105827332
de_gradient_boost,8,F8: Hybrid Function 3,20,2,1000000,3421.080739545647,1221.0807395456468,False,1158.5998482704165
de_gradient_boost,8,F8: Hybrid Function 3,20,3,1000000,3136.700063615472,936.7000636154715,False,1157.6780846118927
de_gradient_boost,8,F8: Hybrid Function 3,20,4,1000000,3298.7741150855963,1098.7741150855963,False,1156.1173021793363
de_gradient_boost,8,F8: Hybrid Function 3,20,5,1000000,2402.619166417021,202.619166417021,False,1160.484280347824
de_gradient_boost,8,F8: Hybrid Function 3,20,6,1000000,2245.087088719353,45.08708871935278,False,1167.4360740184784
de_gradient_boost,8,F8: Hybrid Function 3,20,7,1000000,2561.8440251182087,361.8440251182087,False,1163.6610977649689
de_gradient_boost,8,F8: Hybrid Function 3,20,8,1000000,2382.912623630708,182.9126236307079,False,1162.9828443527222
de_gradient_boost,8,F8: Hybrid Function 3,20,9,1000000,2313.540521304605,113.54052130460514,False,1162.212426185608
de_gradient_boost,8,F8: Hybrid Function 3,20,10,1000000,2277.031450872169,77.03145087216944,False,1154.3596665859222
de_gradient_boost,8,F8: Hybrid Function 3,20,11,1000000,2262.0563952447164,62.05639524471644,False,1162.8341159820557
de_gradient_boost,8,F8: Hybrid Function 3,20,12,1000000,2586.260344556014,386.26034455601393,False,1161.207087278366
de_gradient_boost,8,F8: Hybrid Function 3,20,13,1000000,2311.862272746921,111.86227274692057,False,1162.796436548233
de_gradient_boost,8,F8: Hybrid Function 3,20,14,1000000,2251.200596911595,51.20059691159486,False,1165.2243831157684
de_gradient_boost,8,F8: Hybrid Function 3,20,15,1000000,2329.4463395305784,129.44633953057837,False,1165.7685923576355
de_gradient_boost,8,F8: Hybrid Function 3,20,16,1000000,2322.377198785577,122.37719878557756,False,1161.1502928733826
de_gradient_boost,8,F8: Hybrid Function 3,20,17,1000000,2254.36127187197,54.36127187197008,False,1162.2168004512787
de_gradient_boost,8,F8: Hybrid Function 3,20,18,1000000,2789.9293738872925,589.9293738872925,False,1165.5118610858915
de_gradient_boost,8,F8: Hybrid Function 3,20,19,1000000,2965.579337041881,765.5793370418814,False,1164.3042302131653
de_gradient_boost,8,F8: Hybrid Function 3,20,20,1000000,3249.6325012912903,1049.6325012912905,False,1166.371323108673
de_gradient_boost,8,F8: Hybrid Function 3,20,21,1000000,2845.103484952581,645.1034849525809,False,1163.6499247550964
de_gradient_boost,8,F8: Hybrid Function 3,20,22,1000000,2254.0125119722466,54.01251197224656,False,1190.746789932251
de_gradient_boost,8,F8: Hybrid Function 3,20,23,1000000,2246.396402072823,46.39640207282309,False,1208.8923065662384
de_gradient_boost,8,F8: Hybrid Function 3,20,24,1000000,2445.2478602265464,245.24786022654644,False,1192.633605003357
de_gradient_boost,8,F8: Hybrid Function 3,20,25,1000000,2243.9384752271376,43.93847522713759,False,1181.0294044017792
de_gradient_boost,8,F8: Hybrid Function 3,20,26,1000000,2305.8676104241417,105.86761042414172,False,1162.8384029865265
de_gradient_boost,8,F8: Hybrid Function 3,20,27,1000000,2359.165389496194,159.16538949619417,False,1162.9469771385193
de_gradient_boost,8,F8: Hybrid Function 3,20,28,1000000,3156.2194080666804,956.2194080666804,False,1155.7985887527466
de_gradient_boost,8,F8: Hybrid Function 3,20,29,1000000,2371.057776917848,171.0577769178476,False,1149.1197612285614
de_gradient_boost,8,F8: Hybrid Function 3,20,30,1000000,2456.3547822141068,256.3547822141068,False,1150.5966494083405
de_gradient_boost,9,F9: Composition Function 1,20,1,1000000,2635.679431647952,335.67943164795224,False,142.71937704086304
de_gradient_boost,9,F9: Composition Function 1,20,2,1000000,2635.700657196832,335.70065719683134,False,142.35795259475708
de_gradient_boost,9,F9: Composition Function 1,20,3,1000000,2635.7250151993785,335.7250151993785,False,143.325430393219
de_gradient_boost,9,F9: Composition Function 1,20,4,1000000,2635.734913091421,335.7349130914208,False,149.15787148475647
de_gradient_boost,9,F9: Composition Function 1,20,5,1000000,2635.6897137914743,335.68971379147433,False,148.7236521244049
de_gradient_boost,9,F9: Composition Function 1,20,6,1000000,2635.654606512865,335.6546065128655,False,151.39912056922913
de_gradient_boost,9,F9: Composition Function 1,20,7,1000000,2635.702752688653,335.7027526886532,False,149.6141176223755
de_gradient_boost,9,F9: Composition Function 1,20,8,1000000,2635.735194957715,335.73519495771507,False,146.34795451164246
de_gradient_boost,9,F9: Composition Function 1,20,9,1000000,2635.659014987392,335.65901498739186,False,149.93481373786926
de_gradient_boost,9,F9: Composition Function 1,20,10,1000000,2635.6580115075103,335.6580115075103,False,143.87418913841248
de_gradient_boost,9,F9: Composition Function 1,20,11,1000000,2635.6869014778417,335.68690147784173,False,144.02268481254578
de_gradient_boost,9,F9: Composition Function 1,20,12,1000000,2635.66405311064,335.66405311064,False,145.57611632347107
de_gradient_boost,9,F9: Composition Function 1,20,13,1000000,2635.6612870264253,335.66128702642527,False,147.63965940475464
de_gradient_boost,9,F9: Composition Function 1,20,14,1000000,2635.6812987901467,335.6812987901467,False,147.55842638015747
de_gradient_boost,9,F9: Composition Function 1,20,15,1000000,2635.649765893363,335.6497658933631,False,151.6604015827179
de_gradient_boost,9,F9: Composition Function 1,20,16,1000000,2635.6793236998374,335.67932369983737,False,152.20279335975647
de_gradient_boost,9,F9: Composition Function 1,20,17,1000000,2635.690699106884,335.69069910688404,False,149.3055727481842
de_gradient_boost,9,F9: Composition Function 1,20,18,1000000,2635.6992222877893,335.6992222877893,False,147.4147937297821
de_gradient_boost,9,F9: Composition Function 1,20,19,1000000,2635.662352324406,335.66235232440613,False,143.66205501556396
de_gradient_boost,9,F9: Composition Function 1,20,20,1000000,2635.654527385403,335.65452738540307,False,144.0352041721344
de_gradient_boost,9,F9: Composition Function 1,20,21,1000000,2635.7162863068725,335.71628630687246,False,144.94793224334717
de_gradient_boost,9,F9: Composition Function 1,20,22,1000000,2635.662980221517,335.66298022151705,False,142.88126707077026
de_gradient_boost,9,F9: Composition Function 1,20,23,1000000,2635.6513233263854,335.6513233263854,False,141.030113697052
de_gradient_boost,9,F9: Composition Function 1,20,24,1000000,2635.6792339952945,335.67923399529445,False,142.06956434249878
de_gradient_boost,9,F9: Composition Function 1,20,25,1000000,2635.670617531735,335.67061753173493,False,142.78971028327942
de_gradient_boost,9,F9: Composition Function 1,20,26,1000000,2635.6780744544303,335.6780744544303,False,142.52115726470947
de_gradient_boost,9,F9: Composition Function 1,20,27,1000000,2635.661692492833,335.6616924928335,False,144.086199760437
de_gradient_boost,9,F9: Composition Function 1,20,28,1000000,2635.6749475279585,335.67494752795847,False,144.0733518600464
de_gradient_boost,9,F9: Composition Function 1,20,29,1000000,2635.864201862218,335.8642018622181,False,144.85289549827576
de_gradient_boost,9,F9: Composition Function 1,20,30,1000000,2635.683665196263,335.68366519626306,False,143.2455382347107
de_gradient_boost,10,F10: Composition Function 2,20,1,1000000,6511.491660865839,4111.491660865839,False,147.6147119998932
de_gradient_boost,10,F10: Composition Function 2,20,2,1000000,2797.0252776320413,397.02527763204125,False,147.32128882408142
de_gradient_boost,10,F10: Composition Function 2,20,3,1000000,2803.551699116971,403.5516991169711,False,146.22254514694214
de_gradient_boost,10,F10: Composition Function 2,20,4,1000000,2797.94230354955,397.94230354955016,False,148.0581886768341
de_gradient_boost,10,F10: Composition Function 2,20,5,1000000,6897.687994904756,4497.687994904756,False,148.20007228851318
de_gradient_boost,10,F10: Composition Function 2,20,6,1000000,6680.630455366049,4280.630455366049,False,148.21701312065125
de_gradient_boost,10,F10: Composition Function 2,20,7,1000000,2995.534170320536,595.5341703205358,False,146.71961736679077
de_gradient_boost,10,F10: Composition Function 2,20,8,1000000,2797.106758339546,397.1067583395461,False,146.82656860351562
de_gradient_boost,10,F10: Composition Function 2,20,9,1000000,2806.851678733894,406.851678733894,False,147.41693711280823
de_gradient_boost,10,F10: Composition Function 2,20,10,1000000,2798.860442063744,398.8604420637439,False,151.64951825141907
de_gradient_boost,10,F10: Composition Function 2,20,11,1000000,2803.4791001111867,403.47910011118665,False,150.16903805732727
de_gradient_boost,10,F10: Composition Function 2,20,12,1000000,2800.4770807671857,400.4770807671857,False,148.2142927646637
de_gradient_boost,10,F10: Composition Function 2,20,13,1000000,6576.988358931207,4176.988358931207,False,148.52823758125305
de_gradient_boost,10,F10: Composition Function 2,20,14,1000000,3013.403066201635,613.4030662016348,False,146.2111656665802
de_gradient_boost,10,F10: Composition Function 2,20,15,1000000,2998.0581180393297,598.0581180393297,False,145.43180108070374
de_gradient_boost,10,F10: Composition Function 2,20,16,1000000,2799.690742280743,399.6907422807431,False,148.02830958366394
de_gradient_boost,10,F10: Composition Function 2,20,17,1000000,6811.693116215809,4411.693116215809,False,148.2658576965332
de_gradient_boost,10,F10: Composition Function 2,20,18,1000000,2800.6077562969376,400.6077562969376,False,150.4005091190338
de_gradient_boost,10,F10: Composition Function 2,20,19,1000000,3052.053519767209,652.0535197672089,False,147.2445583343506
de_gradient_boost,10,F10: Composition Function 2,20,20,1000000,2802.2503584176184,402.2503584176184,False,150.33959674835205
de_gradient_boost,10,F10: Composition Function 2,20,21,1000000,6838.580523709218,4438.580523709218,False,150.2986123561859
de_gradient_boost,10,F10: Composition Function 2,20,22,1000000,6287.764398126187,3887.764398126187,False,151.65706396102905
de_gradient_boost,10,F10: Composition Function 2,20,23,1000000,5728.893895734784,3328.893895734784,False,149.04917359352112
de_gradient_boost,10,F10: Composition Function 2,20,24,1000000,2798.6907963879285,398.69079638792846,False,148.4319257736206
de_gradient_boost,10,F10: Composition Function 2,20,25,1000000,3016.582438706416,616.5824387064158,False,146.86841368675232
de_gradient_boost,10,F10: Composition Function 2,20,26,1000000,2880.0483941812136,480.0483941812136,False,146.5149998664856
de_gradient_boost,10,F10: Composition Function 2,20,27,1000000,6352.126439997937,3952.126439997937,False,149.4427456855774
de_gradient_boost,10,F10: Composition Function 2,20,28,1000000,2803.5699794812144,403.5699794812144,False,150.05426120758057
de_gradient_boost,10,F10: Composition Function 2,20,29,1000000,2799.0010240794168,399.0010240794168,False,152.19068264961243
de_gradient_boost,10,F10: Composition Function 2,20,30,1000000,2798.121563139337,398.1215631393375,False,151.89790034294128
de_gradient_boost,11,F11: Composition Function 3,20,1,1000000,2600.8301311112577,0.8301311112577423,False,238.2207911014557
de_gradient_boost,11,F11: Composition Function 3,20,2,1000000,2600.6431529241727,0.6431529241726821,False,233.02314066886905
de_gradient_boost,11,F11: Composition Function 3,20,3,1000000,2600.8378044186484,0.8378044186483748,False,246.1951184272766
de_gradient_boost,11,F11: Composition Function 3,20,4,1000000,2600.3149792750546,0.3149792750546112,False,264.5917944908142
de_gradient_boost,11,F11: Composition Function 3,20,5,1000000,2600.4719435687184,0.4719435687184159,False,261.81668519973755
de_gradient_boost,11,F11: Composition Function 3,20,6,1000000,2600.3237737434715,0.32377374347152,False,233.33882975578308
de_gradient_boost,11,F11: Composition Function 3,20,7,1000000,2600.470308819429,0.4703088194291922,False,231.05842208862305
de_gradient_boost,11,F11: Composition Function 3,20,8,1000000,2600.704087558422,0.7040875584220885,False,240.02164244651797
de_gradient_boost,11,F11: Composition Function 3,20,9,1000000,2600.6182514484603,0.6182514484603416,False,238.32456135749817
de_gradient_boost,11,F11: Composition Function 3,20,10,1000000,2600.414396770728,0.4143967707282172,False,230.26638197898865
de_gradient_boost,11,F11: Composition Function 3,20,11,1000000,2600.343031222912,0.3430312229120318,False,237.9416673183441
de_gradient_boost,11,F11: Composition Function 3,20,12,1000000,2600.780174124177,0.7801741241769378,False,260.1880931854248
de_gradient_boost,11,F11: Composition Function 3,20,13,1000000,2600.368975526328,0.3689755263276311,False,300.6421399116516
de_gradient_boost,11,F11: Composition Function 3,20,14,1000000,2600.428269854995,0.428269854995051,False,302.2428250312805
de_gradient_boost,11,F11: Composition Function 3,20,15,1000000,2600.597682380745,0.5976823807450273,False,310.0186517238617
de_gradient_boost,11,F11: Composition Function 3,20,16,1000000,2600.300778735518,0.300778735518179,False,298.20967841148376
de_gradient_boost,11,F11: Composition Function 3,20,17,1000000,2600.690329457986,0.6903294579860813,False,294.76460242271423
de_gradient_boost,11,F11: Composition Function 3,20,18,1000000,2600.5589128158017,0.5589128158017047,False,287.4898076057434
de_gradient_boost,11,F11: Composition Function 3,20,19,1000000,2600.334614454341,0.3346144543411355,False,263.0143554210663
de_gradient_boost,11,F11: Composition Function 3,20,20,1000000,2600.3809623545403,0.3809623545403156,False,260.2946500778198
de_gradient_boost,11,F11: Composition Function 3,20,21,1000000,2600.260330335495,0.2603303354949275,False,282.56739711761475
de_gradient_boost,11,F11: Composition Function 3,20,22,1000000,2600.5779321180817,0.5779321180816623,False,293.7350342273712
de_gradient_boost,11,F11: Composition Function 3,20,23,1000000,2600.500592748957,0.5005927489569331,False,274.9972150325775
de_gradient_boost,11,F11: Composition Function 3,20,24,1000000,2600.8189842135366,0.8189842135366234,False,247.3087253570557
de_gradient_boost,11,F11: Composition Function 3,20,25,1000000,2600.6873798420797,0.6873798420792809,False,314.2875533103943
de_gradient_boost,11,F11: Composition Function 3,20,26,1000000,2600.4741426985443,0.4741426985442558,False,308.59653306007385
de_gradient_boost,11,F11: Composition Function 3,20,27,1000000,2600.542580954134,0.5425809541338822,False,291.1778140068054
de_gradient_boost,11,F11: Composition Function 3,20,28,1000000,2600.2825246215125,0.2825246215124934,False,267.09767293930054
de_gradient_boost,11,F11: Composition Function 3,20,29,1000000,2600.37810925776,0.3781092577601157,False,298.89838576316833
de_gradient_boost,11,F11: Composition Function 3,20,30,1000000,2600.548103867857,0.5481038678572077,False,292.62417125701904
de_gradient_boost,12,F12: Composition Function 4,20,1,1000000,2941.677226021563,241.677226021563,False,311.6889200210572
de_gradient_boost,12,F12: Composition Function 4,20,2,1000000,2938.30306664458,238.30306664457976,False,269.0649826526642
de_gradient_boost,12,F12: Composition Function 4,20,3,1000000,2946.0742799824807,246.07427998248068,False,260.483674287796
de_gradient_boost,12,F12: Composition Function 4,20,4,1000000,2939.96168156082,239.96168156082013,False,255.93378400802607
de_gradient_boost,12,F12: Composition Function 4,20,5,1000000,2946.1139834255505,246.1139834255505,False,253.97464871406555
de_gradient_boost,12,F12: Composition Function 4,20,6,1000000,2945.6918923696376,245.6918923696376,False,259.78787565231323
de_gradient_boost,12,F12: Composition Function 4,20,7,1000000,2940.919004383538,240.91900438353787,False,262.8338325023651
de_gradient_boost,12,F12: Composition Function 4,20,8,1000000,2980.6320853588213,280.6320853588213,False,265.98690462112427
de_gradient_boost,12,F12: Composition Function 4,20,9,1000000,2943.7970073664405,243.7970073664405,False,264.9220848083496
de_gradient_boost,12,F12: Composition Function 4,20,10,1000000,2970.117261700155,270.1172617001548,False,251.73287153244016
de_gradient_boost,12,F12: Composition Function 4,20,11,1000000,2960.123186525109,260.12318652510885,False,257.256897687912
de_gradient_boost,12,F12: Composition Function 4,20,12,1000000,2939.96509536987,239.9650953698701,False,258.8237371444702
de_gradient_boost,12,F12: Composition Function 4,20,13,1000000,2943.487506282418,243.48750628241805,False,258.3282823562622
de_gradient_boost,12,F12: Composition Function 4,20,14,1000000,2959.2593225828027,259.2593225828027,False,256.3341941833496
de_gradient_boost,12,F12: Composition Function 4,20,15,1000000,2940.5028079014014,240.5028079014014,False,246.6599450111389
de_gradient_boost,12,F12: Composition Function 4,20,16,1000000,2962.1489766004315,262.1489766004315,False,240.25673413276672
de_gradient_boost,12,F12: Composition Function 4,20,17,1000000,2944.882429198289,244.8824291982892,False,236.69753336906436
de_gradient_boost,12,F12: Composition Function 4,20,18,1000000,2938.827334002051,238.82733400205095,False,237.53069496154785
de_gradient_boost,12,F12: Composition Function 4,20,19,1000000,2943.417475428781,243.41747542878105,False,234.98401355743408
de_gradient_boost,12,F12: Composition Function 4,20,20,1000000,2976.536409148537,276.53640914853713,False,240.1118202209473
de_gradient_boost,12,F12: Composition Function 4,20,21,1000000,2938.7936974154422,238.79369741544224,False,239.2670464515686
de_gradient_boost,12,F12: Composition Function 4,20,22,1000000,2941.823465722412,241.82346572241204,False,242.02337050437927
de_gradient_boost,12,F12: Composition Function 4,20,23,1000000,2945.118599062217,245.11859906221707,False,239.9824469089508
de_gradient_boost,12,F12: Composition Function 4,20,24,1000000,2962.1457256401304,262.1457256401304,False,240.32025742530823
de_gradient_boost,12,F12: Composition Function 4,20,25,1000000,2939.5117791124826,239.5117791124826,False,235.5697546005249
de_gradient_boost,12,F12: Composition Function 4,20,26,1000000,2973.0348575341723,273.03485753417226,False,238.0873692035675
de_gradient_boost,12,F12: Composition Function 4,20,27,1000000,2943.707472394883,243.7074723948831,False,236.72805738449097
de_gradient_boost,12,F12: Composition Function 4,20,28,1000000,2946.997702528397,246.99770252839744,False,235.6026153564453
de_gradient_boost,12,F12: Composition Function 4,20,29,1000000,2947.6609723518663,247.66097235186635,False,233.75294518470764
de_gradient_boost,12,F12: Composition Function 4,20,30,1000000,2970.137772509664,270.1377725096636,False,232.77802228927607
de_harmony_search,1,F1: Shifted and full Rotated Zakharov Function,10,1,200000,300.0000000000152,1.517719283583574e-11,True,13.207585573196411
de_harmony_search,1,F1: Shifted and full Rotated Zakharov Function,10,2,200000,300.0000135339295,1.35339295184167e-05,False,13.255090951919556
de_harmony_search,1,F1: Shifted and full Rotated Zakharov Function,10,3,200000,300.0000002314323,2.3143229554989375e-07,False,13.898539781570436
de_harmony_search,1,F1: Shifted and full Rotated Zakharov Function,10,4,200000,300.0003343862573,0.0003343862572933,False,12.938466787338257
de_harmony_search,1,F1: Shifted and full Rotated Zakharov Function,10,5,200000,300.0,0.0,True,12.5563645362854
de_harmony_search,1,F1: Shifted and full Rotated Zakharov Function,10,6,200000,300.0,0.0,True,12.580663442611694
de_harmony_search,1,F1: Shifted and full Rotated Zakharov Function,10,7,200000,300.0,0.0,True,12.431883811950684
de_harmony_search,1,F1: Shifted and full Rotated Zakharov Function,10,8,200000,300.0000000016459,1.645901193114696e-09,True,12.488790273666382
de_harmony_search,1,F1: Shifted and full Rotated Zakharov Function,10,9,200000,300.00003288416934,3.2884169343105896e-05,False,13.0096755027771
de_harmony_search,1,F1: Shifted and full Rotated Zakharov Function,10,10,200000,300.0000000000802,8.020606401260011e-11,True,13.026437997817991
de_harmony_search,1,F1: Shifted and full Rotated Zakharov Function,10,11,200000,300.0,0.0,True,12.79909062385559
de_harmony_search,1,F1: Shifted and full Rotated Zakharov Function,10,12,200000,300.0000000541029,5.4102883950690745e-08,False,12.773369312286375
de_harmony_search,1,F1: Shifted and full Rotated Zakharov Function,10,13,200000,300.00000281974866,2.819748658566823e-06,False,13.5227530002594
de_harmony_search,1,F1: Shifted and full Rotated Zakharov Function,10,14,200000,300.00006138723506,6.138723506410315e-05,False,13.475520372390749
de_harmony_search,1,F1: Shifted and full Rotated Zakharov Function,10,15,200000,300.00000609210906,6.0921090607735096e-06,False,14.453983306884766
de_harmony_search,1,F1: Shifted and full Rotated Zakharov Function,10,16,200000,300.0,0.0,True,12.844753980636597
de_harmony_search,1,F1: Shifted and full Rotated Zakharov Function,10,17,200000,300.0,0.0,True,12.336618900299072
de_harmony_search,1,F1: Shifted and full Rotated Zakharov Function,10,18,200000,300.0000000083402,8.340180102095474e-09,True,13.147686004638672
de_harmony_search,1,F1: Shifted and full Rotated Zakharov Function,10,19,200000,300.0,0.0,True,13.22572946548462
de_harmony_search,1,F1: Shifted and full Rotated Zakharov Function,10,20,200000,300.0,0.0,True,12.6604323387146
de_harmony_search,1,F1: Shifted and full Rotated Zakharov Function,10,21,200000,300.0000000003295,3.2952129913610406e-10,True,15.242883920669556
de_harmony_search,1,F1: Shifted and full Rotated Zakharov Function,10,22,200000,300.00000000000693,6.934897101018578e-12,True,17.55470848083496
de_harmony_search,1,F1: Shifted and full Rotated Zakharov Function,10,23,200000,300.0019844759356,0.0019844759356146,False,17.12515640258789
de_harmony_search,1,F1: Shifted and full Rotated Zakharov Function,10,24,200000,300.0000000000395,3.950617610826157e-11,True,17.11785912513733
de_harmony_search,1,F1: Shifted and full Rotated Zakharov Function,10,25,200000,300.00158946808574,0.00158946808574,False,13.22078275680542
de_harmony_search,1,F1: Shifted and full Rotated Zakharov Function,10,26,200000,300.0,0.0,True,12.264580488204956
de_harmony_search,1,F1: Shifted and full Rotated Zakharov Function,10,27,200000,300.0,0.0,True,12.41930103302002
de_harmony_search,1,F1: Shifted and full Rotated Zakharov Function,10,28,200000,300.0,0.0,True,12.675584077835085
de_harmony_search,1,F1: Shifted and full Rotated Zakharov Function,10,29,200000,300.0,0.0,True,13.69538688659668
de_harmony_search,1,F1: Shifted and full Rotated Zakharov Function,10,30,200000,300.0003412833776,0.0003412833775655,False,13.503477811813354
de_harmony_search,2,F2: Shifted and Rotated Rosenbrock’s Function,10,1,200000,400.18922475078926,0.1892247507892648,False,14.203107595443726
de_harmony_search,2,F2: Shifted and Rotated Rosenbrock’s Function,10,2,200000,400.33885875741646,0.3388587574164603,False,14.06493091583252
de_harmony_search,2,F2: Shifted and Rotated Rosenbrock’s Function,10,3,200000,400.3818636932437,0.3818636932436448,False,13.35154676437378
de_harmony_search,2,F2: Shifted and Rotated Rosenbrock’s Function,10,4,200000,404.5050446933332,4.505044693333218,False,19.23222589492798
de_harmony_search,2,F2: Shifted and Rotated Rosenbrock’s Function,10,5,200000,406.1537548049508,6.153754804950779,False,19.03053092956543
de_harmony_search,2,F2: Shifted and Rotated Rosenbrock’s Function,10,6,200000,400.2864521603652,0.2864521603652292,False,18.78468894958496
de_harmony_search,2,F2: Shifted and Rotated Rosenbrock’s Function,10,7,200000,400.2483174356069,0.2483174356069071,False,19.71789574623108
de_harmony_search,2,F2: Shifted and Rotated Rosenbrock’s Function,10,8,200000,400.4166127160646,0.4166127160646056,False,18.863062620162964
de_harmony_search,2,F2: Shifted and Rotated Rosenbrock’s Function,10,9,200000,400.3454373692503,0.3454373692502486,False,19.214560747146606
de_harmony_search,2,F2: Shifted and Rotated Rosenbrock’s Function,10,10,200000,400.3270197485297,0.3270197485297217,False,19.44820261001587
de_harmony_search,2,F2: Shifted and Rotated Rosenbrock’s Function,10,11,200000,400.1836358006367,0.1836358006366936,False,19.224457263946533
de_harmony_search,2,F2: Shifted and Rotated Rosenbrock’s Function,10,12,200000,400.1913002110304,0.1913002110303523,False,19.38780760765076
de_harmony_search,2,F2: Shifted and Rotated Rosenbrock’s Function,10,13,200000,400.2022821857876,0.2022821857876238,False,19.1720232963562
de_harmony_search,2,F2: Shifted and Rotated Rosenbrock’s Function,10,14,200000,406.4253132320408,6.425313232040821,False,19.566572904586792
de_harmony_search,2,F2: Shifted and Rotated Rosenbrock’s Function,10,15,200000,400.2850289414599,0.2850289414599274,False,19.500230073928837
de_harmony_search,2,F2: Shifted and Rotated Rosenbrock’s Function,10,16,200000,400.3497516814117,0.3497516814117034,False,19.447381258010864
de_harmony_search,2,F2: Shifted and Rotated Rosenbrock’s Function,10,17,200000,400.1799544554442,0.1799544554442036,False,19.484543561935425
de_harmony_search,2,F2: Shifted and Rotated Rosenbrock’s Function,10,18,200000,406.11428936968406,6.114289369684059,False,19.71525478363037
de_harmony_search,2,F2: Shifted and Rotated Rosenbrock’s Function,10,19,200000,400.1905768177396,0.1905768177396112,False,19.518356800079346
de_harmony_search,2,F2: Shifted and Rotated Rosenbrock’s Function,10,20,200000,400.2514310240583,0.2514310240583199,False,19.363116025924683
de_harmony_search,2,F2: Shifted and Rotated Rosenbrock’s Function,10,21,200000,400.35006845119074,0.3500684511907366,False,19.08144521713257
de_harmony_search,2,F2: Shifted and Rotated Rosenbrock’s Function,10,22,200000,405.6774955652447,5.677495565244669,False,19.22821879386902
de_harmony_search,2,F2: Shifted and Rotated Rosenbrock’s Function,10,23,200000,400.32867973801206,0.3286797380120561,False,19.541579246521
de_harmony_search,2,F2: Shifted and Rotated Rosenbrock’s Function,10,24,200000,400.1049970083847,0.1049970083846574,False,19.089940547943115
de_harmony_search,2,F2: Shifted and Rotated Rosenbrock’s Function,10,25,200000,400.4269730176009,0.4269730176009148,False,19.29656863212585
de_harmony_search,2,F2: Shifted and Rotated Rosenbrock’s Function,10,26,200000,400.2768193483742,0.2768193483742038,False,18.820794582366943
de_harmony_search,2,F2: Shifted and Rotated Rosenbrock’s Function,10,27,200000,400.2764725300072,0.2764725300071404,False,19.1734311580658
de_harmony_search,2,F2: Shifted and Rotated Rosenbrock’s Function,10,28,200000,400.3918707374246,0.3918707374245969,False,18.8582181930542
de_harmony_search,2,F2: Shifted and Rotated Rosenbrock’s Function,10,29,200000,400.39790231669446,0.3979023166944557,False,18.43204379081726
de_harmony_search,2,F2: Shifted and Rotated Rosenbrock’s Function,10,30,200000,400.37039445563886,0.3703944556388592,False,18.95527052879333
de_harmony_search,3,F3: Shifted and full Rotated Expanded Schaffer’s F7,10,1,200000,600.0000000002619,2.6193447411060333e-10,True,22.85720205307007
de_harmony_search,3,F3: Shifted and full Rotated Expanded Schaffer’s F7,10,2,200000,600.0,0.0,True,23.01925134658813
de_harmony_search,3,F3: Shifted and full Rotated Expanded Schaffer’s F7,10,3,200000,600.0,0.0,True,23.01656937599182
de_harmony_search,3,F3: Shifted and full Rotated Expanded Schaffer’s F7,10,4,200000,600.0000000000151,1.5120349416974932e-11,True,23.719103813171387
de_harmony_search,3,F3: Shifted and full Rotated Expanded Schaffer’s F7,10,5,200000,600.0000000001212,1.211901690112427e-10,True,23.56051278114319
de_harmony_search,3,F3: Shifted and full Rotated Expanded Schaffer’s F7,10,6,200000,600.0,0.0,True,24.38904285430908
de_harmony_search,3,F3: Shifted and full Rotated Expanded Schaffer’s F7,10,7,200000,600.0000000000304,3.035438567167148e-11,True,24.85183072090149
de_harmony_search,3,F3: Shifted and full Rotated Expanded Schaffer’s F7,10,8,200000,600.0000000000812,8.117240213323385e-11,True,23.98675346374512
de_harmony_search,3,F3: Shifted and full Rotated Expanded Schaffer’s F7,10,9,200000,600.0000000000003,3.410605131648481e-13,True,23.365989685058597
de_harmony_search,3,F3: Shifted and full Rotated Expanded Schaffer’s F7,10,10,200000,600.0,0.0,True,23.328691959381104
de_harmony_search,3,F3: Shifted and full Rotated Expanded Schaffer’s F7,10,11,200000,600.0,0.0,True,22.98497772216797
de_harmony_search,3,F3: Shifted and full Rotated Expanded Schaffer’s F7,10,12,200000,600.0,0.0,True,23.467003345489506
de_harmony_search,3,F3: Shifted and full Rotated Expanded Schaffer’s F7,10,13,200000,600.0,0.0,True,23.474268913269043
de_harmony_search,3,F3: Shifted and full Rotated Expanded Schaffer’s F7,10,14,200000,600.0,0.0,True,23.38513708114624
de_harmony_search,3,F3: Shifted and full Rotated Expanded Schaffer’s F7,10,15,200000,600.0000000000065,6.480149750132114e-12,True,22.609861373901367
de_harmony_search,3,F3: Shifted and full Rotated Expanded Schaffer’s F7,10,16,200000,600.0,0.0,True,23.779316425323486
de_harmony_search,3,F3: Shifted and full Rotated Expanded Schaffer’s F7,10,17,200000,600.0,0.0,True,23.125619173049927
de_harmony_search,3,F3: Shifted and full Rotated Expanded Schaffer’s F7,10,18,200000,600.0,0.0,True,23.88734579086304
de_harmony_search,3,F3: Shifted and full Rotated Expanded Schaffer’s F7,10,19,200000,600.0,0.0,True,23.21463751792908
de_harmony_search,3,F3: Shifted and full Rotated Expanded Schaffer’s F7,10,20,200000,600.0000000002091,2.0907009457005188e-10,True,23.04945015907288
de_harmony_search,3,F3: Shifted and full Rotated Expanded Schaffer’s F7,10,21,200000,600.0,0.0,True,22.75111937522888
de_harmony_search,3,F3: Shifted and full Rotated Expanded Schaffer’s F7,10,22,200000,600.0,0.0,True,23.0704665184021
de_harmony_search,3,F3: Shifted and full Rotated Expanded Schaffer’s F7,10,23,200000,600.0000000025007,2.500655682524666e-09,True,23.814868927001957
de_harmony_search,3,F3: Shifted and full Rotated Expanded Schaffer’s F7,10,24,200000,600.0000000008833,8.833467290969566e-10,True,23.84466314315796
de_harmony_search,3,F3: Shifted and full Rotated Expanded Schaffer’s F7,10,25,200000,600.0,0.0,True,22.768550395965576
de_harmony_search,3,F3: Shifted and full Rotated Expanded Schaffer’s F7,10,26,200000,600.0000000000391,3.910827217623592e-11,True,25.1250433921814
de_harmony_search,3,F3: Shifted and full Rotated Expanded Schaffer’s F7,10,27,200000,600.0,0.0,True,24.40562653541565
de_harmony_search,3,F3: Shifted and full Rotated Expanded Schaffer’s F7,10,28,200000,600.0,0.0,True,24.545397996902462
de_harmony_search,3,F3: Shifted and full Rotated Expanded Schaffer’s F7,10,29,200000,600.0,0.0,True,24.350338220596317
de_harmony_search,3,F3: Shifted and full Rotated Expanded Schaffer’s F7,10,30,200000,600.0,0.0,True,23.336825132369995
de_harmony_search,4,F4: Shifted and Rotated Non-Continuous Rastrigin’s Function,10,1,200000,818.0,18.0,False,28.724283933639526
de_harmony_search,4,F4: Shifted and Rotated Non-Continuous Rastrigin’s Function,10,2,200000,820.0,20.0,False,29.29363203048706
de_harmony_search,4,F4: Shifted and Rotated Non-Continuous Rastrigin’s Function,10,3,200000,820.0,20.0,False,28.45029377937317
de_harmony_search,4,F4: Shifted and Rotated Non-Continuous Rastrigin’s Function,10,4,200000,828.0,28.0,False,26.934895277023315
de_harmony_search,4,F4: Shifted and Rotated Non-Continuous Rastrigin’s Function,10,5,200000,834.0,34.0,False,28.320513248443604
de_harmony_search,4,F4: Shifted and Rotated Non-Continuous Rastrigin’s Function,10,6,200000,828.0,28.0,False,28.051183938980103
de_harmony_search,4,F4: Shifted and Rotated Non-Continuous Rastrigin’s Function,10,7,200000,822.0,22.0,False,27.782799243927
de_harmony_search,4,F4: Shifted and Rotated Non-Continuous Rastrigin’s Function,10,8,200000,828.0,28.0,False,27.62546229362488
de_harmony_search,4,F4: Shifted and Rotated Non-Continuous Rastrigin’s Function,10,9,200000,808.000000000014,8.000000000013983,False,29.03706097602844
de_harmony_search,4,F4: Shifted and Rotated Non-Continuous Rastrigin’s Function,10,10,200000,828.0,28.0,False,29.57301926612854
de_harmony_search,4,F4: Shifted and Rotated Non-Continuous Rastrigin’s Function,10,11,200000,830.0,30.0,False,29.137832403182983
de_harmony_search,4,F4: Shifted and Rotated Non-Continuous Rastrigin’s Function,10,12,200000,836.0,36.0,False,28.91804528236389
de_harmony_search,4,F4: Shifted and Rotated Non-Continuous Rastrigin’s Function,10,13,200000,842.0,42.0,False,29.16995096206665
de_harmony_search,4,F4: Shifted and Rotated Non-Continuous Rastrigin’s Function,10,14,200000,826.0,26.0,False,28.141737461090088
de_harmony_search,4,F4: Shifted and Rotated Non-Continuous Rastrigin’s Function,10,15,200000,832.0,32.0,False,29.0418701171875
de_harmony_search,4,F4: Shifted and Rotated Non-Continuous Rastrigin’s Function,10,16,200000,828.0,28.0,False,27.572790384292603
de_harmony_search,4,F4: Shifted and Rotated Non-Continuous Rastrigin’s Function,10,17,200000,826.0,26.0,False,28.30941891670227
de_harmony_search,4,F4: Shifted and Rotated Non-Continuous Rastrigin’s Function,10,18,200000,822.0,22.0,False,28.920084714889526
de_harmony_search,4,F4: Shifted and Rotated Non-Continuous Rastrigin’s Function,10,19,200000,828.0,28.0,False,28.780494213104248
de_harmony_search,4,F4: Shifted and Rotated Non-Continuous Rastrigin’s Function,10,20,200000,830.0,30.0,False,28.99440860748291
de_harmony_search,4,F4: Shifted and Rotated Non-Continuous Rastrigin’s Function,10,21,200000,828.0,28.0,False,30.037704706192017
de_harmony_search,4,F4: Shifted and Rotated Non-Continuous Rastrigin’s Function,10,22,200000,820.0,20.0,False,29.820406913757324
de_harmony_search,4,F4: Shifted and Rotated Non-Continuous Rastrigin’s Function,10,23,200000,838.0,38.0,False,29.99964070320129
de_harmony_search,4,F4: Shifted and Rotated Non-Continuous Rastrigin’s Function,10,24,200000,820.0,20.0,False,29.32627844810486
de_harmony_search,4,F4: Shifted and Rotated Non-Continuous Rastrigin’s Function,10,25,200000,818.0,18.0,False,29.908517599105835
de_harmony_search,4,F4: Shifted and Rotated Non-Continuous Rastrigin’s Function,10,26,200000,828.0,28.0,False,29.870633125305176
de_harmony_search,4,F4: Shifted and Rotated Non-Continuous Rastrigin’s Function,10,27,200000,812.0,12.0,False,28.42175316810608
de_harmony_search,4,F4: Shifted and Rotated Non-Continuous Rastrigin’s Function,10,28,200000,832.0,32.0,False,28.1943199634552
de_harmony_search,4,F4: Shifted and Rotated Non-Continuous Rastrigin’s Function,10,29,200000,830.0,30.0,False,28.545206546783447
de_harmony_search,4,F4: Shifted and Rotated Non-Continuous Rastrigin’s Function,10,30,200000,814.0,14.0,False,28.302967309951782
de_harmony_search,5,F5: Shifted and Rotated Levy Function,10,1,200000,900.0000000174717,1.7471734281571116e-08,False,20.250508308410645
de_harmony_search,5,F5: Shifted and Rotated Levy Function,10,2,200000,900.0000000210827,2.1082655621285085e-08,False,21.261322259902958
de_harmony_search,5,F5: Shifted and Rotated Levy Function,10,3,200000,900.0,0.0,True,20.744136333465576
de_harmony_search,5,F5: Shifted and Rotated Levy Function,10,4,200000,900.0000000105855,1.058549514709739e-08,False,19.960775136947632
de_harmony_search,5,F5: Shifted and Rotated Levy Function,10,5,200000,900.0,0.0,True,20.5555579662323
de_harmony_search,5,F5: Shifted and Rotated Levy Function,10,6,200000,900.0000000000001,1.1368683772161605e-13,True,20.61715173721313
de_harmony_search,5,F5: Shifted and Rotated Levy Function,10,7,200000,900.0000000053133,5.313268047757447e-09,True,20.82926297187805
de_harmony_search,5,F5: Shifted and Rotated Levy Function,10,8,200000,900.00000000001,1.0004441719502209e-11,True,21.464221954345703
de_harmony_search,5,F5: Shifted and Rotated Levy Function,10,9,200000,900.0000000000167,1.6711965145077556e-11,True,20.314991235733032
de_harmony_search,5,F5: Shifted and Rotated Levy Function,10,10,200000,900.6333805206231,0.6333805206230636,False,21.08241271972656
de_harmony_search,5,F5: Shifted and Rotated Levy Function,10,11,200000,900.0000000012041,1.2040572983096354e-09,True,19.879339456558228
de_harmony_search,5,F5: Shifted and Rotated Levy Function,10,12,200000,900.0895282513707,0.0895282513706661,False,21.11343264579773
de_harmony_search,5,F5: Shifted and Rotated Levy Function,10,13,200000,900.0000011606272,1.1606272209974122e-06,False,20.92854595184326
de_harmony_search,5,F5: Shifted and Rotated Levy Function,10,14,200000,900.0000000046076,4.607613846019376e-09,True,20.34505796432495
de_harmony_search,5,F5: Shifted and Rotated Levy Function,10,15,200000,900.0000002194579,2.1945788830635138e-07,False,20.475284099578857
de_harmony_search,5,F5: Shifted and Rotated Levy Function,10,16,200000,900.0000000000001,1.1368683772161605e-13,True,20.17103862762451
de_harmony_search,5,F5: Shifted and Rotated Levy Function,10,17,200000,900.00000000552,5.519950718735345e-09,True,20.238666534423828
de_harmony_search,5,F5: Shifted and Rotated Levy Function,10,18,200000,900.0000000000002,2.273736754432321e-13,True,20.227623224258423
de_harmony_search,5,F5: Shifted and Rotated Levy Function,10,19,200000,900.0895287074758,0.0895287074757789,False,20.208011627197266
de_harmony_search,5,F5: Shifted and Rotated Levy Function,10,20,200000,900.0000000011652,1.1651763998088427e-09,True,20.7797954082489
de_harmony_search,5,F5: Shifted and Rotated Levy Function,10,21,200000,900.0000000052543,5.254264578979928e-09,True,20.29664373397827
de_harmony_search,5,F5: Shifted and Rotated Levy Function,10,22,200000,900.000034784454,3.4784453987413144e-05,False,20.408998250961304
de_harmony_search,5,F5: Shifted and Rotated Levy Function,10,23,200000,900.0000015092576,1.509257572251954e-06,False,20.1523551940918
de_harmony_search,5,F5: Shifted and Rotated Levy Function,10,24,200000,900.0895282504166,0.0895282504166061,False,20.06782913208008
de_harmony_search,5,F5: Shifted and Rotated Levy Function,10,25,200000,900.0000000034156,3.415607352508232e-09,True,20.67785096168518
de_harmony_search,5,F5: Shifted and Rotated Levy Function,10,26,200000,900.0000000020045,2.004526322707534e-09,True,20.649354457855225
de_harmony_search,5,F5: Shifted and Rotated Levy Function,10,27,200000,900.0000000767377,7.673770596738906e-08,False,20.63915181159973
de_harmony_search,5,F5: Shifted and Rotated Levy Function,10,28,200000,900.0000000023223,2.3222810341394502e-09,True,20.12266969680786
de_harmony_search,5,F5: Shifted and Rotated Levy Function,10,29,200000,900.0000000013866,1.3866383596905507e-09,True,20.53137516975403
de_harmony_search,5,F5: Shifted and Rotated Levy Function,10,30,200000,900.0000013055472,1.3055472436462878e-06,False,19.62185573577881
de_harmony_search,6,F6: Hybrid Function 1,10,1,200000,1800.3586681798151,0.3586681798151403,False,21.153137683868408
de_harmony_search,6,F6: Hybrid Function 1,10,2,200000,1800.3497614465616,0.3497614465616152,False,22.15453267097473
de_harmony_search,6,F6: Hybrid Function 1,10,3,200000,1800.312348817342,0.3123488173421265,False,21.35056734085083
de_harmony_search,6,F6: Hybrid Function 1,10,4,200000,1800.4982773022632,0.4982773022632045,False,21.16011929512024
de_harmony_search,6,F6: Hybrid Function 1,10,5,200000,1802.3469052686837,2.3469052686834857,False,21.79788589477539
de_harmony_search,6,F6: Hybrid Function 1,10,6,200000,1801.389791829158,1.3897918291579572,False,21.182613849639893
de_harmony_search,6,F6: Hybrid Function 1,10,7,200000,1800.4327803638082,0.4327803638082059,False,21.64277601242065
de_harmony_search,6,F6: Hybrid Function 1,10,8,200000,1800.0810116674163,0.0810116674163055,False,21.11026930809021
de_harmony_search,6,F6: Hybrid Function 1,10,9,200000,1801.0948019150178,1.094801915017797,False,21.273621559143063
de_harmony_search,6,F6: Hybrid Function 1,10,10,200000,1801.6614365716848,1.6614365716845896,False,21.86998987197876
de_harmony_search,6,F6: Hybrid Function 1,10,11,200000,1800.3414689600338,0.3414689600338079,False,21.292471885681152
de_harmony_search,6,F6: Hybrid Function 1,10,12,200000,1800.4782649313972,0.4782649313972342,False,21.197232723236084
de_harmony_search,6,F6: Hybrid Function 1,10,13,200000,1800.3170368993704,0.3170368993703505,False,21.62781071662903
de_harmony_search,6,F6: Hybrid Function 1,10,14,200000,1802.493497115016,2.493497115015998,False,21.48854899406433
de_harmony_search,6,F6: Hybrid Function 1,10,15,200000,1801.4795241877785,1.4795241877782246,False,20.93081331253052
de_harmony_search,6,F6: Hybrid Function 1,10,16,200000,1800.2105989251268,0.2105989251267601,False,22.26373028755188
de_harmony_search,6,F6: Hybrid Function 1,10,17,200000,1801.4045749419247,1.4045749419246931,False,21.7746057510376
de_harmony_search,6,F6: Hybrid Function 1,10,18,200000,1800.9733177243354,0.973317724335402,False,21.12997007369995
de_harmony_search,6,F6: Hybrid Function 1,10,19,200000,1804.039836674167,4.039836674166963,False,22.50774884223938
de_harmony_search,6,F6: Hybrid Function 1,10,20,200000,1826.245229475228,26.24522947522769,False,22.493210077285767
de_harmony_search,6,F6: Hybrid Function 1,10,21,200000,1800.4155557556537,0.4155557556534859,False,21.10576105117798
de_harmony_search,6,F6: Hybrid Function 1,10,22,200000,1801.2174767645213,1.2174767645212796,False,21.56086206436157
de_harmony_search,6,F6: Hybrid Function 1,10,23,200000,1801.782615037681,1.7826150376806709,False,20.7991726398468
de_harmony_search,6,F6: Hybrid Function 1,10,24,200000,1800.2044076382242,0.204407638224211,False,21.606869220733643
de_harmony_search,6,F6: Hybrid Function 1,10,25,200000,1800.4948671410982,0.4948671410982115,False,21.342843770980835
de_harmony_search,6,F6: Hybrid Function 1,10,26,200000,1804.4508585415997,4.450858541599473,False,22.00749182701111
de_harmony_search,6,F6: Hybrid Function 1,10,27,200000,1801.100936762853,1.1009367628530526,False,21.37059116363525
de_harmony_search,6,F6: Hybrid Function 1,10,28,200000,1802.235833869201,2.2358338692015423,False,21.91692996025085
de_harmony_search,6,F6: Hybrid Function 1,10,29,200000,1800.248223736034,0.2482237360341059,False,21.82789635658264
de_harmony_search,6,F6: Hybrid Function 1,10,30,200000,1801.485445780807,1.4854457808069128,False,21.62597870826721
de_harmony_search,7,F7: Hybrid Function 2,10,1,200000,2020.6107928942256,20.610792894225824,False,100.36243677139282
de_harmony_search,7,F7: Hybrid Function 2,10,2,200000,2001.9899181203136,1.98991812031386,False,100.90726399421692
de_harmony_search,7,F7: Hybrid Function 2,10,3,200000,2000.635309240302,0.6353092403019218,False,100.34116506576538
de_harmony_search,7,F7: Hybrid Function 2,10,4,200000,2021.5068640681368,21.506864068137247,False,100.7531599998474
de_harmony_search,7,F7: Hybrid Function 2,10,5,200000,2021.3830081610747,21.383008161074716,False,103.18695211410522
de_harmony_search,7,F7: Hybrid Function 2,10,6,200000,2020.210853431255,20.21085343125492,False,100.29752945899963
de_harmony_search,7,F7: Hybrid Function 2,10,7,200000,2001.2772056674896,1.2772056674896248,False,100.3730082511902
de_harmony_search,7,F7: Hybrid Function 2,10,8,200000,2021.988691990247,21.98869199024693,False,98.9514639377594
de_harmony_search,7,F7: Hybrid Function 2,10,9,200000,2020.8762093579028,20.87620935790278,False,100.5001666545868
de_harmony_search,7,F7: Hybrid Function 2,10,10,200000,2021.3133812242224,21.31338122422244,False,101.38253474235536
de_harmony_search,7,F7: Hybrid Function 2,10,11,200000,2021.785137076426,21.785137076426054,False,100.35786724090576
de_harmony_search,7,F7: Hybrid Function 2,10,12,200000,2021.4936960443329,21.493696044332864,False,101.12397456169128
de_harmony_search,7,F7: Hybrid Function 2,10,13,200000,2000.9949590591184,0.9949590591181732,False,101.8089005947113
de_harmony_search,7,F7: Hybrid Function 2,10,14,200000,2022.042076534514,22.04207653451408,False,101.22208666801453
de_harmony_search,7,F7: Hybrid Function 2,10,15,200000,2021.324830013987,21.324830013986684,False,102.19830870628356
de_harmony_search,7,F7: Hybrid Function 2,10,16,200000,2021.070002932522,21.07000293252213,False,101.50956583023073
de_harmony_search,7,F7: Hybrid Function 2,10,17,200000,2021.2711308743524,21.27113087435237,False,101.6866705417633
de_harmony_search,7,F7: Hybrid Function 2,10,18,200000,2001.0953019370768,1.0953019370767834,False,102.1255521774292
de_harmony_search,7,F7: Hybrid Function 2,10,19,200000,2001.550283893141,1.5502838931413407,False,102.65503454208374
de_harmony_search,7,F7: Hybrid Function 2,10,20,200000,2022.6212238650585,22.62122386505825,False,100.84459567070007
de_harmony_search,7,F7: Hybrid Function 2,10,21,200000,2002.4879774547207,2.487977454720749,False,99.95300030708312
de_harmony_search,7,F7: Hybrid Function 2,10,22,200000,2001.931617312369,1.9316173123690987,False,100.58393359184264
de_harmony_search,7,F7: Hybrid Function 2,10,23,200000,2003.084491308736,3.084491308736233,False,100.53174757957458
de_harmony_search,7,F7: Hybrid Function 2,10,24,200000,2000.5243162306951,0.524316230695149,False,101.06306743621826
de_harmony_search,7,F7: Hybrid Function 2,10,25,200000,2022.4421372419445,22.442137241944465,False,99.21831703186037
de_harmony_search,7,F7: Hybrid Function 2,10,26,200000,2000.8884120162,0.8884120161997089,False,101.5157961845398
de_harmony_search,7,F7: Hybrid Function 2,10,27,200000,2001.3614573089924,1.3614573089923852,False,100.4558494091034
de_harmony_search,7,F7: Hybrid Function 2,10,28,200000,2024.406548277316,24.40654827731578,False,102.75973701477052
de_harmony_search,7,F7: Hybrid Function 2,10,29,200000,2023.8344056369783,23.83440563697832,False,101.0233736038208
de_harmony_search,7,F7: Hybrid Function 2,10,30,200000,2021.6756156457204,21.675615645720427,False,103.04611229896544
de_harmony_search,8,F8: Hybrid Function 3,10,1,200000,2224.5731035989934,24.573103598993384,False,134.60365533828735
de_harmony_search,8,F8: Hybrid Function 3,10,2,200000,2223.998886713513,23.998886713513,False,138.2650637626648
de_harmony_search,8,F8: Hybrid Function 3,10,3,200000,2221.77114784769,21.77114784768992,False,141.17083597183228
de_harmony_search,8,F8: Hybrid Function 3,10,4,200000,2982.82509428274,782.8250942827399,False,133.75557565689087
de_harmony_search,8,F8: Hybrid Function 3,10,5,200000,2224.951804066485,24.951804066484783,False,132.64620780944824
de_harmony_search,8,F8: Hybrid Function 3,10,6,200000,2222.847162438905,22.84716243890489,False,133.43096208572388
de_harmony_search,8,F8: Hybrid Function 3,10,7,200000,2223.878295254117,23.87829525411689,False,135.26310634613037
de_harmony_search,8,F8: Hybrid Function 3,10,8,200000,2221.874116801291,21.87411680129117,False,132.74454641342163
de_harmony_search,8,F8: Hybrid Function 3,10,9,200000,2223.5145345100364,23.51453451003636,False,136.7866175174713
de_harmony_search,8,F8: Hybrid Function 3,10,10,200000,2224.246648357319,24.24664835731892,False,130.64460015296936
de_harmony_search,8,F8: Hybrid Function 3,10,11,200000,2223.6485297748072,23.64852977480723,False,130.91848707199097
de_harmony_search,8,F8: Hybrid Function 3,10,12,200000,2223.1584781567994,23.158478156799447,False,132.03131413459778
de_harmony_search,8,F8: Hybrid Function 3,10,13,200000,2224.188823388257,24.18882338825688,False,133.6899013519287
de_harmony_search,8,F8: Hybrid Function 3,10,14,200000,2223.638271867192,23.63827186719209,False,133.03780007362366
de_harmony_search,8,F8: Hybrid Function 3,10,15,200000,2225.243163166126,25.243163166126124,False,131.0750527381897
de_harmony_search,8,F8: Hybrid Function 3,10,16,200000,2224.6698374626844,24.669837462684427,False,132.94713187217712
de_harmony_search,8,F8: Hybrid Function 3,10,17,200000,2221.621478258316,21.621478258316078,False,133.88939118385315
de_harmony_search,8,F8: Hybrid Function 3,10,18,200000,2221.9038057215744,21.90380572157437,False,133.96902179718018
de_harmony_search,8,F8: Hybrid Function 3,10,19,200000,2223.057744313213,23.05774431321288,False,132.45083785057068
de_harmony_search,8,F8: Hybrid Function 3,10,20,200000,2222.736996696688,22.73699669668804,False,135.21219873428345
de_harmony_search,8,F8: Hybrid Function 3,10,21,200000,2225.1502636865,25.15026368649933,False,131.33370757102966
de_harmony_search,8,F8: Hybrid Function 3,10,22,200000,2223.956063883546,23.956063883545998,False,136.11211895942688
de_harmony_search,8,F8: Hybrid Function 3,10,23,200000,2224.1438316716904,24.14383167169035,False,138.0147728919983
de_harmony_search,8,F8: Hybrid Function 3,10,24,200000,2224.2969032738265,24.2969032738265,False,136.38871383666992
de_harmony_search,8,F8: Hybrid Function 3,10,25,200000,2224.5244349355776,24.52443493557757,False,135.99202251434326
de_harmony_search,8,F8: Hybrid Function 3,10,26,200000,2224.105227390678,24.10522739067801,False,135.01721334457395
de_harmony_search,8,F8: Hybrid Function 3,10,27,200000,2224.287067228785,24.287067228784963,False,138.76552891731262
de_harmony_search,8,F8: Hybrid Function 3,10,28,200000,2228.057270397148,28.05727039714793,False,140.12417554855347
de_harmony_search,8,F8: Hybrid Function 3,10,29,200000,2223.348078565472,23.34807856547195,False,137.6253092288971
de_harmony_search,8,F8: Hybrid Function 3,10,30,200000,2224.030978300849,24.0309783008488,False,138.52636528015137
de_harmony_search,9,F9: Composition Function 1,10,1,200000,2567.6980345113698,267.69803451136977,False,40.68066692352295
de_harmony_search,9,F9: Composition Function 1,10,2,200000,2300.0,0.0,True,39.99112010002136
de_harmony_search,9,F9: Composition Function 1,10,3,200000,2567.6980345113698,267.69803451136977,False,38.517817974090576
de_harmony_search,9,F9: Composition Function 1,10,4,200000,2567.6980345113707,267.6980345113707,False,39.68984317779541
de_harmony_search,9,F9: Composition Function 1,10,5,200000,2567.6980345113698,267.69803451136977,False,39.74676489830017
de_harmony_search,9,F9: Composition Function 1,10,6,200000,2567.6980345113698,267.69803451136977,False,39.34345865249634
de_harmony_search,9,F9: Composition Function 1,10,7,200000,2567.6980345113698,267.69803451136977,False,38.61897540092468
de_harmony_search,9,F9: Composition Function 1,10,8,200000,2300.020702605919,0.0207026059188137,False,39.26393246650696
de_harmony_search,9,F9: Composition Function 1,10,9,200000,2567.6980345113698,267.69803451136977,False,38.84016609191895
de_harmony_search,9,F9: Composition Function 1,10,10,200000,2567.6980345113698,267.69803451136977,False,37.75589776039124
de_harmony_search,9,F9: Composition Function 1,10,11,200000,2567.6980345113698,267.69803451136977,False,37.36394739151001
de_harmony_search,9,F9: Composition Function 1,10,12,200000,2567.6980345113698,267.69803451136977,False,38.453978538513184
de_harmony_search,9,F9: Composition Function 1,10,13,200000,2300.0252553054997,0.0252553054992858,False,38.7772958278656
de_harmony_search,9,F9: Composition Function 1,10,14,200000,2567.6980345113698,267.69803451136977,False,39.7113254070282
de_harmony_search,9,F9: Composition Function 1,10,15,200000,2567.6980345113698,267.69803451136977,False,41.45905423164368
de_harmony_search,9,F9: Composition Function 1,10,16,200000,2567.6980345113698,267.69803451136977,False,37.70161509513855
de_harmony_search,9,F9: Composition Function 1,10,17,200000,2567.6980345113698,267.69803451136977,False,37.722716331481934
de_harmony_search,9,F9: Composition Function 1,10,18,200000,2567.6980345113698,267.69803451136977,False,39.073853969573975
de_harmony_search,9,F9: Composition Function 1,10,19,200000,2567.6980345113698,267.69803451136977,False,39.35907244682312
de_harmony_search,9,F9: Composition Function 1,10,20,200000,2300.0000002303736,2.303736437170301e-07,False,37.85566020011902
de_harmony_search,9,F9: Composition Function 1,10,21,200000,2567.6980345113698,267.69803451136977,False,39.06863045692444
de_harmony_search,9,F9: Composition Function 1,10,22,200000,2567.6980345113698,267.69803451136977,False,38.53290867805481
de_harmony_search,9,F9: Composition Function 1,10,23,200000,2567.6980345113698,267.69803451136977,False,38.39820885658264
de_harmony_search,9,F9: Composition Function 1,10,24,200000,2300.000000000065,6.502887117676437e-11,True,38.68502473831177
de_harmony_search,9,F9: Composition Function 1,10,25,200000,2567.6980345113698,267.69803451136977,False,38.07085418701172
de_harmony_search,9,F9: Composition Function 1,10,26,200000,2567.6980345113698,267.69803451136977,False,38.948272943496704
de_harmony_search,9,F9: Composition Function 1,10,27,200000,2567.6980345113698,267.69803451136977,False,37.34235882759094
de_harmony_search,9,F9: Composition Function 1,10,28,200000,2567.6980345113698,267.69803451136977,False,38.14439010620117
de_harmony_search,9,F9: Composition Function 1,10,29,200000,2567.6980345113698,267.69803451136977,False,38.89367985725403
de_harmony_search,9,F9: Composition Function 1,10,30,200000,2567.6980345113698,267.69803451136977,False,38.63785672187805
de_harmony_search,10,F10: Composition Function 2,10,1,200000,2622.0625618695367,222.0625618695367,False,40.58046793937683
de_harmony_search,10,F10: Composition Function 2,10,2,200000,2622.151650652296,222.15165065229576,False,40.12901258468628
de_harmony_search,10,F10: Composition Function 2,10,3,200000,2620.872650646074,220.8726506460739,False,39.99658131599426
de_harmony_search,10,F10: Composition Function 2,10,4,200000,2620.87264974898,220.8726497489797,False,40.00063228607178
de_harmony_search,10,F10: Composition Function 2,10,5,200000,2622.537687749052,222.5376877490521,False,39.25075888633728
de_harmony_search,10,F10: Composition Function 2,10,6,200000,2731.0208454906983,331.0208454906983,False,38.52999186515808
de_harmony_search,10,F10: Composition Function 2,10,7,200000,2619.402686380225,219.40268638022508,False,39.49941253662109
de_harmony_search,10,F10: Composition Function 2,10,8,200000,2623.458375268337,223.45837526833748,False,38.9551739692688
de_harmony_search,10,F10: Composition Function 2,10,9,200000,2623.458381578675,223.45838157867504,False,40.612441062927246
de_harmony_search,10,F10: Composition Function 2,10,10,200000,2724.090429442356,324.09042944235534,False,39.28049349784851
de_harmony_search,10,F10: Composition Function 2,10,11,200000,2622.1516506522985,222.15165065229849,False,39.93668460845947
de_harmony_search,10,F10: Composition Function 2,10,12,200000,2622.4738766144173,222.47387661441732,False,39.66511535644531
de_harmony_search,10,F10: Composition Function 2,10,13,200000,2741.8629947018744,341.8629947018744,False,39.46424198150635
de_harmony_search,10,F10: Composition Function 2,10,14,200000,2623.000367431369,223.0003674313689,False,39.30116891860962
de_harmony_search,10,F10: Composition Function 2,10,15,200000,2621.12222136666,221.1222213666597,False,39.71847152709961
de_harmony_search,10,F10: Composition Function 2,10,16,200000,2622.151668346412,222.15166834641195,False,39.439210653305054
de_harmony_search,10,F10: Composition Function 2,10,17,200000,2621.122057282524,221.12205728252368,False,38.88103771209717
de_harmony_search,10,F10: Composition Function 2,10,18,200000,2619.402686380225,219.40268638022508,False,40.17614126205444
de_harmony_search,10,F10: Composition Function 2,10,19,200000,2622.537687673562,222.53768767356175,False,38.81785392761231
de_harmony_search,10,F10: Composition Function 2,10,20,200000,2621.122057282524,221.12205728252368,False,39.71260929107666
de_harmony_search,10,F10: Composition Function 2,10,21,200000,2622.713277474074,222.71327747407395,False,40.27208638191223
de_harmony_search,10,F10: Composition Function 2,10,22,200000,2622.19775650944,222.19775650943984,False,39.07050442695618
de_harmony_search,10,F10: Composition Function 2,10,23,200000,2726.284037312136,326.2840373121362,False,39.54717755317688
de_harmony_search,10,F10: Composition Function 2,10,24,200000,2716.809262120002,316.80926212000213,False,41.263513803482056
de_harmony_search,10,F10: Composition Function 2,10,25,200000,2622.475589169519,222.47558916951905,False,39.38329768180847
de_harmony_search,10,F10: Composition Function 2,10,26,200000,2622.4738766583005,222.47387665830047,False,39.98579502105713
de_harmony_search,10,F10: Composition Function 2,10,27,200000,2623.2271066558765,223.22710665587647,False,40.3414204120636
de_harmony_search,10,F10: Composition Function 2,10,28,200000,2724.527874528412,324.52787452841176,False,40.47630310058594
de_harmony_search,10,F10: Composition Function 2,10,29,200000,2622.1519701669035,222.15197016690357,False,40.15656232833862
de_harmony_search,10,F10: Composition Function 2,10,30,200000,2621.122058568765,221.1220585687652,False,39.84075379371643
de_harmony_search,11,F11: Composition Function 3,10,1,200000,2900.015221124723,300.0152211247232,False,58.28730344772339
de_harmony_search,11,F11: Composition Function 3,10,2,200000,2900.015221118593,300.0152211185932,False,57.02144718170166
de_harmony_search,11,F11: Composition Function 3,10,3,200000,2900.015221120881,300.01522112088105,False,56.02539825439453
de_harmony_search,11,F11: Composition Function 3,10,4,200000,2900.015221083755,300.015221083755,False,56.87237095832825
de_harmony_search,11,F11: Composition Function 3,10,5,200000,2600.0000990558583,9.905585829983464e-05,False,56.03102135658264
de_harmony_search,11,F11: Composition Function 3,10,6,200000,2900.0152212174507,300.01522121745074,False,57.86745858192444
de_harmony_search,11,F11: Composition Function 3,10,7,200000,2900.0152211027444,300.0152211027444,False,57.00701332092285
de_harmony_search,11,F11: Composition Function 3,10,8,200000,2900.01522114161,300.0152211416098,False,56.501336097717285
de_harmony_search,11,F11: Composition Function 3,10,9,200000,2900.015221103503,300.0152211035029,False,57.04465174674988
de_harmony_search,11,F11: Composition Function 3,10,10,200000,2900.015221066525,300.0152210665251,False,56.51558804512024
de_harmony_search,11,F11: Composition Function 3,10,11,200000,2900.0152216482284,300.0152216482284,False,56.62118697166443
de_harmony_search,11,F11: Composition Function 3,10,12,200000,2900.0152210983624,300.0152210983624,False,56.84567356109619
de_harmony_search,11,F11: Composition Function 3,10,13,200000,2900.0152211698546,300.0152211698546,False,57.782689571380615
de_harmony_search,11,F11: Composition Function 3,10,14,200000,2900.015221092312,300.015221092312,False,56.76227784156799
de_harmony_search,11,F11: Composition Function 3,10,15,200000,2900.015221183533,300.01522118353296,False,56.72039556503296
de_harmony_search,11,F11: Composition Function 3,10,16,200000,2900.0152210771457,300.0152210771457,False,57.9514684677124
de_harmony_search,11,F11: Composition Function 3,10,17,200000,2900.015221158245,300.0152211582449,False,57.15762591362
de_harmony_search,11,F11: Composition Function 3,10,18,200000,2600.001911370795,0.0019113707949145,False,57.06321692466736
de_harmony_search,11,F11: Composition Function 3,10,19,200000,2900.0152211057466,300.0152211057466,False,57.98340010643005
de_harmony_search,11,F11: Composition Function 3,10,20,200000,2600.000023315636,2.331563564439421e-05,False,56.03986096382141
de_harmony_search,11,F11: Composition Function 3,10,21,200000,2600.000000000005,5.4569682106375694e-12,True,56.46834707260132
de_harmony_search,11,F11: Composition Function 3,10,22,200000,2600.0,0.0,True,56.20398664474487
de_harmony_search,11,F11: Composition Function 3,10,23,200000,2900.0152218247445,300.01522182474446,False,57.85877370834351
de_harmony_search,11,F11: Composition Function 3,10,24,200000,2900.0152213229467,300.0152213229467,False,57.18973708152771
de_harmony_search,11,F11: Composition Function 3,10,25,200000,2900.015221102524,300.0152211025238,False,56.50765371322632
de_harmony_search,11,F11: Composition Function 3,10,26,200000,2900.015221155274,300.01522115527405,False,57.88098859786987
de_harmony_search,11,F11: Composition Function 3,10,27,200000,2900.015221066525,300.0152210665251,False,56.03811550140381
de_harmony_search,11,F11: Composition Function 3,10,28,200000,2900.015221253089,300.01522125308884,False,56.58261847496033
de_harmony_search,11,F11: Composition Function 3,10,29,200000,2900.015221433573,300.01522143357306,False,56.17640256881714
de_harmony_search,11,F11: Composition Function 3,10,30,200000,2900.015221079846,300.015221079846,False,56.8705940246582
de_harmony_search,12,F12: Composition Function 4,10,1,200000,2900.001314890683,200.0013148906828,False,61.48089385032654
de_harmony_search,12,F12: Composition Function 4,10,2,200000,2845.786980726763,145.78698072676298,False,62.63824343681336
de_harmony_search,12,F12: Composition Function 4,10,3,200000,2866.9520846072623,166.95208460726235,False,59.87791061401367
de_harmony_search,12,F12: Composition Function 4,10,4,200000,2900.001342758733,200.00134275873324,False,62.27189803123474
de_harmony_search,12,F12: Composition Function 4,10,5,200000,2852.614371974335,152.61437197433497,False,60.72238755226135
de_harmony_search,12,F12: Composition Function 4,10,6,200000,2846.593050508282,146.59305050828198,False,58.413837909698486
de_harmony_search,12,F12: Composition Function 4,10,7,200000,2900.002406044966,200.00240604496597,False,59.11851048469544
de_harmony_search,12,F12: Composition Function 4,10,8,200000,2857.854238514407,157.85423851440692,False,60.06623721122742
de_harmony_search,12,F12: Composition Function 4,10,9,200000,2847.144689205126,147.1446892051258,False,61.17291975021362
de_harmony_search,12,F12: Composition Function 4,10,10,200000,2851.6021879708983,151.60218797089829,False,60.2238187789917
de_harmony_search,12,F12: Composition Function 4,10,11,200000,2845.786980726763,145.78698072676298,False,59.103177309036255
de_harmony_search,12,F12: Composition Function 4,10,12,200000,2864.1542953106064,164.15429531060636,False,60.03572678565979
de_harmony_search,12,F12: Composition Function 4,10,13,200000,2866.537082324019,166.53708232401914,False,59.23877429962158
de_harmony_search,12,F12: Composition Function 4,10,14,200000,2863.1340684194047,163.13406841940468,False,61.10361981391907
de_harmony_search,12,F12: Composition Function 4,10,15,200000,2868.1109022248224,168.11090222482244,False,58.849695444107056
de_harmony_search,12,F12: Composition Function 4,10,16,200000,2847.692528613313,147.6925286133128,False,59.74675416946411
de_harmony_search,12,F12: Composition Function 4,10,17,200000,2900.0016946428595,200.00169464285955,False,59.94805240631104
de_harmony_search,12,F12: Composition Function 4,10,18,200000,2870.578223746206,170.57822374620582,False,59.97005391120911
de_harmony_search,12,F12: Composition Function 4,10,19,200000,2900.0013626062496,200.0013626062496,False,60.470571517944336
de_harmony_search,12,F12: Composition Function 4,10,20,200000,2863.095497451262,163.09549745126196,False,60.91456341743469
de_harmony_search,12,F12: Composition Function 4,10,21,200000,2866.178716739066,166.1787167390662,False,60.48554348945618
de_harmony_search,12,F12: Composition Function 4,10,22,200000,2863.7842067497645,163.7842067497645,False,57.96805286407471
de_harmony_search,12,F12: Composition Function 4,10,23,200000,2865.968436695141,165.96843669514146,False,59.206981897354126
de_harmony_search,12,F12: Composition Function 4,10,24,200000,2867.4245163760324,167.42451637603244,False,59.465728759765625
de_harmony_search,12,F12: Composition Function 4,10,25,200000,2863.6161727732497,163.61617277324967,False,61.84316086769104
de_harmony_search,12,F12: Composition Function 4,10,26,200000,2864.151082309537,164.15108230953683,False,60.53417706489563
de_harmony_search,12,F12: Composition Function 4,10,27,200000,2863.623640024776,163.62364002477534,False,59.86875748634338
de_harmony_search,12,F12: Composition Function 4,10,28,200000,2845.786980726763,145.78698072676298,False,60.34383249282837
de_harmony_search,12,F12: Composition Function 4,10,29,200000,2846.6547104353567,146.65471043535672,False,63.16528153419495
de_harmony_search,12,F12: Composition Function 4,10,30,200000,2862.7979822479806,162.7979822479806,False,62.25241136550903
de_harmony_search,1,F1: Shifted and full Rotated Zakharov Function,20,1,1000000,300.00000124027264,1.2402726383697882e-06,False,137.2841055393219
de_harmony_search,1,F1: Shifted and full Rotated Zakharov Function,20,2,1000000,300.00000001290607,1.2906070878671017e-08,False,138.48316979408264
de_harmony_search,1,F1: Shifted and full Rotated Zakharov Function,20,3,1000000,300.00000000000006,5.684341886080803e-14,True,137.55704045295715
de_harmony_search,1,F1: Shifted and full Rotated Zakharov Function,20,4,1000000,300.00000644822404,6.448224041832873e-06,False,136.1934871673584
de_harmony_search,1,F1: Shifted and full Rotated Zakharov Function,20,5,1000000,300.0,0.0,True,133.67849922180176
de_harmony_search,1,F1: Shifted and full Rotated Zakharov Function,20,6,1000000,300.00000012287023,1.2287023309909273e-07,False,134.435320854187
de_harmony_search,1,F1: Shifted and full Rotated Zakharov Function,20,7,1000000,300.0,0.0,True,141.10576605796814
de_harmony_search,1,F1: Shifted and full Rotated Zakharov Function,20,8,1000000,300.0,0.0,True,134.13882112503052
de_harmony_search,1,F1: Shifted and full Rotated Zakharov Function,20,9,1000000,300.0,0.0,True,133.6349766254425
de_harmony_search,1,F1: Shifted and full Rotated Zakharov Function,20,10,1000000,300.0,0.0,True,106.26645708084106
de_harmony_search,1,F1: Shifted and full Rotated Zakharov Function,20,11,1000000,300.0,0.0,True,103.14730525016785
de_harmony_search,1,F1: Shifted and full Rotated Zakharov Function,20,12,1000000,300.0,0.0,True,129.47849082946777
de_harmony_search,1,F1: Shifted and full Rotated Zakharov Function,20,13,1000000,300.0,0.0,True,137.56818199157715
de_harmony_search,1,F1: Shifted and full Rotated Zakharov Function,20,14,1000000,300.0,0.0,True,132.5058193206787
de_harmony_search,1,F1: Shifted and full Rotated Zakharov Function,20,15,1000000,300.0,0.0,True,132.6231288909912
de_harmony_search,1,F1: Shifted and full Rotated Zakharov Function,20,16,1000000,300.0,0.0,True,132.55432772636414
de_harmony_search,1,F1: Shifted and full Rotated Zakharov Function,20,17,1000000,300.0,0.0,True,132.37851810455322
de_harmony_search,1,F1: Shifted and full Rotated Zakharov Function,20,18,1000000,300.0000063705686,6.370568598867976e-06,False,130.0111575126648
de_harmony_search,1,F1: Shifted and full Rotated Zakharov Function,20,19,1000000,300.00000000000006,5.684341886080803e-14,True,133.4679946899414
de_harmony_search,1,F1: Shifted and full Rotated Zakharov Function,20,20,1000000,300.00001406989446,1.4069894461954393e-05,False,132.031254529953
de_harmony_search,1,F1: Shifted and full Rotated Zakharov Function,20,21,1000000,300.0,0.0,True,136.9163544178009
de_harmony_search,1,F1: Shifted and full Rotated Zakharov Function,20,22,1000000,300.0,0.0,True,132.18739223480225
de_harmony_search,1,F1: Shifted and full Rotated Zakharov Function,20,23,1000000,300.0,0.0,True,128.82589626312256
de_harmony_search,1,F1: Shifted and full Rotated Zakharov Function,20,24,1000000,300.00000000000006,5.684341886080803e-14,True,117.65973997116087
de_harmony_search,1,F1: Shifted and full Rotated Zakharov Function,20,25,1000000,300.0,0.0,True,129.83750414848328
de_harmony_search,1,F1: Shifted and full Rotated Zakharov Function,20,26,1000000,300.0,0.0,True,134.08313632011414
de_harmony_search,1,F1: Shifted and full Rotated Zakharov Function,20,27,1000000,300.0,0.0,True,124.12283611297607
de_harmony_search,1,F1: Shifted and full Rotated Zakharov Function,20,28,1000000,300.0,0.0,True,136.03904175758362
de_harmony_search,1,F1: Shifted and full Rotated Zakharov Function,20,29,1000000,300.00000000000006,5.684341886080803e-14,True,139.09277534484863
de_harmony_search,1,F1: Shifted and full Rotated Zakharov Function,20,30,1000000,300.0,0.0,True,135.462331533432
de_harmony_search,2,F2: Shifted and Rotated Rosenbrock’s Function,20,1,1000000,415.9453775597037,15.94537755970373,False,145.16669249534607
de_harmony_search,2,F2: Shifted and Rotated Rosenbrock’s Function,20,2,1000000,404.05105199522126,4.051051995221258,False,141.11461424827576
de_harmony_search,2,F2: Shifted and Rotated Rosenbrock’s Function,20,3,1000000,400.14029774288895,0.1402977428889471,False,145.22255873680115
de_harmony_search,2,F2: Shifted and Rotated Rosenbrock’s Function,20,4,1000000,400.1003608822993,0.1003608822992987,False,144.66718745231628
de_harmony_search,2,F2: Shifted and Rotated Rosenbrock’s Function,20,5,1000000,404.0560490431239,4.056049043123892,False,145.37233686447144
de_harmony_search,2,F2: Shifted and Rotated Rosenbrock’s Function,20,6,1000000,404.0464426960271,4.0464426960271,False,147.23434257507324
de_harmony_search,2,F2: Shifted and Rotated Rosenbrock’s Function,20,7,1000000,400.0935821248611,0.0935821248610864,False,146.2589831352234
de_harmony_search,2,F2: Shifted and Rotated Rosenbrock’s Function,20,8,1000000,400.0956983324624,0.0956983324624047,False,145.30665397644043
de_harmony_search,2,F2: Shifted and Rotated Rosenbrock’s Function,20,9,1000000,404.0248689978438,4.024868997843782,False,141.51648378372192
de_harmony_search,2,F2: Shifted and Rotated Rosenbrock’s Function,20,10,1000000,404.0229434466826,4.022943446682575,False,113.3483407497406
de_harmony_search,2,F2: Shifted and Rotated Rosenbrock’s Function,20,11,1000000,400.087149461152,0.0871494611520233,False,145.1527237892151
de_harmony_search,2,F2: Shifted and Rotated Rosenbrock’s Function,20,12,1000000,400.0810231632156,0.0810231632155478,False,140.95157504081726
de_harmony_search,2,F2: Shifted and Rotated Rosenbrock’s Function,20,13,1000000,400.10291418673927,0.1029141867392695,False,143.8758544921875
de_harmony_search,2,F2: Shifted and Rotated Rosenbrock’s Function,20,14,1000000,400.0917696038672,0.091769603867192,False,138.917382478714
de_harmony_search,2,F2: Shifted and Rotated Rosenbrock’s Function,20,15,1000000,400.106300633388,0.1063006333880025,False,136.6919457912445
de_harmony_search,2,F2: Shifted and Rotated Rosenbrock’s Function,20,16,1000000,400.0884627472365,0.0884627472365195,False,144.8508791923523
de_harmony_search,2,F2: Shifted and Rotated Rosenbrock’s Function,20,17,1000000,400.0078152924688,0.0078152924687628,False,146.9307417869568
de_harmony_search,2,F2: Shifted and Rotated Rosenbrock’s Function,20,18,1000000,400.08512650799474,0.0851265079947438,False,144.6794261932373
de_harmony_search,2,F2: Shifted and Rotated Rosenbrock’s Function,20,19,1000000,400.142761935869,0.1427619358690321,False,142.80022287368774
de_harmony_search,2,F2: Shifted and Rotated Rosenbrock’s Function,20,20,1000000,400.0904824701325,0.0904824701324855,False,143.97771883010864
de_harmony_search,2,F2: Shifted and Rotated Rosenbrock’s Function,20,21,1000000,400.0952641225738,0.0952641225738375,False,143.219562292099
de_harmony_search,2,F2: Shifted and Rotated Rosenbrock’s Function,20,22,1000000,404.05600609559536,4.0560060955953645,False,141.8148112297058
de_harmony_search,2,F2: Shifted and Rotated Rosenbrock’s Function,20,23,1000000,400.0749311835309,0.0749311835308503,False,144.09989476203918
de_harmony_search,2,F2: Shifted and Rotated Rosenbrock’s Function,20,24,1000000,400.1003926091822,0.1003926091822222,False,116.10131931304932
de_harmony_search,2,F2: Shifted and Rotated Rosenbrock’s Function,20,25,1000000,404.03681828549753,4.036818285497532,False,111.72398042678832
de_harmony_search,2,F2: Shifted and Rotated Rosenbrock’s Function,20,26,1000000,400.10458080391845,0.1045808039184521,False,142.56269764900208
de_harmony_search,2,F2: Shifted and Rotated Rosenbrock’s Function,20,27,1000000,400.1054253592795,0.1054253592794793,False,137.22135090827942
de_harmony_search,2,F2: Shifted and Rotated Rosenbrock’s Function,20,28,1000000,404.058166207746,4.058166207745956,False,139.2762312889099
de_harmony_search,2,F2: Shifted and Rotated Rosenbrock’s Function,20,29,1000000,404.04713892307217,4.047138923072168,False,138.3728997707367
de_harmony_search,2,F2: Shifted and Rotated Rosenbrock’s Function,20,30,1000000,404.0431758292973,4.043175829297297,False,137.75277590751648
de_harmony_search,3,F3: Shifted and full Rotated Expanded Schaffer’s F7,20,1,1000000,600.0000000000014,1.3642420526593924e-12,True,160.59319186210632
de_harmony_search,3,F3: Shifted and full Rotated Expanded Schaffer’s F7,20,2,1000000,600.0000000000003,3.410605131648481e-13,True,159.06700444221497
de_harmony_search,3,F3: Shifted and full Rotated Expanded Schaffer’s F7,20,3,1000000,600.0,0.0,True,160.83324217796326
de_harmony_search,3,F3: Shifted and full Rotated Expanded Schaffer’s F7,20,4,1000000,600.0,0.0,True,161.60048151016235
de_harmony_search,3,F3: Shifted and full Rotated Expanded Schaffer’s F7,20,5,1000000,600.0,0.0,True,158.24595522880554
de_harmony_search,3,F3: Shifted and full Rotated Expanded Schaffer’s F7,20,6,1000000,600.0000000000005,4.547473508864641e-13,True,162.7073802947998
de_harmony_search,3,F3: Shifted and full Rotated Expanded Schaffer’s F7,20,7,1000000,600.0000000000005,4.547473508864641e-13,True,159.95437097549438
de_harmony_search,3,F3: Shifted and full Rotated Expanded Schaffer’s F7,20,8,1000000,600.0,0.0,True,160.03793716430664
de_harmony_search,3,F3: Shifted and full Rotated Expanded Schaffer’s F7,20,9,1000000,600.0000000000425,4.25188773078844e-11,True,160.04684805870056
de_harmony_search,3,F3: Shifted and full Rotated Expanded Schaffer’s F7,20,10,1000000,600.0000000000018,1.8189894035458565e-12,True,161.9742250442505
de_harmony_search,3,F3: Shifted and full Rotated Expanded Schaffer’s F7,20,11,1000000,600.0,0.0,True,159.73353505134585
de_harmony_search,3,F3: Shifted and full Rotated Expanded Schaffer’s F7,20,12,1000000,600.0,0.0,True,153.8525128364563
de_harmony_search,3,F3: Shifted and full Rotated Expanded Schaffer’s F7,20,13,1000000,600.0,0.0,True,165.9762842655182
de_harmony_search,3,F3: Shifted and full Rotated Expanded Schaffer’s F7,20,14,1000000,600.0,0.0,True,163.49003791809082
de_harmony_search,3,F3: Shifted and full Rotated Expanded Schaffer’s F7,20,15,1000000,600.0000000137246,1.3724616110266652e-08,False,163.35307598114014
de_harmony_search,3,F3: Shifted and full Rotated Expanded Schaffer’s F7,20,16,1000000,600.0,0.0,True,161.13139700889587
de_harmony_search,3,F3: Shifted and full Rotated Expanded Schaffer’s F7,20,17,1000000,600.0000000000016,1.5916157281026244e-12,True,163.13997650146484
de_harmony_search,3,F3: Shifted and full Rotated Expanded Schaffer’s F7,20,18,1000000,600.0,0.0,True,158.62762236595154
de_harmony_search,3,F3: Shifted and full Rotated Expanded Schaffer’s F7,20,19,1000000,600.0000000000019,1.9326762412674725e-12,True,158.4129512310028
de_harmony_search,3,F3: Shifted and full Rotated Expanded Schaffer’s F7,20,20,1000000,600.0000000000202,2.0236257114447653e-11,True,158.46503520011902
de_harmony_search,3,F3: Shifted and full Rotated Expanded Schaffer’s F7,20,21,1000000,600.0000000000001,1.1368683772161605e-13,True,160.84320616722107
de_harmony_search,3,F3: Shifted and full Rotated Expanded Schaffer’s F7,20,22,1000000,600.0000000000006,5.684341886080801e-13,True,163.29596519470215
de_harmony_search,3,F3: Shifted and full Rotated Expanded Schaffer’s F7,20,23,1000000,600.0000000000005,4.547473508864641e-13,True,163.68531608581543
de_harmony_search,3,F3: Shifted and full Rotated Expanded Schaffer’s F7,20,24,1000000,600.0,0.0,True,164.9965307712555
de_harmony_search,3,F3: Shifted and full Rotated Expanded Schaffer’s F7,20,25,1000000,600.0,0.0,True,156.6984052658081
de_harmony_search,3,F3: Shifted and full Rotated Expanded Schaffer’s F7,20,26,1000000,600.0,0.0,True,157.3753490447998
de_harmony_search,3,F3: Shifted and full Rotated Expanded Schaffer’s F7,20,27,1000000,600.0,0.0,True,158.38559222221377
de_harmony_search,3,F3: Shifted and full Rotated Expanded Schaffer’s F7,20,28,1000000,600.0,0.0,True,160.90942192077637
de_harmony_search,3,F3: Shifted and full Rotated Expanded Schaffer’s F7,20,29,1000000,600.0,0.0,True,157.49827790260315
de_harmony_search,3,F3: Shifted and full Rotated Expanded Schaffer’s F7,20,30,1000000,600.0000000000001,1.1368683772161605e-13,True,158.2468478679657
de_harmony_search,4,F4: Shifted and Rotated Non-Continuous Rastrigin’s Function,20,1,1000000,846.0,46.0,False,184.2051603794098
de_harmony_search,4,F4: Shifted and Rotated Non-Continuous Rastrigin’s Function,20,2,1000000,866.0,66.0,False,182.68788862228396
de_harmony_search,4,F4: Shifted and Rotated Non-Continuous Rastrigin’s Function,20,3,1000000,888.0,88.0,False,182.5177776813507
de_harmony_search,4,F4: Shifted and Rotated Non-Continuous Rastrigin’s Function,20,4,1000000,860.0,60.0,False,184.21069979667664
de_harmony_search,4,F4: Shifted and Rotated Non-Continuous Rastrigin’s Function,20,5,1000000,920.0,120.0,False,178.78544926643372
de_harmony_search,4,F4: Shifted and Rotated Non-Continuous Rastrigin’s Function,20,6,1000000,888.5,88.5,False,180.6839187145233
de_harmony_search,4,F4: Shifted and Rotated Non-Continuous Rastrigin’s Function,20,7,1000000,869.5811146821977,69.58111468219772,False,183.46720719337463
de_harmony_search,4,F4: Shifted and Rotated Non-Continuous Rastrigin’s Function,20,8,1000000,848.0,48.0,False,184.36520433425903
de_harmony_search,4,F4: Shifted and Rotated Non-Continuous Rastrigin’s Function,20,9,1000000,856.1119554459783,56.11195544597831,False,182.4820704460144
de_harmony_search,4,F4: Shifted and Rotated Non-Continuous Rastrigin’s Function,20,10,1000000,878.5,78.5,False,179.91665840148926
de_harmony_search,4,F4: Shifted and Rotated Non-Continuous Rastrigin’s Function,20,11,1000000,882.0894550968808,82.08945509688078,False,182.7866234779358
de_harmony_search,4,F4: Shifted and Rotated Non-Continuous Rastrigin’s Function,20,12,1000000,916.5,116.5,False,188.78910899162287
de_harmony_search,4,F4: Shifted and Rotated Non-Continuous Rastrigin’s Function,20,13,1000000,946.673875349106,146.67387534910597,False,182.56613898277283
de_harmony_search,4,F4: Shifted and Rotated Non-Continuous Rastrigin’s Function,20,14,1000000,870.0,70.0,False,181.2996776103973
de_harmony_search,4,F4: Shifted and Rotated Non-Continuous Rastrigin’s Function,20,15,1000000,949.4175823500024,149.41758235000248,False,180.30948901176453
de_harmony_search,4,F4: Shifted and Rotated Non-Continuous Rastrigin’s Function,20,16,1000000,862.2076090775224,62.20760907752242,False,180.08704447746277
de_harmony_search,4,F4: Shifted and Rotated Non-Continuous Rastrigin’s Function,20,17,1000000,874.0,74.0,False,184.3457605838776
de_harmony_search,4,F4: Shifted and Rotated Non-Continuous Rastrigin’s Function,20,18,1000000,915.775257683624,115.77525768362398,False,181.2998323440552
de_harmony_search,4,F4: Shifted and Rotated Non-Continuous Rastrigin’s Function,20,19,1000000,878.0,78.0,False,181.44152808189392
de_harmony_search,4,F4: Shifted and Rotated Non-Continuous Rastrigin’s Function,20,20,1000000,866.0401488339044,66.04014883390437,False,180.86626815795896
de_harmony_search,4,F4: Shifted and Rotated Non-Continuous Rastrigin’s Function,20,21,1000000,878.0,78.0,False,180.98327660560608
de_harmony_search,4,F4: Shifted and Rotated Non-Continuous Rastrigin’s Function,20,22,1000000,848.0,48.0,False,183.43634724617004
de_harmony_search,4,F4: Shifted and Rotated Non-Continuous Rastrigin’s Function,20,23,1000000,916.7834722983108,116.78347229831093,False,182.3318359851837
de_harmony_search,4,F4: Shifted and Rotated Non-Continuous Rastrigin’s Function,20,24,1000000,884.0,84.0,False,181.90361976623532
de_harmony_search,4,F4: Shifted and Rotated Non-Continuous Rastrigin’s Function,20,25,1000000,886.0,86.0,False,181.11418461799624
de_harmony_search,4,F4: Shifted and Rotated Non-Continuous Rastrigin’s Function,20,26,1000000,930.0008923341528,130.0008923341527,False,181.67927360534668
de_harmony_search,4,F4: Shifted and Rotated Non-Continuous Rastrigin’s Function,20,27,1000000,900.5,100.5,False,184.31919884681705
de_harmony_search,4,F4: Shifted and Rotated Non-Continuous Rastrigin’s Function,20,28,1000000,836.0,36.0,False,183.58413004875183
de_harmony_search,4,F4: Shifted and Rotated Non-Continuous Rastrigin’s Function,20,29,1000000,852.0,52.0,False,182.28632760047915
de_harmony_search,4,F4: Shifted and Rotated Non-Continuous Rastrigin’s Function,20,30,1000000,908.0,108.0,False,184.35378623008728
de_harmony_search,5,F5: Shifted and Rotated Levy Function,20,1,1000000,900.0000000000001,1.1368683772161605e-13,True,143.27633690834045
de_harmony_search,5,F5: Shifted and Rotated Levy Function,20,2,1000000,900.0000000000003,3.410605131648481e-13,True,141.75925421714783
de_harmony_search,5,F5: Shifted and Rotated Levy Function,20,3,1000000,900.0000000000002,2.273736754432321e-13,True,145.27184438705444
de_harmony_search,5,F5: Shifted and Rotated Levy Function,20,4,1000000,900.0000000000002,2.273736754432321e-13,True,143.9350106716156
de_harmony_search,5,F5: Shifted and Rotated Levy Function,20,5,1000000,900.0,0.0,True,142.2416474819183
de_harmony_search,5,F5: Shifted and Rotated Levy Function,20,6,1000000,900.0000000000002,2.273736754432321e-13,True,141.65795016288757
de_harmony_search,5,F5: Shifted and Rotated Levy Function,20,7,1000000,900.0000000000001,1.1368683772161605e-13,True,145.49074506759644
de_harmony_search,5,F5: Shifted and Rotated Levy Function,20,8,1000000,900.0000000000002,2.273736754432321e-13,True,143.222633600235
de_harmony_search,5,F5: Shifted and Rotated Levy Function,20,9,1000000,900.0000000000001,1.1368683772161605e-13,True,145.0320589542389
de_harmony_search,5,F5: Shifted and Rotated Levy Function,20,10,1000000,900.0000000000001,1.1368683772161605e-13,True,145.14232397079468
de_harmony_search,5,F5: Shifted and Rotated Levy Function,20,11,1000000,900.0000000000001,1.1368683772161605e-13,True,142.56515502929688
de_harmony_search,5,F5: Shifted and Rotated Levy Function,20,12,1000000,900.7229087698404,0.7229087698402736,False,144.00425696372986
de_harmony_search,5,F5: Shifted and Rotated Levy Function,20,13,1000000,900.0000000000001,1.1368683772161605e-13,True,143.04238367080688
de_harmony_search,5,F5: Shifted and Rotated Levy Function,20,14,1000000,900.0000000057465,5.7465285863145255e-09,True,144.73095655441284
de_harmony_search,5,F5: Shifted and Rotated Levy Function,20,15,1000000,900.2685847512495,0.2685847512494774,False,144.44888257980347
de_harmony_search,5,F5: Shifted and Rotated Levy Function,20,16,1000000,900.0000000000001,1.1368683772161605e-13,True,144.4147596359253
de_harmony_search,5,F5: Shifted and Rotated Levy Function,20,17,1000000,900.0895282504165,0.0895282504164924,False,141.8069064617157
de_harmony_search,5,F5: Shifted and Rotated Levy Function,20,18,1000000,900.0000000000001,1.1368683772161605e-13,True,145.01923274993896
de_harmony_search,5,F5: Shifted and Rotated Levy Function,20,19,1000000,900.0000000000003,3.410605131648481e-13,True,145.2941451072693
de_harmony_search,5,F5: Shifted and Rotated Levy Function,20,20,1000000,900.0000000000005,4.547473508864641e-13,True,142.90447330474854
de_harmony_search,5,F5: Shifted and Rotated Levy Function,20,21,1000000,900.0000000000001,1.1368683772161605e-13,True,144.38167333602905
de_harmony_search,5,F5: Shifted and Rotated Levy Function,20,22,1000000,900.0,0.0,True,145.37179350852966
de_harmony_search,5,F5: Shifted and Rotated Levy Function,20,23,1000000,900.0000000000001,1.1368683772161605e-13,True,144.53173804283142
de_harmony_search,5,F5: Shifted and Rotated Levy Function,20,24,1000000,900.0000000000001,1.1368683772161605e-13,True,147.07635140419006
de_harmony_search,5,F5: Shifted and Rotated Levy Function,20,25,1000000,900.0895282504166,0.0895282504166061,False,145.09461498260498
de_harmony_search,5,F5: Shifted and Rotated Levy Function,20,26,1000000,900.0000000000001,1.1368683772161605e-13,True,144.8920316696167
de_harmony_search,5,F5: Shifted and Rotated Levy Function,20,27,1000000,900.0895282507324,0.0895282507324282,False,146.87687921524048
de_harmony_search,5,F5: Shifted and Rotated Levy Function,20,28,1000000,900.0000000000002,2.273736754432321e-13,True,142.84164452552795
de_harmony_search,5,F5: Shifted and Rotated Levy Function,20,29,1000000,900.0895282504167,0.0895282504167198,False,146.3153383731842
de_harmony_search,5,F5: Shifted and Rotated Levy Function,20,30,1000000,900.179056500833,0.1790565008329849,False,145.48345398902893
de_harmony_search,6,F6: Hybrid Function 1,20,1,1000000,8140.84279581504,6340.84279581504,False,152.26915645599365
de_harmony_search,6,F6: Hybrid Function 1,20,2,1000000,20399.16176519988,18599.16176519988,False,151.48188614845276
de_harmony_search,6,F6: Hybrid Function 1,20,3,1000000,19601.79863206574,17801.79863206574,False,150.5320167541504
de_harmony_search,6,F6: Hybrid Function 1,20,4,1000000,10056.444585640533,8256.444585640533,False,151.84120774269104
de_harmony_search,6,F6: Hybrid Function 1,20,5,1000000,19245.43024084307,17445.43024084307,False,153.41075015068054
de_harmony_search,6,F6: Hybrid Function 1,20,6,1000000,24864.390271523127,23064.390271523127,False,148.6174714565277
de_harmony_search,6,F6: Hybrid Function 1,20,7,1000000,28977.10626448921,27177.10626448921,False,151.15873456001282
de_harmony_search,6,F6: Hybrid Function 1,20,8,1000000,92366.5011712578,90566.5011712578,False,151.1253261566162
de_harmony_search,6,F6: Hybrid Function 1,20,9,1000000,6290.907227277898,4490.907227277898,False,153.29293084144592
de_harmony_search,6,F6: Hybrid Function 1,20,10,1000000,27435.379633213943,25635.379633213943,False,153.9183394908905
de_harmony_search,6,F6: Hybrid Function 1,20,11,1000000,15960.983931123968,14160.983931123968,False,150.6209466457367
de_harmony_search,6,F6: Hybrid Function 1,20,12,1000000,14998.591830128258,13198.591830128258,False,149.82426142692566
de_harmony_search,6,F6: Hybrid Function 1,20,13,1000000,18491.889104683927,16691.889104683927,False,149.87862610816956
de_harmony_search,6,F6: Hybrid Function 1,20,14,1000000,19849.815017070912,18049.815017070912,False,151.85156440734863
de_harmony_search,6,F6: Hybrid Function 1,20,15,1000000,13994.887194628802,12194.887194628802,False,152.14615750312805
de_harmony_search,6,F6: Hybrid Function 1,20,16,1000000,16217.214683581124,14417.214683581124,False,155.32683730125427
de_harmony_search,6,F6: Hybrid Function 1,20,17,1000000,30243.30323971973,28443.30323971973,False,151.00983357429504
de_harmony_search,6,F6: Hybrid Function 1,20,18,1000000,27381.885432951774,25581.885432951774,False,153.20386171340942
de_harmony_search,6,F6: Hybrid Function 1,20,19,1000000,20387.262987873943,18587.262987873943,False,150.79448771476746
de_harmony_search,6,F6: Hybrid Function 1,20,20,1000000,20234.8538446373,18434.8538446373,False,149.10542583465576
de_harmony_search,6,F6: Hybrid Function 1,20,21,1000000,56101.76741985243,54301.76741985243,False,150.4478678703308
de_harmony_search,6,F6: Hybrid Function 1,20,22,1000000,17407.174161232542,15607.174161232542,False,152.85433173179626
de_harmony_search,6,F6: Hybrid Function 1,20,23,1000000,43159.65827093364,41359.65827093364,False,150.22005438804626
de_harmony_search,6,F6: Hybrid Function 1,20,24,1000000,8130.004412653632,6330.004412653632,False,151.13032293319702
de_harmony_search,6,F6: Hybrid Function 1,20,25,1000000,5706.382954733641,3906.382954733641,False,150.24463176727295
de_harmony_search,6,F6: Hybrid Function 1,20,26,1000000,7375.459949866213,5575.459949866213,False,152.40006566047668
de_harmony_search,6,F6: Hybrid Function 1,20,27,1000000,14922.064758690884,13122.064758690884,False,151.1602268218994
de_harmony_search,6,F6: Hybrid Function 1,20,28,1000000,9561.028707289372,7761.028707289372,False,154.17846584320068
de_harmony_search,6,F6: Hybrid Function 1,20,29,1000000,19453.987727461405,17653.987727461405,False,150.6869764328003
de_harmony_search,6,F6: Hybrid Function 1,20,30,1000000,19211.516907783018,17411.516907783018,False,153.61299395561218
de_harmony_search,7,F7: Hybrid Function 2,20,1,1000000,2023.5734642578743,23.57346425787432,False,856.3856127262115
de_harmony_search,7,F7: Hybrid Function 2,20,2,1000000,2021.1780555767589,21.17805557675888,False,847.5757257938385
de_harmony_search,7,F7: Hybrid Function 2,20,3,1000000,2022.4552922698715,22.45529226987128,False,853.6226768493652
de_harmony_search,7,F7: Hybrid Function 2,20,4,1000000,2031.4614324512957,31.461432451295423,False,851.7908508777618
de_harmony_search,7,F7: Hybrid Function 2,20,5,1000000,2028.870827608203,28.870827608202944,False,857.9641373157501
de_harmony_search,7,F7: Hybrid Function 2,20,6,1000000,2033.350920911104,33.35092091110391,False,845.1072120666504
de_harmony_search,7,F7: Hybrid Function 2,20,7,1000000,2043.3421375699024,43.342137569902434,False,849.8385720252991
de_harmony_search,7,F7: Hybrid Function 2,20,8,1000000,2021.0685068635564,21.068506863556426,False,852.1518182754517
de_harmony_search,7,F7: Hybrid Function 2,20,9,1000000,2022.2078389097376,22.2078389097378,False,850.4433925151825
de_harmony_search,7,F7: Hybrid Function 2,20,10,1000000,2064.2898689412964,64.28986894129639,False,849.2542819976807
de_harmony_search,7,F7: Hybrid Function 2,20,11,1000000,2022.4768638832568,22.47686388325724,False,848.4130892753601
de_harmony_search,7,F7: Hybrid Function 2,20,12,1000000,2039.361830374987,39.361830374986994,False,857.2825040817261
de_harmony_search,7,F7: Hybrid Function 2,20,13,1000000,2027.388337305038,27.38833730503802,False,848.8139357566833
de_harmony_search,7,F7: Hybrid Function 2,20,14,1000000,2020.957480758763,20.95748075876304,False,848.8673915863037
de_harmony_search,7,F7: Hybrid Function 2,20,15,1000000,2043.9655890412064,43.96558904120616,False,855.77281665802
de_harmony_search,7,F7: Hybrid Function 2,20,16,1000000,2023.7332445881,23.73324458810021,False,850.5594639778137
de_harmony_search,7,F7: Hybrid Function 2,20,17,1000000,2043.4836626715423,43.48366267154256,False,857.3864579200745
de_harmony_search,7,F7: Hybrid Function 2,20,18,1000000,2026.911708755748,26.911708755747892,False,846.4918775558472
de_harmony_search,7,F7: Hybrid Function 2,20,19,1000000,2051.5565374277867,51.55653742778668,False,856.7355353832245
de_harmony_search,7,F7: Hybrid Function 2,20,20,1000000,2101.225642575212,101.22564257521208,False,844.57528424263
de_harmony_search,7,F7: Hybrid Function 2,20,21,1000000,2045.163476811489,45.163476811489545,False,854.5880625247955
de_harmony_search,7,F7: Hybrid Function 2,20,22,1000000,2022.8842327687803,22.88423276878052,False,851.3989837169647
de_harmony_search,7,F7: Hybrid Function 2,20,23,1000000,2035.4775599069571,35.47755990695737,False,850.0285966396332
de_harmony_search,7,F7: Hybrid Function 2,20,24,1000000,2027.1972548647989,27.19725486479865,False,847.3393228054047
de_harmony_search,7,F7: Hybrid Function 2,20,25,1000000,2057.99812819228,57.99812819228009,False,853.7325186729431
de_harmony_search,7,F7: Hybrid Function 2,20,26,1000000,2021.9646625235384,21.96466252353844,False,855.8125352859497
de_harmony_search,7,F7: Hybrid Function 2,20,27,1000000,2023.692822137083,23.692822137083112,False,847.3145124912262
de_harmony_search,7,F7: Hybrid Function 2,20,28,1000000,2026.1961894374083,26.19618943740852,False,849.8433027267456
de_harmony_search,7,F7: Hybrid Function 2,20,29,1000000,2028.224134882313,28.224134882312683,False,855.6156091690063
de_harmony_search,7,F7: Hybrid Function 2,20,30,1000000,2023.5091651447528,23.50916514475261,False,847.9645674228668
de_harmony_search,8,F8: Hybrid Function 3,20,1,1000000,2229.365866855968,29.36586685596785,False,1161.105224609375
de_harmony_search,8,F8: Hybrid Function 3,20,2,1000000,2248.9145913117354,48.91459131173542,False,1156.7386853694916
de_harmony_search,8,F8: Hybrid Function 3,20,3,1000000,2252.5967508957056,52.596750895705554,False,1164.9703404903412
de_harmony_search,8,F8: Hybrid Function 3,20,4,1000000,2232.537199564421,32.53719956442092,False,1171.2487268447876
de_harmony_search,8,F8: Hybrid Function 3,20,5,1000000,2445.780094221435,245.7800942214349,False,1168.1951794624329
de_harmony_search,8,F8: Hybrid Function 3,20,6,1000000,2250.445719734784,50.44571973478424,False,1161.3046762943268
de_harmony_search,8,F8: Hybrid Function 3,20,7,1000000,2230.6512292592506,30.651229259250613,False,1164.415389060974
de_harmony_search,8,F8: Hybrid Function 3,20,8,1000000,2234.8006657698047,34.80066576980471,False,1162.0101528167725
de_harmony_search,8,F8: Hybrid Function 3,20,9,1000000,2224.4950522309978,24.49505223099777,False,1165.421705007553
de_harmony_search,8,F8: Hybrid Function 3,20,10,1000000,2226.338552992386,26.33855299238621,False,1164.9336094856262
de_harmony_search,8,F8: Hybrid Function 3,20,11,1000000,2223.2025615063544,23.202561506354414,False,1169.9898283481598
de_harmony_search,8,F8: Hybrid Function 3,20,12,1000000,2228.418947559662,28.41894755966177,False,1169.1633081436155
de_harmony_search,8,F8: Hybrid Function 3,20,13,1000000,2228.387207491868,28.38720749186814,False,1171.199488401413
de_harmony_search,8,F8: Hybrid Function 3,20,14,1000000,2364.0519157966023,164.05191579660232,False,1182.1245474815369
de_harmony_search,8,F8: Hybrid Function 3,20,15,1000000,2231.083628009009,31.083628009008866,False,1021.3154788017272
de_harmony_search,8,F8: Hybrid Function 3,20,16,1000000,2225.8704152635837,25.87041526358325,False,944.7921948432922
de_harmony_search,8,F8: Hybrid Function 3,20,17,1000000,2228.4776436566503,28.477643656650343,False,886.5014550685883
de_harmony_search,8,F8: Hybrid Function 3,20,18,1000000,2289.552981267223,89.552981267223,False,890.3345212936401
de_harmony_search,8,F8: Hybrid Function 3,20,19,1000000,2224.2640294390408,24.26402943904077,False,897.9592862129211
de_harmony_search,8,F8: Hybrid Function 3,20,20,1000000,2225.6117066382585,25.61170663825851,False,1085.0842411518097
de_harmony_search,8,F8: Hybrid Function 3,20,21,1000000,2600.948089670215,400.9480896702148,False,1227.050244808197
de_harmony_search,8,F8: Hybrid Function 3,20,22,1000000,2225.8373927492185,25.83739274921845,False,1251.1252727508545
de_harmony_search,8,F8: Hybrid Function 3,20,23,1000000,2230.2786071152577,30.278607115257728,False,1128.996870279312
de_harmony_search,8,F8: Hybrid Function 3,20,24,1000000,2235.0800852250013,35.08008522500131,False,1070.1164371967316
de_harmony_search,8,F8: Hybrid Function 3,20,25,1000000,2229.2511454993414,29.25114549934142,False,1126.4154930114746
de_harmony_search,8,F8: Hybrid Function 3,20,26,1000000,2251.9021504641605,51.90215046416051,False,939.2884979248048
de_harmony_search,8,F8: Hybrid Function 3,20,27,1000000,2227.8756632863915,27.8756632863915,False,1027.7990651130676
de_harmony_search,8,F8: Hybrid Function 3,20,28,1000000,2225.1467403584284,25.14674035842836,False,1024.305103302002
de_harmony_search,8,F8: Hybrid Function 3,20,29,1000000,2228.8048827816365,28.80488278163648,False,1116.4361407756803
de_harmony_search,8,F8: Hybrid Function 3,20,30,1000000,2231.623335769025,31.623335769024838,False,1115.5734341144562
de_harmony_search,9,F9: Composition Function 1,20,1,1000000,2525.0852393222385,225.0852393222385,False,230.16055727005005
de_harmony_search,9,F9: Composition Function 1,20,2,1000000,2525.0852393222385,225.0852393222385,False,229.94050073623657
de_harmony_search,9,F9: Composition Function 1,20,3,1000000,2525.0852393222426,225.0852393222426,False,229.6077616214752
de_harmony_search,9,F9: Composition Function 1,20,4,1000000,2525.085239322239,225.08523932223895,False,230.16920828819275
de_harmony_search,9,F9: Composition Function 1,20,5,1000000,2525.0852393222403,225.08523932224037,False,232.1763153076172
de_harmony_search,9,F9: Composition Function 1,20,6,1000000,2525.0852393222385,225.0852393222385,False,231.37813591957087
de_harmony_search,9,F9: Composition Function 1,20,7,1000000,2525.085239322239,225.08523932223895,False,226.7356424331665
de_harmony_search,9,F9: Composition Function 1,20,8,1000000,2525.085239322238,225.08523932223807,False,232.70741295814517
de_harmony_search,9,F9: Composition Function 1,20,9,1000000,2525.0852393222403,225.08523932224037,False,234.85282826423645
de_harmony_search,9,F9: Composition Function 1,20,10,1000000,2525.085239322239,225.08523932223895,False,233.8433532714844
de_harmony_search,9,F9: Composition Function 1,20,11,1000000,2525.0852393222376,225.0852393222376,False,232.16685795784
de_harmony_search,9,F9: Composition Function 1,20,12,1000000,2525.0852393222376,225.0852393222376,False,233.58994841575625
de_harmony_search,9,F9: Composition Function 1,20,13,1000000,2525.0852393222385,225.0852393222385,False,230.50818991661072
de_harmony_search,9,F9: Composition Function 1,20,14,1000000,2525.085239322244,225.085239322244,False,227.8276035785675
de_harmony_search,9,F9: Composition Function 1,20,15,1000000,2525.0852393222403,225.08523932224037,False,221.90619230270383
de_harmony_search,9,F9: Composition Function 1,20,16,1000000,2525.0852393222385,225.0852393222385,False,221.22588539123532
de_harmony_search,9,F9: Composition Function 1,20,17,1000000,2525.085239322238,225.08523932223807,False,216.5273172855377
de_harmony_search,9,F9: Composition Function 1,20,18,1000000,2525.0852393222403,225.08523932224037,False,220.01745676994324
de_harmony_search,9,F9: Composition Function 1,20,19,1000000,2525.0852393222376,225.0852393222376,False,216.82247734069824
de_harmony_search,9,F9: Composition Function 1,20,20,1000000,2702.2423401905094,402.24234019050937,False,218.1939435005188
de_harmony_search,9,F9: Composition Function 1,20,21,1000000,2525.0852393222385,225.0852393222385,False,217.9159405231476
de_harmony_search,9,F9: Composition Function 1,20,22,1000000,2525.085239322239,225.08523932223895,False,217.35246086120603
de_harmony_search,9,F9: Composition Function 1,20,23,1000000,2525.0852393222385,225.0852393222385,False,213.80822253227237
de_harmony_search,9,F9: Composition Function 1,20,24,1000000,2525.085239322238,225.08523932223807,False,215.6594455242157
de_harmony_search,9,F9: Composition Function 1,20,25,1000000,2525.0852393222453,225.08523932224531,False,217.99580073356628
de_harmony_search,9,F9: Composition Function 1,20,26,1000000,2525.085239322238,225.08523932223807,False,219.522567987442
de_harmony_search,9,F9: Composition Function 1,20,27,1000000,2525.085239322238,225.08523932223807,False,223.3991732597351
de_harmony_search,9,F9: Composition Function 1,20,28,1000000,2525.085239322239,225.08523932223895,False,217.62211728096008
de_harmony_search,9,F9: Composition Function 1,20,29,1000000,2525.0852393222376,225.0852393222376,False,220.8889617919922
de_harmony_search,9,F9: Composition Function 1,20,30,1000000,2525.0852393222385,225.0852393222385,False,219.59547662734985
de_harmony_search,10,F10: Composition Function 2,20,1,1000000,2880.3599280011404,480.3599280011404,False,215.87191700935364
de_harmony_search,10,F10: Composition Function 2,20,2,1000000,2800.131105107119,400.13110510711886,False,221.76897525787356
de_harmony_search,10,F10: Composition Function 2,20,3,1000000,2799.51599581181,399.51599581181017,False,221.3516478538513
de_harmony_search,10,F10: Composition Function 2,20,4,1000000,2808.304518048273,408.3045180482732,False,223.6310086250305
de_harmony_search,10,F10: Composition Function 2,20,5,1000000,2800.5144455432787,400.5144455432787,False,222.8595142364502
de_harmony_search,10,F10: Composition Function 2,20,6,1000000,2800.1888469189958,400.1888469189953,False,222.96048521995544
de_harmony_search,10,F10: Composition Function 2,20,7,1000000,2795.5969625696493,395.59696256964935,False,222.4186029434204
de_harmony_search,10,F10: Composition Function 2,20,8,1000000,2798.7596414485656,398.7596414485656,False,219.18487071990967
de_harmony_search,10,F10: Composition Function 2,20,9,1000000,2867.9256768581567,467.9256768581568,False,216.74273943901065
de_harmony_search,10,F10: Composition Function 2,20,10,1000000,2796.8442174483403,396.84421744834026,False,221.26258325576785
de_harmony_search,10,F10: Composition Function 2,20,11,1000000,2800.8473125722503,400.8473125722503,False,208.0251796245575
de_harmony_search,10,F10: Composition Function 2,20,12,1000000,2800.2568944105506,400.25689441055056,False,210.4831953048706
de_harmony_search,10,F10: Composition Function 2,20,13,1000000,2806.284104985031,406.2841049850308,False,202.91931796073916
de_harmony_search,10,F10: Composition Function 2,20,14,1000000,3712.415584922072,1312.4155849220715,False,176.1635386943817
de_harmony_search,10,F10: Composition Function 2,20,15,1000000,2801.111142141044,401.1111421410442,False,155.37716221809387
de_harmony_search,10,F10: Composition Function 2,20,16,1000000,2796.61044647296,396.6104464729601,False,179.07263088226318
de_harmony_search,10,F10: Composition Function 2,20,17,1000000,2798.795761250286,398.795761250286,False,212.1849799156189
de_harmony_search,10,F10: Composition Function 2,20,18,1000000,2802.0002504177246,402.0002504177246,False,160.08108353614807
de_harmony_search,10,F10: Composition Function 2,20,19,1000000,2888.8406379737417,488.8406379737417,False,160.01434087753296
de_harmony_search,10,F10: Composition Function 2,20,20,1000000,2877.0263750459467,477.0263750459467,False,144.1741418838501
de_harmony_search,10,F10: Composition Function 2,20,21,1000000,3512.1667914493155,1112.1667914493155,False,167.37974572181702
de_harmony_search,10,F10: Composition Function 2,20,22,1000000,2882.279792397828,482.27979239782735,False,172.2805061340332
de_harmony_search,10,F10: Composition Function 2,20,23,1000000,2799.9108323804003,399.9108323804003,False,210.3066644668579
de_harmony_search,10,F10: Composition Function 2,20,24,1000000,2796.565982772481,396.5659827724812,False,161.8327488899231
de_harmony_search,10,F10: Composition Function 2,20,25,1000000,2801.3701807669977,401.3701807669977,False,161.17303228378296
de_harmony_search,10,F10: Composition Function 2,20,26,1000000,2799.944776033003,399.9447760330031,False,156.41013956069946
de_harmony_search,10,F10: Composition Function 2,20,27,1000000,2797.718360358763,397.7183603587632,False,156.01998162269592
de_harmony_search,10,F10: Composition Function 2,20,28,1000000,2798.988558371726,398.988558371726,False,181.23197984695437
de_harmony_search,10,F10: Composition Function 2,20,29,1000000,2804.931856706603,404.93185670660296,False,283.172137260437
de_harmony_search,10,F10: Composition Function 2,20,30,1000000,2875.885524979507,475.88552497950695,False,200.79461240768435
de_harmony_search,11,F11: Composition Function 3,20,1,1000000,2600.0000010550525,1.055052507581422e-06,False,204.3506274223328
de_harmony_search,11,F11: Composition Function 3,20,2,1000000,2900.029237322336,300.02923732233603,False,213.10045528411865
de_harmony_search,11,F11: Composition Function 3,20,3,1000000,2900.029237322336,300.0292373223356,False,213.07455372810364
de_harmony_search,11,F11: Composition Function 3,20,4,1000000,2900.029237322336,300.0292373223356,False,212.6743586063385
de_harmony_search,11,F11: Composition Function 3,20,5,1000000,2900.029237322336,300.0292373223356,False,210.05040335655207
de_harmony_search,11,F11: Composition Function 3,20,6,1000000,2900.029237322336,300.0292373223356,False,210.05692791938785
de_harmony_search,11,F11: Composition Function 3,20,7,1000000,2900.029237322336,300.0292373223356,False,209.6333684921265
de_harmony_search,11,F11: Composition Function 3,20,8,1000000,2900.029237322336,300.0292373223356,False,210.2648684978485
de_harmony_search,11,F11: Composition Function 3,20,9,1000000,2900.029237322336,300.0292373223356,False,211.0092625617981
de_harmony_search,11,F11: Composition Function 3,20,10,1000000,2600.0054042597426,0.0054042597425905,False,205.8194584846497
de_harmony_search,11,F11: Composition Function 3,20,11,1000000,2900.029237322336,300.0292373223356,False,211.4859311580658
de_harmony_search,11,F11: Composition Function 3,20,12,1000000,2900.029237322336,300.0292373223356,False,209.80415153503415
de_harmony_search,11,F11: Composition Function 3,20,13,1000000,2900.029237322336,300.0292373223356,False,214.85733318328855
de_harmony_search,11,F11: Composition Function 3,20,14,1000000,2900.029237322336,300.0292373223356,False,218.8632180690765
de_harmony_search,11,F11: Composition Function 3,20,15,1000000,2900.029237322336,300.0292373223356,False,213.31324672698972
de_harmony_search,11,F11: Composition Function 3,20,16,1000000,2900.029237322336,300.0292373223356,False,213.77247834205627
de_harmony_search,11,F11: Composition Function 3,20,17,1000000,2900.029237322336,300.0292373223356,False,213.70791029930115
de_harmony_search,11,F11: Composition Function 3,20,18,1000000,2600.0000004171907,4.171906766714528e-07,False,206.99664449691767
de_harmony_search,11,F11: Composition Function 3,20,19,1000000,2900.029237322336,300.0292373223356,False,229.9842231273651
de_harmony_search,11,F11: Composition Function 3,20,20,1000000,2600.000003219891,3.219890913896961e-06,False,197.1662983894348
de_harmony_search,11,F11: Composition Function 3,20,21,1000000,2600.000000001457,1.4565557648893444e-09,True,190.8941297531128
de_harmony_search,11,F11: Composition Function 3,20,22,1000000,2900.029237322336,300.0292373223356,False,194.2939167022705
de_harmony_search,11,F11: Composition Function 3,20,23,1000000,2900.029237322336,300.02923732233603,False,194.31353950500488
de_harmony_search,11,F11: Composition Function 3,20,24,1000000,2900.029237322336,300.0292373223356,False,194.4587361812592
de_harmony_search,11,F11: Composition Function 3,20,25,1000000,2900.029237322336,300.0292373223356,False,193.3206517696381
de_harmony_search,11,F11: Composition Function 3,20,26,1000000,2900.029237322336,300.0292373223356,False,193.58524990081787
de_harmony_search,11,F11: Composition Function 3,20,27,1000000,2900.029237322336,300.0292373223356,False,193.68636107444763
de_harmony_search,11,F11: Composition Function 3,20,28,1000000,2900.029237322336,300.02923732233603,False,193.9450249671936
de_harmony_search,11,F11: Composition Function 3,20,29,1000000,2900.029237322336,300.0292373223356,False,194.46397185325625
de_harmony_search,11,F11: Composition Function 3,20,30,1000000,2900.029237322336,300.0292373223356,False,193.85409593582156
de_harmony_search,12,F12: Composition Function 4,20,1,1000000,2900.0040194205444,200.0040194205444,False,201.3211400508881
de_harmony_search,12,F12: Composition Function 4,20,2,1000000,2900.0037759164425,200.0037759164425,False,202.5290231704712
de_harmony_search,12,F12: Composition Function 4,20,3,1000000,2900.0037651526463,200.00376515264637,False,200.42544603347775
de_harmony_search,12,F12: Composition Function 4,20,4,1000000,2900.0042645673384,200.0042645673384,False,202.46526622772217
de_harmony_search,12,F12: Composition Function 4,20,5,1000000,2900.0038593603444,200.00385936034445,False,202.1186375617981
de_harmony_search,12,F12: Composition Function 4,20,6,1000000,2900.0035566550423,200.0035566550423,False,207.47720766067505
de_harmony_search,12,F12: Composition Function 4,20,7,1000000,2900.003963877346,200.003963877346,False,203.721536397934
de_harmony_search,12,F12: Composition Function 4,20,8,1000000,2900.0035292561743,200.00352925617423,False,211.83402276039124
de_harmony_search,12,F12: Composition Function 4,20,9,1000000,2900.003769431719,200.0037694317189,False,201.113707780838
de_harmony_search,12,F12: Composition Function 4,20,10,1000000,2900.0040193472378,200.00401934723777,False,201.5410976409912
de_harmony_search,12,F12: Composition Function 4,20,11,1000000,2900.0043231708214,200.0043231708214,False,200.42423057556152
de_harmony_search,12,F12: Composition Function 4,20,12,1000000,2900.0044137182044,200.00441371820443,False,203.00850319862369
de_harmony_search,12,F12: Composition Function 4,20,13,1000000,2900.004030983578,200.0040309835781,False,201.85827016830444
de_harmony_search,12,F12: Composition Function 4,20,14,1000000,2900.004509109576,200.0045091095758,False,202.60397171974185
de_harmony_search,12,F12: Composition Function 4,20,15,1000000,2900.004084415222,200.00408441522225,False,202.4732127189636
de_harmony_search,12,F12: Composition Function 4,20,16,1000000,2900.004264551764,200.00426455176373,False,201.78343319892883
de_harmony_search,12,F12: Composition Function 4,20,17,1000000,2900.0044505135133,200.00445051351332,False,203.0244116783142
de_harmony_search,12,F12: Composition Function 4,20,18,1000000,2900.0042610805594,200.00426108055944,False,201.1766624450684
de_harmony_search,12,F12: Composition Function 4,20,19,1000000,2900.003764570265,200.0037645702655,False,202.0297498703003
de_harmony_search,12,F12: Composition Function 4,20,20,1000000,2900.0035292544253,200.0035292544253,False,201.6050682067871
de_harmony_search,12,F12: Composition Function 4,20,21,1000000,2900.004284383708,200.00428438370773,False,201.81195092201236
de_harmony_search,12,F12: Composition Function 4,20,22,1000000,2900.00402463564,200.00402463563933,False,201.8505985736847
de_harmony_search,12,F12: Composition Function 4,20,23,1000000,2900.004045823553,200.0040458235535,False,199.78862619400024
de_harmony_search,12,F12: Composition Function 4,20,24,1000000,2900.0037742895724,200.00377428957245,False,201.65369272232056
de_harmony_search,12,F12: Composition Function 4,20,25,1000000,2900.0040240291773,200.00402402917732,False,202.21080327034
de_harmony_search,12,F12: Composition Function 4,20,26,1000000,2900.004393529008,200.00439352900776,False,201.99025750160217
de_harmony_search,12,F12: Composition Function 4,20,27,1000000,2900.004708591946,200.00470859194596,False,202.20005583763125
de_harmony_search,12,F12: Composition Function 4,20,28,1000000,2900.0040192725446,200.0040192725446,False,201.19901275634768
de_harmony_search,12,F12: Composition Function 4,20,29,1000000,2900.0040590125604,200.00405901256045,False,201.02390050888064
de_harmony_search,12,F12: Composition Function 4,20,30,1000000,2900.003803921855,200.0038039218548,False,202.86864137649536
de_local_search,1,F1: Shifted and full Rotated Zakharov Function,10,1,200000,560.1144545618149,260.1144545618149,False,5.004691362380981
de_local_search,1,F1: Shifted and full Rotated Zakharov Function,10,2,200000,424.06455472075817,124.06455472075815,False,4.893424987792969
de_local_search,1,F1: Shifted and full Rotated Zakharov Function,10,3,200000,549.44636560463,249.44636560463005,False,4.880845069885254
de_local_search,1,F1: Shifted and full Rotated Zakharov Function,10,4,200000,454.1103495124502,154.11034951245023,False,4.712007284164429
de_local_search,1,F1: Shifted and full Rotated Zakharov Function,10,5,200000,575.6770802000518,275.6770802000518,False,4.892918825149536
de_local_search,1,F1: Shifted and full Rotated Zakharov Function,10,6,200000,476.3566138977595,176.35661389775947,False,4.653463840484619
de_local_search,1,F1: Shifted and full Rotated Zakharov Function,10,7,200000,433.4153689913244,133.4153689913244,False,5.064554691314697
de_local_search,1,F1: Shifted and full Rotated Zakharov Function,10,8,200000,450.6973123821532,150.6973123821532,False,4.75925087928772
de_local_search,1,F1: Shifted and full Rotated Zakharov Function,10,9,200000,398.57383760612703,98.57383760612704,False,4.582360506057739
de_local_search,1,F1: Shifted and full Rotated Zakharov Function,10,10,200000,470.4529435583163,170.4529435583163,False,4.826153993606567
de_local_search,1,F1: Shifted and full Rotated Zakharov Function,10,11,200000,453.5955488983847,153.59554889838466,False,4.55577278137207
de_local_search,1,F1: Shifted and full Rotated Zakharov Function,10,12,200000,338.97999737233584,38.979997372335845,False,4.812594890594482
de_local_search,1,F1: Shifted and full Rotated Zakharov Function,10,13,200000,538.1783065701738,238.17830657017385,False,4.529040813446045
de_local_search,1,F1: Shifted and full Rotated Zakharov Function,10,14,200000,428.0810484933777,128.0810484933777,False,4.375071287155151
de_local_search,1,F1: Shifted and full Rotated Zakharov Function,10,15,200000,463.8746416190723,163.8746416190723,False,4.458247423171997
de_local_search,1,F1: Shifted and full Rotated Zakharov Function,10,16,200000,621.941105950559,321.9411059505589,False,4.847350597381592
de_local_search,1,F1: Shifted and full Rotated Zakharov Function,10,17,200000,544.091775674793,244.09177567479296,False,5.263375997543335
de_local_search,1,F1: Shifted and full Rotated Zakharov Function,10,18,200000,517.0554487015784,217.0554487015784,False,4.977088928222656
de_local_search,1,F1: Shifted and full Rotated Zakharov Function,10,19,200000,523.2232466099897,223.2232466099897,False,4.617937803268433
de_local_search,1,F1: Shifted and full Rotated Zakharov Function,10,20,200000,401.39337746451474,101.39337746451474,False,4.765187978744507
de_local_search,1,F1: Shifted and full Rotated Zakharov Function,10,21,200000,434.18159933182926,134.18159933182926,False,5.041293859481812
de_local_search,1,F1: Shifted and full Rotated Zakharov Function,10,22,200000,523.0800294924358,223.08002949243576,False,4.892395496368408
de_local_search,1,F1: Shifted and full Rotated Zakharov Function,10,23,200000,540.0827154360585,240.0827154360585,False,4.733334302902222
de_local_search,1,F1: Shifted and full Rotated Zakharov Function,10,24,200000,480.1254902790654,180.1254902790654,False,4.7079291343688965
de_local_search,1,F1: Shifted and full Rotated Zakharov Function,10,25,200000,478.5526360998286,178.5526360998286,False,4.53293251991272
de_local_search,1,F1: Shifted and full Rotated Zakharov Function,10,26,200000,507.6787105763757,207.6787105763757,False,4.69308066368103
de_local_search,1,F1: Shifted and full Rotated Zakharov Function,10,27,200000,469.0552036086158,169.05520360861578,False,4.455657243728638
de_local_search,1,F1: Shifted and full Rotated Zakharov Function,10,28,200000,626.8345169165717,326.8345169165717,False,4.680068492889404
de_local_search,1,F1: Shifted and full Rotated Zakharov Function,10,29,200000,474.155315402981,174.155315402981,False,4.638873338699341
de_local_search,1,F1: Shifted and full Rotated Zakharov Function,10,30,200000,438.2312126489308,138.23121264893075,False,4.673951625823975
de_local_search,2,F2: Shifted and Rotated Rosenbrock’s Function,10,1,200000,421.1478736191736,21.147873619173534,False,6.465021848678589
de_local_search,2,F2: Shifted and Rotated Rosenbrock’s Function,10,2,200000,426.3354687653509,26.335468765350925,False,6.222285032272339
de_local_search,2,F2: Shifted and Rotated Rosenbrock’s Function,10,3,200000,439.5850562801876,39.58505628018759,False,6.253230094909668
de_local_search,2,F2: Shifted and Rotated Rosenbrock’s Function,10,4,200000,422.8178832392916,22.81788323929157,False,6.261714458465576
de_local_search,2,F2: Shifted and Rotated Rosenbrock’s Function,10,5,200000,418.495922451326,18.495922451325956,False,6.039572954177856
de_local_search,2,F2: Shifted and Rotated Rosenbrock’s Function,10,6,200000,426.0587764833273,26.05877648332728,False,6.11335825920105
de_local_search,2,F2: Shifted and Rotated Rosenbrock’s Function,10,7,200000,422.3091794804258,22.309179480425826,False,6.02177357673645
de_local_search,2,F2: Shifted and Rotated Rosenbrock’s Function,10,8,200000,427.2743919101832,27.27439191018317,False,5.896366596221924
de_local_search,2,F2: Shifted and Rotated Rosenbrock’s Function,10,9,200000,422.94401238121134,22.944012381211337,False,6.037024974822998
de_local_search,2,F2: Shifted and Rotated Rosenbrock’s Function,10,10,200000,415.006212129193,15.006212129192988,False,6.225001096725464
de_local_search,2,F2: Shifted and Rotated Rosenbrock’s Function,10,11,200000,425.6856042959096,25.68560429590957,False,6.038931846618652
de_local_search,2,F2: Shifted and Rotated Rosenbrock’s Function,10,12,200000,422.1082500396535,22.108250039653456,False,5.920556545257568
de_local_search,2,F2: Shifted and Rotated Rosenbrock’s Function,10,13,200000,421.5053593173877,21.50535931738773,False,5.993180513381958
de_local_search,2,F2: Shifted and Rotated Rosenbrock’s Function,10,14,200000,426.6756252831806,26.67562528318058,False,6.3539252281188965
de_local_search,2,F2: Shifted and Rotated Rosenbrock’s Function,10,15,200000,427.8564584878368,27.85645848783679,False,5.873513460159302
de_local_search,2,F2: Shifted and Rotated Rosenbrock’s Function,10,16,200000,423.6670620777929,23.66706207779293,False,6.374236106872559
de_local_search,2,F2: Shifted and Rotated Rosenbrock’s Function,10,17,200000,426.80694804419903,26.806948044199032,False,6.142608404159546
de_local_search,2,F2: Shifted and Rotated Rosenbrock’s Function,10,18,200000,424.97036348384125,24.97036348384125,False,5.874785661697388
de_local_search,2,F2: Shifted and Rotated Rosenbrock’s Function,10,19,200000,421.7076126182964,21.707612618296423,False,6.155490875244141
de_local_search,2,F2: Shifted and Rotated Rosenbrock’s Function,10,20,200000,422.9440667555161,22.944066755516133,False,6.2909557819366455
de_local_search,2,F2: Shifted and Rotated Rosenbrock’s Function,10,21,200000,424.2724737354932,24.27247373549318,False,6.302192687988281
de_local_search,2,F2: Shifted and Rotated Rosenbrock’s Function,10,22,200000,435.5695723395267,35.5695723395267,False,6.033148288726807
de_local_search,2,F2: Shifted and Rotated Rosenbrock’s Function,10,23,200000,432.5959635905568,32.59596359055678,False,6.229583501815796
de_local_search,2,F2: Shifted and Rotated Rosenbrock’s Function,10,24,200000,425.9811196780912,25.981119678091204,False,6.404208898544312
de_local_search,2,F2: Shifted and Rotated Rosenbrock’s Function,10,25,200000,423.027879355331,23.02787935533098,False,6.082784414291382
de_local_search,2,F2: Shifted and Rotated Rosenbrock’s Function,10,26,200000,423.9807920370228,23.98079203702281,False,6.359514236450195
de_local_search,2,F2: Shifted and Rotated Rosenbrock’s Function,10,27,200000,433.4586476387983,33.458647638798254,False,6.04540491104126
de_local_search,2,F2: Shifted and Rotated Rosenbrock’s Function,10,28,200000,425.4708792838058,25.4708792838058,False,6.325954437255859
de_local_search,2,F2: Shifted and Rotated Rosenbrock’s Function,10,29,200000,432.3458889509816,32.34588895098159,False,6.281010389328003
de_local_search,2,F2: Shifted and Rotated Rosenbrock’s Function,10,30,200000,421.74891289283966,21.748912892839652,False,6.385324954986572
de_local_search,3,F3: Shifted and full Rotated Expanded Schaffer’s F7,10,1,200000,600.0135219326119,0.0135219326118658,False,9.459583044052124
de_local_search,3,F3: Shifted and full Rotated Expanded Schaffer’s F7,10,2,200000,600.0060900240316,0.0060900240315504,False,9.55670928955078
de_local_search,3,F3: Shifted and full Rotated Expanded Schaffer’s F7,10,3,200000,600.0103036032799,0.0103036032799082,False,9.311856746673584
de_local_search,3,F3: Shifted and full Rotated Expanded Schaffer’s F7,10,4,200000,600.0066228447427,0.006622844742651,False,9.546972513198853
de_local_search,3,F3: Shifted and full Rotated Expanded Schaffer’s F7,10,5,200000,600.0077142966364,0.0077142966364363,False,9.62047815322876
de_local_search,3,F3: Shifted and full Rotated Expanded Schaffer’s F7,10,6,200000,600.0120891643687,0.0120891643687173,False,9.691481351852415
de_local_search,3,F3: Shifted and full Rotated Expanded Schaffer’s F7,10,7,200000,600.0045807550264,0.0045807550263816,False,10.135423183441162
de_local_search,3,F3: Shifted and full Rotated Expanded Schaffer’s F7,10,8,200000,600.0144099618622,0.0144099618621567,False,9.821799516677856
de_local_search,3,F3: Shifted and full Rotated Expanded Schaffer’s F7,10,9,200000,600.0114371415052,0.0114371415052119,False,9.64529538154602
de_local_search,3,F3: Shifted and full Rotated Expanded Schaffer’s F7,10,10,200000,600.0073563136401,0.0073563136401162,False,9.895710706710815
de_local_search,3,F3: Shifted and full Rotated Expanded Schaffer’s F7,10,11,200000,600.0057353307577,0.0057353307577159,False,9.387190580368042
de_local_search,3,F3: Shifted and full Rotated Expanded Schaffer’s F7,10,12,200000,600.0093449474322,0.0093449474321687,False,9.578227043151855
de_local_search,3,F3: Shifted and full Rotated Expanded Schaffer’s F7,10,13,200000,600.0050635789867,0.0050635789866646,False,9.50040864944458
de_local_search,3,F3: Shifted and full Rotated Expanded Schaffer’s F7,10,14,200000,600.0066881975014,0.0066881975013757,False,9.769455909729004
de_local_search,3,F3: Shifted and full Rotated Expanded Schaffer’s F7,10,15,200000,600.0096139487852,0.0096139487851587,False,10.08894157409668
de_local_search,3,F3: Shifted and full Rotated Expanded Schaffer’s F7,10,16,200000,600.0138285874101,0.0138285874101029,False,9.46968936920166
de_local_search,3,F3: Shifted and full Rotated Expanded Schaffer’s F7,10,17,200000,600.0121526589608,0.0121526589607583,False,9.80595850944519
de_local_search,3,F3: Shifted and full Rotated Expanded Schaffer’s F7,10,18,200000,600.0074663870822,0.0074663870822178,False,9.58377194404602
de_local_search,3,F3: Shifted and full Rotated Expanded Schaffer’s F7,10,19,200000,600.0128359412051,0.0128359412051395,False,9.332832098007202
de_local_search,3,F3: Shifted and full Rotated Expanded Schaffer’s F7,10,20,200000,600.0083543550938,0.0083543550938429,False,9.4342360496521
de_local_search,3,F3: Shifted and full Rotated Expanded Schaffer’s F7,10,21,200000,600.0058025262814,0.0058025262813998,False,9.907979488372805
de_local_search,3,F3: Shifted and full Rotated Expanded Schaffer’s F7,10,22,200000,600.0069617802862,0.0069617802862467,False,9.633731126785278
de_local_search,3,F3: Shifted and full Rotated Expanded Schaffer’s F7,10,23,200000,600.0117356140204,0.011735614020381,False,9.786036491394045
de_local_search,3,F3: Shifted and full Rotated Expanded Schaffer’s F7,10,24,200000,600.0066030319072,0.0066030319071614,False,9.60252070426941
de_local_search,3,F3: Shifted and full Rotated Expanded Schaffer’s F7,10,25,200000,600.0076034373917,0.0076034373917082,False,9.528165578842165
de_local_search,3,F3: Shifted and full Rotated Expanded Schaffer’s F7,10,26,200000,600.0102580049299,0.0102580049299376,False,9.593786001205444
de_local_search,3,F3: Shifted and full Rotated Expanded Schaffer’s F7,10,27,200000,600.0085667298515,0.008566729851509,False,9.732320070266724
de_local_search,3,F3: Shifted and full Rotated Expanded Schaffer’s F7,10,28,200000,600.0049998767398,0.0049998767398165,False,9.846454858779907
de_local_search,3,F3: Shifted and full Rotated Expanded Schaffer’s F7,10,29,200000,600.009711785339,0.00971178533905,False,9.610362768173218
de_local_search,3,F3: Shifted and full Rotated Expanded Schaffer’s F7,10,30,200000,600.0119011499352,0.0119011499351699,False,9.713779211044312
de_local_search,4,F4: Shifted and Rotated Non-Continuous Rastrigin’s Function,10,1,200000,892.5613726745216,92.56137267452164,False,15.669036149978638
de_local_search,4,F4: Shifted and Rotated Non-Continuous Rastrigin’s Function,10,2,200000,860.0630734686704,60.06307346867038,False,15.46988320350647
de_local_search,4,F4: Shifted and Rotated Non-Continuous Rastrigin’s Function,10,3,200000,908.8665284199744,108.86652841997444,False,15.85963487625122
de_local_search,4,F4: Shifted and Rotated Non-Continuous Rastrigin’s Function,10,4,200000,883.3510337595271,83.35103375952713,False,15.30064296722412
de_local_search,4,F4: Shifted and Rotated Non-Continuous Rastrigin’s Function,10,5,200000,873.106792622628,73.10679262262795,False,15.432372570037842
de_local_search,4,F4: Shifted and Rotated Non-Continuous Rastrigin’s Function,10,6,200000,872.0126261835776,72.0126261835776,False,15.13184094429016
de_local_search,4,F4: Shifted and Rotated Non-Continuous Rastrigin’s Function,10,7,200000,894.5132663314358,94.51326633143584,False,15.3656268119812
de_local_search,4,F4: Shifted and Rotated Non-Continuous Rastrigin’s Function,10,8,200000,892.0406384328671,92.04063843286713,False,15.17094612121582
de_local_search,4,F4: Shifted and Rotated Non-Continuous Rastrigin’s Function,10,9,200000,868.0102927248678,68.01029272486778,False,15.044199228286743
de_local_search,4,F4: Shifted and Rotated Non-Continuous Rastrigin’s Function,10,10,200000,891.657034241105,91.65703424110497,False,15.02004075050354
de_local_search,4,F4: Shifted and Rotated Non-Continuous Rastrigin’s Function,10,11,200000,879.5726191787843,79.5726191787843,False,15.244259119033812
de_local_search,4,F4: Shifted and Rotated Non-Continuous Rastrigin’s Function,10,12,200000,875.6307433535344,75.6307433535344,False,15.172985315322876
de_local_search,4,F4: Shifted and Rotated Non-Continuous Rastrigin’s Function,10,13,200000,885.7407202693526,85.74072026935255,False,15.31054973602295
de_local_search,4,F4: Shifted and Rotated Non-Continuous Rastrigin’s Function,10,14,200000,885.7562204413786,85.75622044137856,False,15.186769247055054
de_local_search,4,F4: Shifted and Rotated Non-Continuous Rastrigin’s Function,10,15,200000,904.5052514839336,104.50525148393363,False,15.351024389266968
de_local_search,4,F4: Shifted and Rotated Non-Continuous Rastrigin’s Function,10,16,200000,857.60018100377,57.60018100376999,False,15.134485006332396
de_local_search,4,F4: Shifted and Rotated Non-Continuous Rastrigin’s Function,10,17,200000,892.0,92.0,False,15.573834657669067
de_local_search,4,F4: Shifted and Rotated Non-Continuous Rastrigin’s Function,10,18,200000,893.6062651747154,93.60626517471542,False,14.73870611190796
de_local_search,4,F4: Shifted and Rotated Non-Continuous Rastrigin’s Function,10,19,200000,880.8059420158045,80.80594201580448,False,15.186689853668211
de_local_search,4,F4: Shifted and Rotated Non-Continuous Rastrigin’s Function,10,20,200000,873.2371204723951,73.23712047239508,False,14.845470666885376
de_local_search,4,F4: Shifted and Rotated Non-Continuous Rastrigin’s Function,10,21,200000,874.0839099692455,74.0839099692455,False,15.201878309249878
de_local_search,4,F4: Shifted and Rotated Non-Continuous Rastrigin’s Function,10,22,200000,886.0698895741093,86.06988957410931,False,15.231403827667236
de_local_search,4,F4: Shifted and Rotated Non-Continuous Rastrigin’s Function,10,23,200000,882.0073101502979,82.00731015029794,False,15.288628101348875
de_local_search,4,F4: Shifted and Rotated Non-Continuous Rastrigin’s Function,10,24,200000,891.6811405571361,91.68114055713612,False,14.891115188598633
de_local_search,4,F4: Shifted and Rotated Non-Continuous Rastrigin’s Function,10,25,200000,891.2341829112199,91.23418291121992,False,15.116939306259155
de_local_search,4,F4: Shifted and Rotated Non-Continuous Rastrigin’s Function,10,26,200000,876.8985855040636,76.89858550406359,False,14.569205284118652
de_local_search,4,F4: Shifted and Rotated Non-Continuous Rastrigin’s Function,10,27,200000,889.7135602904257,89.71356029042568,False,15.288727045059204
de_local_search,4,F4: Shifted and Rotated Non-Continuous Rastrigin’s Function,10,28,200000,855.6351798488836,55.63517984888358,False,15.070420980453491
de_local_search,4,F4: Shifted and Rotated Non-Continuous Rastrigin’s Function,10,29,200000,841.2416171840368,41.24161718403684,False,15.266212701797484
de_local_search,4,F4: Shifted and Rotated Non-Continuous Rastrigin’s Function,10,30,200000,868.0,68.0,False,15.226024389266968
de_local_search,5,F5: Shifted and Rotated Levy Function,10,1,200000,901.1681575626716,1.1681575626714675,False,8.027747392654419
de_local_search,5,F5: Shifted and Rotated Levy Function,10,2,200000,900.9556346929826,0.955634692982585,False,7.817261695861816
de_local_search,5,F5: Shifted and Rotated Levy Function,10,3,200000,901.060849968482,1.0608499684818753,False,7.907865047454834
de_local_search,5,F5: Shifted and Rotated Levy Function,10,4,200000,900.8667260745544,0.8667260745545491,False,7.980983734130859
de_local_search,5,F5: Shifted and Rotated Levy Function,10,5,200000,900.5913270553864,0.5913270553863867,False,8.271168231964111
de_local_search,5,F5: Shifted and Rotated Levy Function,10,6,200000,900.876954845921,0.8769548459209773,False,8.112965106964111
de_local_search,5,F5: Shifted and Rotated Levy Function,10,7,200000,900.589790490895,0.589790490894984,False,7.989368200302124
de_local_search,5,F5: Shifted and Rotated Levy Function,10,8,200000,900.7447250403226,0.744725040322578,False,7.990995645523071
de_local_search,5,F5: Shifted and Rotated Levy Function,10,9,200000,901.3462281923032,1.346228192303215,False,7.9868857860565186
de_local_search,5,F5: Shifted and Rotated Levy Function,10,10,200000,900.5674855962726,0.5674855962726042,False,8.06383466720581
de_local_search,5,F5: Shifted and Rotated Levy Function,10,11,200000,901.0649071518176,1.0649071518175788,False,8.042633295059204
de_local_search,5,F5: Shifted and Rotated Levy Function,10,12,200000,900.9466114448628,0.9466114448626968,False,8.074096441268921
de_local_search,5,F5: Shifted and Rotated Levy Function,10,13,200000,900.842547506402,0.8425475064020702,False,8.10054898262024
de_local_search,5,F5: Shifted and Rotated Levy Function,10,14,200000,901.3242328869184,1.3242328869183666,False,8.20217227935791
de_local_search,5,F5: Shifted and Rotated Levy Function,10,15,200000,900.8934150346684,0.8934150346684646,False,8.30222225189209
de_local_search,5,F5: Shifted and Rotated Levy Function,10,16,200000,901.3542244516838,1.3542244516837627,False,7.901249885559082
de_local_search,5,F5: Shifted and Rotated Levy Function,10,17,200000,901.4884578688534,1.488457868853402,False,7.862401723861694
de_local_search,5,F5: Shifted and Rotated Levy Function,10,18,200000,901.5109592656116,1.5109592656117456,False,8.043573141098022
de_local_search,5,F5: Shifted and Rotated Levy Function,10,19,200000,901.54840792912,1.548407929120117,False,8.012890577316284
de_local_search,5,F5: Shifted and Rotated Levy Function,10,20,200000,901.3404829568618,1.3404829568618195,False,8.249188423156738
de_local_search,5,F5: Shifted and Rotated Levy Function,10,21,200000,900.664601273669,0.6646012736689499,False,8.169103384017944
de_local_search,5,F5: Shifted and Rotated Levy Function,10,22,200000,901.0518803356616,1.0518803356616218,False,8.24714708328247
de_local_search,5,F5: Shifted and Rotated Levy Function,10,23,200000,901.4942885945986,1.494288594598629,False,7.987715005874634
de_local_search,5,F5: Shifted and Rotated Levy Function,10,24,200000,900.4227653625563,0.4227653625563334,False,8.093092679977417
de_local_search,5,F5: Shifted and Rotated Levy Function,10,25,200000,901.1691199139376,1.169119913937493,False,8.209455728530884
de_local_search,5,F5: Shifted and Rotated Levy Function,10,26,200000,901.244987473967,1.244987473966944,False,8.20700454711914
de_local_search,5,F5: Shifted and Rotated Levy Function,10,27,200000,900.9693014673234,0.969301467323362,False,7.91808557510376
de_local_search,5,F5: Shifted and Rotated Levy Function,10,28,200000,901.1188186142708,1.1188186142707082,False,7.885848045349121
de_local_search,5,F5: Shifted and Rotated Levy Function,10,29,200000,901.491118707185,1.4911187071850236,False,7.967630386352539
de_local_search,5,F5: Shifted and Rotated Levy Function,10,30,200000,901.6949628623815,1.6949628623815445,False,8.158663034439087
de_local_search,6,F6: Hybrid Function 1,10,1,200000,71255.70602778005,69455.70602778005,False,9.502939224243164
de_local_search,6,F6: Hybrid Function 1,10,2,200000,39116.38948285319,37316.38948285319,False,9.589734315872192
de_local_search,6,F6: Hybrid Function 1,10,3,200000,52231.62893414007,50431.62893414007,False,9.40836215019226
de_local_search,6,F6: Hybrid Function 1,10,4,200000,46356.44939184306,44556.44939184306,False,9.561660051345823
de_local_search,6,F6: Hybrid Function 1,10,5,200000,57040.28467135565,55240.28467135565,False,9.354714155197144
de_local_search,6,F6: Hybrid Function 1,10,6,200000,58154.24742089797,56354.24742089797,False,9.401231050491331
de_local_search,6,F6: Hybrid Function 1,10,7,200000,30297.274994145195,28497.274994145195,False,9.347024202346802
de_local_search,6,F6: Hybrid Function 1,10,8,200000,76026.71596647977,74226.71596647977,False,9.643004894256592
de_local_search,6,F6: Hybrid Function 1,10,9,200000,28530.71685582597,26730.71685582597,False,9.710131883621216
de_local_search,6,F6: Hybrid Function 1,10,10,200000,63923.31483930243,62123.31483930243,False,9.349491119384766
de_local_search,6,F6: Hybrid Function 1,10,11,200000,56571.98701598174,54771.98701598174,False,9.679646968841553
de_local_search,6,F6: Hybrid Function 1,10,12,200000,63090.55567747946,61290.55567747946,False,9.951031684875488
de_local_search,6,F6: Hybrid Function 1,10,13,200000,85450.44633142653,83650.44633142653,False,9.719430208206177
de_local_search,6,F6: Hybrid Function 1,10,14,200000,38094.86127501721,36294.86127501721,False,9.547505140304564
de_local_search,6,F6: Hybrid Function 1,10,15,200000,66334.91307487003,64534.913074870026,False,9.447300672531128
de_local_search,6,F6: Hybrid Function 1,10,16,200000,48794.761767612654,46994.761767612654,False,9.617873191833496
de_local_search,6,F6: Hybrid Function 1,10,17,200000,82986.35381082259,81186.35381082259,False,9.40687346458435
de_local_search,6,F6: Hybrid Function 1,10,18,200000,75760.31166765404,73960.31166765404,False,9.413190841674805
de_local_search,6,F6: Hybrid Function 1,10,19,200000,45758.76953568716,43958.76953568716,False,9.534952402114868
de_local_search,6,F6: Hybrid Function 1,10,20,200000,39758.22183836466,37958.22183836466,False,9.048893928527832
de_local_search,6,F6: Hybrid Function 1,10,21,200000,29358.29720637156,27558.29720637156,False,9.396423578262327
de_local_search,6,F6: Hybrid Function 1,10,22,200000,37059.7719699154,35259.7719699154,False,9.332225799560549
de_local_search,6,F6: Hybrid Function 1,10,23,200000,59486.4566912225,57686.4566912225,False,9.482842445373535
de_local_search,6,F6: Hybrid Function 1,10,24,200000,26728.175995246173,24928.175995246173,False,9.563777923583984
de_local_search,6,F6: Hybrid Function 1,10,25,200000,65991.15843232814,64191.15843232814,False,9.367051601409912
de_local_search,6,F6: Hybrid Function 1,10,26,200000,67764.0447369871,65964.0447369871,False,9.236488103866575
de_local_search,6,F6: Hybrid Function 1,10,27,200000,31779.263871067604,29979.263871067604,False,9.281288385391235
de_local_search,6,F6: Hybrid Function 1,10,28,200000,79142.6017172866,77342.6017172866,False,9.608686208724976
de_local_search,6,F6: Hybrid Function 1,10,29,200000,41498.49140724766,39698.49140724766,False,9.34822130203247
de_local_search,6,F6: Hybrid Function 1,10,30,200000,39830.81410548653,38030.81410548653,False,9.251946926116943
de_local_search,7,F7: Hybrid Function 2,10,1,200000,2073.3687083573145,73.36870835731452,False,93.5446617603302
de_local_search,7,F7: Hybrid Function 2,10,2,200000,2048.7230513248587,48.72305132485872,False,92.8715410232544
de_local_search,7,F7: Hybrid Function 2,10,3,200000,2073.4992045030854,73.49920450308537,False,93.83739113807678
de_local_search,7,F7: Hybrid Function 2,10,4,200000,2053.2241774054387,53.224177405438695,False,94.28921461105348
de_local_search,7,F7: Hybrid Function 2,10,5,200000,2073.494406597514,73.49440659751417,False,92.70077133178712
de_local_search,7,F7: Hybrid Function 2,10,6,200000,2050.927458791586,50.927458791586105,False,93.49537396430968
de_local_search,7,F7: Hybrid Function 2,10,7,200000,2060.267341261345,60.26734126134488,False,95.12832307815552
de_local_search,7,F7: Hybrid Function 2,10,8,200000,2050.4359013017997,50.43590130179928,False,93.58310794830322
de_local_search,7,F7: Hybrid Function 2,10,9,200000,2065.530409265736,65.53040926573613,False,92.9204523563385
de_local_search,7,F7: Hybrid Function 2,10,10,200000,2070.073739492093,70.07373949209295,False,92.55046248435974
de_local_search,7,F7: Hybrid Function 2,10,11,200000,2075.5225703145334,75.52257031453337,False,92.99461245536804
de_local_search,7,F7: Hybrid Function 2,10,12,200000,2074.2106579151814,74.2106579151814,False,93.27633261680604
de_local_search,7,F7: Hybrid Function 2,10,13,200000,2081.273568710834,81.27356871083384,False,94.30920624732973
de_local_search,7,F7: Hybrid Function 2,10,14,200000,2068.8064238726693,68.80642387266926,False,93.60197615623474
de_local_search,7,F7: Hybrid Function 2,10,15,200000,2089.2569266810942,89.25692668109423,False,92.16297483444214
de_local_search,7,F7: Hybrid Function 2,10,16,200000,2076.3381138699165,76.33811386991647,False,93.3384563922882
de_local_search,7,F7: Hybrid Function 2,10,17,200000,2063.2616149621485,63.26161496214854,False,92.8024730682373
de_local_search,7,F7: Hybrid Function 2,10,18,200000,2058.60375261387,58.6037526138698,False,92.54247784614564
de_local_search,7,F7: Hybrid Function 2,10,19,200000,2055.74133638244,55.74133638243984,False,93.15882182121275
de_local_search,7,F7: Hybrid Function 2,10,20,200000,2062.443089283156,62.44308928315604,False,93.7930121421814
de_local_search,7,F7: Hybrid Function 2,10,21,200000,2085.337635143542,85.33763514354177,False,91.96018719673155
de_local_search,7,F7: Hybrid Function 2,10,22,200000,2081.9727595647696,81.9727595647696,False,95.61695170402528
de_local_search,7,F7: Hybrid Function 2,10,23,200000,2107.0753625778752,107.07536257787524,False,92.94945979118349
de_local_search,7,F7: Hybrid Function 2,10,24,200000,2065.0251799212188,65.02517992121875,False,92.3123972415924
de_local_search,7,F7: Hybrid Function 2,10,25,200000,2055.799255903438,55.79925590343783,False,93.1598265171051
de_local_search,7,F7: Hybrid Function 2,10,26,200000,2069.781199145806,69.78119914580611,False,93.26134634017944
de_local_search,7,F7: Hybrid Function 2,10,27,200000,2069.623271077554,69.62327107755391,False,93.65819334983826
de_local_search,7,F7: Hybrid Function 2,10,28,200000,2079.0805208677466,79.0805208677466,False,94.09785866737366
de_local_search,7,F7: Hybrid Function 2,10,29,200000,2057.877203986355,57.8772039863552,False,92.59280896186829
de_local_search,7,F7: Hybrid Function 2,10,30,200000,2071.5566565426334,71.55665654263339,False,94.3549120426178
de_local_search,8,F8: Hybrid Function 3,10,1,200000,2234.585046521529,34.585046521528966,False,127.9068124294281
de_local_search,8,F8: Hybrid Function 3,10,2,200000,2242.621088891731,42.62108889173078,False,129.98206162452698
de_local_search,8,F8: Hybrid Function 3,10,3,200000,2236.181251890511,36.1812518905108,False,129.2864990234375
de_local_search,8,F8: Hybrid Function 3,10,4,200000,2236.963330960564,36.96333096056424,False,128.51061868667605
de_local_search,8,F8: Hybrid Function 3,10,5,200000,2238.3119691312377,38.31196913123768,False,128.1245400905609
de_local_search,8,F8: Hybrid Function 3,10,6,200000,2231.984247815272,31.98424781527183,False,126.69842147827148
de_local_search,8,F8: Hybrid Function 3,10,7,200000,2238.554734925628,38.55473492562805,False,128.7390456199646
de_local_search,8,F8: Hybrid Function 3,10,8,200000,2238.6900953857225,38.69009538572254,False,129.48584294319153
de_local_search,8,F8: Hybrid Function 3,10,9,200000,2237.954391408415,37.95439140841518,False,126.2340247631073
de_local_search,8,F8: Hybrid Function 3,10,10,200000,2231.2710803692494,31.271080369249376,False,129.67132186889648
de_local_search,8,F8: Hybrid Function 3,10,11,200000,2245.5724321831626,45.57243218316262,False,128.3869547843933
de_local_search,8,F8: Hybrid Function 3,10,12,200000,2241.8261628628384,41.82616286283837,False,128.83216881752014
de_local_search,8,F8: Hybrid Function 3,10,13,200000,2238.6161964631283,38.61619646312829,False,127.44657850265504
de_local_search,8,F8: Hybrid Function 3,10,14,200000,2247.1500458444984,47.15004584449844,False,128.05838584899902
de_local_search,8,F8: Hybrid Function 3,10,15,200000,2234.2240320417263,34.22403204172633,False,126.52404117584229
de_local_search,8,F8: Hybrid Function 3,10,16,200000,2237.605295424776,37.60529542477616,False,127.81946420669556
de_local_search,8,F8: Hybrid Function 3,10,17,200000,2249.6761323677656,49.6761323677656,False,128.2290518283844
de_local_search,8,F8: Hybrid Function 3,10,18,200000,2248.0726493160573,48.07264931605732,False,127.8577754497528
de_local_search,8,F8: Hybrid Function 3,10,19,200000,2234.811690877221,34.811690877220826,False,127.00977969169617
de_local_search,8,F8: Hybrid Function 3,10,20,200000,2235.7275809675853,35.727580967585254,False,126.98399114608765
de_local_search,8,F8: Hybrid Function 3,10,21,200000,2244.683348469853,44.68334846985317,False,130.11208963394165
de_local_search,8,F8: Hybrid Function 3,10,22,200000,2234.6947053512254,34.694705351225366,False,126.85759830474854
de_local_search,8,F8: Hybrid Function 3,10,23,200000,2242.875250067933,42.87525006793294,False,129.40359735488892
de_local_search,8,F8: Hybrid Function 3,10,24,200000,2244.2048796849504,44.20487968495036,False,134.3159098625183
de_local_search,8,F8: Hybrid Function 3,10,25,200000,2245.5068126995698,45.50681269956976,False,131.54270696640015
de_local_search,8,F8: Hybrid Function 3,10,26,200000,2244.803853382459,44.80385338245878,False,132.3750123977661
de_local_search,8,F8: Hybrid Function 3,10,27,200000,2238.9678013951257,38.96780139512566,False,134.22998523712158
de_local_search,8,F8: Hybrid Function 3,10,28,200000,2242.335476606051,42.33547660605109,False,134.200448513031
de_local_search,8,F8: Hybrid Function 3,10,29,200000,2247.7130123219845,47.71301232198448,False,134.5202124118805
de_local_search,8,F8: Hybrid Function 3,10,30,200000,2237.0678276451004,37.06782764510035,False,133.93893575668335
de_local_search,9,F9: Composition Function 1,10,1,200000,2507.655892966125,207.65589296612507,False,28.44902539253235
de_local_search,9,F9: Composition Function 1,10,2,200000,2669.0122586848934,369.01225868489337,False,28.124987602233887
de_local_search,9,F9: Composition Function 1,10,3,200000,2671.581739620276,371.5817396202756,False,28.353583335876465
de_local_search,9,F9: Composition Function 1,10,4,200000,2667.878640768227,367.8786407682269,False,29.001888036727905
de_local_search,9,F9: Composition Function 1,10,5,200000,2474.3279173397896,174.32791733978956,False,28.31435894966125
de_local_search,9,F9: Composition Function 1,10,6,200000,2419.173382395353,119.1733823953532,False,28.272331476211548
de_local_search,9,F9: Composition Function 1,10,7,200000,2670.683049057507,370.6830490575071,False,28.49880814552307
de_local_search,9,F9: Composition Function 1,10,8,200000,2597.8880657847308,297.8880657847308,False,29.0473530292511
de_local_search,9,F9: Composition Function 1,10,9,200000,2663.861061601052,363.8610616010519,False,28.67264294624329
de_local_search,9,F9: Composition Function 1,10,10,200000,2552.436161729817,252.43616172981683,False,27.873497486114506
de_local_search,9,F9: Composition Function 1,10,11,200000,2594.7089116791926,294.7089116791926,False,28.328179359436035
de_local_search,9,F9: Composition Function 1,10,12,200000,2471.200273848546,171.2002738485462,False,26.98684954643249
de_local_search,9,F9: Composition Function 1,10,13,200000,2467.8903357211216,167.89033572112157,False,28.936201810836792
de_local_search,9,F9: Composition Function 1,10,14,200000,2661.987273481692,361.9872734816918,False,28.55022025108337
de_local_search,9,F9: Composition Function 1,10,15,200000,2382.5940322946503,82.59403229465033,False,28.32994318008423
de_local_search,9,F9: Composition Function 1,10,16,200000,2416.910380808905,116.91038080890485,False,27.932414531707764
de_local_search,9,F9: Composition Function 1,10,17,200000,2664.217950891209,364.2179508912095,False,28.39369344711304
de_local_search,9,F9: Composition Function 1,10,18,200000,2667.599032165456,367.59903216545536,False,28.40353775024414
de_local_search,9,F9: Composition Function 1,10,19,200000,2562.186035365508,262.1860353655079,False,28.36175966262817
de_local_search,9,F9: Composition Function 1,10,20,200000,2491.353592004009,191.353592004009,False,28.8562171459198
de_local_search,9,F9: Composition Function 1,10,21,200000,2667.5409974556155,367.5409974556155,False,28.925786018371586
de_local_search,9,F9: Composition Function 1,10,22,200000,2487.7165692392064,187.7165692392064,False,28.46251583099365
de_local_search,9,F9: Composition Function 1,10,23,200000,2667.1262131345493,367.1262131345493,False,28.53965759277344
de_local_search,9,F9: Composition Function 1,10,24,200000,2667.1969719394738,367.19697193947377,False,28.58920168876648
de_local_search,9,F9: Composition Function 1,10,25,200000,2669.923982131905,369.9239821319052,False,28.386762619018555
de_local_search,9,F9: Composition Function 1,10,26,200000,2672.2803091347096,372.2803091347096,False,28.656342029571533
de_local_search,9,F9: Composition Function 1,10,27,200000,2524.024183753488,224.0241837534877,False,28.38258147239685
de_local_search,9,F9: Composition Function 1,10,28,200000,2665.717634501001,365.7176345010012,False,28.394587993621823
de_local_search,9,F9: Composition Function 1,10,29,200000,2672.269685725949,372.2696857259489,False,29.188191890716556
de_local_search,9,F9: Composition Function 1,10,30,200000,2484.787586958225,184.7875869582249,False,28.063383102416992
de_local_search,10,F10: Composition Function 2,10,1,200000,2635.296610152405,235.2966101524048,False,28.363039016723636
de_local_search,10,F10: Composition Function 2,10,2,200000,2636.5899606426174,236.58996064261737,False,28.41650915145874
de_local_search,10,F10: Composition Function 2,10,3,200000,2637.1406287183822,237.14062871838223,False,27.44209098815918
de_local_search,10,F10: Composition Function 2,10,4,200000,2632.7931973170366,232.79319731703663,False,28.702691078186035
de_local_search,10,F10: Composition Function 2,10,5,200000,2633.7870725027187,233.78707250271876,False,28.403137922286987
de_local_search,10,F10: Composition Function 2,10,6,200000,2634.3761762515014,234.37617625150145,False,27.83013939857483
de_local_search,10,F10: Composition Function 2,10,7,200000,2637.3529062605685,237.3529062605685,False,28.37156558036804
de_local_search,10,F10: Composition Function 2,10,8,200000,2639.4743719592584,239.4743719592584,False,28.69726276397705
de_local_search,10,F10: Composition Function 2,10,9,200000,2634.594178184376,234.59417818437575,False,29.25695538520813
de_local_search,10,F10: Composition Function 2,10,10,200000,2632.415004392716,232.41500439271613,False,27.878302335739136
de_local_search,10,F10: Composition Function 2,10,11,200000,2631.651421810137,231.65142181013695,False,29.001302480697632
de_local_search,10,F10: Composition Function 2,10,12,200000,2637.717208233501,237.71720823350097,False,28.187902688980103
de_local_search,10,F10: Composition Function 2,10,13,200000,2637.4045183199137,237.40451831991368,False,27.27949905395508
de_local_search,10,F10: Composition Function 2,10,14,200000,2635.694876651323,235.69487665132283,False,28.196014881134037
de_local_search,10,F10: Composition Function 2,10,15,200000,2634.314388619136,234.3143886191356,False,29.027350664138797
de_local_search,10,F10: Composition Function 2,10,16,200000,2634.7134657313454,234.71346573134545,False,29.554666757583615
de_local_search,10,F10: Composition Function 2,10,17,200000,2639.02892832848,239.02892832847965,False,29.74467658996582
de_local_search,10,F10: Composition Function 2,10,18,200000,2631.416965596815,231.4169655968149,False,28.57523536682129
de_local_search,10,F10: Composition Function 2,10,19,200000,2636.938546608946,236.93854660894613,False,28.12842440605164
de_local_search,10,F10: Composition Function 2,10,20,200000,2637.2223644053893,237.22236440538927,False,29.73172497749329
de_local_search,10,F10: Composition Function 2,10,21,200000,2635.960351748768,235.9603517487676,False,29.183736324310303
de_local_search,10,F10: Composition Function 2,10,22,200000,2630.827787835024,230.82778783502363,False,28.51518082618713
de_local_search,10,F10: Composition Function 2,10,23,200000,2637.1175383023083,237.11753830230828,False,30.09036421775818
de_local_search,10,F10: Composition Function 2,10,24,200000,2631.781587379415,231.7815873794152,False,29.54718041419983
de_local_search,10,F10: Composition Function 2,10,25,200000,2638.378866182843,238.378866182843,False,28.561319828033447
de_local_search,10,F10: Composition Function 2,10,26,200000,2631.8375631293998,231.8375631293993,False,28.973511695861816
de_local_search,10,F10: Composition Function 2,10,27,200000,2634.5549053631053,234.5549053631053,False,28.89742112159729
de_local_search,10,F10: Composition Function 2,10,28,200000,2634.455774763659,234.45577476365904,False,29.951344966888428
de_local_search,10,F10: Composition Function 2,10,29,200000,2634.975185692708,234.97518569270733,False,29.165398359298703
de_local_search,10,F10: Composition Function 2,10,30,200000,2633.3727124528923,233.3727124528923,False,28.978209972381592
de_local_search,11,F11: Composition Function 3,10,1,200000,2615.165338643278,15.16533864327812,False,45.037113428115845
de_local_search,11,F11: Composition Function 3,10,2,200000,2614.849866549983,14.849866549982837,False,47.32504415512085
de_local_search,11,F11: Composition Function 3,10,3,200000,2620.823298577489,20.823298577488917,False,47.379806995391846
de_local_search,11,F11: Composition Function 3,10,4,200000,2617.594971402172,17.594971402172177,False,46.434330224990845
de_local_search,11,F11: Composition Function 3,10,5,200000,2617.541018058979,17.541018058978807,False,46.31258487701416
de_local_search,11,F11: Composition Function 3,10,6,200000,2615.7414931483804,15.741493148380414,False,46.00226187705994
de_local_search,11,F11: Composition Function 3,10,7,200000,2616.1224831294257,16.122483129425746,False,46.47751092910767
de_local_search,11,F11: Composition Function 3,10,8,200000,2621.7420982270223,21.742098227022325,False,47.55596399307251
de_local_search,11,F11: Composition Function 3,10,9,200000,2617.460348511657,17.46034851165723,False,49.939857721328735
de_local_search,11,F11: Composition Function 3,10,10,200000,2615.641225194769,15.641225194769504,False,46.50489926338196
de_local_search,11,F11: Composition Function 3,10,11,200000,2616.9099261932047,16.909926193204683,False,46.67330861091614
de_local_search,11,F11: Composition Function 3,10,12,200000,2621.809975049142,21.80997504914194,False,46.44193077087402
de_local_search,11,F11: Composition Function 3,10,13,200000,2621.647482620319,21.647482620318897,False,46.397207736968994
de_local_search,11,F11: Composition Function 3,10,14,200000,2615.9066227327044,15.906622732704363,False,46.60554122924805
de_local_search,11,F11: Composition Function 3,10,15,200000,2621.856513001292,21.85651300129166,False,46.054712772369385
de_local_search,11,F11: Composition Function 3,10,16,200000,2621.106465258,21.106465257999844,False,46.344300270080566
de_local_search,11,F11: Composition Function 3,10,17,200000,2620.5011778922462,20.501177892246236,False,46.62993502616882
de_local_search,11,F11: Composition Function 3,10,18,200000,2616.111600985871,16.111600985871064,False,46.19476270675659
de_local_search,11,F11: Composition Function 3,10,19,200000,2619.0676362006816,19.06763620068159,False,46.1407995223999
de_local_search,11,F11: Composition Function 3,10,20,200000,2618.0570544251277,18.057054425127266,False,46.27750515937805
de_local_search,11,F11: Composition Function 3,10,21,200000,2621.68369531882,21.6836953188199,False,46.357117652893066
de_local_search,11,F11: Composition Function 3,10,22,200000,2611.73150050936,11.731500509359648,False,46.03890085220337
de_local_search,11,F11: Composition Function 3,10,23,200000,2615.1256820346016,15.125682034601596,False,46.46081066131592
de_local_search,11,F11: Composition Function 3,10,24,200000,2622.6496297539084,22.64962975390836,False,46.48929643630981
de_local_search,11,F11: Composition Function 3,10,25,200000,2621.6737581075595,21.67375810755948,False,46.414391040802
de_local_search,11,F11: Composition Function 3,10,26,200000,2619.3473017160986,19.347301716098627,False,46.21594905853272
de_local_search,11,F11: Composition Function 3,10,27,200000,2617.72154969825,17.721549698249873,False,46.13208532333374
de_local_search,11,F11: Composition Function 3,10,28,200000,2617.4686119884223,17.468611988422253,False,46.2857813835144
de_local_search,11,F11: Composition Function 3,10,29,200000,2618.172415418021,18.17241541802105,False,46.32125115394592
de_local_search,11,F11: Composition Function 3,10,30,200000,2612.029191788236,12.029191788235948,False,46.3990159034729
de_local_search,12,F12: Composition Function 4,10,1,200000,2867.972652183314,167.97265218331404,False,49.64214849472046
de_local_search,12,F12: Composition Function 4,10,2,200000,2868.203148598808,168.20314859880818,False,49.75694632530213
de_local_search,12,F12: Composition Function 4,10,3,200000,2867.892522787949,167.89252278794947,False,49.78556060791016
de_local_search,12,F12: Composition Function 4,10,4,200000,2868.909272932025,168.9092729320255,False,49.61208701133728
de_local_search,12,F12: Composition Function 4,10,5,200000,2866.94178034996,166.94178034995957,False,49.54813289642334
de_local_search,12,F12: Composition Function 4,10,6,200000,2867.600862709539,167.6008627095389,False,49.86335611343384
de_local_search,12,F12: Composition Function 4,10,7,200000,2868.46852867843,168.46852867843018,False,50.25333833694458
de_local_search,12,F12: Composition Function 4,10,8,200000,2868.9884286193583,168.98842861935827,False,49.50330448150635
de_local_search,12,F12: Composition Function 4,10,9,200000,2868.326882789841,168.32688278984097,False,49.51138305664063
de_local_search,12,F12: Composition Function 4,10,10,200000,2868.73540420006,168.73540420005975,False,49.85581254959106
de_local_search,12,F12: Composition Function 4,10,11,200000,2868.16923542586,168.16923542585982,False,49.79049706459045
de_local_search,12,F12: Composition Function 4,10,12,200000,2868.266239721516,168.26623972151583,False,49.97346591949463
de_local_search,12,F12: Composition Function 4,10,13,200000,2867.9295965845963,167.9295965845963,False,50.066298723220825
de_local_search,12,F12: Composition Function 4,10,14,200000,2868.1095338122877,168.10953381228728,False,50.21254920959473
de_local_search,12,F12: Composition Function 4,10,15,200000,2867.5163255681214,167.51632556812137,False,49.80130672454834
de_local_search,12,F12: Composition Function 4,10,16,200000,2867.234848464332,167.23484846433212,False,50.08350372314453
de_local_search,12,F12: Composition Function 4,10,17,200000,2867.4096401101096,167.40964011010965,False,49.823575258255005
de_local_search,12,F12: Composition Function 4,10,18,200000,2868.4802194780077,168.48021947800726,False,50.13667011260986
de_local_search,12,F12: Composition Function 4,10,19,200000,2867.959016576324,167.95901657632385,False,49.97178912162781
de_local_search,12,F12: Composition Function 4,10,20,200000,2867.986533878423,167.98653387842296,False,49.99727272987366
de_local_search,12,F12: Composition Function 4,10,21,200000,2867.883692490479,167.883692490479,False,49.57686567306519
de_local_search,12,F12: Composition Function 4,10,22,200000,2868.6898299615154,168.68982996151544,False,50.031707525253296
de_local_search,12,F12: Composition Function 4,10,23,200000,2868.7523155208155,168.7523155208155,False,50.58440613746643
de_local_search,12,F12: Composition Function 4,10,24,200000,2867.040914916034,167.04091491603413,False,49.93543148040772
de_local_search,12,F12: Composition Function 4,10,25,200000,2868.3204945656885,168.32049456568848,False,49.404189109802246
de_local_search,12,F12: Composition Function 4,10,26,200000,2867.8836674023337,167.88366740233369,False,49.90542125701904
de_local_search,12,F12: Composition Function 4,10,27,200000,2867.5064063347654,167.50640633476542,False,50.55444550514221
de_local_search,12,F12: Composition Function 4,10,28,200000,2867.624217870354,167.62421787035464,False,51.60288381576538
de_local_search,12,F12: Composition Function 4,10,29,200000,2867.8490653969616,167.84906539696158,False,51.49703669548035
de_local_search,12,F12: Composition Function 4,10,30,200000,2868.6492955972176,168.6492955972176,False,49.728363037109375
de_local_search,1,F1: Shifted and full Rotated Zakharov Function,20,1,1000000,304.0994359287333,4.099435928733328,False,22.87743830680847
de_local_search,1,F1: Shifted and full Rotated Zakharov Function,20,2,1000000,304.1760423253738,4.176042325373828,False,23.256622076034542
de_local_search,1,F1: Shifted and full Rotated Zakharov Function,20,3,1000000,304.7908383882756,4.790838388275574,False,23.094289302825928
de_local_search,1,F1: Shifted and full Rotated Zakharov Function,20,4,1000000,305.8440258864095,5.844025886409497,False,24.16441249847412
de_local_search,1,F1: Shifted and full Rotated Zakharov Function,20,5,1000000,305.8995060756047,5.899506075604677,False,24.04972219467163
de_local_search,1,F1: Shifted and full Rotated Zakharov Function,20,6,1000000,306.2881950687498,6.288195068749815,False,23.138835906982425
de_local_search,1,F1: Shifted and full Rotated Zakharov Function,20,7,1000000,304.8899013777089,4.889901377708952,False,23.72807788848877
de_local_search,1,F1: Shifted and full Rotated Zakharov Function,20,8,1000000,303.87825954985584,3.8782595498558408,False,24.05175542831421
de_local_search,1,F1: Shifted and full Rotated Zakharov Function,20,9,1000000,303.4961245361899,3.496124536189882,False,23.61563777923584
de_local_search,1,F1: Shifted and full Rotated Zakharov Function,20,10,1000000,303.1088007222797,3.108800722279682,False,23.470125913619995
de_local_search,1,F1: Shifted and full Rotated Zakharov Function,20,11,1000000,304.7548959078227,4.754895907822686,False,23.97520756721497
de_local_search,1,F1: Shifted and full Rotated Zakharov Function,20,12,1000000,305.13894737914364,5.138947379143644,False,23.86328887939453
de_local_search,1,F1: Shifted and full Rotated Zakharov Function,20,13,1000000,302.68771760659774,2.687717606597744,False,23.90834641456604
de_local_search,1,F1: Shifted and full Rotated Zakharov Function,20,14,1000000,302.99490397852844,2.9949039785284413,False,23.787206649780277
de_local_search,1,F1: Shifted and full Rotated Zakharov Function,20,15,1000000,302.63017395737603,2.63017395737603,False,23.886245250701904
de_local_search,1,F1: Shifted and full Rotated Zakharov Function,20,16,1000000,305.05038807547976,5.050388075479759,False,23.80215358734131
de_local_search,1,F1: Shifted and full Rotated Zakharov Function,20,17,1000000,304.8403650958855,4.840365095885488,False,24.364028692245483
de_local_search,1,F1: Shifted and full Rotated Zakharov Function,20,18,1000000,305.3040373703849,5.30403737038489,False,23.48847484588623
de_local_search,1,F1: Shifted and full Rotated Zakharov Function,20,19,1000000,306.20596691778,6.205966917779961,False,23.085384130477905
de_local_search,1,F1: Shifted and full Rotated Zakharov Function,20,20,1000000,305.12139354274314,5.121393542743135,False,24.123448610305783
de_local_search,1,F1: Shifted and full Rotated Zakharov Function,20,21,1000000,304.32483609458313,4.324836094583134,False,23.90037417411804
de_local_search,1,F1: Shifted and full Rotated Zakharov Function,20,22,1000000,306.13301513155704,6.133015131557045,False,24.03102135658264
de_local_search,1,F1: Shifted and full Rotated Zakharov Function,20,23,1000000,305.65955744903766,5.659557449037664,False,23.432995796203613
de_local_search,1,F1: Shifted and full Rotated Zakharov Function,20,24,1000000,305.9881726625594,5.988172662559407,False,23.91969633102417
de_local_search,1,F1: Shifted and full Rotated Zakharov Function,20,25,1000000,303.46200390092065,3.4620039009206494,False,23.59140253067017
de_local_search,1,F1: Shifted and full Rotated Zakharov Function,20,26,1000000,303.9874223635728,3.9874223635727617,False,23.810187339782715
de_local_search,1,F1: Shifted and full Rotated Zakharov Function,20,27,1000000,304.14352936100585,4.143529361005847,False,23.69647431373596
de_local_search,1,F1: Shifted and full Rotated Zakharov Function,20,28,1000000,306.4071063744642,6.407106374464206,False,23.41076350212097
de_local_search,1,F1: Shifted and full Rotated Zakharov Function,20,29,1000000,305.99424524247723,5.994245242477234,False,23.70944571495056
de_local_search,1,F1: Shifted and full Rotated Zakharov Function,20,30,1000000,305.9369526691691,5.936952669169102,False,23.568624019622803
de_local_search,2,F2: Shifted and Rotated Rosenbrock’s Function,20,1,1000000,551.6342872596688,151.63428725966878,False,30.36760902404785
de_local_search,2,F2: Shifted and Rotated Rosenbrock’s Function,20,2,1000000,604.1337458542087,204.13374585420863,False,30.559698820114136
de_local_search,2,F2: Shifted and Rotated Rosenbrock’s Function,20,3,1000000,586.8083288338397,186.8083288338397,False,30.211121320724487
de_local_search,2,F2: Shifted and Rotated Rosenbrock’s Function,20,4,1000000,576.619890464596,176.61989046459598,False,31.25248408317566
de_local_search,2,F2: Shifted and Rotated Rosenbrock’s Function,20,5,1000000,528.4907775594904,128.49077755949045,False,31.24159789085388
de_local_search,2,F2: Shifted and Rotated Rosenbrock’s Function,20,6,1000000,599.5456700522868,199.5456700522868,False,31.0938880443573
de_local_search,2,F2: Shifted and Rotated Rosenbrock’s Function,20,7,1000000,572.4482478820489,172.44824788204892,False,30.9831657409668
de_local_search,2,F2: Shifted and Rotated Rosenbrock’s Function,20,8,1000000,523.3482027214127,123.34820272141268,False,30.41894292831421
de_local_search,2,F2: Shifted and Rotated Rosenbrock’s Function,20,9,1000000,562.9024330176367,162.90243301763667,False,30.89019250869751
de_local_search,2,F2: Shifted and Rotated Rosenbrock’s Function,20,10,1000000,570.0716113295559,170.07161132955594,False,30.5391538143158
de_local_search,2,F2: Shifted and Rotated Rosenbrock’s Function,20,11,1000000,522.9249255221528,122.92492552215276,False,30.40565299987793
de_local_search,2,F2: Shifted and Rotated Rosenbrock’s Function,20,12,1000000,537.7189055803381,137.71890558033806,False,30.545522689819336
de_local_search,2,F2: Shifted and Rotated Rosenbrock’s Function,20,13,1000000,556.082473445525,156.082473445525,False,29.768710374832157
de_local_search,2,F2: Shifted and Rotated Rosenbrock’s Function,20,14,1000000,547.8379716640716,147.83797166407157,False,30.0133535861969
de_local_search,2,F2: Shifted and Rotated Rosenbrock’s Function,20,15,1000000,544.3679783013662,144.36797830136618,False,30.408032655715942
de_local_search,2,F2: Shifted and Rotated Rosenbrock’s Function,20,16,1000000,602.5294612714376,202.52946127143764,False,29.969975471496586
de_local_search,2,F2: Shifted and Rotated Rosenbrock’s Function,20,17,1000000,564.2480477254355,164.24804772543553,False,30.25541400909424
de_local_search,2,F2: Shifted and Rotated Rosenbrock’s Function,20,18,1000000,545.2395859342806,145.23958593428063,False,30.058103799819943
de_local_search,2,F2: Shifted and Rotated Rosenbrock’s Function,20,19,1000000,607.4551557856302,207.45515578563013,False,30.34315156936645
de_local_search,2,F2: Shifted and Rotated Rosenbrock’s Function,20,20,1000000,570.0502255359337,170.0502255359337,False,29.948620557785038
de_local_search,2,F2: Shifted and Rotated Rosenbrock’s Function,20,21,1000000,542.5338632228033,142.53386322280335,False,30.167983770370483
de_local_search,2,F2: Shifted and Rotated Rosenbrock’s Function,20,22,1000000,584.6841597947518,184.68415979475185,False,31.068366527557373
de_local_search,2,F2: Shifted and Rotated Rosenbrock’s Function,20,23,1000000,586.9193746018648,186.9193746018648,False,31.30130434036255
de_local_search,2,F2: Shifted and Rotated Rosenbrock’s Function,20,24,1000000,540.5915800926707,140.5915800926707,False,31.028295516967773
de_local_search,2,F2: Shifted and Rotated Rosenbrock’s Function,20,25,1000000,568.6486848055679,168.64868480556788,False,30.632123708724976
de_local_search,2,F2: Shifted and Rotated Rosenbrock’s Function,20,26,1000000,588.5067349032715,188.50673490327156,False,30.91971182823181
de_local_search,2,F2: Shifted and Rotated Rosenbrock’s Function,20,27,1000000,612.7838424937419,212.78384249374187,False,30.749966144561768
de_local_search,2,F2: Shifted and Rotated Rosenbrock’s Function,20,28,1000000,534.6144161790803,134.6144161790803,False,31.044443368911743
de_local_search,2,F2: Shifted and Rotated Rosenbrock’s Function,20,29,1000000,566.1661477676463,166.1661477676463,False,30.76293897628784
de_local_search,2,F2: Shifted and Rotated Rosenbrock’s Function,20,30,1000000,602.0319501015609,202.0319501015609,False,31.246578693389893
de_local_search,3,F3: Shifted and full Rotated Expanded Schaffer’s F7,20,1,1000000,600.0944756276299,0.0944756276298903,False,49.0105996131897
de_local_search,3,F3: Shifted and full Rotated Expanded Schaffer’s F7,20,2,1000000,600.0989718951747,0.0989718951747136,False,49.482433557510376
de_local_search,3,F3: Shifted and full Rotated Expanded Schaffer’s F7,20,3,1000000,600.0471016595538,0.0471016595538458,False,50.01607871055603
de_local_search,3,F3: Shifted and full Rotated Expanded Schaffer’s F7,20,4,1000000,600.0980058639705,0.0980058639704566,False,49.80824136734009
de_local_search,3,F3: Shifted and full Rotated Expanded Schaffer’s F7,20,5,1000000,600.0875213891588,0.0875213891588373,False,49.02921366691589
de_local_search,3,F3: Shifted and full Rotated Expanded Schaffer’s F7,20,6,1000000,600.0805050789918,0.0805050789917913,False,50.20236897468567
de_local_search,3,F3: Shifted and full Rotated Expanded Schaffer’s F7,20,7,1000000,600.0820744498994,0.0820744498994372,False,49.581806659698486
de_local_search,3,F3: Shifted and full Rotated Expanded Schaffer’s F7,20,8,1000000,600.1054783700425,0.1054783700425332,False,50.45291233062744
de_local_search,3,F3: Shifted and full Rotated Expanded Schaffer’s F7,20,9,1000000,600.0948013299286,0.0948013299286003,False,49.89632773399353
de_local_search,3,F3: Shifted and full Rotated Expanded Schaffer’s F7,20,10,1000000,600.0837171808435,0.0837171808434504,False,49.36652588844299
de_local_search,3,F3: Shifted and full Rotated Expanded Schaffer’s F7,20,11,1000000,600.0773193297631,0.0773193297630996,False,47.991339921951294
de_local_search,3,F3: Shifted and full Rotated Expanded Schaffer’s F7,20,12,1000000,600.0917785554263,0.0917785554263446,False,49.12484264373779
de_local_search,3,F3: Shifted and full Rotated Expanded Schaffer’s F7,20,13,1000000,600.0825123184325,0.0825123184324638,False,50.43646550178528
de_local_search,3,F3: Shifted and full Rotated Expanded Schaffer’s F7,20,14,1000000,600.0915502629639,0.0915502629638922,False,49.502474546432495
de_local_search,3,F3: Shifted and full Rotated Expanded Schaffer’s F7,20,15,1000000,600.0738132801615,0.0738132801615165,False,49.69339084625244
de_local_search,3,F3: Shifted and full Rotated Expanded Schaffer’s F7,20,16,1000000,600.0962162351354,0.0962162351354436,False,48.72805094718933
de_local_search,3,F3: Shifted and full Rotated Expanded Schaffer’s F7,20,17,1000000,600.0768317134778,0.0768317134777589,False,48.897196531295776
de_local_search,3,F3: Shifted and full Rotated Expanded Schaffer’s F7,20,18,1000000,600.1198668018085,0.1198668018084845,False,49.13689494132996
de_local_search,3,F3: Shifted and full Rotated Expanded Schaffer’s F7,20,19,1000000,600.0636840335949,0.0636840335948818,False,48.675249099731445
de_local_search,3,F3: Shifted and full Rotated Expanded Schaffer’s F7,20,20,1000000,600.1126983578166,0.1126983578166118,False,49.6394727230072
de_local_search,3,F3: Shifted and full Rotated Expanded Schaffer’s F7,20,21,1000000,600.0783074459163,0.0783074459162662,False,48.64284133911133
de_local_search,3,F3: Shifted and full Rotated Expanded Schaffer’s F7,20,22,1000000,600.0897665775683,0.089766577568298,False,49.49054193496704
de_local_search,3,F3: Shifted and full Rotated Expanded Schaffer’s F7,20,23,1000000,600.0969695900187,0.0969695900187161,False,49.42821669578552
de_local_search,3,F3: Shifted and full Rotated Expanded Schaffer’s F7,20,24,1000000,600.1061228634492,0.1061228634491726,False,49.935694456100464
de_local_search,3,F3: Shifted and full Rotated Expanded Schaffer’s F7,20,25,1000000,600.0927158124564,0.0927158124563902,False,49.89601230621338
de_local_search,3,F3: Shifted and full Rotated Expanded Schaffer’s F7,20,26,1000000,600.0813623538647,0.0813623538647334,False,49.9662230014801
de_local_search,3,F3: Shifted and full Rotated Expanded Schaffer’s F7,20,27,1000000,600.0854806730766,0.0854806730766313,False,48.68745040893555
de_local_search,3,F3: Shifted and full Rotated Expanded Schaffer’s F7,20,28,1000000,600.1028726471866,0.1028726471865866,False,48.727867603302
de_local_search,3,F3: Shifted and full Rotated Expanded Schaffer’s F7,20,29,1000000,600.112141659932,0.1121416599320355,False,49.23431420326233
de_local_search,3,F3: Shifted and full Rotated Expanded Schaffer’s F7,20,30,1000000,600.0800540099962,0.0800540099961608,False,49.52836322784424
de_local_search,4,F4: Shifted and Rotated Non-Continuous Rastrigin’s Function,20,1,1000000,1077.6265668431847,277.6265668431847,False,77.37773513793945
de_local_search,4,F4: Shifted and Rotated Non-Continuous Rastrigin’s Function,20,2,1000000,1042.810478335033,242.8104783350329,False,78.47024321556091
de_local_search,4,F4: Shifted and Rotated Non-Continuous Rastrigin’s Function,20,3,1000000,1094.9757078229118,294.9757078229118,False,76.60716223716736
de_local_search,4,F4: Shifted and Rotated Non-Continuous Rastrigin’s Function,20,4,1000000,1066.5527017800664,266.5527017800664,False,76.16758561134338
de_local_search,4,F4: Shifted and Rotated Non-Continuous Rastrigin’s Function,20,5,1000000,1081.8992053617303,281.89920536173054,False,76.76218223571777
de_local_search,4,F4: Shifted and Rotated Non-Continuous Rastrigin’s Function,20,6,1000000,1015.4375255794577,215.43752557945768,False,77.20727729797363
de_local_search,4,F4: Shifted and Rotated Non-Continuous Rastrigin’s Function,20,7,1000000,1098.150623484019,298.150623484019,False,77.39989376068115
de_local_search,4,F4: Shifted and Rotated Non-Continuous Rastrigin’s Function,20,8,1000000,1055.8548731037022,255.85487310370215,False,78.6365373134613
de_local_search,4,F4: Shifted and Rotated Non-Continuous Rastrigin’s Function,20,9,1000000,1032.250808477097,232.25080847709705,False,77.08055782318115
de_local_search,4,F4: Shifted and Rotated Non-Continuous Rastrigin’s Function,20,10,1000000,1103.5267977063208,303.52679770632085,False,76.59791278839111
de_local_search,4,F4: Shifted and Rotated Non-Continuous Rastrigin’s Function,20,11,1000000,1084.8057170972977,284.8057170972977,False,77.52304601669312
de_local_search,4,F4: Shifted and Rotated Non-Continuous Rastrigin’s Function,20,12,1000000,1050.9028360945977,250.9028360945977,False,76.51482486724854
de_local_search,4,F4: Shifted and Rotated Non-Continuous Rastrigin’s Function,20,13,1000000,1068.5740924246734,268.5740924246734,False,76.74013423919678
de_local_search,4,F4: Shifted and Rotated Non-Continuous Rastrigin’s Function,20,14,1000000,1085.5868815151334,285.5868815151334,False,77.81968116760254
de_local_search,4,F4: Shifted and Rotated Non-Continuous Rastrigin’s Function,20,15,1000000,1027.1722357514266,227.17223575142657,False,79.13031339645386
de_local_search,4,F4: Shifted and Rotated Non-Continuous Rastrigin’s Function,20,16,1000000,1062.8618063278168,262.8618063278168,False,78.36211323738098
de_local_search,4,F4: Shifted and Rotated Non-Continuous Rastrigin’s Function,20,17,1000000,1076.2167769379223,276.21677693792253,False,78.62719655036926
de_local_search,4,F4: Shifted and Rotated Non-Continuous Rastrigin’s Function,20,18,1000000,1041.0287042375508,241.0287042375508,False,78.36144089698792
de_local_search,4,F4: Shifted and Rotated Non-Continuous Rastrigin’s Function,20,19,1000000,1066.542167346465,266.542167346465,False,78.67840313911438
de_local_search,4,F4: Shifted and Rotated Non-Continuous Rastrigin’s Function,20,20,1000000,1096.0128150794371,296.01281507943713,False,76.24106788635254
de_local_search,4,F4: Shifted and Rotated Non-Continuous Rastrigin’s Function,20,21,1000000,1049.2245957895525,249.22459578955227,False,79.38053011894226
de_local_search,4,F4: Shifted and Rotated Non-Continuous Rastrigin’s Function,20,22,1000000,1001.0670970582008,201.06709705820091,False,75.11163330078125
de_local_search,4,F4: Shifted and Rotated Non-Continuous Rastrigin’s Function,20,23,1000000,1037.2395762589958,237.23957625899584,False,73.65702819824219
de_local_search,4,F4: Shifted and Rotated Non-Continuous Rastrigin’s Function,20,24,1000000,1065.2737875391422,265.2737875391422,False,75.35408449172974
de_local_search,4,F4: Shifted and Rotated Non-Continuous Rastrigin’s Function,20,25,1000000,1048.4534141661734,248.4534141661734,False,78.62521553039551
de_local_search,4,F4: Shifted and Rotated Non-Continuous Rastrigin’s Function,20,26,1000000,1054.5655869107532,254.56558691075315,False,74.23242926597595
de_local_search,4,F4: Shifted and Rotated Non-Continuous Rastrigin’s Function,20,27,1000000,1074.268320060956,274.26832006095606,False,74.1472954750061
de_local_search,4,F4: Shifted and Rotated Non-Continuous Rastrigin’s Function,20,28,1000000,1066.9576594868945,266.9576594868945,False,74.619624376297
de_local_search,4,F4: Shifted and Rotated Non-Continuous Rastrigin’s Function,20,29,1000000,1068.3018954709237,268.3018954709237,False,73.53178358078003
de_local_search,4,F4: Shifted and Rotated Non-Continuous Rastrigin’s Function,20,30,1000000,1021.7903258036336,221.79032580363355,False,74.80200552940369
de_local_search,5,F5: Shifted and Rotated Levy Function,20,1,1000000,908.0311296946884,8.031129694688275,False,39.33990001678467
de_local_search,5,F5: Shifted and Rotated Levy Function,20,2,1000000,906.3382995466452,6.338299546645317,False,39.67378854751587
de_local_search,5,F5: Shifted and Rotated Levy Function,20,3,1000000,908.795777288948,8.795777288947875,False,39.49931740760803
de_local_search,5,F5: Shifted and Rotated Levy Function,20,4,1000000,909.4425798662209,9.44257986622074,False,39.4812285900116
de_local_search,5,F5: Shifted and Rotated Levy Function,20,5,1000000,906.4346175508548,6.434617550854796,False,39.656338930130005
de_local_search,5,F5: Shifted and Rotated Levy Function,20,6,1000000,908.3163203806766,8.316320380676643,False,40.10002112388611
de_local_search,5,F5: Shifted and Rotated Levy Function,20,7,1000000,905.8191730109976,5.819173010997588,False,39.70525789260864
de_local_search,5,F5: Shifted and Rotated Levy Function,20,8,1000000,906.4835848020869,6.483584802086739,False,40.31274223327637
de_local_search,5,F5: Shifted and Rotated Levy Function,20,9,1000000,905.3521570930812,5.352157093081132,False,39.44676780700684
de_local_search,5,F5: Shifted and Rotated Levy Function,20,10,1000000,909.5073816440708,9.507381644070731,False,39.87278890609741
de_local_search,5,F5: Shifted and Rotated Levy Function,20,11,1000000,904.9021706507284,4.902170650728522,False,39.13505005836487
de_local_search,5,F5: Shifted and Rotated Levy Function,20,12,1000000,905.5024801165792,5.50248011657925,False,39.865545988082886
de_local_search,5,F5: Shifted and Rotated Levy Function,20,13,1000000,905.7220498634877,5.722049863487655,False,39.448487997055054
de_local_search,5,F5: Shifted and Rotated Levy Function,20,14,1000000,906.1104243356788,6.110424335678886,False,39.98050928115845
de_local_search,5,F5: Shifted and Rotated Levy Function,20,15,1000000,907.4656098738687,7.465609873868743,False,39.81205439567566
de_local_search,5,F5: Shifted and Rotated Levy Function,20,16,1000000,905.7556425324092,5.75564253240907,False,39.18515110015869
de_local_search,5,F5: Shifted and Rotated Levy Function,20,17,1000000,907.325148538514,7.325148538513986,False,39.80475950241089
de_local_search,5,F5: Shifted and Rotated Levy Function,20,18,1000000,907.5915310846698,7.591531084669782,False,39.13711905479431
de_local_search,5,F5: Shifted and Rotated Levy Function,20,19,1000000,906.5328816656082,6.532881665608215,False,39.71797823905945
de_local_search,5,F5: Shifted and Rotated Levy Function,20,20,1000000,906.1524912643224,6.152491264322521,False,39.230485916137695
de_local_search,5,F5: Shifted and Rotated Levy Function,20,21,1000000,906.2712019264652,6.271201926465324,False,39.36133122444153
de_local_search,5,F5: Shifted and Rotated Levy Function,20,22,1000000,908.064239974365,8.064239974365023,False,38.943572759628296
de_local_search,5,F5: Shifted and Rotated Levy Function,20,23,1000000,906.2182448257444,6.218244825744364,False,39.03793597221375
de_local_search,5,F5: Shifted and Rotated Levy Function,20,24,1000000,907.484660596689,7.484660596688968,False,39.85664677619934
de_local_search,5,F5: Shifted and Rotated Levy Function,20,25,1000000,907.7102753625644,7.710275362564403,False,40.203431129455566
de_local_search,5,F5: Shifted and Rotated Levy Function,20,26,1000000,905.015615171948,5.015615171947957,False,40.15413498878479
de_local_search,5,F5: Shifted and Rotated Levy Function,20,27,1000000,907.1817988641544,7.181798864154303,False,39.74943518638611
de_local_search,5,F5: Shifted and Rotated Levy Function,20,28,1000000,908.2832738165494,8.283273816549354,False,40.00056028366089
de_local_search,5,F5: Shifted and Rotated Levy Function,20,29,1000000,907.5450811754314,7.545081175431392,False,39.23600220680237
de_local_search,5,F5: Shifted and Rotated Levy Function,20,30,1000000,908.1985544317296,8.198554431729576,False,40.18600559234619
de_local_search,6,F6: Hybrid Function 1,20,1,1000000,103638164.52840014,103636364.52840014,False,46.58737802505493
de_local_search,6,F6: Hybrid Function 1,20,2,1000000,91852451.1117829,91850651.1117829,False,46.64653706550598
de_local_search,6,F6: Hybrid Function 1,20,3,1000000,90427463.1017014,90425663.1017014,False,46.37643051147461
de_local_search,6,F6: Hybrid Function 1,20,4,1000000,106271097.7924354,106269297.7924354,False,46.63141846656799
de_local_search,6,F6: Hybrid Function 1,20,5,1000000,62440172.24631597,62438372.24631597,False,47.438809871673584
de_local_search,6,F6: Hybrid Function 1,20,6,1000000,54172317.14288874,54170517.14288874,False,46.124343395233154
de_local_search,6,F6: Hybrid Function 1,20,7,1000000,80527442.3529899,80525642.3529899,False,46.05859732627869
de_local_search,6,F6: Hybrid Function 1,20,8,1000000,49962297.77724843,49960497.77724843,False,46.32019543647766
de_local_search,6,F6: Hybrid Function 1,20,9,1000000,59256427.73151668,59254627.73151668,False,46.59558129310608
de_local_search,6,F6: Hybrid Function 1,20,10,1000000,100294533.03034742,100292733.03034742,False,46.74060106277466
de_local_search,6,F6: Hybrid Function 1,20,11,1000000,112635048.64548825,112633248.64548825,False,46.09663677215576
de_local_search,6,F6: Hybrid Function 1,20,12,1000000,144696626.95352885,144694826.95352885,False,46.87584066390991
de_local_search,6,F6: Hybrid Function 1,20,13,1000000,120289057.4249488,120287257.4249488,False,46.51727986335754
de_local_search,6,F6: Hybrid Function 1,20,14,1000000,86122232.95637617,86120432.95637617,False,45.91541242599487
de_local_search,6,F6: Hybrid Function 1,20,15,1000000,63982289.65372627,63980489.65372627,False,46.95110011100769
de_local_search,6,F6: Hybrid Function 1,20,16,1000000,115046803.91895802,115045003.91895802,False,47.173672676086426
de_local_search,6,F6: Hybrid Function 1,20,17,1000000,36008454.834406935,36006654.834406935,False,46.59459900856018
de_local_search,6,F6: Hybrid Function 1,20,18,1000000,67272049.69544265,67270249.69544265,False,47.276280879974365
de_local_search,6,F6: Hybrid Function 1,20,19,1000000,161134100.648457,161132300.648457,False,45.87849283218384
de_local_search,6,F6: Hybrid Function 1,20,20,1000000,126298467.4359212,126296667.4359212,False,46.63854670524597
de_local_search,6,F6: Hybrid Function 1,20,21,1000000,83459160.33477238,83457360.33477238,False,46.51732778549194
de_local_search,6,F6: Hybrid Function 1,20,22,1000000,70449283.43599945,70447483.43599945,False,46.59914541244507
de_local_search,6,F6: Hybrid Function 1,20,23,1000000,108921305.27635875,108919505.27635875,False,46.64373517036438
de_local_search,6,F6: Hybrid Function 1,20,24,1000000,56973512.31149979,56971712.31149979,False,46.2073495388031
de_local_search,6,F6: Hybrid Function 1,20,25,1000000,72820970.48146361,72819170.48146361,False,46.151153564453125
de_local_search,6,F6: Hybrid Function 1,20,26,1000000,51042677.8796144,51040877.8796144,False,47.03135442733765
de_local_search,6,F6: Hybrid Function 1,20,27,1000000,92390336.55889893,92388536.55889893,False,45.62493801116944
de_local_search,6,F6: Hybrid Function 1,20,28,1000000,83936728.01480341,83934928.01480341,False,45.887371301651
de_local_search,6,F6: Hybrid Function 1,20,29,1000000,91223417.92069952,91221617.92069952,False,47.264073610305786
de_local_search,6,F6: Hybrid Function 1,20,30,1000000,89777621.3852557,89775821.3852557,False,46.61805438995361
de_local_search,7,F7: Hybrid Function 2,20,1,1000000,2527.7146234795937,527.7146234795937,False,816.1128776073456
de_local_search,7,F7: Hybrid Function 2,20,2,1000000,2250.303902906594,250.303902906594,False,816.1264328956604
de_local_search,7,F7: Hybrid Function 2,20,3,1000000,2285.420365604077,285.42036560407723,False,818.5127563476562
de_local_search,7,F7: Hybrid Function 2,20,4,1000000,2379.209569375863,379.2095693758629,False,816.3132970333099
de_local_search,7,F7: Hybrid Function 2,20,5,1000000,2420.8510929494064,420.8510929494064,False,811.9026477336884
de_local_search,7,F7: Hybrid Function 2,20,6,1000000,2536.943398567067,536.9433985670671,False,818.0954461097717
de_local_search,7,F7: Hybrid Function 2,20,7,1000000,2582.388088720696,582.388088720696,False,815.5787620544434
de_local_search,7,F7: Hybrid Function 2,20,8,1000000,2287.7868576268343,287.78685762683426,False,823.5796132087708
de_local_search,7,F7: Hybrid Function 2,20,9,1000000,2324.9236045982216,324.9236045982216,False,818.6748447418213
de_local_search,7,F7: Hybrid Function 2,20,10,1000000,2270.8731917211885,270.8731917211885,False,821.0604953765869
de_local_search,7,F7: Hybrid Function 2,20,11,1000000,2404.4827376706107,404.48273767061073,False,835.2730371952057
de_local_search,7,F7: Hybrid Function 2,20,12,1000000,2392.607286147344,392.607286147344,False,815.8453388214111
de_local_search,7,F7: Hybrid Function 2,20,13,1000000,2213.835766481297,213.83576648129656,False,818.9028067588806
de_local_search,7,F7: Hybrid Function 2,20,14,1000000,2357.767738833693,357.7677388336929,False,816.492415189743
de_local_search,7,F7: Hybrid Function 2,20,15,1000000,2547.4484991546437,547.4484991546433,False,813.8737733364105
de_local_search,7,F7: Hybrid Function 2,20,16,1000000,2407.986312443463,407.9863124434628,False,815.0658724308014
de_local_search,7,F7: Hybrid Function 2,20,17,1000000,2433.857142749017,433.8571427490169,False,815.8303442001343
de_local_search,7,F7: Hybrid Function 2,20,18,1000000,2218.333680736499,218.333680736499,False,817.3430073261261
de_local_search,7,F7: Hybrid Function 2,20,19,1000000,2394.8646958081445,394.86469580814446,False,813.5648672580719
de_local_search,7,F7: Hybrid Function 2,20,20,1000000,2470.264007473976,470.2640074739761,False,814.5547037124634
de_local_search,7,F7: Hybrid Function 2,20,21,1000000,2371.2333711316915,371.23337113169146,False,815.281886100769
de_local_search,7,F7: Hybrid Function 2,20,22,1000000,2345.877761944843,345.87776194484286,False,816.1799631118774
de_local_search,7,F7: Hybrid Function 2,20,23,1000000,2303.304774236175,303.30477423617504,False,811.7912073135376
de_local_search,7,F7: Hybrid Function 2,20,24,1000000,2199.65484486328,199.6548448632793,False,810.3431839942932
de_local_search,7,F7: Hybrid Function 2,20,25,1000000,2376.8972852329466,376.8972852329466,False,812.2154178619385
de_local_search,7,F7: Hybrid Function 2,20,26,1000000,2283.998397313626,283.9983973136259,False,813.315230846405
de_local_search,7,F7: Hybrid Function 2,20,27,1000000,2337.222304425467,337.222304425467,False,815.9973514080048
de_local_search,7,F7: Hybrid Function 2,20,28,1000000,2502.4710028449645,502.47100284496446,False,812.7611107826233
de_local_search,7,F7: Hybrid Function 2,20,29,1000000,2332.081230667625,332.0812306676248,False,812.3014471530914
de_local_search,7,F7: Hybrid Function 2,20,30,1000000,2482.3774774856506,482.3774774856506,False,811.9079141616821
de_local_search,8,F8: Hybrid Function 3,20,1,1000000,5648.979985281474,3448.979985281474,False,1158.0920014381409
de_local_search,8,F8: Hybrid Function 3,20,2,1000000,6253.116608229228,4053.116608229229,False,1150.221586227417
de_local_search,8,F8: Hybrid Function 3,20,3,1000000,3457.723376873012,1257.723376873012,False,1156.7979261875153
de_local_search,8,F8: Hybrid Function 3,20,4,1000000,13482.197486563527,11282.197486563527,False,1150.564730644226
de_local_search,8,F8: Hybrid Function 3,20,5,1000000,12608.545146646937,10408.545146646937,False,1150.089635372162
de_local_search,8,F8: Hybrid Function 3,20,6,1000000,6093.040154852163,3893.040154852163,False,1150.3432030677795
de_local_search,8,F8: Hybrid Function 3,20,7,1000000,7437.72051278278,5237.72051278278,False,1141.6689953804016
de_local_search,8,F8: Hybrid Function 3,20,8,1000000,11881.399737507329,9681.399737507329,False,1152.2858068943024
de_local_search,8,F8: Hybrid Function 3,20,9,1000000,10475.108693746532,8275.108693746532,False,1149.5534331798551
de_local_search,8,F8: Hybrid Function 3,20,10,1000000,32456.322635848934,30256.322635848934,False,1145.910757064819
de_local_search,8,F8: Hybrid Function 3,20,11,1000000,7898.44654855231,5698.44654855231,False,1144.8684315681458
de_local_search,8,F8: Hybrid Function 3,20,12,1000000,15033.715840938265,12833.715840938265,False,1143.1832327842712
de_local_search,8,F8: Hybrid Function 3,20,13,1000000,6766.468019725546,4566.468019725546,False,1145.875607728958
de_local_search,8,F8: Hybrid Function 3,20,14,1000000,7527.883164287296,5327.883164287296,False,1143.8612854480743
de_local_search,8,F8: Hybrid Function 3,20,15,1000000,13163.43774344438,10963.43774344438,False,1146.4997754096985
de_local_search,8,F8: Hybrid Function 3,20,16,1000000,5011.501381588812,2811.5013815888124,False,1147.1410956382751
de_local_search,8,F8: Hybrid Function 3,20,17,1000000,11674.214559927776,9474.214559927776,False,1142.329932928085
de_local_search,8,F8: Hybrid Function 3,20,18,1000000,5553.310100188042,3353.3101001880423,False,1152.8792579174042
de_local_search,8,F8: Hybrid Function 3,20,19,1000000,7788.271813634609,5588.271813634609,False,1148.7094402313232
de_local_search,8,F8: Hybrid Function 3,20,20,1000000,6306.213955809468,4106.213955809468,False,1147.701976776123
de_local_search,8,F8: Hybrid Function 3,20,21,1000000,8717.751253900953,6517.751253900953,False,1146.5122919082642
de_local_search,8,F8: Hybrid Function 3,20,22,1000000,9428.679573370082,7228.679573370082,False,1150.1375257968905
de_local_search,8,F8: Hybrid Function 3,20,23,1000000,8380.795225702936,6180.795225702936,False,1152.7803826332092
de_local_search,8,F8: Hybrid Function 3,20,24,1000000,64070.79458928175,61870.79458928175,False,1145.61163854599
de_local_search,8,F8: Hybrid Function 3,20,25,1000000,5094.507909726924,2894.507909726924,False,1192.596096754074
de_local_search,8,F8: Hybrid Function 3,20,26,1000000,6282.919098123593,4082.919098123594,False,1177.3809370994568
de_local_search,8,F8: Hybrid Function 3,20,27,1000000,7648.374283866217,5448.374283866217,False,1176.1588382720947
de_local_search,8,F8: Hybrid Function 3,20,28,1000000,8182.92707266566,5982.92707266566,False,1160.092410326004
de_local_search,8,F8: Hybrid Function 3,20,29,1000000,5676.035534893408,3476.035534893408,False,1143.2042882442474
de_local_search,8,F8: Hybrid Function 3,20,30,1000000,41021.21164052968,38821.21164052968,False,1144.0389997959137
de_local_search,9,F9: Composition Function 1,20,1,1000000,2673.209345895681,373.2093458956815,False,134.78084206581116
de_local_search,9,F9: Composition Function 1,20,2,1000000,2702.685621640292,402.6856216402916,False,134.39140009880066
de_local_search,9,F9: Composition Function 1,20,3,1000000,2696.8698261466443,396.8698261466443,False,134.8681445121765
de_local_search,9,F9: Composition Function 1,20,4,1000000,2697.464939602336,397.464939602336,False,132.8795347213745
de_local_search,9,F9: Composition Function 1,20,5,1000000,2673.9604134765864,373.9604134765864,False,134.176664352417
de_local_search,9,F9: Composition Function 1,20,6,1000000,2675.472871573481,375.4728715734809,False,132.65331721305847
de_local_search,9,F9: Composition Function 1,20,7,1000000,2670.6157921470867,370.6157921470867,False,137.01259231567383
de_local_search,9,F9: Composition Function 1,20,8,1000000,2701.8776514398974,401.87765143989736,False,132.8939027786255
de_local_search,9,F9: Composition Function 1,20,9,1000000,2652.4732097384244,352.47320973842443,False,135.92152881622314
de_local_search,9,F9: Composition Function 1,20,10,1000000,2671.592264190131,371.5922641901311,False,134.32413744926453
de_local_search,9,F9: Composition Function 1,20,11,1000000,2663.5899047486846,363.5899047486846,False,134.4800443649292
de_local_search,9,F9: Composition Function 1,20,12,1000000,2680.430652289142,380.430652289142,False,133.74491953849792
de_local_search,9,F9: Composition Function 1,20,13,1000000,2670.131429576271,370.1314295762709,False,136.15781545639038
de_local_search,9,F9: Composition Function 1,20,14,1000000,2685.125191379783,385.1251913797828,False,134.56950497627258
de_local_search,9,F9: Composition Function 1,20,15,1000000,2667.4243844616767,367.4243844616767,False,135.39353609085083
de_local_search,9,F9: Composition Function 1,20,16,1000000,2674.940557644449,374.9405576444492,False,135.16867017745972
de_local_search,9,F9: Composition Function 1,20,17,1000000,2679.965893542741,379.965893542741,False,133.97319102287292
de_local_search,9,F9: Composition Function 1,20,18,1000000,2669.957371007043,369.9573710070431,False,134.47379279136658
de_local_search,9,F9: Composition Function 1,20,19,1000000,2689.3325244816424,389.3325244816424,False,134.31861424446106
de_local_search,9,F9: Composition Function 1,20,20,1000000,2669.2069156918487,369.2069156918488,False,134.59773707389832
de_local_search,9,F9: Composition Function 1,20,21,1000000,2674.810589992676,374.8105899926759,False,133.7705955505371
de_local_search,9,F9: Composition Function 1,20,22,1000000,2659.804692382253,359.8046923822535,False,135.22198915481567
de_local_search,9,F9: Composition Function 1,20,23,1000000,2700.7907337926185,400.79073379261854,False,135.2324879169464
de_local_search,9,F9: Composition Function 1,20,24,1000000,2668.723389401216,368.7233894012156,False,134.4046859741211
de_local_search,9,F9: Composition Function 1,20,25,1000000,2668.3034909859857,368.3034909859857,False,134.0431787967682
de_local_search,9,F9: Composition Function 1,20,26,1000000,2669.395534261447,369.3955342614472,False,136.62364292144775
de_local_search,9,F9: Composition Function 1,20,27,1000000,2663.187113529605,363.1871135296051,False,141.25879168510437
de_local_search,9,F9: Composition Function 1,20,28,1000000,2670.855793538992,370.8557935389922,False,139.83118748664856
de_local_search,9,F9: Composition Function 1,20,29,1000000,2656.7406275241365,356.74062752413647,False,143.9056794643402
de_local_search,9,F9: Composition Function 1,20,30,1000000,2704.9130364295147,404.9130364295147,False,141.26598286628723
de_local_search,10,F10: Composition Function 2,20,1,1000000,2884.146500443243,484.146500443243,False,142.8103609085083
de_local_search,10,F10: Composition Function 2,20,2,1000000,2887.652506732032,487.6525067320317,False,143.81869387626648
de_local_search,10,F10: Composition Function 2,20,3,1000000,2874.765863287888,474.7658632878879,False,142.39949440956116
de_local_search,10,F10: Composition Function 2,20,4,1000000,2856.605312947538,456.6053129475381,False,141.3521556854248
de_local_search,10,F10: Composition Function 2,20,5,1000000,2877.703265546106,477.7032655461062,False,141.41937112808228
de_local_search,10,F10: Composition Function 2,20,6,1000000,2879.8903275812795,479.8903275812795,False,145.09672498703003
de_local_search,10,F10: Composition Function 2,20,7,1000000,2857.613509625987,457.6135096259868,False,144.1879744529724
de_local_search,10,F10: Composition Function 2,20,8,1000000,3468.6206485451485,1068.6206485451485,False,148.2777931690216
de_local_search,10,F10: Composition Function 2,20,9,1000000,2934.684619881661,534.6846198816611,False,147.6970808506012
de_local_search,10,F10: Composition Function 2,20,10,1000000,2856.550301878596,456.5503018785962,False,146.19725584983826
de_local_search,10,F10: Composition Function 2,20,11,1000000,2876.337969535573,476.33796953557294,False,144.1842429637909
de_local_search,10,F10: Composition Function 2,20,12,1000000,2878.6324105733984,478.6324105733984,False,139.50953030586243
de_local_search,10,F10: Composition Function 2,20,13,1000000,3853.2183406986414,1453.2183406986424,False,140.71231150627136
de_local_search,10,F10: Composition Function 2,20,14,1000000,2905.56566898202,505.5656689820198,False,139.9356186389923
de_local_search,10,F10: Composition Function 2,20,15,1000000,4806.670588582909,2406.6705885829087,False,138.8702085018158
de_local_search,10,F10: Composition Function 2,20,16,1000000,2879.8797340607607,479.8797340607607,False,140.6436412334442
de_local_search,10,F10: Composition Function 2,20,17,1000000,2869.799214435175,469.7992144351752,False,140.11031866073608
de_local_search,10,F10: Composition Function 2,20,18,1000000,2863.48795785025,463.4879578502501,False,139.8417239189148
de_local_search,10,F10: Composition Function 2,20,19,1000000,2864.974827760785,464.97482776078505,False,140.64101600646973
de_local_search,10,F10: Composition Function 2,20,20,1000000,2865.038031124203,465.0380311242029,False,140.6620261669159
de_local_search,10,F10: Composition Function 2,20,21,1000000,2891.794395444729,491.7943954447292,False,140.08430933952332
de_local_search,10,F10: Composition Function 2,20,22,1000000,2956.722118753352,556.7221187533519,False,140.7014660835266
de_local_search,10,F10: Composition Function 2,20,23,1000000,2856.873836561125,456.8738365611248,False,139.00389575958252
de_local_search,10,F10: Composition Function 2,20,24,1000000,2868.1053127529267,468.1053127529267,False,139.32703948020935
de_local_search,10,F10: Composition Function 2,20,25,1000000,2862.115597720428,462.115597720428,False,139.1948163509369
de_local_search,10,F10: Composition Function 2,20,26,1000000,2875.150497115925,475.1504971159252,False,139.5526385307312
de_local_search,10,F10: Composition Function 2,20,27,1000000,2861.244652779954,461.24465277995387,False,140.0197138786316
de_local_search,10,F10: Composition Function 2,20,28,1000000,2890.273565799914,490.2735657999142,False,140.59526205062866
de_local_search,10,F10: Composition Function 2,20,29,1000000,3016.542873990285,616.5428739902854,False,141.15207076072693
de_local_search,10,F10: Composition Function 2,20,30,1000000,2867.8941839763943,467.8941839763943,False,140.97169589996338
de_local_search,11,F11: Composition Function 3,20,1,1000000,2637.6995112991926,37.69951129919264,False,227.38132500648496
de_local_search,11,F11: Composition Function 3,20,2,1000000,2640.3296096564577,40.329609656457706,False,229.1993691921234
de_local_search,11,F11: Composition Function 3,20,3,1000000,2635.973150448384,35.97315044838388,False,233.6934688091278
de_local_search,11,F11: Composition Function 3,20,4,1000000,2644.84762826505,44.847628265049934,False,230.44207382202148
de_local_search,11,F11: Composition Function 3,20,5,1000000,2634.816680906647,34.81668090664698,False,228.75317215919492
de_local_search,11,F11: Composition Function 3,20,6,1000000,2630.682791988698,30.682791988698227,False,228.55810856819156
de_local_search,11,F11: Composition Function 3,20,7,1000000,2636.2128389185227,36.21283891852272,False,229.41989398002625
de_local_search,11,F11: Composition Function 3,20,8,1000000,2637.4631131159995,37.46311311599948,False,230.2989537715912
de_local_search,11,F11: Composition Function 3,20,9,1000000,2641.7267729525006,41.7267729525006,False,230.915137052536
de_local_search,11,F11: Composition Function 3,20,10,1000000,2635.036827424995,35.036827424994954,False,231.63058185577395
de_local_search,11,F11: Composition Function 3,20,11,1000000,2642.1380328468003,42.13803284680034,False,230.7148869037628
de_local_search,11,F11: Composition Function 3,20,12,1000000,2631.390293124279,31.3902931242792,False,230.3081488609314
de_local_search,11,F11: Composition Function 3,20,13,1000000,2636.455691658238,36.45569165823781,False,230.32380747795105
de_local_search,11,F11: Composition Function 3,20,14,1000000,2636.4548144547857,36.45481445478572,False,230.92817330360413
de_local_search,11,F11: Composition Function 3,20,15,1000000,2636.7215473782726,36.72154737827259,False,234.99892616271973
de_local_search,11,F11: Composition Function 3,20,16,1000000,2642.84874934526,42.84874934525988,False,235.03386330604556
de_local_search,11,F11: Composition Function 3,20,17,1000000,2635.4584982579945,35.458498257994506,False,230.878123998642
de_local_search,11,F11: Composition Function 3,20,18,1000000,2636.2092954027944,36.2092954027944,False,236.5459666252136
de_local_search,11,F11: Composition Function 3,20,19,1000000,2644.733352196787,44.73335219678711,False,248.5293879508972
de_local_search,11,F11: Composition Function 3,20,20,1000000,2635.476983508521,35.47698350852124,False,264.266642332077
de_local_search,11,F11: Composition Function 3,20,21,1000000,2638.973070184386,38.97307018438596,False,245.2664465904236
de_local_search,11,F11: Composition Function 3,20,22,1000000,2636.7864668066923,36.78646680669226,False,233.9095587730408
de_local_search,11,F11: Composition Function 3,20,23,1000000,2644.233641184097,44.233641184097,False,229.99748754501343
de_local_search,11,F11: Composition Function 3,20,24,1000000,2636.1720040598398,36.17200405983931,False,239.7734932899475
de_local_search,11,F11: Composition Function 3,20,25,1000000,2636.3764250996,36.3764250995996,False,231.47796249389648
de_local_search,11,F11: Composition Function 3,20,26,1000000,2629.298420831685,29.29842083168478,False,230.46183609962463
de_local_search,11,F11: Composition Function 3,20,27,1000000,2642.106789515753,42.10678951575301,False,242.2208313941956
de_local_search,11,F11: Composition Function 3,20,28,1000000,2633.413645637389,33.41364563738944,False,274.4494743347168
de_local_search,11,F11: Composition Function 3,20,29,1000000,2639.041017889632,39.04101788963135,False,303.32568359375
de_local_search,11,F11: Composition Function 3,20,30,1000000,2632.9939513269487,32.99395132694872,False,317.7626881599426
de_local_search,12,F12: Composition Function 4,20,1,1000000,2948.067172637433,248.06717263743303,False,303.9728810787201
de_local_search,12,F12: Composition Function 4,20,2,1000000,2951.394283304837,251.39428330483724,False,308.770005941391
de_local_search,12,F12: Composition Function 4,20,3,1000000,2950.213515816442,250.21351581644197,False,306.06709265708923
de_local_search,12,F12: Composition Function 4,20,4,1000000,2948.406373303092,248.4063733030921,False,297.89113664627075
de_local_search,12,F12: Composition Function 4,20,5,1000000,2948.1548293995206,248.15482939952065,False,260.9210288524628
de_local_search,12,F12: Composition Function 4,20,6,1000000,2949.8260763876497,249.8260763876497,False,292.23812794685364
de_local_search,12,F12: Composition Function 4,20,7,1000000,2952.116431828087,252.11643182808712,False,309.9907126426697
de_local_search,12,F12: Composition Function 4,20,8,1000000,2945.812426258497,245.81242625849745,False,297.7744579315185
de_local_search,12,F12: Composition Function 4,20,9,1000000,2949.0784000112435,249.0784000112435,False,258.7433099746704
de_local_search,12,F12: Composition Function 4,20,10,1000000,2949.69921822842,249.6992182284198,False,317.26981830596924
de_local_search,12,F12: Composition Function 4,20,11,1000000,2946.520786699105,246.52078669910543,False,323.83965277671814
de_local_search,12,F12: Composition Function 4,20,12,1000000,2949.5496766558326,249.54967665583263,False,308.88226222991943
de_local_search,12,F12: Composition Function 4,20,13,1000000,2950.874938053126,250.8749380531258,False,282.117381811142
de_local_search,12,F12: Composition Function 4,20,14,1000000,2950.3844460987243,250.3844460987243,False,307.02678179740906
de_local_search,12,F12: Composition Function 4,20,15,1000000,2950.4352831138467,250.4352831138467,False,308.44889307022095
de_local_search,12,F12: Composition Function 4,20,16,1000000,2947.572804522552,247.5728045225519,False,306.23358941078186
de_local_search,12,F12: Composition Function 4,20,17,1000000,2949.870776888689,249.87077688868885,False,252.996248960495
de_local_search,12,F12: Composition Function 4,20,18,1000000,2972.968230058973,272.9682300589729,False,251.59281468391416
de_local_search,12,F12: Composition Function 4,20,19,1000000,2951.933139306408,251.9331393064081,False,249.5572774410248
de_local_search,12,F12: Composition Function 4,20,20,1000000,2949.630947597556,249.63094759755583,False,244.06471371650696
de_local_search,12,F12: Composition Function 4,20,21,1000000,2949.317818242556,249.31781824255583,False,250.75859713554385
de_local_search,12,F12: Composition Function 4,20,22,1000000,2948.131040231682,248.13104023168216,False,254.1564049720764
de_local_search,12,F12: Composition Function 4,20,23,1000000,2952.7965461326658,252.79654613266572,False,255.6071059703827
de_local_search,12,F12: Composition Function 4,20,24,1000000,2952.003434686415,252.00343468641492,False,258.24527525901794
de_local_search,12,F12: Composition Function 4,20,25,1000000,2952.5612408806483,252.56124088064823,False,245.68428707122803
de_local_search,12,F12: Composition Function 4,20,26,1000000,2950.074675205984,250.074675205984,False,247.18113660812375
de_local_search,12,F12: Composition Function 4,20,27,1000000,2949.406004338572,249.40600433857207,False,250.73902916908264
de_local_search,12,F12: Composition Function 4,20,28,1000000,2949.960957478657,249.96095747865684,False,250.7014071941376
de_local_search,12,F12: Composition Function 4,20,29,1000000,2948.782313593461,248.7823135934609,False,247.8818945884705
de_local_search,12,F12: Composition Function 4,20,30,1000000,2950.0315064023152,250.03150640231524,False,238.40473341941836
de_memetic_search,1,F1: Shifted and full Rotated Zakharov Function,10,1,200000,300.00000000000244,2.444267011014745e-12,True,4.591275691986084
de_memetic_search,1,F1: Shifted and full Rotated Zakharov Function,10,2,200000,300.0000000000027,2.671640686457977e-12,True,4.4044189453125
de_memetic_search,1,F1: Shifted and full Rotated Zakharov Function,10,3,200000,300.000000000005,5.002220859751105e-12,True,4.400771617889404
de_memetic_search,1,F1: Shifted and full Rotated Zakharov Function,10,4,200000,300.00000000000307,3.069544618483633e-12,True,4.34340500831604
de_memetic_search,1,F1: Shifted and full Rotated Zakharov Function,10,5,200000,300.0000000000024,2.387423592153937e-12,True,4.207621574401856
de_memetic_search,1,F1: Shifted and full Rotated Zakharov Function,10,6,200000,300.0000000000038,3.808509063674137e-12,True,4.51043701171875
de_memetic_search,1,F1: Shifted and full Rotated Zakharov Function,10,7,200000,300.0000000000029,2.8990143619012088e-12,True,4.5508763790130615
de_memetic_search,1,F1: Shifted and full Rotated Zakharov Function,10,8,200000,300.00000000000523,5.2295945351943366e-12,True,4.43529748916626
de_memetic_search,1,F1: Shifted and full Rotated Zakharov Function,10,9,200000,300.0000000000061,6.0822458181064576e-12,True,4.228869438171387
de_memetic_search,1,F1: Shifted and full Rotated Zakharov Function,10,10,200000,300.0000000000035,3.524291969370097e-12,True,3.997045755386353
de_memetic_search,1,F1: Shifted and full Rotated Zakharov Function,10,11,200000,300.00000000000307,3.069544618483633e-12,True,4.280709505081177
de_memetic_search,1,F1: Shifted and full Rotated Zakharov Function,10,12,200000,300.0000000000034,3.410605131648481e-12,True,4.213594675064087
de_memetic_search,1,F1: Shifted and full Rotated Zakharov Function,10,13,200000,300.0000000000028,2.7284841053187847e-12,True,4.121443748474121
de_memetic_search,1,F1: Shifted and full Rotated Zakharov Function,10,14,200000,300.00000000000256,2.557953848736361e-12,True,4.030877113342285
de_memetic_search,1,F1: Shifted and full Rotated Zakharov Function,10,15,200000,300.0000000000037,3.694822225952521e-12,True,3.830106258392334
de_memetic_search,1,F1: Shifted and full Rotated Zakharov Function,10,16,200000,300.00000000000364,3.637978807091713e-12,True,4.26831841468811
de_memetic_search,1,F1: Shifted and full Rotated Zakharov Function,10,17,200000,300.0000000000032,3.183231456205249e-12,True,4.181307554244995
de_memetic_search,1,F1: Shifted and full Rotated Zakharov Function,10,18,200000,300.00000000000347,3.467448550509289e-12,True,4.228084087371826
de_memetic_search,1,F1: Shifted and full Rotated Zakharov Function,10,19,200000,300.0000000000037,3.694822225952521e-12,True,4.90287971496582
de_memetic_search,1,F1: Shifted and full Rotated Zakharov Function,10,20,200000,300.00000000000296,2.9558577807620168e-12,True,4.437036275863648
de_memetic_search,1,F1: Shifted and full Rotated Zakharov Function,10,21,200000,300.0000000000101,1.0118128557223828e-11,True,3.89315128326416
de_memetic_search,1,F1: Shifted and full Rotated Zakharov Function,10,22,200000,300.0000000000024,2.387423592153937e-12,True,4.458650350570679
de_memetic_search,1,F1: Shifted and full Rotated Zakharov Function,10,23,200000,300.00000000000216,2.160049916710705e-12,True,4.414546728134155
de_memetic_search,1,F1: Shifted and full Rotated Zakharov Function,10,24,200000,300.00000000000387,3.865352482534945e-12,True,4.300908803939819
de_memetic_search,1,F1: Shifted and full Rotated Zakharov Function,10,25,200000,300.0000000000039,3.922195901395753e-12,True,4.294324159622192
de_memetic_search,1,F1: Shifted and full Rotated Zakharov Function,10,26,200000,300.0000000000036,3.581135388230905e-12,True,4.25433349609375
de_memetic_search,1,F1: Shifted and full Rotated Zakharov Function,10,27,200000,300.0000000000037,3.751665644813329e-12,True,4.079446792602539
de_memetic_search,1,F1: Shifted and full Rotated Zakharov Function,10,28,200000,300.00000000000404,4.035882739117369e-12,True,4.415400981903076
de_memetic_search,1,F1: Shifted and full Rotated Zakharov Function,10,29,200000,300.0000000000033,3.296918293926865e-12,True,4.240404367446899
de_memetic_search,1,F1: Shifted and full Rotated Zakharov Function,10,30,200000,300.00000000000443,4.433786671143025e-12,True,4.108987808227539
de_memetic_search,2,F2: Shifted and Rotated Rosenbrock’s Function,10,1,200000,400.0652426419026,0.0652426419026142,False,5.8586835861206055
de_memetic_search,2,F2: Shifted and Rotated Rosenbrock’s Function,10,2,200000,404.1758636140229,4.175863614022887,False,6.103129148483276
de_memetic_search,2,F2: Shifted and Rotated Rosenbrock’s Function,10,3,200000,404.1610339059433,4.161033905943327,False,5.779429197311401
de_memetic_search,2,F2: Shifted and Rotated Rosenbrock’s Function,10,4,200000,404.2369548594572,4.236954859457171,False,5.961829900741577
de_memetic_search,2,F2: Shifted and Rotated Rosenbrock’s Function,10,5,200000,475.6457118755619,75.64571187556191,False,5.904716491699219
de_memetic_search,2,F2: Shifted and Rotated Rosenbrock’s Function,10,6,200000,400.1393507318356,0.1393507318356341,False,5.768378734588623
de_memetic_search,2,F2: Shifted and Rotated Rosenbrock’s Function,10,7,200000,404.2240526641483,4.224052664148303,False,5.981489896774292
de_memetic_search,2,F2: Shifted and Rotated Rosenbrock’s Function,10,8,200000,404.0840392989644,4.084039298964399,False,5.8438496589660645
de_memetic_search,2,F2: Shifted and Rotated Rosenbrock’s Function,10,9,200000,400.1125872277705,0.1125872277705184,False,5.77164888381958
de_memetic_search,2,F2: Shifted and Rotated Rosenbrock’s Function,10,10,200000,400.2114007745655,0.2114007745655044,False,5.807475566864014
de_memetic_search,2,F2: Shifted and Rotated Rosenbrock’s Function,10,11,200000,408.9161019541281,8.916101954128123,False,5.868072748184204
de_memetic_search,2,F2: Shifted and Rotated Rosenbrock’s Function,10,12,200000,400.0181092584842,0.0181092584841735,False,5.7656872272491455
de_memetic_search,2,F2: Shifted and Rotated Rosenbrock’s Function,10,13,200000,400.1453492999274,0.1453492999274317,False,5.88779878616333
de_memetic_search,2,F2: Shifted and Rotated Rosenbrock’s Function,10,14,200000,404.2565836502279,4.256583650227924,False,6.005314826965332
de_memetic_search,2,F2: Shifted and Rotated Rosenbrock’s Function,10,15,200000,400.1274260968048,0.1274260968048111,False,6.118448734283447
de_memetic_search,2,F2: Shifted and Rotated Rosenbrock’s Function,10,16,200000,408.9161019323744,8.916101932374431,False,5.919792175292969
de_memetic_search,2,F2: Shifted and Rotated Rosenbrock’s Function,10,17,200000,400.0125991463188,0.0125991463187915,False,5.832151412963867
de_memetic_search,2,F2: Shifted and Rotated Rosenbrock’s Function,10,18,200000,400.22720817937966,0.2272081793796587,False,6.048538684844971
de_memetic_search,2,F2: Shifted and Rotated Rosenbrock’s Function,10,19,200000,408.9161019473008,8.916101947300831,False,5.869952917098999
de_memetic_search,2,F2: Shifted and Rotated Rosenbrock’s Function,10,20,200000,470.7810961176791,70.78109611767911,False,5.6869871616363525
de_memetic_search,2,F2: Shifted and Rotated Rosenbrock’s Function,10,21,200000,408.9161019388951,8.916101938895054,False,5.9409825801849365
de_memetic_search,2,F2: Shifted and Rotated Rosenbrock’s Function,10,22,200000,408.9161019471494,8.9161019471494,False,6.202850103378296
de_memetic_search,2,F2: Shifted and Rotated Rosenbrock’s Function,10,23,200000,408.91610194385385,8.916101943853846,False,6.063398122787476
de_memetic_search,2,F2: Shifted and Rotated Rosenbrock’s Function,10,24,200000,408.91610194481,8.91610194481001,False,6.105435609817505
de_memetic_search,2,F2: Shifted and Rotated Rosenbrock’s Function,10,25,200000,404.22130968890826,4.221309688908264,False,5.970515489578247
de_memetic_search,2,F2: Shifted and Rotated Rosenbrock’s Function,10,26,200000,400.0764305432588,0.0764305432587661,False,5.875227451324463
de_memetic_search,2,F2: Shifted and Rotated Rosenbrock’s Function,10,27,200000,400.3646032220726,0.364603222072617,False,6.150111675262451
de_memetic_search,2,F2: Shifted and Rotated Rosenbrock’s Function,10,28,200000,400.0110877852718,0.0110877852717976,False,5.668510913848877
de_memetic_search,2,F2: Shifted and Rotated Rosenbrock’s Function,10,29,200000,400.3636781373476,0.3636781373475628,False,5.670867919921875
de_memetic_search,2,F2: Shifted and Rotated Rosenbrock’s Function,10,30,200000,408.9161019409386,8.916101940938574,False,5.817437648773193
de_memetic_search,3,F3: Shifted and full Rotated Expanded Schaffer’s F7,10,1,200000,600.0000004575193,4.575192633637926e-07,False,9.006916046142578
de_memetic_search,3,F3: Shifted and full Rotated Expanded Schaffer’s F7,10,2,200000,600.000000469136,4.691360118158628e-07,False,9.249032497406006
de_memetic_search,3,F3: Shifted and full Rotated Expanded Schaffer’s F7,10,3,200000,600.0000002347203,2.3472034627047838e-07,False,9.145859241485596
de_memetic_search,3,F3: Shifted and full Rotated Expanded Schaffer’s F7,10,4,200000,600.0000004343118,4.343118007454905e-07,False,9.097577333450316
de_memetic_search,3,F3: Shifted and full Rotated Expanded Schaffer’s F7,10,5,200000,600.0000004446026,4.446026196092135e-07,False,9.3681960105896
de_memetic_search,3,F3: Shifted and full Rotated Expanded Schaffer’s F7,10,6,200000,600.0000005233383,5.233382580627222e-07,False,9.216474056243896
de_memetic_search,3,F3: Shifted and full Rotated Expanded Schaffer’s F7,10,7,200000,600.0000003418588,3.418588221393293e-07,False,9.585864543914797
de_memetic_search,3,F3: Shifted and full Rotated Expanded Schaffer’s F7,10,8,200000,600.0000005778535,5.778534841738292e-07,False,9.173662662506104
de_memetic_search,3,F3: Shifted and full Rotated Expanded Schaffer’s F7,10,9,200000,600.0000005525958,5.525957931240555e-07,False,9.4341778755188
de_memetic_search,3,F3: Shifted and full Rotated Expanded Schaffer’s F7,10,10,200000,600.0000005493532,5.493532171385596e-07,False,8.90797209739685
de_memetic_search,3,F3: Shifted and full Rotated Expanded Schaffer’s F7,10,11,200000,600.0000002817321,2.81732127405121e-07,False,9.24152159690857
de_memetic_search,3,F3: Shifted and full Rotated Expanded Schaffer’s F7,10,12,200000,600.0000003932187,3.932186700694729e-07,False,9.07755994796753
de_memetic_search,3,F3: Shifted and full Rotated Expanded Schaffer’s F7,10,13,200000,600.0000003630739,3.6307392292656004e-07,False,8.943635702133179
de_memetic_search,3,F3: Shifted and full Rotated Expanded Schaffer’s F7,10,14,200000,600.0000003298322,3.298322326372727e-07,False,8.999346733093262
de_memetic_search,3,F3: Shifted and full Rotated Expanded Schaffer’s F7,10,15,200000,600.0000002558305,2.5583051410649205e-07,False,8.988558053970337
de_memetic_search,3,F3: Shifted and full Rotated Expanded Schaffer’s F7,10,16,200000,600.0000002657031,2.657030790942372e-07,False,9.384124994277954
de_memetic_search,3,F3: Shifted and full Rotated Expanded Schaffer’s F7,10,17,200000,600.0000003425397,3.425396926104441e-07,False,9.220127820968628
de_memetic_search,3,F3: Shifted and full Rotated Expanded Schaffer’s F7,10,18,200000,600.0000002941457,2.94145706902782e-07,False,9.426429986953735
de_memetic_search,3,F3: Shifted and full Rotated Expanded Schaffer’s F7,10,19,200000,600.000000386962,3.8696202864230155e-07,False,9.227575540542604
de_memetic_search,3,F3: Shifted and full Rotated Expanded Schaffer’s F7,10,20,200000,600.0000005004861,5.004860668123001e-07,False,9.190142154693604
de_memetic_search,3,F3: Shifted and full Rotated Expanded Schaffer’s F7,10,21,200000,600.0000004836353,4.836352900383645e-07,False,9.3137526512146
de_memetic_search,3,F3: Shifted and full Rotated Expanded Schaffer’s F7,10,22,200000,600.000000513285,5.132850446898374e-07,False,9.157992839813232
de_memetic_search,3,F3: Shifted and full Rotated Expanded Schaffer’s F7,10,23,200000,600.000000601078,6.010779998177895e-07,False,9.150842428207396
de_memetic_search,3,F3: Shifted and full Rotated Expanded Schaffer’s F7,10,24,200000,600.0000003589221,3.589220796129667e-07,False,9.255157947540283
de_memetic_search,3,F3: Shifted and full Rotated Expanded Schaffer’s F7,10,25,200000,600.0000004617958,4.617958211383666e-07,False,9.315451383590698
de_memetic_search,3,F3: Shifted and full Rotated Expanded Schaffer’s F7,10,26,200000,600.0000005509753,5.509753009391716e-07,False,8.800190448760986
de_memetic_search,3,F3: Shifted and full Rotated Expanded Schaffer’s F7,10,27,200000,600.000000287572,2.8757199288520496e-07,False,9.217058181762695
de_memetic_search,3,F3: Shifted and full Rotated Expanded Schaffer’s F7,10,28,200000,600.0000005876993,5.876993327547098e-07,False,9.387686491012571
de_memetic_search,3,F3: Shifted and full Rotated Expanded Schaffer’s F7,10,29,200000,600.000000491471,4.914710416414891e-07,False,9.119173049926758
de_memetic_search,3,F3: Shifted and full Rotated Expanded Schaffer’s F7,10,30,200000,600.0000003670795,3.670794512800058e-07,False,9.199740409851074
de_memetic_search,4,F4: Shifted and Rotated Non-Continuous Rastrigin’s Function,10,1,200000,954.500000000026,154.50000000002615,False,14.380383729934692
de_memetic_search,4,F4: Shifted and Rotated Non-Continuous Rastrigin’s Function,10,2,200000,1040.0000000000025,240.00000000000227,False,14.907561779022217
de_memetic_search,4,F4: Shifted and Rotated Non-Continuous Rastrigin’s Function,10,3,200000,1001.0,201.0,False,14.296878099441528
de_memetic_search,4,F4: Shifted and Rotated Non-Continuous Rastrigin’s Function,10,4,200000,999.50000000001,199.50000000001,False,14.093663454055786
de_memetic_search,4,F4: Shifted and Rotated Non-Continuous Rastrigin’s Function,10,5,200000,1045.0000000000357,245.00000000003547,False,14.845353603363035
de_memetic_search,4,F4: Shifted and Rotated Non-Continuous Rastrigin’s Function,10,6,200000,1021.000000000034,221.00000000003388,False,14.42165732383728
de_memetic_search,4,F4: Shifted and Rotated Non-Continuous Rastrigin’s Function,10,7,200000,988.0,188.0,False,14.51080846786499
de_memetic_search,4,F4: Shifted and Rotated Non-Continuous Rastrigin’s Function,10,8,200000,995.0000000000214,195.00000000002137,False,14.601268768310549
de_memetic_search,4,F4: Shifted and Rotated Non-Continuous Rastrigin’s Function,10,9,200000,882.5000000000189,82.50000000001887,False,15.205835580825806
de_memetic_search,4,F4: Shifted and Rotated Non-Continuous Rastrigin’s Function,10,10,200000,942.5000000000188,142.50000000001887,False,14.178983211517334
de_memetic_search,4,F4: Shifted and Rotated Non-Continuous Rastrigin’s Function,10,11,200000,1034.5000000000596,234.5000000000596,False,14.563429355621338
de_memetic_search,4,F4: Shifted and Rotated Non-Continuous Rastrigin’s Function,10,12,200000,1015.5000000000518,215.50000000005184,False,14.744633197784424
de_memetic_search,4,F4: Shifted and Rotated Non-Continuous Rastrigin’s Function,10,13,200000,1066.0,266.0,False,14.932881593704224
de_memetic_search,4,F4: Shifted and Rotated Non-Continuous Rastrigin’s Function,10,14,200000,955.5000000000268,155.50000000002683,False,14.26784896850586
de_memetic_search,4,F4: Shifted and Rotated Non-Continuous Rastrigin’s Function,10,15,200000,1030.5,230.5,False,14.656698226928713
de_memetic_search,4,F4: Shifted and Rotated Non-Continuous Rastrigin’s Function,10,16,200000,965.0000000000329,165.00000000003274,False,14.39906883239746
de_memetic_search,4,F4: Shifted and Rotated Non-Continuous Rastrigin’s Function,10,17,200000,1092.500000000005,292.500000000005,False,14.681017875671388
de_memetic_search,4,F4: Shifted and Rotated Non-Continuous Rastrigin’s Function,10,18,200000,880.0000000000041,80.00000000000409,False,14.825485467910768
de_memetic_search,4,F4: Shifted and Rotated Non-Continuous Rastrigin’s Function,10,19,200000,1011.00000000004,211.00000000004,False,14.77503252029419
de_memetic_search,4,F4: Shifted and Rotated Non-Continuous Rastrigin’s Function,10,20,200000,951.0000000000218,151.00000000002183,False,14.658509254455566
de_memetic_search,4,F4: Shifted and Rotated Non-Continuous Rastrigin’s Function,10,21,200000,892.5000000000014,92.50000000000136,False,15.041968584060667
de_memetic_search,4,F4: Shifted and Rotated Non-Continuous Rastrigin’s Function,10,22,200000,1042.5000000001364,242.5000000001364,False,14.890395879745483
de_memetic_search,4,F4: Shifted and Rotated Non-Continuous Rastrigin’s Function,10,23,200000,985.5,185.5,False,14.73506236076355
de_memetic_search,4,F4: Shifted and Rotated Non-Continuous Rastrigin’s Function,10,24,200000,1005.0000000000208,205.0000000000207,False,14.764272451400757
de_memetic_search,4,F4: Shifted and Rotated Non-Continuous Rastrigin’s Function,10,25,200000,1031.0,231.0,False,14.999207973480225
de_memetic_search,4,F4: Shifted and Rotated Non-Continuous Rastrigin’s Function,10,26,200000,993.0000000000464,193.0000000000464,False,14.687312602996826
de_memetic_search,4,F4: Shifted and Rotated Non-Continuous Rastrigin’s Function,10,27,200000,1007.5000000000084,207.5000000000084,False,15.175482273101808
de_memetic_search,4,F4: Shifted and Rotated Non-Continuous Rastrigin’s Function,10,28,200000,1013.000000000015,213.000000000015,False,14.065999746322632
de_memetic_search,4,F4: Shifted and Rotated Non-Continuous Rastrigin’s Function,10,29,200000,1039.5000000000484,239.50000000004843,False,15.287798643112184
de_memetic_search,4,F4: Shifted and Rotated Non-Continuous Rastrigin’s Function,10,30,200000,1065.0,265.0,False,14.3103289604187
de_memetic_search,5,F5: Shifted and Rotated Levy Function,10,1,200000,902.2716087481926,2.271608748192648,False,7.999281167984009
de_memetic_search,5,F5: Shifted and Rotated Levy Function,10,2,200000,906.6544702379532,6.654470237953319,False,8.035790205001831
de_memetic_search,5,F5: Shifted and Rotated Levy Function,10,3,200000,900.1790625179522,0.1790625179521612,False,7.802699327468872
de_memetic_search,5,F5: Shifted and Rotated Levy Function,10,4,200000,902.0614230838472,2.0614230838472167,False,8.158009767532349
de_memetic_search,5,F5: Shifted and Rotated Levy Function,10,5,200000,904.3490471903832,4.349047190383089,False,7.986677885055542
de_memetic_search,5,F5: Shifted and Rotated Levy Function,10,6,200000,903.8160955785804,3.816095578580416,False,7.829916000366211
de_memetic_search,5,F5: Shifted and Rotated Levy Function,10,7,200000,903.1567919570796,3.156791957079463,False,7.64445424079895
de_memetic_search,5,F5: Shifted and Rotated Levy Function,10,8,200000,904.9463987040602,4.946398704060243,False,8.046109914779663
de_memetic_search,5,F5: Shifted and Rotated Levy Function,10,9,200000,901.6966266997342,1.6966266997342243,False,7.826567649841309
de_memetic_search,5,F5: Shifted and Rotated Levy Function,10,10,200000,903.22245074144,3.222450741439957,False,7.938884496688843
de_memetic_search,5,F5: Shifted and Rotated Levy Function,10,11,200000,904.705513671902,4.70551367190194,False,7.740950345993042
de_memetic_search,5,F5: Shifted and Rotated Levy Function,10,12,200000,902.725930708504,2.725930708504052,False,7.535019636154175
de_memetic_search,5,F5: Shifted and Rotated Levy Function,10,13,200000,902.792021029696,2.792021029696116,False,7.982193946838379
de_memetic_search,5,F5: Shifted and Rotated Levy Function,10,14,200000,904.6173290540964,4.6173290540964445,False,7.8516716957092285
de_memetic_search,5,F5: Shifted and Rotated Levy Function,10,15,200000,905.207585630788,5.207585630788117,False,7.937927007675171
de_memetic_search,5,F5: Shifted and Rotated Levy Function,10,16,200000,902.1754145115422,2.175414511542158,False,7.675730466842651
de_memetic_search,5,F5: Shifted and Rotated Levy Function,10,17,200000,906.5175629456322,6.517562945632221,False,7.435652732849121
de_memetic_search,5,F5: Shifted and Rotated Levy Function,10,18,200000,903.342530265546,3.3425302655459745,False,7.891927003860474
de_memetic_search,5,F5: Shifted and Rotated Levy Function,10,19,200000,902.8179192131544,2.817919213154255,False,7.764709711074829
de_memetic_search,5,F5: Shifted and Rotated Levy Function,10,20,200000,906.704320452436,6.704320452436036,False,7.788661479949951
de_memetic_search,5,F5: Shifted and Rotated Levy Function,10,21,200000,900.7229139537708,0.7229139537707852,False,7.7963409423828125
de_memetic_search,5,F5: Shifted and Rotated Levy Function,10,22,200000,902.3635335765129,2.3635335765127365,False,7.597084760665893
de_memetic_search,5,F5: Shifted and Rotated Levy Function,10,23,200000,901.2667704397912,1.266770439791344,False,7.793542861938477
de_memetic_search,5,F5: Shifted and Rotated Levy Function,10,24,200000,906.4920981853096,6.492098185309601,False,8.16258955001831
de_memetic_search,5,F5: Shifted and Rotated Levy Function,10,25,200000,903.9993810060586,3.99938100605857,False,7.874244213104248
de_memetic_search,5,F5: Shifted and Rotated Levy Function,10,26,200000,902.6297139711708,2.6297139711708724,False,7.603494167327881
de_memetic_search,5,F5: Shifted and Rotated Levy Function,10,27,200000,904.3966769864644,4.396676986464399,False,7.641161680221558
de_memetic_search,5,F5: Shifted and Rotated Levy Function,10,28,200000,904.7247513484772,4.724751348477298,False,7.641055583953857
de_memetic_search,5,F5: Shifted and Rotated Levy Function,10,29,200000,903.7240885090774,3.7240885090774327,False,8.030313730239868
de_memetic_search,5,F5: Shifted and Rotated Levy Function,10,30,200000,904.6082970155755,4.608297015575545,False,7.624480962753296
de_memetic_search,6,F6: Hybrid Function 1,10,1,200000,53749.6308829695,51949.6308829695,False,8.934146404266357
de_memetic_search,6,F6: Hybrid Function 1,10,2,200000,35440.72479204935,33640.72479204935,False,9.099044799804688
de_memetic_search,6,F6: Hybrid Function 1,10,3,200000,64096.89448874116,62296.89448874116,False,9.238409519195557
de_memetic_search,6,F6: Hybrid Function 1,10,4,200000,41673.59439577193,39873.59439577193,False,9.252928972244264
de_memetic_search,6,F6: Hybrid Function 1,10,5,200000,48887.57230961828,47087.57230961828,False,9.309072732925417
de_memetic_search,6,F6: Hybrid Function 1,10,6,200000,66725.55149354984,64925.55149354984,False,9.168017625808716
de_memetic_search,6,F6: Hybrid Function 1,10,7,200000,41307.5071435131,39507.5071435131,False,8.956360816955566
de_memetic_search,6,F6: Hybrid Function 1,10,8,200000,44279.43573762092,42479.43573762092,False,8.640725374221802
de_memetic_search,6,F6: Hybrid Function 1,10,9,200000,89385.18629074891,87585.18629074891,False,9.123275995254517
de_memetic_search,6,F6: Hybrid Function 1,10,10,200000,87130.9574366868,85330.9574366868,False,8.750983238220215
de_memetic_search,6,F6: Hybrid Function 1,10,11,200000,36830.20924254146,35030.20924254146,False,9.131686449050903
de_memetic_search,6,F6: Hybrid Function 1,10,12,200000,108601.40634291338,106801.40634291338,False,8.638314485549927
de_memetic_search,6,F6: Hybrid Function 1,10,13,200000,51622.12563546015,49822.12563546015,False,8.931423425674438
de_memetic_search,6,F6: Hybrid Function 1,10,14,200000,55368.5710486245,53568.5710486245,False,9.007704973220823
de_memetic_search,6,F6: Hybrid Function 1,10,15,200000,90199.59270175372,88399.59270175373,False,8.864306211471558
de_memetic_search,6,F6: Hybrid Function 1,10,16,200000,43844.02681669207,42044.02681669207,False,9.16405463218689
de_memetic_search,6,F6: Hybrid Function 1,10,17,200000,29399.415641140557,27599.415641140557,False,9.165520668029783
de_memetic_search,6,F6: Hybrid Function 1,10,18,200000,57884.2454727955,56084.2454727955,False,8.914705514907837
de_memetic_search,6,F6: Hybrid Function 1,10,19,200000,77290.88713168002,75490.88713168002,False,9.062391757965088
de_memetic_search,6,F6: Hybrid Function 1,10,20,200000,35832.81778216345,34032.81778216345,False,9.245689630508425
de_memetic_search,6,F6: Hybrid Function 1,10,21,200000,52850.31336669726,51050.31336669726,False,9.071954488754272
de_memetic_search,6,F6: Hybrid Function 1,10,22,200000,94646.17919211704,92846.17919211704,False,9.327512264251707
de_memetic_search,6,F6: Hybrid Function 1,10,23,200000,56449.884793568766,54649.884793568766,False,9.000879764556885
de_memetic_search,6,F6: Hybrid Function 1,10,24,200000,91486.9111005848,89686.91110058481,False,8.91900897026062
de_memetic_search,6,F6: Hybrid Function 1,10,25,200000,29554.71925538741,27754.71925538741,False,9.249758958816528
de_memetic_search,6,F6: Hybrid Function 1,10,26,200000,54790.923830026426,52990.923830026426,False,9.18430233001709
de_memetic_search,6,F6: Hybrid Function 1,10,27,200000,46209.0369616431,44409.0369616431,False,8.825900554656982
de_memetic_search,6,F6: Hybrid Function 1,10,28,200000,60891.10385719042,59091.10385719042,False,9.03521490097046
de_memetic_search,6,F6: Hybrid Function 1,10,29,200000,16815.45940950433,15015.459409504329,False,9.3711998462677
de_memetic_search,6,F6: Hybrid Function 1,10,30,200000,30710.94343883809,28910.94343883809,False,9.016674041748049
de_memetic_search,7,F7: Hybrid Function 2,10,1,200000,2544.644064603734,544.644064603734,False,92.55679249763487
de_memetic_search,7,F7: Hybrid Function 2,10,2,200000,2533.9345555666987,533.9345555666987,False,93.99917483329772
de_memetic_search,7,F7: Hybrid Function 2,10,3,200000,2965.909713725211,965.9097137252112,False,93.38397574424744
de_memetic_search,7,F7: Hybrid Function 2,10,4,200000,3154.3038479318498,1154.3038479318498,False,94.67114186286926
de_memetic_search,7,F7: Hybrid Function 2,10,5,200000,2988.6925692937425,988.6925692937424,False,93.44283413887024
de_memetic_search,7,F7: Hybrid Function 2,10,6,200000,2943.461063632505,943.4610636325052,False,94.19528532028198
de_memetic_search,7,F7: Hybrid Function 2,10,7,200000,2545.035544074095,545.035544074095,False,94.36566376686096
de_memetic_search,7,F7: Hybrid Function 2,10,8,200000,2775.3246497244654,775.3246497244654,False,94.00370979309082
de_memetic_search,7,F7: Hybrid Function 2,10,9,200000,2085.9359801497976,85.93598014979762,False,94.39777421951294
de_memetic_search,7,F7: Hybrid Function 2,10,10,200000,2326.879448583408,326.87944858340734,False,93.82326459884644
de_memetic_search,7,F7: Hybrid Function 2,10,11,200000,2470.3815637383814,470.3815637383814,False,92.93368935585022
de_memetic_search,7,F7: Hybrid Function 2,10,12,200000,2796.491155350629,796.491155350629,False,94.30479621887208
de_memetic_search,7,F7: Hybrid Function 2,10,13,200000,2587.956406420109,587.956406420109,False,93.68386673927309
de_memetic_search,7,F7: Hybrid Function 2,10,14,200000,3123.9400372568107,1123.940037256811,False,94.3609972000122
de_memetic_search,7,F7: Hybrid Function 2,10,15,200000,2864.678839512964,864.6788395129633,False,93.9433901309967
de_memetic_search,7,F7: Hybrid Function 2,10,16,200000,2349.6307098884554,349.6307098884554,False,94.150390625
de_memetic_search,7,F7: Hybrid Function 2,10,17,200000,3248.7559837519066,1248.7559837519066,False,92.69610023498537
de_memetic_search,7,F7: Hybrid Function 2,10,18,200000,2640.058080744232,640.058080744232,False,92.69345712661745
de_memetic_search,7,F7: Hybrid Function 2,10,19,200000,2703.9132751836314,703.9132751836314,False,93.1407458782196
de_memetic_search,7,F7: Hybrid Function 2,10,20,200000,2203.045243483147,203.0452434831468,False,94.3434374332428
de_memetic_search,7,F7: Hybrid Function 2,10,21,200000,2625.2245605595663,625.2245605595663,False,92.86258578300476
de_memetic_search,7,F7: Hybrid Function 2,10,22,200000,2236.555574641663,236.55557464166304,False,93.13622450828552
de_memetic_search,7,F7: Hybrid Function 2,10,23,200000,2958.306125447596,958.306125447596,False,94.60622191429138
de_memetic_search,7,F7: Hybrid Function 2,10,24,200000,2315.963470469797,315.9634704697969,False,94.77696132659912
de_memetic_search,7,F7: Hybrid Function 2,10,25,200000,2787.6449026895925,787.6449026895925,False,92.52212190628052
de_memetic_search,7,F7: Hybrid Function 2,10,26,200000,3109.6191790963585,1109.6191790963585,False,92.91683673858644
de_memetic_search,7,F7: Hybrid Function 2,10,27,200000,2946.555718027981,946.5557180279812,False,92.4890239238739
de_memetic_search,7,F7: Hybrid Function 2,10,28,200000,2541.313978483397,541.3139784833975,False,93.22178411483765
de_memetic_search,7,F7: Hybrid Function 2,10,29,200000,2614.106148318496,614.1061483184958,False,93.58429408073424
de_memetic_search,7,F7: Hybrid Function 2,10,30,200000,3282.010038277156,1282.010038277156,False,93.99512529373168
de_memetic_search,8,F8: Hybrid Function 3,10,1,200000,2340.1194297347984,140.11942973479836,False,127.31322312355042
de_memetic_search,8,F8: Hybrid Function 3,10,2,200000,2491.7797502641392,291.77975026413924,False,128.22578191757202
de_memetic_search,8,F8: Hybrid Function 3,10,3,200000,2825.161719284287,625.1617192842868,False,127.02979326248168
de_memetic_search,8,F8: Hybrid Function 3,10,4,200000,2330.6962355971536,130.69623559715365,False,129.01278591156006
de_memetic_search,8,F8: Hybrid Function 3,10,5,200000,2936.3119283266165,736.3119283266165,False,126.1744475364685
de_memetic_search,8,F8: Hybrid Function 3,10,6,200000,2643.145669071099,443.1456690710989,False,128.778981924057
de_memetic_search,8,F8: Hybrid Function 3,10,7,200000,2480.94105848882,280.9410584888201,False,127.76244187355042
de_memetic_search,8,F8: Hybrid Function 3,10,8,200000,2493.121267281343,293.1212672813431,False,128.3957233428955
de_memetic_search,8,F8: Hybrid Function 3,10,9,200000,2474.536234971587,274.53623497158696,False,129.56986832618713
de_memetic_search,8,F8: Hybrid Function 3,10,10,200000,2289.830817000612,89.83081700061211,False,127.7722945213318
de_memetic_search,8,F8: Hybrid Function 3,10,11,200000,2488.9141707653384,288.91417076533844,False,127.80427885055542
de_memetic_search,8,F8: Hybrid Function 3,10,12,200000,2492.5589908579605,292.55899085796045,False,126.9033863544464
de_memetic_search,8,F8: Hybrid Function 3,10,13,200000,2478.608087620296,278.6080876202959,False,127.32835578918456
de_memetic_search,8,F8: Hybrid Function 3,10,14,200000,2969.8635730910414,769.8635730910414,False,127.3021948337555
de_memetic_search,8,F8: Hybrid Function 3,10,15,200000,2952.3652724586696,752.3652724586696,False,126.5558626651764
de_memetic_search,8,F8: Hybrid Function 3,10,16,200000,2925.8628875179597,725.8628875179593,False,127.1911416053772
de_memetic_search,8,F8: Hybrid Function 3,10,17,200000,2877.796540799943,677.7965407999432,False,127.86437845230104
de_memetic_search,8,F8: Hybrid Function 3,10,18,200000,2860.7655172009963,660.7655172009963,False,127.14405512809752
de_memetic_search,8,F8: Hybrid Function 3,10,19,200000,2905.1860340738963,705.1860340738963,False,127.6281304359436
de_memetic_search,8,F8: Hybrid Function 3,10,20,200000,2460.096413147194,260.0964131471942,False,126.78544926643372
de_memetic_search,8,F8: Hybrid Function 3,10,21,200000,2463.0797980832303,263.07979808323034,False,129.32889366149902
de_memetic_search,8,F8: Hybrid Function 3,10,22,200000,2378.6448694651936,178.64486946519355,False,126.4276568889618
de_memetic_search,8,F8: Hybrid Function 3,10,23,200000,2627.716480738456,427.7164807384556,False,127.94447469711304
de_memetic_search,8,F8: Hybrid Function 3,10,24,200000,2537.7518282052024,337.7518282052024,False,133.3191306591034
de_memetic_search,8,F8: Hybrid Function 3,10,25,200000,2464.453422361978,264.453422361978,False,133.30209875106812
de_memetic_search,8,F8: Hybrid Function 3,10,26,200000,2402.733306935206,202.7333069352062,False,132.0471706390381
de_memetic_search,8,F8: Hybrid Function 3,10,27,200000,3093.044109304819,893.0441093048189,False,134.5619649887085
de_memetic_search,8,F8: Hybrid Function 3,10,28,200000,3117.304852661732,917.3048526617316,False,134.63148140907288
de_memetic_search,8,F8: Hybrid Function 3,10,29,200000,2418.0673671455024,218.06736714550243,False,133.36122679710388
de_memetic_search,8,F8: Hybrid Function 3,10,30,200000,3131.721481139127,931.7214811391268,False,132.9871597290039
de_memetic_search,9,F9: Composition Function 1,10,1,200000,2659.0944309535685,359.09443095356846,False,28.40245032310486
de_memetic_search,9,F9: Composition Function 1,10,2,200000,2668.227013967248,368.2270139672478,False,28.523550033569336
de_memetic_search,9,F9: Composition Function 1,10,3,200000,2659.094385613297,359.0943856132972,False,28.734819889068604
de_memetic_search,9,F9: Composition Function 1,10,4,200000,2659.094351932218,359.09435193221816,False,28.531591653823853
de_memetic_search,9,F9: Composition Function 1,10,5,200000,2662.4807233709853,362.4807233709853,False,28.50128817558289
de_memetic_search,9,F9: Composition Function 1,10,6,200000,2300.0011462838825,0.0011462838824627,False,28.02381896972656
de_memetic_search,9,F9: Composition Function 1,10,7,200000,2659.094345848814,359.0943458488141,False,28.799182653427124
de_memetic_search,9,F9: Composition Function 1,10,8,200000,2659.09435907456,359.0943590745601,False,28.322534322738647
de_memetic_search,9,F9: Composition Function 1,10,9,200000,2659.5433783965686,359.54337839656864,False,28.611048698425293
de_memetic_search,9,F9: Composition Function 1,10,10,200000,2667.318873357528,367.318873357528,False,28.165244579315186
de_memetic_search,9,F9: Composition Function 1,10,11,200000,2659.152786228964,359.15278622896403,False,29.139448642730716
de_memetic_search,9,F9: Composition Function 1,10,12,200000,2667.0311006750658,367.0311006750658,False,28.733044862747192
de_memetic_search,9,F9: Composition Function 1,10,13,200000,2664.7277092337645,364.7277092337645,False,28.439228534698486
de_memetic_search,9,F9: Composition Function 1,10,14,200000,2669.4162716169662,369.41627161696624,False,28.43427348136902
de_memetic_search,9,F9: Composition Function 1,10,15,200000,2659.094373878608,359.09437387860817,False,27.63071084022522
de_memetic_search,9,F9: Composition Function 1,10,16,200000,2659.89408630395,359.8940863039502,False,29.01416802406311
de_memetic_search,9,F9: Composition Function 1,10,17,200000,2667.0145842212755,367.0145842212755,False,28.641701459884644
de_memetic_search,9,F9: Composition Function 1,10,18,200000,2663.2704685998137,363.27046859981374,False,29.127198934555054
de_memetic_search,9,F9: Composition Function 1,10,19,200000,2660.8841296236965,360.8841296236965,False,28.82128667831421
de_memetic_search,9,F9: Composition Function 1,10,20,200000,2659.1287691482803,359.1287691482803,False,28.59434413909912
de_memetic_search,9,F9: Composition Function 1,10,21,200000,2659.0943608238736,359.0943608238736,False,28.64466142654419
de_memetic_search,9,F9: Composition Function 1,10,22,200000,2659.0945580846223,359.09455808462235,False,28.867833375930783
de_memetic_search,9,F9: Composition Function 1,10,23,200000,2659.0944922944414,359.0944922944413,False,28.55957293510437
de_memetic_search,9,F9: Composition Function 1,10,24,200000,2300.0043062958507,0.0043062958507107,False,28.087695121765137
de_memetic_search,9,F9: Composition Function 1,10,25,200000,2659.09445618734,359.09445618733935,False,28.738667726516724
de_memetic_search,9,F9: Composition Function 1,10,26,200000,2659.094360180481,359.09436018048154,False,28.42431139945984
de_memetic_search,9,F9: Composition Function 1,10,27,200000,2659.0943654400926,359.0943654400926,False,28.100831747055054
de_memetic_search,9,F9: Composition Function 1,10,28,200000,2668.1987521384976,368.1987521384976,False,28.862619638442997
de_memetic_search,9,F9: Composition Function 1,10,29,200000,2659.094353962494,359.0943539624941,False,27.979772567749023
de_memetic_search,9,F9: Composition Function 1,10,30,200000,2659.094351703181,359.09435170318056,False,28.18002223968506
de_memetic_search,10,F10: Composition Function 2,10,1,200000,2992.6546922126663,592.6546922126663,False,29.396167755126957
de_memetic_search,10,F10: Composition Function 2,10,2,200000,2662.5739111711528,262.5739111711528,False,29.834737300872803
de_memetic_search,10,F10: Composition Function 2,10,3,200000,2968.0674243,568.0674242999999,False,28.55699586868286
de_memetic_search,10,F10: Composition Function 2,10,4,200000,2863.299908161104,463.29990816110376,False,29.05970406532288
de_memetic_search,10,F10: Composition Function 2,10,5,200000,2623.5578113691577,223.5578113691577,False,27.216328382492065
de_memetic_search,10,F10: Composition Function 2,10,6,200000,3886.61737873445,1486.61737873445,False,27.985591411590576
de_memetic_search,10,F10: Composition Function 2,10,7,200000,2813.479656211812,413.4796562118117,False,28.03928065299988
de_memetic_search,10,F10: Composition Function 2,10,8,200000,2642.434394379554,242.43439437955385,False,27.712701320648197
de_memetic_search,10,F10: Composition Function 2,10,9,200000,3005.3037244692914,605.3037244692914,False,28.418825149536133
de_memetic_search,10,F10: Composition Function 2,10,10,200000,2969.60721359836,569.60721359836,False,27.03826713562012
de_memetic_search,10,F10: Composition Function 2,10,11,200000,2632.7440440539203,232.74404405392036,False,28.80896496772766
de_memetic_search,10,F10: Composition Function 2,10,12,200000,2632.7978791899423,232.79787918994225,False,29.04325008392334
de_memetic_search,10,F10: Composition Function 2,10,13,200000,3207.7042041996365,807.7042041996365,False,28.5303635597229
de_memetic_search,10,F10: Composition Function 2,10,14,200000,2630.72371851476,230.72371851475964,False,28.611725091934204
de_memetic_search,10,F10: Composition Function 2,10,15,200000,4215.4963696735895,1815.4963696735892,False,28.272096395492557
de_memetic_search,10,F10: Composition Function 2,10,16,200000,2629.239864405956,229.23986440595536,False,28.14786148071289
de_memetic_search,10,F10: Composition Function 2,10,17,200000,3765.28955300694,1365.2895530069395,False,27.61016821861267
de_memetic_search,10,F10: Composition Function 2,10,18,200000,2630.7966354883856,230.7966354883856,False,29.727298736572266
de_memetic_search,10,F10: Composition Function 2,10,19,200000,2635.599746649817,235.59974664981743,False,28.70266032218933
de_memetic_search,10,F10: Composition Function 2,10,20,200000,2642.216311606372,242.2163116063716,False,28.843764543533325
de_memetic_search,10,F10: Composition Function 2,10,21,200000,2654.0336655129963,254.03366551299632,False,27.859292030334476
de_memetic_search,10,F10: Composition Function 2,10,22,200000,2638.815127659407,238.81512765940715,False,28.4719877243042
de_memetic_search,10,F10: Composition Function 2,10,23,200000,3375.2033117291403,975.2033117291404,False,29.52139639854431
de_memetic_search,10,F10: Composition Function 2,10,24,200000,3864.272614012942,1464.272614012942,False,27.798338890075684
de_memetic_search,10,F10: Composition Function 2,10,25,200000,3878.2213260052577,1478.2213260052577,False,29.264232635498047
de_memetic_search,10,F10: Composition Function 2,10,26,200000,3839.013174624402,1439.013174624402,False,28.41292142868042
de_memetic_search,10,F10: Composition Function 2,10,27,200000,3389.2493008993893,989.2493008993893,False,29.774019956588745
de_memetic_search,10,F10: Composition Function 2,10,28,200000,2848.865821430443,448.8658214304428,False,28.24175786972046
de_memetic_search,10,F10: Composition Function 2,10,29,200000,2711.771981573356,311.77198157335533,False,28.53827166557312
de_memetic_search,10,F10: Composition Function 2,10,30,200000,2669.480066159034,269.48006615903387,False,29.603289365768436
de_memetic_search,11,F11: Composition Function 3,10,1,200000,2600.000416235321,0.000416235321154,False,44.74163699150085
de_memetic_search,11,F11: Composition Function 3,10,2,200000,2600.0002927592245,0.0002927592245214,False,44.39848732948303
de_memetic_search,11,F11: Composition Function 3,10,3,200000,3664.507769801315,1064.5077698013151,False,46.25012946128845
de_memetic_search,11,F11: Composition Function 3,10,4,200000,2600.000766290515,0.0007662905150027,False,46.10127186775208
de_memetic_search,11,F11: Composition Function 3,10,5,200000,2600.000619348165,0.0006193481649461,False,46.015056848526
de_memetic_search,11,F11: Composition Function 3,10,6,200000,2600.000507747575,0.0005077475748294,False,44.55481815338135
de_memetic_search,11,F11: Composition Function 3,10,7,200000,2600.000188372301,0.0001883723011815,False,44.91398239135742
de_memetic_search,11,F11: Composition Function 3,10,8,200000,2624.356090735061,24.35609073506112,False,46.25945067405701
de_memetic_search,11,F11: Composition Function 3,10,9,200000,3547.417927743584,947.4179277435842,False,47.04051184654236
de_memetic_search,11,F11: Composition Function 3,10,10,200000,2600.000200405493,0.0002004054931603,False,45.60179829597473
de_memetic_search,11,F11: Composition Function 3,10,11,200000,3527.464393730277,927.4643937302772,False,50.40943670272827
de_memetic_search,11,F11: Composition Function 3,10,12,200000,2623.430849104939,23.43084910493917,False,46.55928421020508
de_memetic_search,11,F11: Composition Function 3,10,13,200000,3493.36161401062,893.3616140106196,False,46.767741203308105
de_memetic_search,11,F11: Composition Function 3,10,14,200000,2600.00074934888,0.0007493488801628,False,44.53853631019592
de_memetic_search,11,F11: Composition Function 3,10,15,200000,2600.0005395293465,0.0005395293464971,False,45.177359104156494
de_memetic_search,11,F11: Composition Function 3,10,16,200000,2600.0009254773795,0.0009254773794964,False,45.04587841033936
de_memetic_search,11,F11: Composition Function 3,10,17,200000,2600.000156118898,0.0001561188978485,False,45.3460054397583
de_memetic_search,11,F11: Composition Function 3,10,18,200000,2600.000951080337,0.0009510803370176,False,45.15495920181274
de_memetic_search,11,F11: Composition Function 3,10,19,200000,2761.467308696584,161.46730869658404,False,46.166887044906616
de_memetic_search,11,F11: Composition Function 3,10,20,200000,2600.000569217109,0.0005692171089322,False,45.33610272407532
de_memetic_search,11,F11: Composition Function 3,10,21,200000,3652.7363060757143,1052.7363060757148,False,45.653855085372925
de_memetic_search,11,F11: Composition Function 3,10,22,200000,3529.365903855545,929.3659038555452,False,46.34242224693298
de_memetic_search,11,F11: Composition Function 3,10,23,200000,2600.0008145249103,0.0008145249103108,False,44.62795758247376
de_memetic_search,11,F11: Composition Function 3,10,24,200000,2600.0001082975677,0.0001082975672943,False,44.79925441741944
de_memetic_search,11,F11: Composition Function 3,10,25,200000,2626.2344881120275,26.23448811202752,False,46.20109653472901
de_memetic_search,11,F11: Composition Function 3,10,26,200000,3540.5308883148327,940.5308883148329,False,46.50443315505981
de_memetic_search,11,F11: Composition Function 3,10,27,200000,2600.0009406209547,0.0009406209546796,False,44.97793173789978
de_memetic_search,11,F11: Composition Function 3,10,28,200000,2620.0976572893305,20.097657289330527,False,46.07211709022522
de_memetic_search,11,F11: Composition Function 3,10,29,200000,2600.0000178830373,1.7883037344290642e-05,False,45.03208255767822
de_memetic_search,11,F11: Composition Function 3,10,30,200000,3573.1096107047742,973.1096107047742,False,46.780522108078
de_memetic_search,12,F12: Composition Function 4,10,1,200000,2917.378668390576,217.378668390576,False,49.79292607307434
de_memetic_search,12,F12: Composition Function 4,10,2,200000,3131.154701064192,431.1547010641916,False,49.45688557624817
de_memetic_search,12,F12: Composition Function 4,10,3,200000,3137.9132522548807,437.9132522548807,False,49.126314640045166
de_memetic_search,12,F12: Composition Function 4,10,4,200000,3093.738015607163,393.7380156071631,False,49.35872268676758
de_memetic_search,12,F12: Composition Function 4,10,5,200000,2908.118765847649,208.11876584764923,False,49.09876155853272
de_memetic_search,12,F12: Composition Function 4,10,6,200000,3117.057794135098,417.057794135098,False,49.94148921966553
de_memetic_search,12,F12: Composition Function 4,10,7,200000,2893.689530859885,193.6895308598855,False,48.59789824485779
de_memetic_search,12,F12: Composition Function 4,10,8,200000,3033.3448560083134,333.3448560083134,False,48.99245810508728
de_memetic_search,12,F12: Composition Function 4,10,9,200000,3076.9899530622133,376.9899530622133,False,48.56511545181274
de_memetic_search,12,F12: Composition Function 4,10,10,200000,3018.755989864457,318.7559898644572,False,49.881372690200806
de_memetic_search,12,F12: Composition Function 4,10,11,200000,2922.7646619684924,222.7646619684924,False,49.83686828613281
de_memetic_search,12,F12: Composition Function 4,10,12,200000,3039.015001703167,339.01500170316694,False,49.892977714538574
de_memetic_search,12,F12: Composition Function 4,10,13,200000,2943.233616496185,243.2336164961848,False,49.6178195476532
de_memetic_search,12,F12: Composition Function 4,10,14,200000,2898.712983034371,198.71298303437104,False,49.58024549484253
de_memetic_search,12,F12: Composition Function 4,10,15,200000,3013.6774660006267,313.67746600062674,False,48.81276869773865
de_memetic_search,12,F12: Composition Function 4,10,16,200000,2917.5927745355534,217.59277453555345,False,50.07787895202637
de_memetic_search,12,F12: Composition Function 4,10,17,200000,3031.379863392369,331.37986339236886,False,49.81053590774536
de_memetic_search,12,F12: Composition Function 4,10,18,200000,3019.1848141473383,319.1848141473384,False,48.52815794944763
de_memetic_search,12,F12: Composition Function 4,10,19,200000,3012.1756794445205,312.1756794445205,False,49.5564706325531
de_memetic_search,12,F12: Composition Function 4,10,20,200000,3049.400617768792,349.400617768792,False,50.58559894561768
de_memetic_search,12,F12: Composition Function 4,10,21,200000,3112.3229441231933,412.3229441231933,False,49.43380737304688
de_memetic_search,12,F12: Composition Function 4,10,22,200000,2963.590994829211,263.590994829211,False,50.257346868515015
de_memetic_search,12,F12: Composition Function 4,10,23,200000,3088.3602302569097,388.36023025690974,False,50.28936052322388
de_memetic_search,12,F12: Composition Function 4,10,24,200000,2894.981571907675,194.98157190767503,False,50.60707783699036
de_memetic_search,12,F12: Composition Function 4,10,25,200000,3111.309900811175,411.3099008111749,False,49.033803939819336
de_memetic_search,12,F12: Composition Function 4,10,26,200000,2975.9368339647776,275.93683396477763,False,49.35696792602539
de_memetic_search,12,F12: Composition Function 4,10,27,200000,2981.9487247579204,281.94872475792044,False,50.00481867790222
de_memetic_search,12,F12: Composition Function 4,10,28,200000,2987.623216089809,287.6232160898089,False,49.85975432395935
de_memetic_search,12,F12: Composition Function 4,10,29,200000,3037.1864263052094,337.1864263052093,False,50.34703350067139
de_memetic_search,12,F12: Composition Function 4,10,30,200000,3030.5006355672085,330.5006355672085,False,49.81888937950134
de_memetic_search,1,F1: Shifted and full Rotated Zakharov Function,20,1,1000000,300.0000000000082,8.185452315956354e-12,True,24.113066911697388
de_memetic_search,1,F1: Shifted and full Rotated Zakharov Function,20,2,1000000,300.0000000000054,5.400124791776762e-12,True,22.21334648132324
de_memetic_search,1,F1: Shifted and full Rotated Zakharov Function,20,3,1000000,300.00000000000915,9.151790436590089e-12,True,22.094012022018436
de_memetic_search,1,F1: Shifted and full Rotated Zakharov Function,20,4,1000000,300.0000000000056,5.5706550483591855e-12,True,21.898080110549927
de_memetic_search,1,F1: Shifted and full Rotated Zakharov Function,20,5,1000000,300.0000000000044,4.376943252282217e-12,True,22.10130834579468
de_memetic_search,1,F1: Shifted and full Rotated Zakharov Function,20,6,1000000,300.00000000001177,1.1766587704187259e-11,True,21.908491611480716
de_memetic_search,1,F1: Shifted and full Rotated Zakharov Function,20,7,1000000,300.00000000000654,6.536993168992922e-12,True,22.06383180618286
de_memetic_search,1,F1: Shifted and full Rotated Zakharov Function,20,8,1000000,300.0000000000105,1.0516032489249484e-11,True,22.086087703704838
de_memetic_search,1,F1: Shifted and full Rotated Zakharov Function,20,9,1000000,300.0000000000044,4.376943252282217e-12,True,23.08132266998291
de_memetic_search,1,F1: Shifted and full Rotated Zakharov Function,20,10,1000000,300.0000000000027,2.671640686457977e-12,True,22.845252513885494
de_memetic_search,1,F1: Shifted and full Rotated Zakharov Function,20,11,1000000,300.0000000000054,5.400124791776762e-12,True,22.511096000671387
de_memetic_search,1,F1: Shifted and full Rotated Zakharov Function,20,12,1000000,300.0000000000037,3.694822225952521e-12,True,22.424502849578857
de_memetic_search,1,F1: Shifted and full Rotated Zakharov Function,20,13,1000000,300.00000000000483,4.831690603168681e-12,True,22.598346948623657
de_memetic_search,1,F1: Shifted and full Rotated Zakharov Function,20,14,1000000,300.0000000000059,5.9117155615240335e-12,True,22.4687933921814
de_memetic_search,1,F1: Shifted and full Rotated Zakharov Function,20,15,1000000,300.0000000000045,4.490630090003833e-12,True,22.39973211288452
de_memetic_search,1,F1: Shifted and full Rotated Zakharov Function,20,16,1000000,300.000000000008,8.01492205937393e-12,True,22.41474723815918
de_memetic_search,1,F1: Shifted and full Rotated Zakharov Function,20,17,1000000,300.000000000008,7.958078640513122e-12,True,22.722381353378296
de_memetic_search,1,F1: Shifted and full Rotated Zakharov Function,20,18,1000000,300.00000000000574,5.7411853049416095e-12,True,22.778435945510864
de_memetic_search,1,F1: Shifted and full Rotated Zakharov Function,20,19,1000000,300.0000000000042,4.206412995699793e-12,True,23.05191326141357
de_memetic_search,1,F1: Shifted and full Rotated Zakharov Function,20,20,1000000,300.00000000000614,6.139089236967266e-12,True,22.85444140434265
de_memetic_search,1,F1: Shifted and full Rotated Zakharov Function,20,21,1000000,300.00000000000864,8.640199666842818e-12,True,22.74079656600952
de_memetic_search,1,F1: Shifted and full Rotated Zakharov Function,20,22,1000000,300.0000000000046,4.604316927725449e-12,True,22.781288385391235
de_memetic_search,1,F1: Shifted and full Rotated Zakharov Function,20,23,1000000,300.00000000000915,9.151790436590089e-12,True,23.321589469909668
de_memetic_search,1,F1: Shifted and full Rotated Zakharov Function,20,24,1000000,300.0000000000086,8.58335624798201e-12,True,22.27429580688477
de_memetic_search,1,F1: Shifted and full Rotated Zakharov Function,20,25,1000000,300.0000000000041,4.149569576838985e-12,True,22.265047550201416
de_memetic_search,1,F1: Shifted and full Rotated Zakharov Function,20,26,1000000,300.0000000000081,8.071765478234738e-12,True,23.093661069869995
de_memetic_search,1,F1: Shifted and full Rotated Zakharov Function,20,27,1000000,300.00000000000165,1.6484591469634324e-12,True,22.879546403884888
de_memetic_search,1,F1: Shifted and full Rotated Zakharov Function,20,28,1000000,300.0000000000072,7.16227077646181e-12,True,22.973531246185303
de_memetic_search,1,F1: Shifted and full Rotated Zakharov Function,20,29,1000000,300.00000000000506,5.059064278611913e-12,True,22.16688108444214
de_memetic_search,1,F1: Shifted and full Rotated Zakharov Function,20,30,1000000,300.0000000000051,5.1159076974727205e-12,True,21.986632347106934
de_memetic_search,2,F2: Shifted and Rotated Rosenbrock’s Function,20,1,1000000,449.08448516614106,49.08448516614106,False,30.523176193237305
de_memetic_search,2,F2: Shifted and Rotated Rosenbrock’s Function,20,2,1000000,449.0846133597353,49.08461335973527,False,30.744017601013184
de_memetic_search,2,F2: Shifted and Rotated Rosenbrock’s Function,20,3,1000000,404.1451986931557,4.145198693155692,False,29.647608041763306
de_memetic_search,2,F2: Shifted and Rotated Rosenbrock’s Function,20,4,1000000,449.0845702200378,49.08457022003779,False,30.123038053512573
de_memetic_search,2,F2: Shifted and Rotated Rosenbrock’s Function,20,5,1000000,400.8570521495096,0.8570521495095704,False,31.03760766983032
de_memetic_search,2,F2: Shifted and Rotated Rosenbrock’s Function,20,6,1000000,449.0846578984144,49.08465789841438,False,30.06261968612671
de_memetic_search,2,F2: Shifted and Rotated Rosenbrock’s Function,20,7,1000000,449.0846623291811,49.08466232918113,False,29.5794689655304
de_memetic_search,2,F2: Shifted and Rotated Rosenbrock’s Function,20,8,1000000,471.76752382120776,71.76752382120776,False,30.168468952178955
de_memetic_search,2,F2: Shifted and Rotated Rosenbrock’s Function,20,9,1000000,449.08451670467474,49.08451670467474,False,30.833128213882446
de_memetic_search,2,F2: Shifted and Rotated Rosenbrock’s Function,20,10,1000000,449.08450198754775,49.08450198754775,False,30.236725091934204
de_memetic_search,2,F2: Shifted and Rotated Rosenbrock’s Function,20,11,1000000,449.0846017135688,49.08460171356876,False,30.757901668548584
de_memetic_search,2,F2: Shifted and Rotated Rosenbrock’s Function,20,12,1000000,400.0409178126571,0.040917812657085,False,29.90705728530884
de_memetic_search,2,F2: Shifted and Rotated Rosenbrock’s Function,20,13,1000000,449.08454302388685,49.08454302388685,False,30.257134199142456
de_memetic_search,2,F2: Shifted and Rotated Rosenbrock’s Function,20,14,1000000,449.0846614682764,49.08466146827641,False,30.30273723602295
de_memetic_search,2,F2: Shifted and Rotated Rosenbrock’s Function,20,15,1000000,400.2464731889445,0.246473188944492,False,29.9458532333374
de_memetic_search,2,F2: Shifted and Rotated Rosenbrock’s Function,20,16,1000000,449.15460752422575,49.15460752422575,False,29.883188486099243
de_memetic_search,2,F2: Shifted and Rotated Rosenbrock’s Function,20,17,1000000,404.03026028491087,4.030260284910867,False,30.4155433177948
de_memetic_search,2,F2: Shifted and Rotated Rosenbrock’s Function,20,18,1000000,400.3711658035944,0.3711658035944083,False,29.843329429626465
de_memetic_search,2,F2: Shifted and Rotated Rosenbrock’s Function,20,19,1000000,444.8954693210313,44.89546932103133,False,29.281250715255737
de_memetic_search,2,F2: Shifted and Rotated Rosenbrock’s Function,20,20,1000000,449.0845677061065,49.0845677061065,False,30.072914838790894
de_memetic_search,2,F2: Shifted and Rotated Rosenbrock’s Function,20,21,1000000,449.084787207677,49.08478720767698,False,30.186156511306763
de_memetic_search,2,F2: Shifted and Rotated Rosenbrock’s Function,20,22,1000000,449.08453844320286,49.08453844320286,False,29.709077835083008
de_memetic_search,2,F2: Shifted and Rotated Rosenbrock’s Function,20,23,1000000,444.895469372406,44.89546937240601,False,29.24978470802307
de_memetic_search,2,F2: Shifted and Rotated Rosenbrock’s Function,20,24,1000000,467.81134639749325,67.81134639749325,False,29.40747380256653
de_memetic_search,2,F2: Shifted and Rotated Rosenbrock’s Function,20,25,1000000,449.0845286834405,49.08452868344051,False,30.12788486480713
de_memetic_search,2,F2: Shifted and Rotated Rosenbrock’s Function,20,26,1000000,400.46588588784977,0.4658858878497653,False,29.978379726409912
de_memetic_search,2,F2: Shifted and Rotated Rosenbrock’s Function,20,27,1000000,449.0845851866114,49.08458518661138,False,30.856820344924927
de_memetic_search,2,F2: Shifted and Rotated Rosenbrock’s Function,20,28,1000000,449.08465449838457,49.084654498384566,False,31.237058401107788
de_memetic_search,2,F2: Shifted and Rotated Rosenbrock’s Function,20,29,1000000,471.83784828230847,71.83784828230847,False,30.40824103355408
de_memetic_search,2,F2: Shifted and Rotated Rosenbrock’s Function,20,30,1000000,449.084536041986,49.084536041985984,False,30.256596326828003
de_memetic_search,3,F3: Shifted and full Rotated Expanded Schaffer’s F7,20,1,1000000,600.0000023073404,2.3073404236129136e-06,False,49.265740394592285
de_memetic_search,3,F3: Shifted and full Rotated Expanded Schaffer’s F7,20,2,1000000,600.0000019727215,1.97272152036021e-06,False,48.766966581344604
de_memetic_search,3,F3: Shifted and full Rotated Expanded Schaffer’s F7,20,3,1000000,600.0000019739977,1.973997655113635e-06,False,48.92334604263306
de_memetic_search,3,F3: Shifted and full Rotated Expanded Schaffer’s F7,20,4,1000000,600.0000016626079,1.6626079286652384e-06,False,47.64420437812805
de_memetic_search,3,F3: Shifted and full Rotated Expanded Schaffer’s F7,20,5,1000000,600.0000018956108,1.8956108078782563e-06,False,48.5081901550293
de_memetic_search,3,F3: Shifted and full Rotated Expanded Schaffer’s F7,20,6,1000000,600.0000020682259,2.0682258536908198e-06,False,48.4605085849762
de_memetic_search,3,F3: Shifted and full Rotated Expanded Schaffer’s F7,20,7,1000000,600.0000022367577,2.236757723039773e-06,False,48.89305138587952
de_memetic_search,3,F3: Shifted and full Rotated Expanded Schaffer’s F7,20,8,1000000,600.0000022540147,2.254014702884888e-06,False,48.61303186416626
de_memetic_search,3,F3: Shifted and full Rotated Expanded Schaffer’s F7,20,9,1000000,600.0000018723505,1.8723504808804137e-06,False,48.37314057350159
de_memetic_search,3,F3: Shifted and full Rotated Expanded Schaffer’s F7,20,10,1000000,600.0000019189953,1.918995280902891e-06,False,49.19581031799317
de_memetic_search,3,F3: Shifted and full Rotated Expanded Schaffer’s F7,20,11,1000000,600.0000019505095,1.9505094996929984e-06,False,49.97391867637634
de_memetic_search,3,F3: Shifted and full Rotated Expanded Schaffer’s F7,20,12,1000000,600.0000016309177,1.630917722650338e-06,False,48.55687355995178
de_memetic_search,3,F3: Shifted and full Rotated Expanded Schaffer’s F7,20,13,1000000,600.00000189313,1.893130047392333e-06,False,48.93913006782532
de_memetic_search,3,F3: Shifted and full Rotated Expanded Schaffer’s F7,20,14,1000000,600.0000020668605,2.0668604747697827e-06,False,48.29804444313049
de_memetic_search,3,F3: Shifted and full Rotated Expanded Schaffer’s F7,20,15,1000000,600.0000024125981,2.412598064438498e-06,False,47.43541359901428
de_memetic_search,3,F3: Shifted and full Rotated Expanded Schaffer’s F7,20,16,1000000,600.0000014217482,1.4217481520972797e-06,False,49.57716155052185
de_memetic_search,3,F3: Shifted and full Rotated Expanded Schaffer’s F7,20,17,1000000,600.0000019284853,1.928485289681703e-06,False,48.54653835296631
de_memetic_search,3,F3: Shifted and full Rotated Expanded Schaffer’s F7,20,18,1000000,600.0000021949784,2.1949783786112675e-06,False,48.17373466491699
de_memetic_search,3,F3: Shifted and full Rotated Expanded Schaffer’s F7,20,19,1000000,600.0000013803345,1.3803345382257248e-06,False,49.18405556678772
de_memetic_search,3,F3: Shifted and full Rotated Expanded Schaffer’s F7,20,20,1000000,600.000001131689,1.131689032263239e-06,False,48.31638908386231
de_memetic_search,3,F3: Shifted and full Rotated Expanded Schaffer’s F7,20,21,1000000,600.0000020307317,2.030731707236555e-06,False,47.10990500450134
de_memetic_search,3,F3: Shifted and full Rotated Expanded Schaffer’s F7,20,22,1000000,600.0000019650868,1.965086767086177e-06,False,48.54827284812927
de_memetic_search,3,F3: Shifted and full Rotated Expanded Schaffer’s F7,20,23,1000000,600.0000014053396,1.4053396171220811e-06,False,47.676474809646606
de_memetic_search,3,F3: Shifted and full Rotated Expanded Schaffer’s F7,20,24,1000000,600.0000023444774,2.3444773660230567e-06,False,48.496845960617065
de_memetic_search,3,F3: Shifted and full Rotated Expanded Schaffer’s F7,20,25,1000000,600.0000024236969,2.4236968556579086e-06,False,47.79889416694641
de_memetic_search,3,F3: Shifted and full Rotated Expanded Schaffer’s F7,20,26,1000000,600.000001899949,1.8999489839188757e-06,False,48.48320436477661
de_memetic_search,3,F3: Shifted and full Rotated Expanded Schaffer’s F7,20,27,1000000,600.000002067939,2.067939021799248e-06,False,48.92570519447327
de_memetic_search,3,F3: Shifted and full Rotated Expanded Schaffer’s F7,20,28,1000000,600.0000021313527,2.131352744072501e-06,False,48.07545518875122
de_memetic_search,3,F3: Shifted and full Rotated Expanded Schaffer’s F7,20,29,1000000,600.0000019244503,1.9244503164372877e-06,False,48.481369495391846
de_memetic_search,3,F3: Shifted and full Rotated Expanded Schaffer’s F7,20,30,1000000,600.0000017009205,1.7009205066642608e-06,False,48.963446378707886
de_memetic_search,4,F4: Shifted and Rotated Non-Continuous Rastrigin’s Function,20,1,1000000,1173.5000000001692,373.5000000001692,False,76.7408995628357
de_memetic_search,4,F4: Shifted and Rotated Non-Continuous Rastrigin’s Function,20,2,1000000,1203.5000000001232,403.5000000001232,False,77.3787910938263
de_memetic_search,4,F4: Shifted and Rotated Non-Continuous Rastrigin’s Function,20,3,1000000,1156.5000000001387,356.5000000001387,False,76.66988015174866
de_memetic_search,4,F4: Shifted and Rotated Non-Continuous Rastrigin’s Function,20,4,1000000,1154.0000000000991,354.00000000009913,False,78.36050271987915
de_memetic_search,4,F4: Shifted and Rotated Non-Continuous Rastrigin’s Function,20,5,1000000,1220.5000000001278,420.5000000001278,False,76.07738304138184
de_memetic_search,4,F4: Shifted and Rotated Non-Continuous Rastrigin’s Function,20,6,1000000,1398.0000000001323,598.0000000001323,False,76.31984257698059
de_memetic_search,4,F4: Shifted and Rotated Non-Continuous Rastrigin’s Function,20,7,1000000,1248.500000000106,448.500000000106,False,76.28497004508972
de_memetic_search,4,F4: Shifted and Rotated Non-Continuous Rastrigin’s Function,20,8,1000000,1316.0000000002578,516.0000000002578,False,77.64570784568787
de_memetic_search,4,F4: Shifted and Rotated Non-Continuous Rastrigin’s Function,20,9,1000000,1293.5000000000978,493.50000000009777,False,75.59517931938171
de_memetic_search,4,F4: Shifted and Rotated Non-Continuous Rastrigin’s Function,20,10,1000000,1420.0000000000068,620.0000000000068,False,77.81631278991699
de_memetic_search,4,F4: Shifted and Rotated Non-Continuous Rastrigin’s Function,20,11,1000000,1404.000000000175,604.0000000001751,False,78.20112681388855
de_memetic_search,4,F4: Shifted and Rotated Non-Continuous Rastrigin’s Function,20,12,1000000,1356.0000000001305,556.0000000001305,False,75.53747987747192
de_memetic_search,4,F4: Shifted and Rotated Non-Continuous Rastrigin’s Function,20,13,1000000,1388.5000000000016,588.5000000000016,False,77.73953366279602
de_memetic_search,4,F4: Shifted and Rotated Non-Continuous Rastrigin’s Function,20,14,1000000,1350.5000000003129,550.5000000003129,False,75.88107943534851
de_memetic_search,4,F4: Shifted and Rotated Non-Continuous Rastrigin’s Function,20,15,1000000,1270.5000000001442,470.50000000014415,False,75.88181924819946
de_memetic_search,4,F4: Shifted and Rotated Non-Continuous Rastrigin’s Function,20,16,1000000,1382.0000000001014,582.0000000001014,False,77.84741926193237
de_memetic_search,4,F4: Shifted and Rotated Non-Continuous Rastrigin’s Function,20,17,1000000,1264.0000000000905,464.0000000000905,False,78.24627161026001
de_memetic_search,4,F4: Shifted and Rotated Non-Continuous Rastrigin’s Function,20,18,1000000,1294.500000000001,494.5000000000009,False,78.21808052062988
de_memetic_search,4,F4: Shifted and Rotated Non-Continuous Rastrigin’s Function,20,19,1000000,1363.5000000001287,563.5000000001287,False,78.19377136230469
de_memetic_search,4,F4: Shifted and Rotated Non-Continuous Rastrigin’s Function,20,20,1000000,1211.500000000187,411.5000000001869,False,78.29263377189636
de_memetic_search,4,F4: Shifted and Rotated Non-Continuous Rastrigin’s Function,20,21,1000000,1429.500000000065,629.500000000065,False,79.2927725315094
de_memetic_search,4,F4: Shifted and Rotated Non-Continuous Rastrigin’s Function,20,22,1000000,1228.000000000391,428.0000000003911,False,77.69960522651672
de_memetic_search,4,F4: Shifted and Rotated Non-Continuous Rastrigin’s Function,20,23,1000000,1446.0000000000005,646.0000000000005,False,78.11077213287354
de_memetic_search,4,F4: Shifted and Rotated Non-Continuous Rastrigin’s Function,20,24,1000000,1367.0000000000025,567.0000000000023,False,76.15670537948608
de_memetic_search,4,F4: Shifted and Rotated Non-Continuous Rastrigin’s Function,20,25,1000000,1302.0000000002374,502.0000000002374,False,72.43434071540833
de_memetic_search,4,F4: Shifted and Rotated Non-Continuous Rastrigin’s Function,20,26,1000000,1173.00000000017,373.0000000001701,False,73.96369886398315
de_memetic_search,4,F4: Shifted and Rotated Non-Continuous Rastrigin’s Function,20,27,1000000,1315.0000000001523,515.0000000001523,False,75.67659425735474
de_memetic_search,4,F4: Shifted and Rotated Non-Continuous Rastrigin’s Function,20,28,1000000,1308.0000000001369,508.0000000001369,False,78.2195737361908
de_memetic_search,4,F4: Shifted and Rotated Non-Continuous Rastrigin’s Function,20,29,1000000,1518.0,718.0,False,73.70354962348938
de_memetic_search,4,F4: Shifted and Rotated Non-Continuous Rastrigin’s Function,20,30,1000000,1360.5000000001423,560.5000000001423,False,74.0692400932312
de_memetic_search,5,F5: Shifted and Rotated Levy Function,20,1,1000000,923.2160243816356,23.216024381635638,False,37.75350093841553
de_memetic_search,5,F5: Shifted and Rotated Levy Function,20,2,1000000,907.8194359784112,7.819435978411207,False,40.139960289001465
de_memetic_search,5,F5: Shifted and Rotated Levy Function,20,3,1000000,912.8313844247508,12.831384424750809,False,39.339975118637085
de_memetic_search,5,F5: Shifted and Rotated Levy Function,20,4,1000000,904.447056327812,4.447056327811879,False,39.53411841392517
de_memetic_search,5,F5: Shifted and Rotated Levy Function,20,5,1000000,905.1766286124104,5.176628612410354,False,39.51542830467224
de_memetic_search,5,F5: Shifted and Rotated Levy Function,20,6,1000000,912.2817807962192,12.281780796219095,False,39.54544615745544
de_memetic_search,5,F5: Shifted and Rotated Levy Function,20,7,1000000,911.1690268282072,11.169026828207166,False,39.597247838974
de_memetic_search,5,F5: Shifted and Rotated Levy Function,20,8,1000000,910.9036045007095,10.903604500709548,False,38.8713173866272
de_memetic_search,5,F5: Shifted and Rotated Levy Function,20,9,1000000,919.206580334291,19.206580334290948,False,38.636260747909546
de_memetic_search,5,F5: Shifted and Rotated Levy Function,20,10,1000000,908.5870173035344,8.58701730353448,False,39.511964082717896
de_memetic_search,5,F5: Shifted and Rotated Levy Function,20,11,1000000,912.1509551828868,12.150955182886833,False,39.94347596168518
de_memetic_search,5,F5: Shifted and Rotated Levy Function,20,12,1000000,908.1205575490742,8.120557549074192,False,39.04219698905945
de_memetic_search,5,F5: Shifted and Rotated Levy Function,20,13,1000000,916.6997521756836,16.699752175683557,False,38.9212818145752
de_memetic_search,5,F5: Shifted and Rotated Levy Function,20,14,1000000,920.1738749461272,20.17387494612717,False,38.99921298027039
de_memetic_search,5,F5: Shifted and Rotated Levy Function,20,15,1000000,907.6028314049536,7.602831404953577,False,39.12629771232605
de_memetic_search,5,F5: Shifted and Rotated Levy Function,20,16,1000000,905.5372005281404,5.5372005281403744,False,38.60853147506714
de_memetic_search,5,F5: Shifted and Rotated Levy Function,20,17,1000000,908.169362622502,8.169362622501922,False,39.04415249824524
de_memetic_search,5,F5: Shifted and Rotated Levy Function,20,18,1000000,914.2661771409308,14.266177140930836,False,40.15066361427307
de_memetic_search,5,F5: Shifted and Rotated Levy Function,20,19,1000000,913.3669324717066,13.366932471706605,False,39.47954940795898
de_memetic_search,5,F5: Shifted and Rotated Levy Function,20,20,1000000,916.175854330938,16.17585433093791,False,40.005879402160645
de_memetic_search,5,F5: Shifted and Rotated Levy Function,20,21,1000000,915.4578392803456,15.457839280345638,False,39.59621977806091
de_memetic_search,5,F5: Shifted and Rotated Levy Function,20,22,1000000,907.7884922157756,7.788492215775705,False,39.49369955062866
de_memetic_search,5,F5: Shifted and Rotated Levy Function,20,23,1000000,917.3878862009166,17.38788620091657,False,39.23750948905945
de_memetic_search,5,F5: Shifted and Rotated Levy Function,20,24,1000000,905.1766372298732,5.1766372298731085,False,39.62687969207764
de_memetic_search,5,F5: Shifted and Rotated Levy Function,20,25,1000000,913.3274788052656,13.327478805265628,False,38.99481058120728
de_memetic_search,5,F5: Shifted and Rotated Levy Function,20,26,1000000,909.1009248863564,9.100924886356324,False,40.237653493881226
de_memetic_search,5,F5: Shifted and Rotated Levy Function,20,27,1000000,908.2698258403852,8.269825840385238,False,39.32845759391785
de_memetic_search,5,F5: Shifted and Rotated Levy Function,20,28,1000000,913.7577731934964,13.757773193496403,False,40.29678130149841
de_memetic_search,5,F5: Shifted and Rotated Levy Function,20,29,1000000,915.4892659561076,15.489265956107488,False,39.05778980255127
de_memetic_search,5,F5: Shifted and Rotated Levy Function,20,30,1000000,913.536714750219,13.536714750218948,False,39.38649129867554
de_memetic_search,6,F6: Hybrid Function 1,20,1,1000000,88668.73281220667,86868.73281220667,False,45.31030106544495
de_memetic_search,6,F6: Hybrid Function 1,20,2,1000000,56083.55462522896,54283.55462522896,False,45.841617822647095
de_memetic_search,6,F6: Hybrid Function 1,20,3,1000000,83435.24111693789,81635.24111693789,False,45.60608506202698
de_memetic_search,6,F6: Hybrid Function 1,20,4,1000000,107435.2724557414,105635.2724557414,False,45.67219281196594
de_memetic_search,6,F6: Hybrid Function 1,20,5,1000000,90793.7012238298,88993.7012238298,False,46.04966044425965
de_memetic_search,6,F6: Hybrid Function 1,20,6,1000000,43096.84215771146,41296.84215771146,False,45.699002265930176
de_memetic_search,6,F6: Hybrid Function 1,20,7,1000000,61757.01771246161,59957.01771246161,False,44.86613559722901
de_memetic_search,6,F6: Hybrid Function 1,20,8,1000000,97444.11643393867,95644.11643393867,False,46.41018104553223
de_memetic_search,6,F6: Hybrid Function 1,20,9,1000000,131879.61911480658,130079.61911480658,False,44.19244265556336
de_memetic_search,6,F6: Hybrid Function 1,20,10,1000000,77209.08572967068,75409.08572967068,False,44.9626522064209
de_memetic_search,6,F6: Hybrid Function 1,20,11,1000000,96066.69188599104,94266.69188599104,False,45.571300745010376
de_memetic_search,6,F6: Hybrid Function 1,20,12,1000000,62944.465690957215,61144.465690957215,False,45.72477602958679
de_memetic_search,6,F6: Hybrid Function 1,20,13,1000000,106122.80169703678,104322.80169703678,False,45.14506340026856
de_memetic_search,6,F6: Hybrid Function 1,20,14,1000000,102371.6773320978,100571.6773320978,False,45.88203048706055
de_memetic_search,6,F6: Hybrid Function 1,20,15,1000000,79506.69612562333,77706.69612562333,False,44.60464549064636
de_memetic_search,6,F6: Hybrid Function 1,20,16,1000000,70258.44754740714,68458.44754740714,False,45.890615701675415
de_memetic_search,6,F6: Hybrid Function 1,20,17,1000000,70970.20139273905,69170.20139273905,False,45.2126350402832
de_memetic_search,6,F6: Hybrid Function 1,20,18,1000000,57981.87822716799,56181.87822716799,False,44.8957507610321
de_memetic_search,6,F6: Hybrid Function 1,20,19,1000000,102552.71622764412,100752.71622764412,False,46.10711169242859
de_memetic_search,6,F6: Hybrid Function 1,20,20,1000000,102102.23143083868,100302.23143083868,False,45.7349796295166
de_memetic_search,6,F6: Hybrid Function 1,20,21,1000000,47032.11392720645,45232.11392720645,False,45.47953820228577
de_memetic_search,6,F6: Hybrid Function 1,20,22,1000000,85650.16390978832,83850.16390978832,False,45.82880401611328
de_memetic_search,6,F6: Hybrid Function 1,20,23,1000000,103566.7358197493,101766.7358197493,False,45.53362822532654
de_memetic_search,6,F6: Hybrid Function 1,20,24,1000000,74310.94924085494,72510.94924085494,False,44.88737416267395
de_memetic_search,6,F6: Hybrid Function 1,20,25,1000000,71152.41543217302,69352.41543217302,False,45.63682246208191
de_memetic_search,6,F6: Hybrid Function 1,20,26,1000000,71237.01133557339,69437.01133557339,False,45.23649740219116
de_memetic_search,6,F6: Hybrid Function 1,20,27,1000000,95308.981596531,93508.981596531,False,45.0679395198822
de_memetic_search,6,F6: Hybrid Function 1,20,28,1000000,61970.24295490632,60170.24295490632,False,45.80492424964905
de_memetic_search,6,F6: Hybrid Function 1,20,29,1000000,61526.828502014265,59726.828502014265,False,44.95045280456543
de_memetic_search,6,F6: Hybrid Function 1,20,30,1000000,101154.0610961176,99354.0610961176,False,46.12141609191895
de_memetic_search,7,F7: Hybrid Function 2,20,1,1000000,3776.102339233116,1776.1023392331165,False,819.5767171382904
de_memetic_search,7,F7: Hybrid Function 2,20,2,1000000,3420.436675148827,1420.436675148827,False,811.4690821170807
de_memetic_search,7,F7: Hybrid Function 2,20,3,1000000,2959.589325190393,959.5893251903937,False,824.9522876739502
de_memetic_search,7,F7: Hybrid Function 2,20,4,1000000,3127.262682786685,1127.2626827866852,False,819.9128875732422
de_memetic_search,7,F7: Hybrid Function 2,20,5,1000000,3180.0887771608477,1180.0887771608473,False,818.134756565094
de_memetic_search,7,F7: Hybrid Function 2,20,6,1000000,3221.2174795432857,1221.2174795432857,False,818.8755700588226
de_memetic_search,7,F7: Hybrid Function 2,20,7,1000000,3003.3230282488003,1003.3230282488004,False,817.8889238834381
de_memetic_search,7,F7: Hybrid Function 2,20,8,1000000,2677.290133472972,677.2901334729722,False,824.6782495975494
de_memetic_search,7,F7: Hybrid Function 2,20,9,1000000,2892.7158653196952,892.7158653196952,False,824.4040615558624
de_memetic_search,7,F7: Hybrid Function 2,20,10,1000000,2915.078658188814,915.0786581888142,False,817.7615625858307
de_memetic_search,7,F7: Hybrid Function 2,20,11,1000000,2963.542623783961,963.5426237839616,False,834.4115419387817
de_memetic_search,7,F7: Hybrid Function 2,20,12,1000000,3270.3836425126347,1270.3836425126349,False,824.9512069225311
de_memetic_search,7,F7: Hybrid Function 2,20,13,1000000,3290.644945043654,1290.644945043654,False,817.8224303722382
de_memetic_search,7,F7: Hybrid Function 2,20,14,1000000,3460.3077920628284,1460.3077920628284,False,809.7844886779785
de_memetic_search,7,F7: Hybrid Function 2,20,15,1000000,2971.4929748072973,971.4929748072972,False,819.43208360672
de_memetic_search,7,F7: Hybrid Function 2,20,16,1000000,3444.0211390628465,1444.0211390628465,False,820.9949157238007
de_memetic_search,7,F7: Hybrid Function 2,20,17,1000000,3494.769407870046,1494.769407870046,False,819.0009980201721
de_memetic_search,7,F7: Hybrid Function 2,20,18,1000000,3062.519429068675,1062.519429068675,False,811.6412389278412
de_memetic_search,7,F7: Hybrid Function 2,20,19,1000000,3246.866022403864,1246.866022403864,False,809.882383108139
de_memetic_search,7,F7: Hybrid Function 2,20,20,1000000,3088.1809653815285,1088.1809653815285,False,811.695609331131
de_memetic_search,7,F7: Hybrid Function 2,20,21,1000000,3567.297988631104,1567.297988631104,False,811.3395450115204
de_memetic_search,7,F7: Hybrid Function 2,20,22,1000000,3631.6196177618767,1631.6196177618767,False,813.3657195568085
de_memetic_search,7,F7: Hybrid Function 2,20,23,1000000,3397.1720939131646,1397.1720939131646,False,817.779506444931
de_memetic_search,7,F7: Hybrid Function 2,20,24,1000000,3454.026632014333,1454.0266320143332,False,815.1751208305359
de_memetic_search,7,F7: Hybrid Function 2,20,25,1000000,3027.314476996198,1027.3144769961982,False,816.3926186561584
de_memetic_search,7,F7: Hybrid Function 2,20,26,1000000,3995.352530036888,1995.3525300368883,False,815.4057548046112
de_memetic_search,7,F7: Hybrid Function 2,20,27,1000000,3344.028927547392,1344.028927547392,False,815.2968716621399
de_memetic_search,7,F7: Hybrid Function 2,20,28,1000000,3638.2298596334913,1638.2298596334913,False,817.5172290802002
de_memetic_search,7,F7: Hybrid Function 2,20,29,1000000,3212.176881372465,1212.1768813724648,False,816.0697200298309
de_memetic_search,7,F7: Hybrid Function 2,20,30,1000000,3219.7372580045303,1219.7372580045303,False,813.5092458724976
de_memetic_search,8,F8: Hybrid Function 3,20,1,1000000,2347.289228709364,147.28922870936412,False,1155.578418970108
de_memetic_search,8,F8: Hybrid Function 3,20,2,1000000,2368.4025556851902,168.40255568519024,False,1152.5666234493256
de_memetic_search,8,F8: Hybrid Function 3,20,3,1000000,2385.117925300083,185.1179253000828,False,1151.8766503334043
de_memetic_search,8,F8: Hybrid Function 3,20,4,1000000,2437.886327287797,237.88632728779749,False,1150.7135906219482
de_memetic_search,8,F8: Hybrid Function 3,20,5,1000000,3014.1222542569653,814.1222542569653,False,1153.551189661026
de_memetic_search,8,F8: Hybrid Function 3,20,6,1000000,2466.759169888033,266.75916988803283,False,1157.6728310585022
de_memetic_search,8,F8: Hybrid Function 3,20,7,1000000,2429.020113300302,229.020113300302,False,1153.491502046585
de_memetic_search,8,F8: Hybrid Function 3,20,8,1000000,2414.9777417037635,214.9777417037635,False,1160.7998583316803
de_memetic_search,8,F8: Hybrid Function 3,20,9,1000000,2636.627851267616,436.62785126761537,False,1158.1175842285156
de_memetic_search,8,F8: Hybrid Function 3,20,10,1000000,2622.4040395721518,422.4040395721513,False,1164.4852628707886
de_memetic_search,8,F8: Hybrid Function 3,20,11,1000000,2361.2957647070834,161.29576470708344,False,1157.9483997821808
de_memetic_search,8,F8: Hybrid Function 3,20,12,1000000,3104.740643120186,904.7406431201866,False,1158.8443565368652
de_memetic_search,8,F8: Hybrid Function 3,20,13,1000000,2344.9225758290813,144.92257582908132,False,1156.0075182914734
de_memetic_search,8,F8: Hybrid Function 3,20,14,1000000,2405.021464838452,205.02146483845215,False,1164.0327229499817
de_memetic_search,8,F8: Hybrid Function 3,20,15,1000000,2510.5283354656563,310.52833546565626,False,1158.2329518795011
de_memetic_search,8,F8: Hybrid Function 3,20,16,1000000,2532.0406308320507,332.04063083205074,False,1168.8518340587616
de_memetic_search,8,F8: Hybrid Function 3,20,17,1000000,2423.496509883321,223.49650988332087,False,1156.3464238643646
de_memetic_search,8,F8: Hybrid Function 3,20,18,1000000,2417.603920975846,217.603920975846,False,1152.6117794513702
de_memetic_search,8,F8: Hybrid Function 3,20,19,1000000,2413.785395826912,213.78539582691155,False,1163.4536654949188
de_memetic_search,8,F8: Hybrid Function 3,20,20,1000000,2566.9223200675897,366.9223200675897,False,1159.0872359275818
de_memetic_search,8,F8: Hybrid Function 3,20,21,1000000,2516.839285546562,316.8392855465622,False,1160.4362578392029
de_memetic_search,8,F8: Hybrid Function 3,20,22,1000000,2520.5523216975903,320.5523216975903,False,1167.6546251773834
de_memetic_search,8,F8: Hybrid Function 3,20,23,1000000,2406.299679372685,206.2996793726852,False,1153.8301479816437
de_memetic_search,8,F8: Hybrid Function 3,20,24,1000000,2371.7988045246257,171.79880452462567,False,1154.437281847
de_memetic_search,8,F8: Hybrid Function 3,20,25,1000000,2515.5043929295625,315.5043929295625,False,1193.9236841201782
de_memetic_search,8,F8: Hybrid Function 3,20,26,1000000,2413.322488388665,213.32248838866508,False,1186.405412197113
de_memetic_search,8,F8: Hybrid Function 3,20,27,1000000,2678.387587413628,478.3875874136279,False,1193.5574963092804
de_memetic_search,8,F8: Hybrid Function 3,20,28,1000000,2591.989962173438,391.989962173438,False,1160.9711022377014
de_memetic_search,8,F8: Hybrid Function 3,20,29,1000000,2367.236004882606,167.2360048826058,False,1156.2182984352112
de_memetic_search,8,F8: Hybrid Function 3,20,30,1000000,2375.136989255166,175.1369892551661,False,1153.213241815567
de_memetic_search,9,F9: Composition Function 1,20,1,1000000,2636.1754779602684,336.1754779602684,False,136.06587266921997
de_memetic_search,9,F9: Composition Function 1,20,2,1000000,2635.7066481783177,335.70664817831766,False,132.74676418304443
de_memetic_search,9,F9: Composition Function 1,20,3,1000000,2636.272269472276,336.2722694722761,False,134.37146949768066
de_memetic_search,9,F9: Composition Function 1,20,4,1000000,2635.733789473448,335.73378947344736,False,132.99264454841614
de_memetic_search,9,F9: Composition Function 1,20,5,1000000,2636.85569889832,336.85569889832004,False,135.13939690589905
de_memetic_search,9,F9: Composition Function 1,20,6,1000000,2636.4246487204286,336.42464872042865,False,134.46616220474243
de_memetic_search,9,F9: Composition Function 1,20,7,1000000,2635.7222455523192,335.72224555231924,False,133.76236057281494
de_memetic_search,9,F9: Composition Function 1,20,8,1000000,2636.375622025168,336.3756220251676,False,134.39686942100525
de_memetic_search,9,F9: Composition Function 1,20,9,1000000,2635.9099523860214,335.90995238602136,False,130.47705030441284
de_memetic_search,9,F9: Composition Function 1,20,10,1000000,2635.709106802076,335.7091068020759,False,134.23170065879822
de_memetic_search,9,F9: Composition Function 1,20,11,1000000,2636.0401110898083,336.0401110898083,False,134.07965803146362
de_memetic_search,9,F9: Composition Function 1,20,12,1000000,2636.630614155182,336.6306141551818,False,135.58252573013306
de_memetic_search,9,F9: Composition Function 1,20,13,1000000,2635.8983825080068,335.8983825080068,False,134.59819436073303
de_memetic_search,9,F9: Composition Function 1,20,14,1000000,2635.974133210059,335.9741332100589,False,133.65663647651672
de_memetic_search,9,F9: Composition Function 1,20,15,1000000,2635.839224446481,335.83922444648124,False,134.8809027671814
de_memetic_search,9,F9: Composition Function 1,20,16,1000000,2636.3964628223102,336.39646282231024,False,133.926855802536
de_memetic_search,9,F9: Composition Function 1,20,17,1000000,2636.2827258054112,336.28272580541125,False,135.05867767333984
de_memetic_search,9,F9: Composition Function 1,20,18,1000000,2635.683932308669,335.6839323086688,False,133.76863026618958
de_memetic_search,9,F9: Composition Function 1,20,19,1000000,2636.0270030090264,336.02700300902643,False,133.79149389266968
de_memetic_search,9,F9: Composition Function 1,20,20,1000000,2636.253577025633,336.25357702563315,False,135.26919293403623
de_memetic_search,9,F9: Composition Function 1,20,21,1000000,2635.964573952939,335.9645739529392,False,132.73369979858398
de_memetic_search,9,F9: Composition Function 1,20,22,1000000,2635.9255954668406,335.9255954668406,False,133.1901388168335
de_memetic_search,9,F9: Composition Function 1,20,23,1000000,2635.948839756832,335.9488397568316,False,132.8891682624817
de_memetic_search,9,F9: Composition Function 1,20,24,1000000,2636.579591018949,336.5795910189495,False,132.4058132171631
de_memetic_search,9,F9: Composition Function 1,20,25,1000000,2636.1789208429764,336.1789208429764,False,133.95948004722595
de_memetic_search,9,F9: Composition Function 1,20,26,1000000,2635.7290147824674,335.7290147824674,False,141.85238599777222
de_memetic_search,9,F9: Composition Function 1,20,27,1000000,2636.2220798322405,336.2220798322405,False,141.12688660621643
de_memetic_search,9,F9: Composition Function 1,20,28,1000000,2636.3318023017027,336.33180230170274,False,144.15893530845642
de_memetic_search,9,F9: Composition Function 1,20,29,1000000,2636.495670589816,336.4956705898162,False,144.52865958213806
de_memetic_search,9,F9: Composition Function 1,20,30,1000000,2635.829342809838,335.82934280983864,False,139.98718118667605
de_memetic_search,10,F10: Composition Function 2,20,1,1000000,5056.192401081422,2656.192401081422,False,140.9677381515503
de_memetic_search,10,F10: Composition Function 2,20,2,1000000,4988.038438071459,2588.0384380714586,False,138.89720106124878
de_memetic_search,10,F10: Composition Function 2,20,3,1000000,4848.080497177709,2448.080497177709,False,141.23086738586426
de_memetic_search,10,F10: Composition Function 2,20,4,1000000,5226.698918347825,2826.6989183478254,False,139.51187682151794
de_memetic_search,10,F10: Composition Function 2,20,5,1000000,6300.874325876121,3900.874325876121,False,141.37195134162903
de_memetic_search,10,F10: Composition Function 2,20,6,1000000,5697.278750664045,3297.278750664045,False,144.77013993263245
de_memetic_search,10,F10: Composition Function 2,20,7,1000000,5843.389114053378,3443.389114053378,False,145.18970704078674
de_memetic_search,10,F10: Composition Function 2,20,8,1000000,6295.568715110303,3895.568715110303,False,148.25699043273926
de_memetic_search,10,F10: Composition Function 2,20,9,1000000,6073.913654240339,3673.9136542403394,False,148.6472818851471
de_memetic_search,10,F10: Composition Function 2,20,10,1000000,6104.132035570904,3704.132035570904,False,143.87170314788818
de_memetic_search,10,F10: Composition Function 2,20,11,1000000,5883.108718634288,3483.1087186342875,False,141.80034255981445
de_memetic_search,10,F10: Composition Function 2,20,12,1000000,6284.5323241523765,3884.532324152377,False,138.60668063163757
de_memetic_search,10,F10: Composition Function 2,20,13,1000000,5689.822921610748,3289.8229216107475,False,138.02493596076965
de_memetic_search,10,F10: Composition Function 2,20,14,1000000,5837.316914460154,3437.3169144601543,False,140.0222246646881
de_memetic_search,10,F10: Composition Function 2,20,15,1000000,5680.960887596411,3280.960887596412,False,139.06996655464172
de_memetic_search,10,F10: Composition Function 2,20,16,1000000,5266.348095109344,2866.3480951093443,False,139.41166400909424
de_memetic_search,10,F10: Composition Function 2,20,17,1000000,5544.150569805906,3144.1505698059063,False,138.3220729827881
de_memetic_search,10,F10: Composition Function 2,20,18,1000000,6654.156920692344,4254.156920692344,False,139.10674214363098
de_memetic_search,10,F10: Composition Function 2,20,19,1000000,5578.918106022159,3178.918106022159,False,138.67150855064392
de_memetic_search,10,F10: Composition Function 2,20,20,1000000,5241.129847336186,2841.129847336186,False,141.0474886894226
de_memetic_search,10,F10: Composition Function 2,20,21,1000000,4753.958188880759,2353.958188880759,False,137.51494336128235
de_memetic_search,10,F10: Composition Function 2,20,22,1000000,2869.156972514633,469.1569725146328,False,137.56588912010193
de_memetic_search,10,F10: Composition Function 2,20,23,1000000,5540.936991618229,3140.9369916182286,False,139.9020552635193
de_memetic_search,10,F10: Composition Function 2,20,24,1000000,4776.980321306477,2376.980321306477,False,138.9679696559906
de_memetic_search,10,F10: Composition Function 2,20,25,1000000,6181.078859161094,3781.0788591610944,False,138.73416900634766
de_memetic_search,10,F10: Composition Function 2,20,26,1000000,6021.998327933514,3621.998327933514,False,139.0243754386902
de_memetic_search,10,F10: Composition Function 2,20,27,1000000,6215.093321126655,3815.093321126655,False,137.5362527370453
de_memetic_search,10,F10: Composition Function 2,20,28,1000000,6532.580765804288,4132.580765804288,False,138.28417944908142
de_memetic_search,10,F10: Composition Function 2,20,29,1000000,5318.996387743335,2918.9963877433347,False,140.71488428115845
de_memetic_search,10,F10: Composition Function 2,20,30,1000000,5397.552077311017,2997.5520773110165,False,140.27561020851135
de_memetic_search,11,F11: Composition Function 3,20,1,1000000,2600.000428463274,0.0004284632741473,False,216.5531551837921
de_memetic_search,11,F11: Composition Function 3,20,2,1000000,2628.461095766156,28.461095766156177,False,225.26520919799805
de_memetic_search,11,F11: Composition Function 3,20,3,1000000,2617.814642056979,17.81464205697921,False,229.6985559463501
de_memetic_search,11,F11: Composition Function 3,20,4,1000000,2632.1799663637694,32.17996636376938,False,226.67252612113955
de_memetic_search,11,F11: Composition Function 3,20,5,1000000,2600.0000383530933,3.83530932595022e-05,False,219.82003784179688
de_memetic_search,11,F11: Composition Function 3,20,6,1000000,2631.118535203432,31.118535203431748,False,225.5675277709961
de_memetic_search,11,F11: Composition Function 3,20,7,1000000,2600.000176591372,0.0001765913721101,False,219.9561412334442
de_memetic_search,11,F11: Composition Function 3,20,8,1000000,2600.0000006165424,6.165423656057101e-07,False,221.76201391220093
de_memetic_search,11,F11: Composition Function 3,20,9,1000000,2600.00007555943,7.555943011539057e-05,False,223.98200154304504
de_memetic_search,11,F11: Composition Function 3,20,10,1000000,2600.000353679007,0.000353679006821,False,222.8568274974823
de_memetic_search,11,F11: Composition Function 3,20,11,1000000,2600.000129849295,0.000129849294808,False,221.07736444473267
de_memetic_search,11,F11: Composition Function 3,20,12,1000000,2600.0000466556858,4.66556857645628e-05,False,219.7140526771545
de_memetic_search,11,F11: Composition Function 3,20,13,1000000,2619.9154727716405,19.91547277164045,False,226.8727729320526
de_memetic_search,11,F11: Composition Function 3,20,14,1000000,2630.4417367727906,30.44173677279059,False,228.2545108795166
de_memetic_search,11,F11: Composition Function 3,20,15,1000000,2600.00012434922,0.0001243492201865,False,226.05095982551572
de_memetic_search,11,F11: Composition Function 3,20,16,1000000,2622.769256660043,22.769256660043084,False,233.88639664649963
de_memetic_search,11,F11: Composition Function 3,20,17,1000000,2600.000414075748,0.0004140757473578,False,224.6972999572754
de_memetic_search,11,F11: Composition Function 3,20,18,1000000,2600.0002461190284,0.0002461190283611,False,225.83253049850464
de_memetic_search,11,F11: Composition Function 3,20,19,1000000,2632.735015543806,32.735015543806185,False,241.636123418808
de_memetic_search,11,F11: Composition Function 3,20,20,1000000,2600.0001789538164,0.0001789538164302,False,251.2124571800232
de_memetic_search,11,F11: Composition Function 3,20,21,1000000,2600.0004227130858,0.0004227130857543,False,246.82477283477783
de_memetic_search,11,F11: Composition Function 3,20,22,1000000,2600.0000013126505,1.312650510953972e-06,False,223.40660953521729
de_memetic_search,11,F11: Composition Function 3,20,23,1000000,2600.0004487426504,0.0004487426504056,False,219.2607443332672
de_memetic_search,11,F11: Composition Function 3,20,24,1000000,2600.000075576415,7.557641492894618e-05,False,225.56082344055176
de_memetic_search,11,F11: Composition Function 3,20,25,1000000,2600.0004474579155,0.0004474579154702,False,224.85212111473083
de_memetic_search,11,F11: Composition Function 3,20,26,1000000,2600.00012631572,0.0001263157196262,False,222.6021893024445
de_memetic_search,11,F11: Composition Function 3,20,27,1000000,2600.0001494964013,0.0001494964012636,False,225.0212600231171
de_memetic_search,11,F11: Composition Function 3,20,28,1000000,2600.0001722284733,0.000172228473275,False,234.40199947357175
de_memetic_search,11,F11: Composition Function 3,20,29,1000000,2600.000200191674,0.0002001916741392,False,274.58911991119385
de_memetic_search,11,F11: Composition Function 3,20,30,1000000,2631.42539919188,31.425399191879933,False,301.372718334198
de_memetic_search,12,F12: Composition Function 4,20,1,1000000,3392.996333880269,692.996333880269,False,329.98032569885254
de_memetic_search,12,F12: Composition Function 4,20,2,1000000,3260.866841241512,560.8668412415122,False,300.7519466876984
de_memetic_search,12,F12: Composition Function 4,20,3,1000000,3373.6327622849767,673.6327622849767,False,317.47031593322754
de_memetic_search,12,F12: Composition Function 4,20,4,1000000,3417.4892449315275,717.4892449315275,False,302.97796535491943
de_memetic_search,12,F12: Composition Function 4,20,5,1000000,3556.7828843898715,856.7828843898715,False,284.19483637809753
de_memetic_search,12,F12: Composition Function 4,20,6,1000000,3632.647211417934,932.6472114179342,False,266.10911321640015
de_memetic_search,12,F12: Composition Function 4,20,7,1000000,3425.4691685131493,725.4691685131493,False,305.96703362464905
de_memetic_search,12,F12: Composition Function 4,20,8,1000000,3441.7558534226914,741.7558534226914,False,313.5908100605011
de_memetic_search,12,F12: Composition Function 4,20,9,1000000,3252.0189422582444,552.0189422582444,False,282.2539119720459
de_memetic_search,12,F12: Composition Function 4,20,10,1000000,3507.841402758494,807.841402758494,False,267.2626917362213
de_memetic_search,12,F12: Composition Function 4,20,11,1000000,3423.7681237962224,723.7681237962224,False,328.9836976528168
de_memetic_search,12,F12: Composition Function 4,20,12,1000000,3362.1852369324097,662.1852369324097,False,324.0069422721863
de_memetic_search,12,F12: Composition Function 4,20,13,1000000,3601.43065735021,901.43065735021,False,290.84412360191345
de_memetic_search,12,F12: Composition Function 4,20,14,1000000,3459.626555271297,759.6265552712975,False,296.55899000167847
de_memetic_search,12,F12: Composition Function 4,20,15,1000000,3537.405101350592,837.4051013505918,False,309.0291666984558
de_memetic_search,12,F12: Composition Function 4,20,16,1000000,3620.056233627744,920.0562336277436,False,309.7378444671631
de_memetic_search,12,F12: Composition Function 4,20,17,1000000,3508.246599091588,808.246599091588,False,286.7692403793335
de_memetic_search,12,F12: Composition Function 4,20,18,1000000,3877.4915240844393,1177.491524084439,False,245.6199088096619
de_memetic_search,12,F12: Composition Function 4,20,19,1000000,3130.1778598818937,430.1778598818937,False,250.84458875656128
de_memetic_search,12,F12: Composition Function 4,20,20,1000000,3540.276989784901,840.2769897849012,False,247.8759489059448
de_memetic_search,12,F12: Composition Function 4,20,21,1000000,3687.743377537032,987.7433775370314,False,247.3868932723999
de_memetic_search,12,F12: Composition Function 4,20,22,1000000,3294.3691845171447,594.3691845171447,False,250.5069878101349
de_memetic_search,12,F12: Composition Function 4,20,23,1000000,3423.784621462712,723.7846214627116,False,253.1996638774872
de_memetic_search,12,F12: Composition Function 4,20,24,1000000,3305.147961408965,605.1479614089649,False,256.2432634830475
de_memetic_search,12,F12: Composition Function 4,20,25,1000000,3448.7741291102216,748.7741291102216,False,255.40275311470032
de_memetic_search,12,F12: Composition Function 4,20,26,1000000,3283.420390010796,583.4203900107959,False,243.66334104537964
de_memetic_search,12,F12: Composition Function 4,20,27,1000000,3531.8017892011057,831.8017892011057,False,247.9471037387848
de_memetic_search,12,F12: Composition Function 4,20,28,1000000,3225.184502992256,525.1845029922561,False,250.90526247024536
de_memetic_search,12,F12: Composition Function 4,20,29,1000000,3501.011028421645,801.0110284216448,False,248.5452988147736
de_memetic_search,12,F12: Composition Function 4,20,30,1000000,3987.9428821112656,1287.9428821112656,False,248.7721331119537
de_perturbation,1,F1: Shifted and full Rotated Zakharov Function,10,1,200000,300.4676512693207,0.4676512693206973,False,7.711815357208252
de_perturbation,1,F1: Shifted and full Rotated Zakharov Function,10,2,200000,300.2904788453218,0.2904788453217861,False,7.539273500442505
de_perturbation,1,F1: Shifted and full Rotated Zakharov Function,10,3,200000,300.8758074747625,0.8758074747625528,False,7.667953729629517
de_perturbation,1,F1: Shifted and full Rotated Zakharov Function,10,4,200000,300.4433343484391,0.443334348439123,False,7.607674360275267
de_perturbation,1,F1: Shifted and full Rotated Zakharov Function,10,5,200000,300.3749642281555,0.374964228155477,False,7.056857109069824
de_perturbation,1,F1: Shifted and full Rotated Zakharov Function,10,6,200000,300.51096535233256,0.5109653523325619,False,7.4421045780181885
de_perturbation,1,F1: Shifted and full Rotated Zakharov Function,10,7,200000,300.5050269637941,0.5050269637940801,False,6.896106958389282
de_perturbation,1,F1: Shifted and full Rotated Zakharov Function,10,8,200000,300.3443998887852,0.3443998887851762,False,7.444942712783813
de_perturbation,1,F1: Shifted and full Rotated Zakharov Function,10,9,200000,300.19531733977834,0.1953173397783416,False,7.260297775268555
de_perturbation,1,F1: Shifted and full Rotated Zakharov Function,10,10,200000,300.27759560141715,0.277595601417147,False,6.943495512008667
de_perturbation,1,F1: Shifted and full Rotated Zakharov Function,10,11,200000,300.3230929588331,0.323092958833115,False,8.008808851242065
de_perturbation,1,F1: Shifted and full Rotated Zakharov Function,10,12,200000,300.1940107541012,0.1940107541012139,False,7.529401540756226
de_perturbation,1,F1: Shifted and full Rotated Zakharov Function,10,13,200000,300.4431645915732,0.4431645915731792,False,6.985764980316162
de_perturbation,1,F1: Shifted and full Rotated Zakharov Function,10,14,200000,300.0903829882897,0.0903829882897184,False,7.340226650238037
de_perturbation,1,F1: Shifted and full Rotated Zakharov Function,10,15,200000,300.2831006413025,0.2831006413024965,False,7.4943296909332275
de_perturbation,1,F1: Shifted and full Rotated Zakharov Function,10,16,200000,300.8702714435454,0.8702714435453913,False,7.149539232254028
de_perturbation,1,F1: Shifted and full Rotated Zakharov Function,10,17,200000,300.1170033152704,0.1170033152703808,False,7.10541844367981
de_perturbation,1,F1: Shifted and full Rotated Zakharov Function,10,18,200000,300.3418271487648,0.3418271487648212,False,7.250571012496948
de_perturbation,1,F1: Shifted and full Rotated Zakharov Function,10,19,200000,300.2739938988578,0.2739938988577819,False,7.329135179519653
de_perturbation,1,F1: Shifted and full Rotated Zakharov Function,10,20,200000,300.4894632087217,0.4894632087217019,False,7.425211668014526
de_perturbation,1,F1: Shifted and full Rotated Zakharov Function,10,21,200000,300.1199969719676,0.1199969719675664,False,7.216118574142456
de_perturbation,1,F1: Shifted and full Rotated Zakharov Function,10,22,200000,300.1320556579273,0.1320556579273102,False,7.136906147003174
de_perturbation,1,F1: Shifted and full Rotated Zakharov Function,10,23,200000,300.4610397363525,0.461039736352518,False,7.385166645050049
de_perturbation,1,F1: Shifted and full Rotated Zakharov Function,10,24,200000,300.4634627887247,0.463462788724712,False,7.276942729949951
de_perturbation,1,F1: Shifted and full Rotated Zakharov Function,10,25,200000,300.234416816447,0.2344168164469806,False,7.346858024597168
de_perturbation,1,F1: Shifted and full Rotated Zakharov Function,10,26,200000,300.357502881198,0.3575028811980019,False,7.403341293334961
de_perturbation,1,F1: Shifted and full Rotated Zakharov Function,10,27,200000,300.16346403134463,0.1634640313446311,False,7.33989667892456
de_perturbation,1,F1: Shifted and full Rotated Zakharov Function,10,28,200000,300.331093120109,0.331093120109017,False,6.925517797470093
de_perturbation,1,F1: Shifted and full Rotated Zakharov Function,10,29,200000,300.17956958677223,0.1795695867722315,False,7.473996162414551
de_perturbation,1,F1: Shifted and full Rotated Zakharov Function,10,30,200000,300.1759106006735,0.1759106006734896,False,7.151651382446289
de_perturbation,2,F2: Shifted and Rotated Rosenbrock’s Function,10,1,200000,408.9238409249705,8.923840924970477,False,8.942240238189697
de_perturbation,2,F2: Shifted and Rotated Rosenbrock’s Function,10,2,200000,405.8485424702313,5.84854247023128,False,8.697245836257935
de_perturbation,2,F2: Shifted and Rotated Rosenbrock’s Function,10,3,200000,408.9193461453097,8.919346145309646,False,8.865866899490356
de_perturbation,2,F2: Shifted and Rotated Rosenbrock’s Function,10,4,200000,408.9187089523368,8.918708952336772,False,8.820993185043335
de_perturbation,2,F2: Shifted and Rotated Rosenbrock’s Function,10,5,200000,404.6497284935989,4.6497284935989,False,8.739939451217651
de_perturbation,2,F2: Shifted and Rotated Rosenbrock’s Function,10,6,200000,404.3784516263397,4.378451626339711,False,8.56536340713501
de_perturbation,2,F2: Shifted and Rotated Rosenbrock’s Function,10,7,200000,408.9187619827123,8.918761982712283,False,8.84769344329834
de_perturbation,2,F2: Shifted and Rotated Rosenbrock’s Function,10,8,200000,404.94657519656016,4.946575196560161,False,9.029778242111206
de_perturbation,2,F2: Shifted and Rotated Rosenbrock’s Function,10,9,200000,408.9206469549022,8.920646954902224,False,8.645979881286621
de_perturbation,2,F2: Shifted and Rotated Rosenbrock’s Function,10,10,200000,405.5255976985101,5.525597698510126,False,8.714483737945557
de_perturbation,2,F2: Shifted and Rotated Rosenbrock’s Function,10,11,200000,408.9191454852721,8.91914548527211,False,8.496243715286255
de_perturbation,2,F2: Shifted and Rotated Rosenbrock’s Function,10,12,200000,408.9188952052573,8.918895205257286,False,8.624130010604858
de_perturbation,2,F2: Shifted and Rotated Rosenbrock’s Function,10,13,200000,405.0603854083794,5.060385408379375,False,8.92166519165039
de_perturbation,2,F2: Shifted and Rotated Rosenbrock’s Function,10,14,200000,400.10432850116575,0.1043285011657531,False,8.697834014892578
de_perturbation,2,F2: Shifted and Rotated Rosenbrock’s Function,10,15,200000,408.9206820222762,8.920682022276196,False,8.908819437026978
de_perturbation,2,F2: Shifted and Rotated Rosenbrock’s Function,10,16,200000,405.3652440891559,5.365244089155851,False,8.85116958618164
de_perturbation,2,F2: Shifted and Rotated Rosenbrock’s Function,10,17,200000,408.9192693275587,8.919269327558709,False,8.727981328964233
de_perturbation,2,F2: Shifted and Rotated Rosenbrock’s Function,10,18,200000,408.9196217517541,8.91962175175405,False,8.563095092773438
de_perturbation,2,F2: Shifted and Rotated Rosenbrock’s Function,10,19,200000,408.9184445208671,8.91844452086707,False,8.476906538009644
de_perturbation,2,F2: Shifted and Rotated Rosenbrock’s Function,10,20,200000,404.6652805584943,4.665280558494317,False,8.326717376708984
de_perturbation,2,F2: Shifted and Rotated Rosenbrock’s Function,10,21,200000,404.6058148599456,4.60581485994561,False,8.517618894577026
de_perturbation,2,F2: Shifted and Rotated Rosenbrock’s Function,10,22,200000,400.36123673307344,0.36123673307344,False,8.716711044311523
de_perturbation,2,F2: Shifted and Rotated Rosenbrock’s Function,10,23,200000,408.9199572260144,8.91995722601439,False,8.655646324157715
de_perturbation,2,F2: Shifted and Rotated Rosenbrock’s Function,10,24,200000,405.11244636887545,5.112446368875453,False,8.843400001525879
de_perturbation,2,F2: Shifted and Rotated Rosenbrock’s Function,10,25,200000,408.91930034759895,8.919300347598949,False,8.765426635742188
de_perturbation,2,F2: Shifted and Rotated Rosenbrock’s Function,10,26,200000,404.79796136070416,4.797961360704164,False,8.229315757751465
de_perturbation,2,F2: Shifted and Rotated Rosenbrock’s Function,10,27,200000,408.9206026284901,8.920602628490144,False,8.865135669708252
de_perturbation,2,F2: Shifted and Rotated Rosenbrock’s Function,10,28,200000,408.921067917599,8.921067917598975,False,8.731643915176392
de_perturbation,2,F2: Shifted and Rotated Rosenbrock’s Function,10,29,200000,408.9181637276508,8.918163727650779,False,8.469600677490234
de_perturbation,2,F2: Shifted and Rotated Rosenbrock’s Function,10,30,200000,408.9181627446773,8.918162744677318,False,8.987346649169922
de_perturbation,3,F3: Shifted and full Rotated Expanded Schaffer’s F7,10,1,200000,600.0000190639388,1.90639387938063e-05,False,12.277374744415283
de_perturbation,3,F3: Shifted and full Rotated Expanded Schaffer’s F7,10,2,200000,600.0000051488947,5.148894729245512e-06,False,12.15181851387024
de_perturbation,3,F3: Shifted and full Rotated Expanded Schaffer’s F7,10,3,200000,600.0000074316196,7.431619565068104e-06,False,11.957939624786375
de_perturbation,3,F3: Shifted and full Rotated Expanded Schaffer’s F7,10,4,200000,600.000003485303,3.485302954686631e-06,False,12.618848085403442
de_perturbation,3,F3: Shifted and full Rotated Expanded Schaffer’s F7,10,5,200000,600.0000044561128,4.456112833395309e-06,False,12.164772272109984
de_perturbation,3,F3: Shifted and full Rotated Expanded Schaffer’s F7,10,6,200000,600.0000032423542,3.242354182475537e-06,False,12.72825026512146
de_perturbation,3,F3: Shifted and full Rotated Expanded Schaffer’s F7,10,7,200000,600.0000030905599,3.090559857810149e-06,False,12.502970695495604
de_perturbation,3,F3: Shifted and full Rotated Expanded Schaffer’s F7,10,8,200000,600.0000036948446,3.694844622259552e-06,False,12.189244508743286
de_perturbation,3,F3: Shifted and full Rotated Expanded Schaffer’s F7,10,9,200000,600.0000080417051,8.041705086725415e-06,False,12.49419617652893
de_perturbation,3,F3: Shifted and full Rotated Expanded Schaffer’s F7,10,10,200000,600.0000098966827,9.896682740873077e-06,False,12.28147268295288
de_perturbation,3,F3: Shifted and full Rotated Expanded Schaffer’s F7,10,11,200000,600.0000026301828,2.630182848406548e-06,False,12.605295181274414
de_perturbation,3,F3: Shifted and full Rotated Expanded Schaffer’s F7,10,12,200000,600.0000066122344,6.612234415115381e-06,False,12.000374794006348
de_perturbation,3,F3: Shifted and full Rotated Expanded Schaffer’s F7,10,13,200000,600.0000042879593,4.287959313842293e-06,False,12.34726071357727
de_perturbation,3,F3: Shifted and full Rotated Expanded Schaffer’s F7,10,14,200000,600.0000063513006,6.351300612550404e-06,False,12.207290649414062
de_perturbation,3,F3: Shifted and full Rotated Expanded Schaffer’s F7,10,15,200000,600.0000047610223,4.761022296406736e-06,False,12.436064958572388
de_perturbation,3,F3: Shifted and full Rotated Expanded Schaffer’s F7,10,16,200000,600.0000053383906,5.3383905651571695e-06,False,12.231366634368896
de_perturbation,3,F3: Shifted and full Rotated Expanded Schaffer’s F7,10,17,200000,600.0000052132792,5.213279223426071e-06,False,12.45586395263672
de_perturbation,3,F3: Shifted and full Rotated Expanded Schaffer’s F7,10,18,200000,600.0000063702486,6.37024857041979e-06,False,12.006839752197266
de_perturbation,3,F3: Shifted and full Rotated Expanded Schaffer’s F7,10,19,200000,600.0000049654354,4.9654354370431975e-06,False,12.27251935005188
de_perturbation,3,F3: Shifted and full Rotated Expanded Schaffer’s F7,10,20,200000,600.0000085084746,8.508474593327264e-06,False,12.465566873550417
de_perturbation,3,F3: Shifted and full Rotated Expanded Schaffer’s F7,10,21,200000,600.0000045823322,4.582332167046843e-06,False,12.112830877304075
de_perturbation,3,F3: Shifted and full Rotated Expanded Schaffer’s F7,10,22,200000,600.0000033923151,3.3923150795089896e-06,False,12.366522073745728
de_perturbation,3,F3: Shifted and full Rotated Expanded Schaffer’s F7,10,23,200000,600.0000033669395,3.3669394952084986e-06,False,12.979459285736084
de_perturbation,3,F3: Shifted and full Rotated Expanded Schaffer’s F7,10,24,200000,600.0000027742366,2.774236577351985e-06,False,12.731764554977415
de_perturbation,3,F3: Shifted and full Rotated Expanded Schaffer’s F7,10,25,200000,600.0000071413942,7.141394235077314e-06,False,12.421356201171877
de_perturbation,3,F3: Shifted and full Rotated Expanded Schaffer’s F7,10,26,200000,600.0000053532085,5.353208507585805e-06,False,12.266384601593018
de_perturbation,3,F3: Shifted and full Rotated Expanded Schaffer’s F7,10,27,200000,600.0000054836314,5.483631412062096e-06,False,12.173917531967165
de_perturbation,3,F3: Shifted and full Rotated Expanded Schaffer’s F7,10,28,200000,600.0000059930622,5.993062245579495e-06,False,12.270079851150513
de_perturbation,3,F3: Shifted and full Rotated Expanded Schaffer’s F7,10,29,200000,600.0000037996253,3.7996253468008953e-06,False,12.505431175231934
de_perturbation,3,F3: Shifted and full Rotated Expanded Schaffer’s F7,10,30,200000,600.0000023128147,2.312814672222885e-06,False,12.541683912277222
de_perturbation,4,F4: Shifted and Rotated Non-Continuous Rastrigin’s Function,10,1,200000,873.562066247822,73.56206624782203,False,17.777435064315796
de_perturbation,4,F4: Shifted and Rotated Non-Continuous Rastrigin’s Function,10,2,200000,850.8276211455308,50.82762114553077,False,17.767072439193726
de_perturbation,4,F4: Shifted and Rotated Non-Continuous Rastrigin’s Function,10,3,200000,840.2187636295723,40.21876362957232,False,17.977317094802856
de_perturbation,4,F4: Shifted and Rotated Non-Continuous Rastrigin’s Function,10,4,200000,844.602480402102,44.602480402101946,False,17.895532369613647
de_perturbation,4,F4: Shifted and Rotated Non-Continuous Rastrigin’s Function,10,5,200000,850.0,50.0,False,17.812024354934692
de_perturbation,4,F4: Shifted and Rotated Non-Continuous Rastrigin’s Function,10,6,200000,867.6896874534353,67.68968745343534,False,17.80472731590271
de_perturbation,4,F4: Shifted and Rotated Non-Continuous Rastrigin’s Function,10,7,200000,883.3092405098408,83.30924050984083,False,18.1592390537262
de_perturbation,4,F4: Shifted and Rotated Non-Continuous Rastrigin’s Function,10,8,200000,863.9088887970189,63.9088887970189,False,17.703482151031494
de_perturbation,4,F4: Shifted and Rotated Non-Continuous Rastrigin’s Function,10,9,200000,870.0,70.0,False,17.906198024749756
de_perturbation,4,F4: Shifted and Rotated Non-Continuous Rastrigin’s Function,10,10,200000,873.9814786502444,73.98147865024441,False,17.21338200569153
de_perturbation,4,F4: Shifted and Rotated Non-Continuous Rastrigin’s Function,10,11,200000,868.6213334763429,68.6213334763429,False,18.00782585144043
de_perturbation,4,F4: Shifted and Rotated Non-Continuous Rastrigin’s Function,10,12,200000,850.014676403117,50.01467640311705,False,17.821579217910767
de_perturbation,4,F4: Shifted and Rotated Non-Continuous Rastrigin’s Function,10,13,200000,873.766655775726,73.76665577572601,False,18.252169847488403
de_perturbation,4,F4: Shifted and Rotated Non-Continuous Rastrigin’s Function,10,14,200000,866.8963152433321,66.89631524333208,False,17.772719144821167
de_perturbation,4,F4: Shifted and Rotated Non-Continuous Rastrigin’s Function,10,15,200000,889.4360811377788,89.43608113777884,False,17.923365592956543
de_perturbation,4,F4: Shifted and Rotated Non-Continuous Rastrigin’s Function,10,16,200000,846.0002198639786,46.0002198639786,False,17.760533571243286
de_perturbation,4,F4: Shifted and Rotated Non-Continuous Rastrigin’s Function,10,17,200000,849.6658280794602,49.6658280794602,False,18.22748613357544
de_perturbation,4,F4: Shifted and Rotated Non-Continuous Rastrigin’s Function,10,18,200000,870.1506681661946,70.15066816619458,False,17.63526678085327
de_perturbation,4,F4: Shifted and Rotated Non-Continuous Rastrigin’s Function,10,19,200000,845.3945256857198,45.39452568571983,False,17.61897850036621
de_perturbation,4,F4: Shifted and Rotated Non-Continuous Rastrigin’s Function,10,20,200000,883.162999801247,83.162999801247,False,17.80055332183838
de_perturbation,4,F4: Shifted and Rotated Non-Continuous Rastrigin’s Function,10,21,200000,868.5,68.5,False,17.899109363555908
de_perturbation,4,F4: Shifted and Rotated Non-Continuous Rastrigin’s Function,10,22,200000,854.8938680811921,54.89386808119207,False,17.95536494255066
de_perturbation,4,F4: Shifted and Rotated Non-Continuous Rastrigin’s Function,10,23,200000,875.0931069140679,75.0931069140679,False,18.702192306518555
de_perturbation,4,F4: Shifted and Rotated Non-Continuous Rastrigin’s Function,10,24,200000,868.5014596544887,68.50145965448871,False,17.861286878585815
de_perturbation,4,F4: Shifted and Rotated Non-Continuous Rastrigin’s Function,10,25,200000,860.7466592783942,60.74665927839419,False,17.900736808776855
de_perturbation,4,F4: Shifted and Rotated Non-Continuous Rastrigin’s Function,10,26,200000,873.3774398871697,73.37743988716966,False,17.69644594192505
de_perturbation,4,F4: Shifted and Rotated Non-Continuous Rastrigin’s Function,10,27,200000,881.2644811824397,81.26448118243968,False,18.336772441864014
de_perturbation,4,F4: Shifted and Rotated Non-Continuous Rastrigin’s Function,10,28,200000,852.1001044956198,52.1001044956198,False,17.48088240623474
de_perturbation,4,F4: Shifted and Rotated Non-Continuous Rastrigin’s Function,10,29,200000,875.9999212523392,75.99992125233916,False,17.516621351242065
de_perturbation,4,F4: Shifted and Rotated Non-Continuous Rastrigin’s Function,10,30,200000,871.6133142454306,71.61331424543062,False,18.234657526016235
de_perturbation,5,F5: Shifted and Rotated Levy Function,10,1,200000,900.0005475966977,0.0005475966977428,False,10.675265789031982
de_perturbation,5,F5: Shifted and Rotated Levy Function,10,2,200000,900.0005610495523,0.0005610495522887,False,10.8699688911438
de_perturbation,5,F5: Shifted and Rotated Levy Function,10,3,200000,900.0003596705232,0.0003596705231529,False,10.452838897705078
de_perturbation,5,F5: Shifted and Rotated Levy Function,10,4,200000,900.0008286726245,0.0008286726244932,False,10.797367811203005
de_perturbation,5,F5: Shifted and Rotated Levy Function,10,5,200000,900.0006438551574,0.0006438551573637,False,10.49130082130432
de_perturbation,5,F5: Shifted and Rotated Levy Function,10,6,200000,900.0002802390999,0.0002802390998795,False,10.288519144058228
de_perturbation,5,F5: Shifted and Rotated Levy Function,10,7,200000,900.0005537564916,0.0005537564916267,False,10.748622179031372
de_perturbation,5,F5: Shifted and Rotated Levy Function,10,8,200000,900.0005800428962,0.0005800428962174,False,10.175835132598875
de_perturbation,5,F5: Shifted and Rotated Levy Function,10,9,200000,900.0006440902235,0.0006440902235453,False,10.54131007194519
de_perturbation,5,F5: Shifted and Rotated Levy Function,10,10,200000,900.0004467075843,0.000446707584274,False,10.39042329788208
de_perturbation,5,F5: Shifted and Rotated Levy Function,10,11,200000,900.0002300052288,0.0002300052287864,False,10.802237510681152
de_perturbation,5,F5: Shifted and Rotated Levy Function,10,12,200000,900.0004152428799,0.0004152428798533,False,10.861005067825316
de_perturbation,5,F5: Shifted and Rotated Levy Function,10,13,200000,900.0007006716886,0.0007006716886053,False,10.43640661239624
de_perturbation,5,F5: Shifted and Rotated Levy Function,10,14,200000,900.0004364110762,0.0004364110761798,False,10.748883724212646
de_perturbation,5,F5: Shifted and Rotated Levy Function,10,15,200000,900.0002016325317,0.0002016325316844,False,10.634681463241575
de_perturbation,5,F5: Shifted and Rotated Levy Function,10,16,200000,900.0003656774811,0.0003656774811133,False,10.686262607574465
de_perturbation,5,F5: Shifted and Rotated Levy Function,10,17,200000,900.0006593316942,0.0006593316942371,False,10.568767547607422
de_perturbation,5,F5: Shifted and Rotated Levy Function,10,18,200000,900.0009143577768,0.0009143577767645,False,10.696893453598022
de_perturbation,5,F5: Shifted and Rotated Levy Function,10,19,200000,900.0001758342628,0.0001758342627908,False,10.021503925323486
de_perturbation,5,F5: Shifted and Rotated Levy Function,10,20,200000,900.0007785631742,0.0007785631742081,False,10.87861943244934
de_perturbation,5,F5: Shifted and Rotated Levy Function,10,21,200000,900.0003269018305,0.0003269018304763,False,10.375993728637695
de_perturbation,5,F5: Shifted and Rotated Levy Function,10,22,200000,900.001057825283,0.0010578252830555,False,10.349225997924805
de_perturbation,5,F5: Shifted and Rotated Levy Function,10,23,200000,900.0005960528762,0.0005960528761761,False,10.570293188095093
de_perturbation,5,F5: Shifted and Rotated Levy Function,10,24,200000,900.0003162626268,0.0003162626268249,False,10.786226034164429
de_perturbation,5,F5: Shifted and Rotated Levy Function,10,25,200000,900.0008171814894,0.000817181489424,False,10.825369596481323
de_perturbation,5,F5: Shifted and Rotated Levy Function,10,26,200000,900.0010340743397,0.0010340743397136,False,10.853054523468018
de_perturbation,5,F5: Shifted and Rotated Levy Function,10,27,200000,900.0003487951222,0.0003487951222496,False,10.515358924865724
de_perturbation,5,F5: Shifted and Rotated Levy Function,10,28,200000,900.0005256859291,0.0005256859291193,False,10.903719663619995
de_perturbation,5,F5: Shifted and Rotated Levy Function,10,29,200000,900.0006522929681,0.0006522929680841,False,10.81421399116516
de_perturbation,5,F5: Shifted and Rotated Levy Function,10,30,200000,900.0004243983468,0.0004243983468086,False,10.364250659942629
de_perturbation,6,F6: Hybrid Function 1,10,1,200000,4090.0827427459208,2290.0827427459208,False,11.784319877624512
de_perturbation,6,F6: Hybrid Function 1,10,2,200000,3260.9587665316044,1460.9587665316044,False,12.48718285560608
de_perturbation,6,F6: Hybrid Function 1,10,3,200000,4668.846237612928,2868.846237612928,False,12.12407898902893
de_perturbation,6,F6: Hybrid Function 1,10,4,200000,13665.351334218847,11865.351334218847,False,11.792831420898438
de_perturbation,6,F6: Hybrid Function 1,10,5,200000,50250.30994776115,48450.30994776115,False,12.27927017211914
de_perturbation,6,F6: Hybrid Function 1,10,6,200000,35719.242032490925,33919.242032490925,False,11.88529086112976
de_perturbation,6,F6: Hybrid Function 1,10,7,200000,15330.292235832683,13530.292235832683,False,12.405350923538208
de_perturbation,6,F6: Hybrid Function 1,10,8,200000,10989.120186304024,9189.120186304024,False,11.907653570175173
de_perturbation,6,F6: Hybrid Function 1,10,9,200000,16951.403062519687,15151.403062519688,False,11.96069049835205
de_perturbation,6,F6: Hybrid Function 1,10,10,200000,2843.912938092394,1043.912938092394,False,12.28220272064209
de_perturbation,6,F6: Hybrid Function 1,10,11,200000,4491.512830311431,2691.5128303114307,False,11.893537282943726
de_perturbation,6,F6: Hybrid Function 1,10,12,200000,12811.553991117298,11011.553991117298,False,12.100597143173218
de_perturbation,6,F6: Hybrid Function 1,10,13,200000,2063.1748445399044,263.1748445399044,False,11.943190574645996
de_perturbation,6,F6: Hybrid Function 1,10,14,200000,15735.01542485874,13935.01542485874,False,12.097753047943115
de_perturbation,6,F6: Hybrid Function 1,10,15,200000,2457.6310545517,657.6310545516999,False,11.84388780593872
de_perturbation,6,F6: Hybrid Function 1,10,16,200000,34613.16742187466,32813.16742187466,False,11.984266996383669
de_perturbation,6,F6: Hybrid Function 1,10,17,200000,9080.079278131989,7280.079278131987,False,11.985318422317505
de_perturbation,6,F6: Hybrid Function 1,10,18,200000,5823.799805641105,4023.799805641105,False,12.219259977340698
de_perturbation,6,F6: Hybrid Function 1,10,19,200000,7597.124096008464,5797.124096008464,False,11.627957582473757
de_perturbation,6,F6: Hybrid Function 1,10,20,200000,41091.40082100961,39291.40082100961,False,11.918863773345947
de_perturbation,6,F6: Hybrid Function 1,10,21,200000,4443.737958503771,2643.73795850377,False,12.44749903678894
de_perturbation,6,F6: Hybrid Function 1,10,22,200000,41496.57699419129,39696.57699419129,False,12.014828443527222
de_perturbation,6,F6: Hybrid Function 1,10,23,200000,25107.278450480197,23307.278450480197,False,12.267451524734495
de_perturbation,6,F6: Hybrid Function 1,10,24,200000,40588.407378823205,38788.407378823205,False,12.52047348022461
de_perturbation,6,F6: Hybrid Function 1,10,25,200000,10635.190739919111,8835.190739919111,False,12.232614040374756
de_perturbation,6,F6: Hybrid Function 1,10,26,200000,16591.299514600436,14791.299514600436,False,11.990477561950684
de_perturbation,6,F6: Hybrid Function 1,10,27,200000,34271.65533961245,32471.65533961245,False,12.073844909667969
de_perturbation,6,F6: Hybrid Function 1,10,28,200000,29680.384191680947,27880.384191680947,False,12.363458156585692
de_perturbation,6,F6: Hybrid Function 1,10,29,200000,29704.2178710387,27904.2178710387,False,12.07875156402588
de_perturbation,6,F6: Hybrid Function 1,10,30,200000,30612.87519566264,28812.87519566264,False,12.073666334152222
de_perturbation,7,F7: Hybrid Function 2,10,1,200000,2040.930877839574,40.93087783957412,False,96.60939288139345
de_perturbation,7,F7: Hybrid Function 2,10,2,200000,2031.1683654710223,31.168365471022295,False,96.1600422859192
de_perturbation,7,F7: Hybrid Function 2,10,3,200000,2021.7277024000575,21.72770240005775,False,96.52544236183168
de_perturbation,7,F7: Hybrid Function 2,10,4,200000,2141.0220546672185,141.02205466721853,False,97.07058358192444
de_perturbation,7,F7: Hybrid Function 2,10,5,200000,2021.6180645279603,21.618064527960318,False,96.62040448188782
de_perturbation,7,F7: Hybrid Function 2,10,6,200000,2029.908165385197,29.90816538519698,False,96.39768624305724
de_perturbation,7,F7: Hybrid Function 2,10,7,200000,2023.029982523098,23.029982523097942,False,97.36304998397829
de_perturbation,7,F7: Hybrid Function 2,10,8,200000,2030.619845285914,30.619845285913925,False,95.52581787109376
de_perturbation,7,F7: Hybrid Function 2,10,9,200000,2033.3377856052089,33.33778560520864,False,97.13209462165833
de_perturbation,7,F7: Hybrid Function 2,10,10,200000,2030.4523773648189,30.452377364818854,False,96.28099775314332
de_perturbation,7,F7: Hybrid Function 2,10,11,200000,2026.767596213928,26.767596213927845,False,95.81266713142396
de_perturbation,7,F7: Hybrid Function 2,10,12,200000,2024.0500906514608,24.050090651461232,False,96.8661527633667
de_perturbation,7,F7: Hybrid Function 2,10,13,200000,2133.605489699316,133.60548969931597,False,96.63728094100952
de_perturbation,7,F7: Hybrid Function 2,10,14,200000,2031.92846280176,31.92846280175968,False,95.61655950546265
de_perturbation,7,F7: Hybrid Function 2,10,15,200000,2023.0067151462704,23.00671514627038,False,96.61156702041626
de_perturbation,7,F7: Hybrid Function 2,10,16,200000,2029.5546099018093,29.5546099018095,False,95.6526107788086
de_perturbation,7,F7: Hybrid Function 2,10,17,200000,2023.9949522857569,23.994952285756654,False,95.3318648338318
de_perturbation,7,F7: Hybrid Function 2,10,18,200000,2025.7071011801877,25.707101180187465,False,95.45546984672546
de_perturbation,7,F7: Hybrid Function 2,10,19,200000,2028.8684415274167,28.86844152741719,False,95.49218487739564
de_perturbation,7,F7: Hybrid Function 2,10,20,200000,2128.46903155513,128.46903155513064,False,95.99951505661012
de_perturbation,7,F7: Hybrid Function 2,10,21,200000,2043.2313383685027,43.23133836850275,False,95.46590662002563
de_perturbation,7,F7: Hybrid Function 2,10,22,200000,2056.3511272367764,56.35112723677639,False,94.8343424797058
de_perturbation,7,F7: Hybrid Function 2,10,23,200000,2033.304046909459,33.304046909458975,False,96.36227250099182
de_perturbation,7,F7: Hybrid Function 2,10,24,200000,2023.048015807746,23.04801580774597,False,95.91273832321168
de_perturbation,7,F7: Hybrid Function 2,10,25,200000,2040.452247483821,40.45224748382134,False,95.62027788162231
de_perturbation,7,F7: Hybrid Function 2,10,26,200000,2033.7854926911853,33.785492691185254,False,96.32535648345949
de_perturbation,7,F7: Hybrid Function 2,10,27,200000,2023.9992281491209,23.99922814912065,False,95.2227177619934
de_perturbation,7,F7: Hybrid Function 2,10,28,200000,2122.1020516646618,122.10205166466176,False,95.34337782859802
de_perturbation,7,F7: Hybrid Function 2,10,29,200000,2029.5085437463276,29.508543746327405,False,94.17009043693542
de_perturbation,7,F7: Hybrid Function 2,10,30,200000,2032.3129087673803,32.31290876738035,False,94.68407273292542
de_perturbation,8,F8: Hybrid Function 3,10,1,200000,2225.228590301348,25.22859030134805,False,129.48139905929563
de_perturbation,8,F8: Hybrid Function 3,10,2,200000,2227.614401305248,27.614401305248062,False,128.9071748256683
de_perturbation,8,F8: Hybrid Function 3,10,3,200000,2225.136090065933,25.13609006593288,False,130.59391617774963
de_perturbation,8,F8: Hybrid Function 3,10,4,200000,2228.115726139368,28.115726139368235,False,129.60955500602722
de_perturbation,8,F8: Hybrid Function 3,10,5,200000,2229.0687825110213,29.06878251102125,False,131.67157435417175
de_perturbation,8,F8: Hybrid Function 3,10,6,200000,2225.444589776835,25.444589776835077,False,130.31326341629028
de_perturbation,8,F8: Hybrid Function 3,10,7,200000,2226.380218390572,26.38021839057137,False,130.38634324073792
de_perturbation,8,F8: Hybrid Function 3,10,8,200000,2226.316466990354,26.316466990354,False,129.4667477607727
de_perturbation,8,F8: Hybrid Function 3,10,9,200000,2228.574955630156,28.574955630155728,False,129.08391571044922
de_perturbation,8,F8: Hybrid Function 3,10,10,200000,2232.706834392299,32.70683439229879,False,130.88642263412476
de_perturbation,8,F8: Hybrid Function 3,10,11,200000,2225.025807695076,25.02580769507585,False,130.67585945129397
de_perturbation,8,F8: Hybrid Function 3,10,12,200000,2225.8091562017803,25.809156201780297,False,129.375741481781
de_perturbation,8,F8: Hybrid Function 3,10,13,200000,2227.763157978555,27.763157978554773,False,130.0325174331665
de_perturbation,8,F8: Hybrid Function 3,10,14,200000,2219.0190432535005,19.019043253500516,False,130.5167145729065
de_perturbation,8,F8: Hybrid Function 3,10,15,200000,2225.642433038201,25.64243303820149,False,130.03510308265686
de_perturbation,8,F8: Hybrid Function 3,10,16,200000,2221.227358524892,21.22735852489177,False,133.33389258384705
de_perturbation,8,F8: Hybrid Function 3,10,17,200000,2227.9897227262004,27.9897227262004,False,130.03084802627563
de_perturbation,8,F8: Hybrid Function 3,10,18,200000,2225.247468761945,25.24746876194513,False,131.53967189788818
de_perturbation,8,F8: Hybrid Function 3,10,19,200000,2228.437045149412,28.437045149411915,False,135.6844024658203
de_perturbation,8,F8: Hybrid Function 3,10,20,200000,2226.640726096469,26.640726096468825,False,135.95139503479004
de_perturbation,8,F8: Hybrid Function 3,10,21,200000,2225.82963364264,25.82963364263969,False,135.27675533294678
de_perturbation,8,F8: Hybrid Function 3,10,22,200000,2226.133744885497,26.133744885497435,False,135.87725234031677
de_perturbation,8,F8: Hybrid Function 3,10,23,200000,2222.8400198410664,22.84001984106635,False,137.21092319488525
de_perturbation,8,F8: Hybrid Function 3,10,24,200000,2228.0767752994707,28.076775299470683,False,137.6396448612213
de_perturbation,8,F8: Hybrid Function 3,10,25,200000,2226.518292472423,26.518292472423127,False,138.18172311782837
de_perturbation,8,F8: Hybrid Function 3,10,26,200000,2225.350365046964,25.350365046963816,False,137.35128712654114
de_perturbation,8,F8: Hybrid Function 3,10,27,200000,2227.693880567692,27.69388056769185,False,137.37335658073425
de_perturbation,8,F8: Hybrid Function 3,10,28,200000,2226.0365845307124,26.03658453071239,False,135.76458978652954
de_perturbation,8,F8: Hybrid Function 3,10,29,200000,2226.802893356499,26.802893356499226,False,136.36065483093262
de_perturbation,8,F8: Hybrid Function 3,10,30,200000,2227.081112845929,27.08111284592951,False,137.25327587127686
de_perturbation,9,F9: Composition Function 1,10,1,200000,2659.101534903601,359.10153490360153,False,31.20561552047729
de_perturbation,9,F9: Composition Function 1,10,2,200000,2660.220728019244,360.22072801924423,False,31.52701735496521
de_perturbation,9,F9: Composition Function 1,10,3,200000,2659.129504261916,359.1295042619154,False,31.87906789779663
de_perturbation,9,F9: Composition Function 1,10,4,200000,2659.1397141135567,359.1397141135567,False,30.607139825820923
de_perturbation,9,F9: Composition Function 1,10,5,200000,2659.099405084141,359.0994050841409,False,31.49967932701111
de_perturbation,9,F9: Composition Function 1,10,6,200000,2659.119727373314,359.11972737331416,False,31.62709951400757
de_perturbation,9,F9: Composition Function 1,10,7,200000,2659.124169631677,359.124169631677,False,31.181764602661133
de_perturbation,9,F9: Composition Function 1,10,8,200000,2659.1264945304297,359.1264945304297,False,30.90904474258423
de_perturbation,9,F9: Composition Function 1,10,9,200000,2659.3878048313845,359.3878048313845,False,29.49536418914795
de_perturbation,9,F9: Composition Function 1,10,10,200000,2659.1218910100624,359.1218910100624,False,29.55208420753479
de_perturbation,9,F9: Composition Function 1,10,11,200000,2659.3541877484668,359.3541877484668,False,29.48121690750122
de_perturbation,9,F9: Composition Function 1,10,12,200000,2659.178098334217,359.1780983342169,False,30.115763425827023
de_perturbation,9,F9: Composition Function 1,10,13,200000,2659.0976574805145,359.0976574805145,False,28.14320158958435
de_perturbation,9,F9: Composition Function 1,10,14,200000,2659.196428057044,359.1964280570437,False,31.79209876060486
de_perturbation,9,F9: Composition Function 1,10,15,200000,2659.1543821651308,359.1543821651308,False,30.973187685012817
de_perturbation,9,F9: Composition Function 1,10,16,200000,2659.248037446458,359.24803744645806,False,29.638849020004272
de_perturbation,9,F9: Composition Function 1,10,17,200000,2659.105189145217,359.10518914521754,False,31.012545585632324
de_perturbation,9,F9: Composition Function 1,10,18,200000,2659.1068093025547,359.10680930255467,False,30.471442461013797
de_perturbation,9,F9: Composition Function 1,10,19,200000,2659.110526396072,359.11052639607215,False,29.869683265686035
de_perturbation,9,F9: Composition Function 1,10,20,200000,2659.397972403492,359.3979724034921,False,30.29047155380249
de_perturbation,9,F9: Composition Function 1,10,21,200000,2659.5292337841147,359.5292337841147,False,32.39878702163696
de_perturbation,9,F9: Composition Function 1,10,22,200000,2659.102751095704,359.1027510957042,False,31.851928234100345
de_perturbation,9,F9: Composition Function 1,10,23,200000,2659.1203329134105,359.1203329134105,False,30.814435482025143
de_perturbation,9,F9: Composition Function 1,10,24,200000,2659.100690751422,359.100690751422,False,30.04090404510498
de_perturbation,9,F9: Composition Function 1,10,25,200000,2659.274318428168,359.2743184281676,False,31.2339289188385
de_perturbation,9,F9: Composition Function 1,10,26,200000,2659.1306079967158,359.1306079967153,False,30.676531076431274
de_perturbation,9,F9: Composition Function 1,10,27,200000,2659.105931817103,359.1059318171028,False,30.956772327423096
de_perturbation,9,F9: Composition Function 1,10,28,200000,2659.1015226999675,359.1015226999675,False,31.61723494529724
de_perturbation,9,F9: Composition Function 1,10,29,200000,2659.117316878705,359.11731687870497,False,31.881362438201904
de_perturbation,9,F9: Composition Function 1,10,30,200000,2659.1442009265675,359.14420092656746,False,30.709799766540527
de_perturbation,10,F10: Composition Function 2,10,1,200000,2623.474394711944,223.4743947119437,False,32.25274896621704
de_perturbation,10,F10: Composition Function 2,10,2,200000,2620.9233920130373,220.9233920130373,False,32.80293321609497
de_perturbation,10,F10: Composition Function 2,10,3,200000,2622.5075181690336,222.5075181690336,False,32.128116846084595
de_perturbation,10,F10: Composition Function 2,10,4,200000,2621.179751234947,221.1797512349472,False,31.55985307693481
de_perturbation,10,F10: Composition Function 2,10,5,200000,2749.444595258899,349.44459525889897,False,31.2326443195343
de_perturbation,10,F10: Composition Function 2,10,6,200000,2622.5031097821407,222.50310978214063,False,31.875922679901123
de_perturbation,10,F10: Composition Function 2,10,7,200000,2739.7072648319354,339.7072648319354,False,32.61730527877808
de_perturbation,10,F10: Composition Function 2,10,8,200000,2744.3635861665903,344.36358616659027,False,32.42969083786011
de_perturbation,10,F10: Composition Function 2,10,9,200000,2622.1527319812567,222.1527319812567,False,33.03320407867432
de_perturbation,10,F10: Composition Function 2,10,10,200000,2622.512105365998,222.5121053659982,False,32.00760293006897
de_perturbation,10,F10: Composition Function 2,10,11,200000,2725.259732149162,325.2597321491621,False,31.91686987876892
de_perturbation,10,F10: Composition Function 2,10,12,200000,2621.2031212110824,221.2031212110824,False,32.38048577308655
de_perturbation,10,F10: Composition Function 2,10,13,200000,2619.658960845527,219.65896084552696,False,32.69359564781189
de_perturbation,10,F10: Composition Function 2,10,14,200000,2622.506044978748,222.50604497874792,False,32.16478395462036
de_perturbation,10,F10: Composition Function 2,10,15,200000,2621.019314643674,221.01931464367408,False,32.458223819732666
de_perturbation,10,F10: Composition Function 2,10,16,200000,2620.9154182045136,220.9154182045136,False,33.062172174453735
de_perturbation,10,F10: Composition Function 2,10,17,200000,2756.561429961881,356.56142996188146,False,35.39709448814392
de_perturbation,10,F10: Composition Function 2,10,18,200000,2737.292877365246,337.2928773652461,False,32.36627721786499
de_perturbation,10,F10: Composition Function 2,10,19,200000,2621.1965080206637,221.1965080206633,False,32.216468334198
de_perturbation,10,F10: Composition Function 2,10,20,200000,2747.831189974612,347.8311899746118,False,31.78734254837036
de_perturbation,10,F10: Composition Function 2,10,21,200000,2619.636748456077,219.63674845607693,False,31.9255268573761
de_perturbation,10,F10: Composition Function 2,10,22,200000,2621.223966547286,221.22396654728615,False,32.32227826118469
de_perturbation,10,F10: Composition Function 2,10,23,200000,2726.16847232852,326.16847232852024,False,31.7719087600708
de_perturbation,10,F10: Composition Function 2,10,24,200000,2738.634595003321,338.63459500332056,False,31.90060019493103
de_perturbation,10,F10: Composition Function 2,10,25,200000,2731.980808589876,331.9808085898753,False,31.63227415084839
de_perturbation,10,F10: Composition Function 2,10,26,200000,2621.149152482429,221.14915248242917,False,31.900650024414062
de_perturbation,10,F10: Composition Function 2,10,27,200000,2622.175230740296,222.1752307402953,False,31.523595094680783
de_perturbation,10,F10: Composition Function 2,10,28,200000,2750.584288075841,350.58428807584096,False,31.829540252685547
de_perturbation,10,F10: Composition Function 2,10,29,200000,2620.926445058395,220.92644505839507,False,31.97905230522156
de_perturbation,10,F10: Composition Function 2,10,30,200000,2627.480294850916,227.48029485091595,False,32.201714277267456
de_perturbation,11,F11: Composition Function 3,10,1,200000,3477.3134456952607,877.3134456952607,False,50.22621655464173
de_perturbation,11,F11: Composition Function 3,10,2,200000,3476.069697019914,876.0696970199142,False,49.92580676078797
de_perturbation,11,F11: Composition Function 3,10,3,200000,3476.0696248991035,876.0696248991035,False,49.573198318481445
de_perturbation,11,F11: Composition Function 3,10,4,200000,3476.070347295799,876.0703472957989,False,50.1933057308197
de_perturbation,11,F11: Composition Function 3,10,5,200000,2600.232944387105,0.2329443871049079,False,48.21867203712464
de_perturbation,11,F11: Composition Function 3,10,6,200000,2600.091004175312,0.0910041753118093,False,48.288217544555664
de_perturbation,11,F11: Composition Function 3,10,7,200000,2600.162594233245,0.1625942332448176,False,48.60804510116577
de_perturbation,11,F11: Composition Function 3,10,8,200000,2600.182230827465,0.182230827465446,False,48.29623222351074
de_perturbation,11,F11: Composition Function 3,10,9,200000,2600.207031562973,0.207031562973043,False,48.38727855682373
de_perturbation,11,F11: Composition Function 3,10,10,200000,2600.437356156244,0.4373561562433679,False,48.96171951293945
de_perturbation,11,F11: Composition Function 3,10,11,200000,2600.81776744314,0.8177674431399282,False,48.42654991149902
de_perturbation,11,F11: Composition Function 3,10,12,200000,2600.5170339966426,0.5170339966425672,False,48.79293513298035
de_perturbation,11,F11: Composition Function 3,10,13,200000,2600.287537835663,0.2875378356629881,False,48.439566135406494
de_perturbation,11,F11: Composition Function 3,10,14,200000,2600.132105609928,0.1321056099282032,False,48.60188817977905
de_perturbation,11,F11: Composition Function 3,10,15,200000,2600.2401128371253,0.2401128371252525,False,48.16605138778687
de_perturbation,11,F11: Composition Function 3,10,16,200000,3476.069802450392,876.0698024503918,False,49.53856539726257
de_perturbation,11,F11: Composition Function 3,10,17,200000,2600.1673582515346,0.1673582515345515,False,48.61834907531738
de_perturbation,11,F11: Composition Function 3,10,18,200000,2600.1849183489644,0.1849183489644019,False,48.25029253959656
de_perturbation,11,F11: Composition Function 3,10,19,200000,2600.153648916781,0.1536489167810941,False,48.433820724487305
de_perturbation,11,F11: Composition Function 3,10,20,200000,2600.2770038104145,0.2770038104144987,False,48.97206473350525
de_perturbation,11,F11: Composition Function 3,10,21,200000,3476.0722098327947,876.0722098327947,False,50.252588748931885
de_perturbation,11,F11: Composition Function 3,10,22,200000,2600.1940218138925,0.1940218138925047,False,48.74513363838196
de_perturbation,11,F11: Composition Function 3,10,23,200000,3476.470544074414,876.4705440744146,False,49.5623037815094
de_perturbation,11,F11: Composition Function 3,10,24,200000,2600.690504530179,0.6905045301791688,False,49.00720500946045
de_perturbation,11,F11: Composition Function 3,10,25,200000,2600.7038559419657,0.7038559419656849,False,48.60352897644043
de_perturbation,11,F11: Composition Function 3,10,26,200000,2600.637084198441,0.6370841984412436,False,48.57678985595703
de_perturbation,11,F11: Composition Function 3,10,27,200000,2600.3039541626517,0.30395416265128,False,48.772034645080566
de_perturbation,11,F11: Composition Function 3,10,28,200000,2600.188813211127,0.1888132111271261,False,48.71321606636048
de_perturbation,11,F11: Composition Function 3,10,29,200000,2600.213391815168,0.2133918151680518,False,48.74554920196533
de_perturbation,11,F11: Composition Function 3,10,30,200000,3476.4643953060645,876.4643953060645,False,50.78188347816467
de_perturbation,12,F12: Composition Function 4,10,1,200000,2865.899555902911,165.89955590291083,False,53.06738257408142
de_perturbation,12,F12: Composition Function 4,10,2,200000,2865.910015757687,165.91001575768678,False,52.7891743183136
de_perturbation,12,F12: Composition Function 4,10,3,200000,2865.9119246755104,165.91192467551036,False,53.21850657463074
de_perturbation,12,F12: Composition Function 4,10,4,200000,2866.431212146736,166.43121214673602,False,53.04214668273926
de_perturbation,12,F12: Composition Function 4,10,5,200000,2867.4815715956142,167.48157159561424,False,53.17120337486267
de_perturbation,12,F12: Composition Function 4,10,6,200000,2865.921402500345,165.9214025003448,False,52.93541955947876
de_perturbation,12,F12: Composition Function 4,10,7,200000,2866.415884368907,166.41588436890697,False,53.01042747497559
de_perturbation,12,F12: Composition Function 4,10,8,200000,2865.905316024621,165.90531602462124,False,53.383641481399536
de_perturbation,12,F12: Composition Function 4,10,9,200000,2866.424124243768,166.4241242437679,False,52.821558237075806
de_perturbation,12,F12: Composition Function 4,10,10,200000,2864.9060869222694,164.90608692226942,False,55.455997943878174
de_perturbation,12,F12: Composition Function 4,10,11,200000,2864.908547719286,164.90854771928616,False,52.8122353553772
de_perturbation,12,F12: Composition Function 4,10,12,200000,2863.782925262794,163.78292526279392,False,52.48608541488648
de_perturbation,12,F12: Composition Function 4,10,13,200000,2871.2461955584854,171.2461955584854,False,54.23107838630676
de_perturbation,12,F12: Composition Function 4,10,14,200000,2865.9041118990976,165.90411189909764,False,54.760993003845215
de_perturbation,12,F12: Composition Function 4,10,15,200000,2864.025326810656,164.02532681065577,False,54.08391737937927
de_perturbation,12,F12: Composition Function 4,10,16,200000,2864.906783633348,164.9067836333479,False,53.477627992630005
de_perturbation,12,F12: Composition Function 4,10,17,200000,2865.9208842819344,165.92088428193438,False,54.26215815544128
de_perturbation,12,F12: Composition Function 4,10,18,200000,2865.914478584909,165.91447858490892,False,54.81912636756897
de_perturbation,12,F12: Composition Function 4,10,19,200000,2864.023840056956,164.02384005695603,False,54.32433986663818
de_perturbation,12,F12: Composition Function 4,10,20,200000,2863.841078165512,163.84107816551204,False,54.04401516914368
de_perturbation,12,F12: Composition Function 4,10,21,200000,2864.4939961962077,164.49399619620726,False,55.12757110595703
de_perturbation,12,F12: Composition Function 4,10,22,200000,2865.913380538688,165.91338053868776,False,54.07141995429993
de_perturbation,12,F12: Composition Function 4,10,23,200000,2865.912833807549,165.91283380754885,False,54.58813214302063
de_perturbation,12,F12: Composition Function 4,10,24,200000,2866.424624166655,166.42462416665512,False,53.75217914581299
de_perturbation,12,F12: Composition Function 4,10,25,200000,2865.442463342617,165.44246334261695,False,53.62855744361877
de_perturbation,12,F12: Composition Function 4,10,26,200000,2864.906769203969,164.9067692039689,False,51.94284129142761
de_perturbation,12,F12: Composition Function 4,10,27,200000,2865.904926420992,165.90492642099207,False,53.468804121017456
de_perturbation,12,F12: Composition Function 4,10,28,200000,2865.9024036702685,165.90240367026854,False,54.01693081855774
de_perturbation,12,F12: Composition Function 4,10,29,200000,2865.9203729270434,165.92037292704345,False,53.55596733093262
de_perturbation,12,F12: Composition Function 4,10,30,200000,2867.445357948995,167.44535794899502,False,54.157207012176514
de_perturbation,1,F1: Shifted and full Rotated Zakharov Function,20,1,1000000,343.5580648778007,43.55806487780069,False,29.932032585144043
de_perturbation,1,F1: Shifted and full Rotated Zakharov Function,20,2,1000000,322.08576737436294,22.085767374362945,False,29.8984797000885
de_perturbation,1,F1: Shifted and full Rotated Zakharov Function,20,3,1000000,335.29539625012825,35.29539625012825,False,30.012285232543945
de_perturbation,1,F1: Shifted and full Rotated Zakharov Function,20,4,1000000,314.2085568300558,14.208556830055784,False,30.11453127861023
de_perturbation,1,F1: Shifted and full Rotated Zakharov Function,20,5,1000000,303.69866092809303,3.698660928093034,False,30.1832435131073
de_perturbation,1,F1: Shifted and full Rotated Zakharov Function,20,6,1000000,307.5566136168183,7.556613616818311,False,29.90009093284607
de_perturbation,1,F1: Shifted and full Rotated Zakharov Function,20,7,1000000,319.65244828819294,19.652448288192943,False,29.837050914764404
de_perturbation,1,F1: Shifted and full Rotated Zakharov Function,20,8,1000000,336.7345639095312,36.734563909531175,False,30.041123867034912
de_perturbation,1,F1: Shifted and full Rotated Zakharov Function,20,9,1000000,329.7297782506511,29.729778250651123,False,30.144034147262573
de_perturbation,1,F1: Shifted and full Rotated Zakharov Function,20,10,1000000,442.2299816945608,142.22998169456082,False,30.36715269088745
de_perturbation,1,F1: Shifted and full Rotated Zakharov Function,20,11,1000000,314.316061047385,14.316061047385006,False,30.008960723876957
de_perturbation,1,F1: Shifted and full Rotated Zakharov Function,20,12,1000000,300.62006461576533,0.6200646157653296,False,30.938273906707764
de_perturbation,1,F1: Shifted and full Rotated Zakharov Function,20,13,1000000,329.2517763499766,29.25177634997658,False,31.139106035232544
de_perturbation,1,F1: Shifted and full Rotated Zakharov Function,20,14,1000000,336.53061901084146,36.53061901084146,False,30.84405922889709
de_perturbation,1,F1: Shifted and full Rotated Zakharov Function,20,15,1000000,310.19995801420225,10.199958014202252,False,31.17004895210266
de_perturbation,1,F1: Shifted and full Rotated Zakharov Function,20,16,1000000,398.88287528692,98.88287528692,False,31.48219871520996
de_perturbation,1,F1: Shifted and full Rotated Zakharov Function,20,17,1000000,305.2558436787218,5.255843678721817,False,30.61721706390381
de_perturbation,1,F1: Shifted and full Rotated Zakharov Function,20,18,1000000,493.0165852469835,193.01658524698348,False,30.871036767959595
de_perturbation,1,F1: Shifted and full Rotated Zakharov Function,20,19,1000000,308.39515222393936,8.395152223939363,False,30.67097401618957
de_perturbation,1,F1: Shifted and full Rotated Zakharov Function,20,20,1000000,313.9399589096074,13.939958909607412,False,31.26358103752136
de_perturbation,1,F1: Shifted and full Rotated Zakharov Function,20,21,1000000,301.6380346403665,1.6380346403665271,False,30.39933967590332
de_perturbation,1,F1: Shifted and full Rotated Zakharov Function,20,22,1000000,331.6944384774435,31.694438477443494,False,30.48291254043579
de_perturbation,1,F1: Shifted and full Rotated Zakharov Function,20,23,1000000,358.7356098525656,58.73560985256557,False,30.934380531311035
de_perturbation,1,F1: Shifted and full Rotated Zakharov Function,20,24,1000000,312.2337029394293,12.23370293942935,False,31.18116807937622
de_perturbation,1,F1: Shifted and full Rotated Zakharov Function,20,25,1000000,356.8524997647837,56.85249976478372,False,31.06904244422913
de_perturbation,1,F1: Shifted and full Rotated Zakharov Function,20,26,1000000,301.35247122864246,1.3524712286424574,False,30.81089973449707
de_perturbation,1,F1: Shifted and full Rotated Zakharov Function,20,27,1000000,320.26144168152626,20.261441681526264,False,31.11586570739746
de_perturbation,1,F1: Shifted and full Rotated Zakharov Function,20,28,1000000,311.35487862066657,11.354878620666568,False,30.79245662689209
de_perturbation,1,F1: Shifted and full Rotated Zakharov Function,20,29,1000000,309.272673220983,9.272673220982997,False,30.60977244377136
de_perturbation,1,F1: Shifted and full Rotated Zakharov Function,20,30,1000000,348.0624339550036,48.0624339550036,False,31.30529284477234
de_perturbation,2,F2: Shifted and Rotated Rosenbrock’s Function,20,1,1000000,449.094017954699,49.09401795469898,False,38.50378942489624
de_perturbation,2,F2: Shifted and Rotated Rosenbrock’s Function,20,2,1000000,449.0903536088854,49.09035360888538,False,40.06132960319519
de_perturbation,2,F2: Shifted and Rotated Rosenbrock’s Function,20,3,1000000,444.9049509126484,44.90495091264836,False,38.20219135284424
de_perturbation,2,F2: Shifted and Rotated Rosenbrock’s Function,20,4,1000000,444.9032534764854,44.90325347648542,False,38.80995917320252
de_perturbation,2,F2: Shifted and Rotated Rosenbrock’s Function,20,5,1000000,477.2525391837008,77.25253918370078,False,38.84976196289063
de_perturbation,2,F2: Shifted and Rotated Rosenbrock’s Function,20,6,1000000,474.7947251056172,74.7947251056172,False,37.54491591453552
de_perturbation,2,F2: Shifted and Rotated Rosenbrock’s Function,20,7,1000000,449.0888495815279,49.08884958152788,False,37.94754457473755
de_perturbation,2,F2: Shifted and Rotated Rosenbrock’s Function,20,8,1000000,449.09209296728,49.09209296728,False,38.9023826122284
de_perturbation,2,F2: Shifted and Rotated Rosenbrock’s Function,20,9,1000000,449.0930345679509,49.093034567950895,False,38.93537068367005
de_perturbation,2,F2: Shifted and Rotated Rosenbrock’s Function,20,10,1000000,449.0950839891538,49.09508398915381,False,38.45115637779236
de_perturbation,2,F2: Shifted and Rotated Rosenbrock’s Function,20,11,1000000,444.9160058718779,44.91600587187793,False,38.82484531402588
de_perturbation,2,F2: Shifted and Rotated Rosenbrock’s Function,20,12,1000000,486.1408923448068,86.14089234480679,False,38.33056044578552
de_perturbation,2,F2: Shifted and Rotated Rosenbrock’s Function,20,13,1000000,444.9043336952838,44.90433369528381,False,38.46304392814636
de_perturbation,2,F2: Shifted and Rotated Rosenbrock’s Function,20,14,1000000,406.5138106140682,6.513810614068234,False,37.45621728897095
de_perturbation,2,F2: Shifted and Rotated Rosenbrock’s Function,20,15,1000000,449.09732330600895,49.09732330600895,False,37.93666577339173
de_perturbation,2,F2: Shifted and Rotated Rosenbrock’s Function,20,16,1000000,444.9005345882382,44.9005345882382,False,37.352604389190674
de_perturbation,2,F2: Shifted and Rotated Rosenbrock’s Function,20,17,1000000,449.0983309669067,49.0983309669067,False,37.443153858184814
de_perturbation,2,F2: Shifted and Rotated Rosenbrock’s Function,20,18,1000000,444.9029263147589,44.90292631475893,False,38.86756849288941
de_perturbation,2,F2: Shifted and Rotated Rosenbrock’s Function,20,19,1000000,449.0906775697912,49.09067756979118,False,36.88862156867981
de_perturbation,2,F2: Shifted and Rotated Rosenbrock’s Function,20,20,1000000,406.3400815662259,6.3400815662258765,False,37.62097096443176
de_perturbation,2,F2: Shifted and Rotated Rosenbrock’s Function,20,21,1000000,472.4657516231698,72.46575162316981,False,38.639092445373535
de_perturbation,2,F2: Shifted and Rotated Rosenbrock’s Function,20,22,1000000,449.0957653966007,49.095765396600655,False,38.26396679878235
de_perturbation,2,F2: Shifted and Rotated Rosenbrock’s Function,20,23,1000000,449.0961903358767,49.096190335876656,False,38.35409736633301
de_perturbation,2,F2: Shifted and Rotated Rosenbrock’s Function,20,24,1000000,449.0911848654893,49.09118486548931,False,37.911442041397095
de_perturbation,2,F2: Shifted and Rotated Rosenbrock’s Function,20,25,1000000,449.0910958580596,49.09109585805959,False,38.53652882575989
de_perturbation,2,F2: Shifted and Rotated Rosenbrock’s Function,20,26,1000000,449.0993596104868,49.09935961048677,False,38.3553352355957
de_perturbation,2,F2: Shifted and Rotated Rosenbrock’s Function,20,27,1000000,444.9076625048549,44.90766250485484,False,37.628321170806885
de_perturbation,2,F2: Shifted and Rotated Rosenbrock’s Function,20,28,1000000,449.0912244344755,49.09122443447552,False,37.90271973609924
de_perturbation,2,F2: Shifted and Rotated Rosenbrock’s Function,20,29,1000000,444.9011902150787,44.90119021507872,False,37.26751375198364
de_perturbation,2,F2: Shifted and Rotated Rosenbrock’s Function,20,30,1000000,449.1213015695488,49.12130156954879,False,37.74031686782837
de_perturbation,3,F3: Shifted and full Rotated Expanded Schaffer’s F7,20,1,1000000,600.0000057691494,5.769149424850184e-06,False,56.91768312454224
de_perturbation,3,F3: Shifted and full Rotated Expanded Schaffer’s F7,20,2,1000000,600.0000040687455,4.06874551117653e-06,False,56.767423152923584
de_perturbation,3,F3: Shifted and full Rotated Expanded Schaffer’s F7,20,3,1000000,600.00000548499,5.484989969772869e-06,False,57.49635481834412
de_perturbation,3,F3: Shifted and full Rotated Expanded Schaffer’s F7,20,4,1000000,600.000004557339,4.557339025268448e-06,False,55.74702525138855
de_perturbation,3,F3: Shifted and full Rotated Expanded Schaffer’s F7,20,5,1000000,600.0000032417926,3.2417925694971927e-06,False,56.09492421150208
de_perturbation,3,F3: Shifted and full Rotated Expanded Schaffer’s F7,20,6,1000000,600.0000022340147,2.2340146870192257e-06,False,56.087037563323975
de_perturbation,3,F3: Shifted and full Rotated Expanded Schaffer’s F7,20,7,1000000,600.000005453504,5.453503945318516e-06,False,56.14063596725464
de_perturbation,3,F3: Shifted and full Rotated Expanded Schaffer’s F7,20,8,1000000,600.0000026536753,2.6536753239270183e-06,False,57.06523680686951
de_perturbation,3,F3: Shifted and full Rotated Expanded Schaffer’s F7,20,9,1000000,600.0000029693499,2.9693499072891427e-06,False,56.797874212265015
de_perturbation,3,F3: Shifted and full Rotated Expanded Schaffer’s F7,20,10,1000000,600.0000032399773,3.239977331759292e-06,False,56.39550304412842
de_perturbation,3,F3: Shifted and full Rotated Expanded Schaffer’s F7,20,11,1000000,600.0000044259325,4.42593250227219e-06,False,58.1578848361969
de_perturbation,3,F3: Shifted and full Rotated Expanded Schaffer’s F7,20,12,1000000,600.0000050486764,5.048676371188776e-06,False,58.15218782424927
de_perturbation,3,F3: Shifted and full Rotated Expanded Schaffer’s F7,20,13,1000000,600.0000048528542,4.852854203818424e-06,False,56.65814542770386
de_perturbation,3,F3: Shifted and full Rotated Expanded Schaffer’s F7,20,14,1000000,600.0000056998366,5.699836606254394e-06,False,56.71236491203308
de_perturbation,3,F3: Shifted and full Rotated Expanded Schaffer’s F7,20,15,1000000,600.0000049717107,4.971710723111755e-06,False,57.68780326843262
de_perturbation,3,F3: Shifted and full Rotated Expanded Schaffer’s F7,20,16,1000000,600.0000047137539,4.713753924079356e-06,False,56.83198142051697
de_perturbation,3,F3: Shifted and full Rotated Expanded Schaffer’s F7,20,17,1000000,600.0000043591025,4.359102490525402e-06,False,56.74576997756958
de_perturbation,3,F3: Shifted and full Rotated Expanded Schaffer’s F7,20,18,1000000,600.0000039897903,3.989790343439381e-06,False,56.879151582717896
de_perturbation,3,F3: Shifted and full Rotated Expanded Schaffer’s F7,20,19,1000000,600.0000057220797,5.722079663428303e-06,False,57.69648623466492
de_perturbation,3,F3: Shifted and full Rotated Expanded Schaffer’s F7,20,20,1000000,600.0000036441178,3.6441177826418425e-06,False,58.054831981658936
de_perturbation,3,F3: Shifted and full Rotated Expanded Schaffer’s F7,20,21,1000000,600.0000033145672,3.3145671523016063e-06,False,58.10127758979797
de_perturbation,3,F3: Shifted and full Rotated Expanded Schaffer’s F7,20,22,1000000,600.0000042603224,4.260322384652682e-06,False,58.63304853439331
de_perturbation,3,F3: Shifted and full Rotated Expanded Schaffer’s F7,20,23,1000000,600.0000035999732,3.599973183554539e-06,False,58.00906848907471
de_perturbation,3,F3: Shifted and full Rotated Expanded Schaffer’s F7,20,24,1000000,600.0000040715429,4.071542889505508e-06,False,58.79689407348633
de_perturbation,3,F3: Shifted and full Rotated Expanded Schaffer’s F7,20,25,1000000,600.0000029772447,2.977244662361045e-06,False,58.01968955993652
de_perturbation,3,F3: Shifted and full Rotated Expanded Schaffer’s F7,20,26,1000000,600.0000051112693,5.111269274493679e-06,False,57.86111640930176
de_perturbation,3,F3: Shifted and full Rotated Expanded Schaffer’s F7,20,27,1000000,600.0000039063434,3.906343408743851e-06,False,57.14305925369263
de_perturbation,3,F3: Shifted and full Rotated Expanded Schaffer’s F7,20,28,1000000,600.0000036280551,3.628055083026993e-06,False,57.66509509086609
de_perturbation,3,F3: Shifted and full Rotated Expanded Schaffer’s F7,20,29,1000000,600.0000040598978,4.0598978330308455e-06,False,57.45323538780213
de_perturbation,3,F3: Shifted and full Rotated Expanded Schaffer’s F7,20,30,1000000,600.00000347217,3.472169964879868e-06,False,55.17609667778015
de_perturbation,4,F4: Shifted and Rotated Non-Continuous Rastrigin’s Function,20,1,1000000,1061.3653096333396,261.3653096333396,False,80.55934810638428
de_perturbation,4,F4: Shifted and Rotated Non-Continuous Rastrigin’s Function,20,2,1000000,1053.3039458401554,253.3039458401554,False,80.6250376701355
de_perturbation,4,F4: Shifted and Rotated Non-Continuous Rastrigin’s Function,20,3,1000000,1014.3053269493856,214.30532694938552,False,85.55011057853699
de_perturbation,4,F4: Shifted and Rotated Non-Continuous Rastrigin’s Function,20,4,1000000,1035.0868402322112,235.0868402322112,False,84.06901931762695
de_perturbation,4,F4: Shifted and Rotated Non-Continuous Rastrigin’s Function,20,5,1000000,1075.4517875561628,275.4517875561628,False,81.93762373924255
de_perturbation,4,F4: Shifted and Rotated Non-Continuous Rastrigin’s Function,20,6,1000000,1078.521447861143,278.5214478611431,False,81.33447289466858
de_perturbation,4,F4: Shifted and Rotated Non-Continuous Rastrigin’s Function,20,7,1000000,1069.5562666795672,269.5562666795672,False,81.14153981208801
de_perturbation,4,F4: Shifted and Rotated Non-Continuous Rastrigin’s Function,20,8,1000000,1066.3531252339542,266.3531252339542,False,81.04660606384277
de_perturbation,4,F4: Shifted and Rotated Non-Continuous Rastrigin’s Function,20,9,1000000,1022.025267842356,222.025267842356,False,81.11276412010193
de_perturbation,4,F4: Shifted and Rotated Non-Continuous Rastrigin’s Function,20,10,1000000,1088.6755782180744,288.6755782180744,False,82.01389741897583
de_perturbation,4,F4: Shifted and Rotated Non-Continuous Rastrigin’s Function,20,11,1000000,968.0469186385072,168.04691863850712,False,81.31007170677185
de_perturbation,4,F4: Shifted and Rotated Non-Continuous Rastrigin’s Function,20,12,1000000,1052.3596901390124,252.3596901390124,False,82.02549481391907
de_perturbation,4,F4: Shifted and Rotated Non-Continuous Rastrigin’s Function,20,13,1000000,977.864071898684,177.86407189868407,False,80.58392024040222
de_perturbation,4,F4: Shifted and Rotated Non-Continuous Rastrigin’s Function,20,14,1000000,1033.6486096531323,233.64860965313235,False,82.22145295143127
de_perturbation,4,F4: Shifted and Rotated Non-Continuous Rastrigin’s Function,20,15,1000000,987.1369529802668,187.13695298026687,False,82.8075487613678
de_perturbation,4,F4: Shifted and Rotated Non-Continuous Rastrigin’s Function,20,16,1000000,1070.374114285165,270.374114285165,False,82.12675356864929
de_perturbation,4,F4: Shifted and Rotated Non-Continuous Rastrigin’s Function,20,17,1000000,1018.052000755736,218.0520007557361,False,82.08256840705872
de_perturbation,4,F4: Shifted and Rotated Non-Continuous Rastrigin’s Function,20,18,1000000,1012.725599548406,212.72559954840608,False,80.46451187133789
de_perturbation,4,F4: Shifted and Rotated Non-Continuous Rastrigin’s Function,20,19,1000000,1053.8872780433949,253.88727804339487,False,81.53232169151306
de_perturbation,4,F4: Shifted and Rotated Non-Continuous Rastrigin’s Function,20,20,1000000,1014.0668006740004,214.06680067400043,False,80.56106853485107
de_perturbation,4,F4: Shifted and Rotated Non-Continuous Rastrigin’s Function,20,21,1000000,1065.969709391437,265.96970939143694,False,82.61278319358826
de_perturbation,4,F4: Shifted and Rotated Non-Continuous Rastrigin’s Function,20,22,1000000,944.3382105788852,144.33821057888508,False,82.84861612319946
de_perturbation,4,F4: Shifted and Rotated Non-Continuous Rastrigin’s Function,20,23,1000000,1041.4622329283598,241.46223292835973,False,80.63377213478088
de_perturbation,4,F4: Shifted and Rotated Non-Continuous Rastrigin’s Function,20,24,1000000,1001.5255594898656,201.5255594898657,False,82.37277817726135
de_perturbation,4,F4: Shifted and Rotated Non-Continuous Rastrigin’s Function,20,25,1000000,1036.317645231332,236.31764523133188,False,82.40670561790466
de_perturbation,4,F4: Shifted and Rotated Non-Continuous Rastrigin’s Function,20,26,1000000,1038.483421684969,238.48342168496904,False,81.45775890350342
de_perturbation,4,F4: Shifted and Rotated Non-Continuous Rastrigin’s Function,20,27,1000000,1082.918733557009,282.9187335570091,False,79.99315643310547
de_perturbation,4,F4: Shifted and Rotated Non-Continuous Rastrigin’s Function,20,28,1000000,1044.2958232789213,244.2958232789213,False,82.00690650939941
de_perturbation,4,F4: Shifted and Rotated Non-Continuous Rastrigin’s Function,20,29,1000000,1092.0978950423346,292.0978950423346,False,81.63426184654236
de_perturbation,4,F4: Shifted and Rotated Non-Continuous Rastrigin’s Function,20,30,1000000,1058.2998843033772,258.2998843033772,False,81.61787366867065
de_perturbation,5,F5: Shifted and Rotated Levy Function,20,1,1000000,900.4545786605833,0.4545786605832518,False,45.88430285453797
de_perturbation,5,F5: Shifted and Rotated Levy Function,20,2,1000000,901.8273627485356,1.82736274853562,False,46.66728377342224
de_perturbation,5,F5: Shifted and Rotated Levy Function,20,3,1000000,900.0002217531547,0.000221753154733,False,46.60414409637451
de_perturbation,5,F5: Shifted and Rotated Levy Function,20,4,1000000,900.0002533523351,0.0002533523351075,False,46.13570046424866
de_perturbation,5,F5: Shifted and Rotated Levy Function,20,5,1000000,900.909018405218,0.9090184052179212,False,46.04692029953003
de_perturbation,5,F5: Shifted and Rotated Levy Function,20,6,1000000,900.0014547837685,0.0014547837685086,False,45.85613775253296
de_perturbation,5,F5: Shifted and Rotated Levy Function,20,7,1000000,900.0002304412017,0.0002304412016655,False,46.75864005088806
de_perturbation,5,F5: Shifted and Rotated Levy Function,20,8,1000000,900.0003048918711,0.0003048918711101,False,45.98149347305298
de_perturbation,5,F5: Shifted and Rotated Levy Function,20,9,1000000,900.0003012480254,0.0003012480253801,False,46.74362659454346
de_perturbation,5,F5: Shifted and Rotated Levy Function,20,10,1000000,900.000317440419,0.0003174404190531,False,46.67410588264465
de_perturbation,5,F5: Shifted and Rotated Levy Function,20,11,1000000,900.0898635403264,0.0898635403264052,False,46.5204062461853
de_perturbation,5,F5: Shifted and Rotated Levy Function,20,12,1000000,900.0004018079308,0.000401807930757,False,46.751829862594604
de_perturbation,5,F5: Shifted and Rotated Levy Function,20,13,1000000,900.4546492770013,0.4546492770012946,False,45.6534686088562
de_perturbation,5,F5: Shifted and Rotated Levy Function,20,14,1000000,900.0001392978004,0.0001392978003877,False,45.8200581073761
de_perturbation,5,F5: Shifted and Rotated Levy Function,20,15,1000000,902.6613924350612,2.661392435061316,False,46.60645365715027
de_perturbation,5,F5: Shifted and Rotated Levy Function,20,16,1000000,900.4547572087077,0.4547572087077469,False,45.4275426864624
de_perturbation,5,F5: Shifted and Rotated Levy Function,20,17,1000000,900.0001520223078,0.0001520223078159,False,45.844367265701294
de_perturbation,5,F5: Shifted and Rotated Levy Function,20,18,1000000,900.0002967079213,0.0002967079212794,False,47.3325834274292
de_perturbation,5,F5: Shifted and Rotated Levy Function,20,19,1000000,900.0010062901533,0.0010062901533274,False,46.75232815742493
de_perturbation,5,F5: Shifted and Rotated Levy Function,20,20,1000000,900.9984216411216,0.9984216411216948,False,46.239381313323975
de_perturbation,5,F5: Shifted and Rotated Levy Function,20,21,1000000,900.0001981770225,0.0001981770225256,False,45.59520626068115
de_perturbation,5,F5: Shifted and Rotated Levy Function,20,22,1000000,900.0007063135123,0.0007063135122962,False,46.04691791534424
de_perturbation,5,F5: Shifted and Rotated Levy Function,20,23,1000000,900.9116854690787,0.9116854690788614,False,45.24290609359741
de_perturbation,5,F5: Shifted and Rotated Levy Function,20,24,1000000,900.0003083503461,0.0003083503461311,False,46.20123291015625
de_perturbation,5,F5: Shifted and Rotated Levy Function,20,25,1000000,900.0001475868139,0.0001475868139095,False,45.86650943756104
de_perturbation,5,F5: Shifted and Rotated Levy Function,20,26,1000000,900.0002612111058,0.0002612111057942,False,46.68390893936157
de_perturbation,5,F5: Shifted and Rotated Levy Function,20,27,1000000,900.0035154832393,0.0035154832393118,False,47.35117101669312
de_perturbation,5,F5: Shifted and Rotated Levy Function,20,28,1000000,900.0002661631113,0.0002661631112914,False,45.7919237613678
de_perturbation,5,F5: Shifted and Rotated Levy Function,20,29,1000000,900.4544477917581,0.4544477917580707,False,45.921382188797
de_perturbation,5,F5: Shifted and Rotated Levy Function,20,30,1000000,900.908734236275,0.908734236274995,False,45.48563241958618
de_perturbation,6,F6: Hybrid Function 1,20,1,1000000,397707.0296707901,395907.0296707901,False,54.01179766654968
de_perturbation,6,F6: Hybrid Function 1,20,2,1000000,185237.7248237966,183437.7248237966,False,53.40725064277649
de_perturbation,6,F6: Hybrid Function 1,20,3,1000000,159362.76249958688,157562.76249958688,False,52.951568365097046
de_perturbation,6,F6: Hybrid Function 1,20,4,1000000,2243184.137191413,2241384.137191413,False,54.39086866378784
de_perturbation,6,F6: Hybrid Function 1,20,5,1000000,4147086.302624068,4145286.302624068,False,53.53015470504761
de_perturbation,6,F6: Hybrid Function 1,20,6,1000000,505306.6135460937,503506.6135460937,False,54.39061737060547
de_perturbation,6,F6: Hybrid Function 1,20,7,1000000,258985.55950756665,257185.55950756665,False,54.00268483161926
de_perturbation,6,F6: Hybrid Function 1,20,8,1000000,192176.8468969323,190376.8468969323,False,53.549968242645264
de_perturbation,6,F6: Hybrid Function 1,20,9,1000000,2011114.4907619865,2009314.4907619865,False,53.41659593582153
de_perturbation,6,F6: Hybrid Function 1,20,10,1000000,429851.1557259816,428051.1557259816,False,52.80974984169006
de_perturbation,6,F6: Hybrid Function 1,20,11,1000000,865972.2214035323,864172.2214035323,False,52.44312953948975
de_perturbation,6,F6: Hybrid Function 1,20,12,1000000,4460080.077265415,4458280.077265415,False,52.77030849456787
de_perturbation,6,F6: Hybrid Function 1,20,13,1000000,405355.4265312224,403555.4265312224,False,53.35981607437134
de_perturbation,6,F6: Hybrid Function 1,20,14,1000000,149139.58600933713,147339.58600933713,False,53.51387047767639
de_perturbation,6,F6: Hybrid Function 1,20,15,1000000,133586.43451323753,131786.43451323753,False,52.98855090141296
de_perturbation,6,F6: Hybrid Function 1,20,16,1000000,190014.28027053733,188214.28027053733,False,53.16927766799927
de_perturbation,6,F6: Hybrid Function 1,20,17,1000000,149704.2062119448,147904.2062119448,False,53.3049840927124
de_perturbation,6,F6: Hybrid Function 1,20,18,1000000,2885677.294683656,2883877.294683656,False,52.46037578582764
de_perturbation,6,F6: Hybrid Function 1,20,19,1000000,248182.1231604189,246382.1231604189,False,53.05070662498474
de_perturbation,6,F6: Hybrid Function 1,20,20,1000000,146561.4532582768,144761.4532582768,False,53.217320680618286
de_perturbation,6,F6: Hybrid Function 1,20,21,1000000,556644.9634586099,554844.9634586099,False,53.72604608535767
de_perturbation,6,F6: Hybrid Function 1,20,22,1000000,1564937.8023269393,1563137.8023269393,False,54.04462099075317
de_perturbation,6,F6: Hybrid Function 1,20,23,1000000,190327.7977285534,188527.7977285534,False,54.39337682723999
de_perturbation,6,F6: Hybrid Function 1,20,24,1000000,606088.8943092119,604288.8943092119,False,53.936588764190674
de_perturbation,6,F6: Hybrid Function 1,20,25,1000000,183966.0454746776,182166.0454746776,False,54.52582550048828
de_perturbation,6,F6: Hybrid Function 1,20,26,1000000,231780.12825799437,229980.12825799437,False,54.32852792739868
de_perturbation,6,F6: Hybrid Function 1,20,27,1000000,2346422.1526697874,2344622.1526697874,False,54.08923578262329
de_perturbation,6,F6: Hybrid Function 1,20,28,1000000,141355.20567874284,139555.20567874284,False,54.10080337524414
de_perturbation,6,F6: Hybrid Function 1,20,29,1000000,149359.7182399605,147559.7182399605,False,53.59383964538574
de_perturbation,6,F6: Hybrid Function 1,20,30,1000000,316091.21781207033,314291.21781207033,False,53.3060953617096
de_perturbation,7,F7: Hybrid Function 2,20,1,1000000,2066.776447001395,66.7764470013949,False,825.9829609394073
de_perturbation,7,F7: Hybrid Function 2,20,2,1000000,2072.9502999185265,72.95029991852653,False,819.7413187026978
de_perturbation,7,F7: Hybrid Function 2,20,3,1000000,2103.546848946082,103.5468489460818,False,817.2975165843964
de_perturbation,7,F7: Hybrid Function 2,20,4,1000000,2070.234161301101,70.23416130110081,False,817.8619785308838
de_perturbation,7,F7: Hybrid Function 2,20,5,1000000,2078.621477192048,78.62147719204813,False,823.6678104400635
de_perturbation,7,F7: Hybrid Function 2,20,6,1000000,2068.325908550572,68.32590855057197,False,822.6063561439514
de_perturbation,7,F7: Hybrid Function 2,20,7,1000000,2077.5368112526435,77.53681125264347,False,823.1783783435822
de_perturbation,7,F7: Hybrid Function 2,20,8,1000000,2111.067115795219,111.0671157952188,False,841.2986228466034
de_perturbation,7,F7: Hybrid Function 2,20,9,1000000,2141.264188407228,141.26418840722772,False,825.5864067077637
de_perturbation,7,F7: Hybrid Function 2,20,10,1000000,2310.234376427424,310.2343764274242,False,826.1515579223633
de_perturbation,7,F7: Hybrid Function 2,20,11,1000000,2087.398385347227,87.39838534722685,False,830.0532779693604
de_perturbation,7,F7: Hybrid Function 2,20,12,1000000,2164.991907335369,164.99190733536898,False,826.3971717357635
de_perturbation,7,F7: Hybrid Function 2,20,13,1000000,2069.4193339952453,69.41933399524532,False,821.0908815860748
de_perturbation,7,F7: Hybrid Function 2,20,14,1000000,2111.801136116731,111.80113611673096,False,819.7269718647003
de_perturbation,7,F7: Hybrid Function 2,20,15,1000000,2101.2698911734115,101.26989117341144,False,821.5159366130829
de_perturbation,7,F7: Hybrid Function 2,20,16,1000000,2069.391653347804,69.39165334780364,False,816.6496350765228
de_perturbation,7,F7: Hybrid Function 2,20,17,1000000,2060.6339220787245,60.63392207872448,False,814.7483351230621
de_perturbation,7,F7: Hybrid Function 2,20,18,1000000,2170.7909167786106,170.7909167786106,False,815.0966646671295
de_perturbation,7,F7: Hybrid Function 2,20,19,1000000,2259.581689592208,259.5816895922076,False,812.6541669368744
de_perturbation,7,F7: Hybrid Function 2,20,20,1000000,2056.793523978154,56.7935239781541,False,819.277512550354
de_perturbation,7,F7: Hybrid Function 2,20,21,1000000,2232.481602468166,232.48160246816587,False,819.410103559494
de_perturbation,7,F7: Hybrid Function 2,20,22,1000000,2331.712633836404,331.71263383640417,False,823.7012655735016
de_perturbation,7,F7: Hybrid Function 2,20,23,1000000,2199.095998709249,199.0959987092492,False,817.5847301483154
de_perturbation,7,F7: Hybrid Function 2,20,24,1000000,2096.0521029521906,96.05210295219058,False,818.1103303432465
de_perturbation,7,F7: Hybrid Function 2,20,25,1000000,2150.636855359662,150.63685535966215,False,818.2227675914764
de_perturbation,7,F7: Hybrid Function 2,20,26,1000000,2062.9381698775587,62.93816987755872,False,815.7032008171082
de_perturbation,7,F7: Hybrid Function 2,20,27,1000000,2097.8594867155625,97.85948671556253,False,818.5407390594482
de_perturbation,7,F7: Hybrid Function 2,20,28,1000000,2140.4697058138454,140.4697058138454,False,815.969220161438
de_perturbation,7,F7: Hybrid Function 2,20,29,1000000,2141.5689379096566,141.5689379096566,False,822.9822716712952
de_perturbation,7,F7: Hybrid Function 2,20,30,1000000,2059.67959761611,59.67959761611064,False,813.867514371872
de_perturbation,8,F8: Hybrid Function 3,20,1,1000000,2237.283831714697,37.2838317146975,False,1156.7355008125303
de_perturbation,8,F8: Hybrid Function 3,20,2,1000000,2442.525861541906,242.52586154190607,False,1154.373297214508
de_perturbation,8,F8: Hybrid Function 3,20,3,1000000,2402.882700412772,202.882700412772,False,1164.3118913173676
de_perturbation,8,F8: Hybrid Function 3,20,4,1000000,2245.064422741882,45.06442274188203,False,1152.416569232941
de_perturbation,8,F8: Hybrid Function 3,20,5,1000000,3460.8549420584404,1260.8549420584404,False,1147.8430795669556
de_perturbation,8,F8: Hybrid Function 3,20,6,1000000,2285.087666528328,85.08766652832765,False,1152.6003923416138
de_perturbation,8,F8: Hybrid Function 3,20,7,1000000,2317.5445343738065,117.54453437380651,False,1155.4863171577454
de_perturbation,8,F8: Hybrid Function 3,20,8,1000000,2356.602981392481,156.60298139248152,False,1150.2345697879791
de_perturbation,8,F8: Hybrid Function 3,20,9,1000000,2747.4312083893174,547.4312083893174,False,1151.1780271530151
de_perturbation,8,F8: Hybrid Function 3,20,10,1000000,2264.894125220629,64.89412522062912,False,1155.9422216415403
de_perturbation,8,F8: Hybrid Function 3,20,11,1000000,2368.6941050501205,168.69410505012047,False,1153.0344290733335
de_perturbation,8,F8: Hybrid Function 3,20,12,1000000,2269.5380086482323,69.53800864823233,False,1146.9064936637878
de_perturbation,8,F8: Hybrid Function 3,20,13,1000000,2236.8648115065,36.86481150649979,False,1149.0504260063171
de_perturbation,8,F8: Hybrid Function 3,20,14,1000000,2536.0607637291264,336.0607637291264,False,1149.557137966156
de_perturbation,8,F8: Hybrid Function 3,20,15,1000000,2689.739430982159,489.73943098215886,False,1152.937747001648
de_perturbation,8,F8: Hybrid Function 3,20,16,1000000,3355.3812236025387,1155.3812236025387,False,1150.1141822338104
de_perturbation,8,F8: Hybrid Function 3,20,17,1000000,2491.870448009896,291.8704480098959,False,1149.2656269073486
de_perturbation,8,F8: Hybrid Function 3,20,18,1000000,2278.504738394505,78.50473839450524,False,1156.112629652023
de_perturbation,8,F8: Hybrid Function 3,20,19,1000000,2303.344423747724,103.34442374772424,False,1153.7728185653689
de_perturbation,8,F8: Hybrid Function 3,20,20,1000000,2274.7073392847474,74.70733928474738,False,1163.3074834346771
de_perturbation,8,F8: Hybrid Function 3,20,21,1000000,4531.588238864583,2331.588238864583,False,1151.35031580925
de_perturbation,8,F8: Hybrid Function 3,20,22,1000000,2238.131530802758,38.13153080275788,False,1151.342183828354
de_perturbation,8,F8: Hybrid Function 3,20,23,1000000,3149.232338609101,949.2323386091012,False,1199.8044140338898
de_perturbation,8,F8: Hybrid Function 3,20,24,1000000,2712.7781147577757,512.7781147577753,False,1176.7784667015076
de_perturbation,8,F8: Hybrid Function 3,20,25,1000000,5412.901178198534,3212.9011781985337,False,1183.909309387207
de_perturbation,8,F8: Hybrid Function 3,20,26,1000000,2239.8460599414734,39.84605994147341,False,1150.5305745601654
de_perturbation,8,F8: Hybrid Function 3,20,27,1000000,2263.5488001242056,63.54880012420563,False,1153.5108885765076
de_perturbation,8,F8: Hybrid Function 3,20,28,1000000,2618.8726173121945,418.8726173121945,False,1153.7963893413544
de_perturbation,8,F8: Hybrid Function 3,20,29,1000000,2960.9812874396307,760.9812874396307,False,1140.5178871154783
de_perturbation,8,F8: Hybrid Function 3,20,30,1000000,2519.9191088027405,319.91910880274054,False,1133.700689315796
de_perturbation,9,F9: Composition Function 1,20,1,1000000,2635.646891285087,335.6468912850869,False,142.6135380268097
de_perturbation,9,F9: Composition Function 1,20,2,1000000,2635.640533717848,335.6405337178476,False,143.3014178276062
de_perturbation,9,F9: Composition Function 1,20,3,1000000,2635.641334459424,335.6413344594239,False,139.74407505989075
de_perturbation,9,F9: Composition Function 1,20,4,1000000,2635.6497007074468,335.64970070744675,False,140.33084344863892
de_perturbation,9,F9: Composition Function 1,20,5,1000000,2635.643160372567,335.64316037256685,False,138.85609531402588
de_perturbation,9,F9: Composition Function 1,20,6,1000000,2635.673306681096,335.67330668109616,False,142.18606853485107
de_perturbation,9,F9: Composition Function 1,20,7,1000000,2635.644655850203,335.644655850203,False,142.4260277748108
de_perturbation,9,F9: Composition Function 1,20,8,1000000,2635.640253638649,335.6402536386495,False,148.45960879325867
de_perturbation,9,F9: Composition Function 1,20,9,1000000,2635.6400336963256,335.64003369632564,False,148.79372477531433
de_perturbation,9,F9: Composition Function 1,20,10,1000000,2635.64086928305,335.64086928305005,False,151.24162793159485
de_perturbation,9,F9: Composition Function 1,20,11,1000000,2635.6685940740804,335.6685940740804,False,148.5611128807068
de_perturbation,9,F9: Composition Function 1,20,12,1000000,2635.6508129398508,335.6508129398508,False,145.67891693115234
de_perturbation,9,F9: Composition Function 1,20,13,1000000,2635.648133268939,335.6481332689391,False,148.28168058395386
de_perturbation,9,F9: Composition Function 1,20,14,1000000,2635.6411697421886,335.6411697421886,False,145.98524689674375
de_perturbation,9,F9: Composition Function 1,20,15,1000000,2635.6467735433143,335.64677354331434,False,144.52992391586304
de_perturbation,9,F9: Composition Function 1,20,16,1000000,2635.647830966217,335.64783096621704,False,144.17852187156677
de_perturbation,9,F9: Composition Function 1,20,17,1000000,2635.6426049461543,335.6426049461543,False,148.47481179237366
de_perturbation,9,F9: Composition Function 1,20,18,1000000,2635.644556381201,335.6445563812008,False,147.47968792915344
de_perturbation,9,F9: Composition Function 1,20,19,1000000,2635.646256419436,335.64625641943576,False,150.88971161842346
de_perturbation,9,F9: Composition Function 1,20,20,1000000,2635.6415231858023,335.64152318580227,False,151.67403388023376
de_perturbation,9,F9: Composition Function 1,20,21,1000000,2635.641570738292,335.64157073829165,False,150.88940405845642
de_perturbation,9,F9: Composition Function 1,20,22,1000000,2635.644303048447,335.644303048447,False,146.44418096542358
de_perturbation,9,F9: Composition Function 1,20,23,1000000,2635.65488712262,335.6548871226196,False,143.87829065322876
de_perturbation,9,F9: Composition Function 1,20,24,1000000,2635.643232629286,335.6432326292861,False,143.46174597740173
de_perturbation,9,F9: Composition Function 1,20,25,1000000,2635.6424719648653,335.6424719648653,False,142.99608755111694
de_perturbation,9,F9: Composition Function 1,20,26,1000000,2635.640442884711,335.64044288471086,False,142.69126844406128
de_perturbation,9,F9: Composition Function 1,20,27,1000000,2635.669816390001,335.66981639000096,False,141.7935426235199
de_perturbation,9,F9: Composition Function 1,20,28,1000000,2635.6407814300405,335.64078143004053,False,143.9680473804474
de_perturbation,9,F9: Composition Function 1,20,29,1000000,2635.64202969731,335.64202969731014,False,142.65575861930847
de_perturbation,9,F9: Composition Function 1,20,30,1000000,2635.6474749699096,335.6474749699096,False,141.51708841323853
de_perturbation,10,F10: Composition Function 2,20,1,1000000,3708.104344538002,1308.104344538002,False,145.06810307502747
de_perturbation,10,F10: Composition Function 2,20,2,1000000,2800.543382305063,400.543382305063,False,147.1479136943817
de_perturbation,10,F10: Composition Function 2,20,3,1000000,6097.8585787284,3697.8585787284,False,147.98039484024048
de_perturbation,10,F10: Composition Function 2,20,4,1000000,2801.7861676163134,401.7861676163134,False,145.7810308933258
de_perturbation,10,F10: Composition Function 2,20,5,1000000,2859.187803261951,459.1878032619511,False,147.19785118103027
de_perturbation,10,F10: Composition Function 2,20,6,1000000,2804.255238068236,404.255238068236,False,147.09303045272827
de_perturbation,10,F10: Composition Function 2,20,7,1000000,6756.493550737615,4356.493550737615,False,145.5946056842804
de_perturbation,10,F10: Composition Function 2,20,8,1000000,2977.6622841959625,577.6622841959625,False,146.92892241477966
de_perturbation,10,F10: Composition Function 2,20,9,1000000,6931.160489048284,4531.160489048284,False,147.142897605896
de_perturbation,10,F10: Composition Function 2,20,10,1000000,2799.834738503291,399.8347385032912,False,148.80661416053772
de_perturbation,10,F10: Composition Function 2,20,11,1000000,2977.935737320026,577.935737320026,False,142.71108841896057
de_perturbation,10,F10: Composition Function 2,20,12,1000000,2803.8828015073727,403.88280150737273,False,147.42999839782715
de_perturbation,10,F10: Composition Function 2,20,13,1000000,2801.7936999359968,401.7936999359968,False,147.86372661590576
de_perturbation,10,F10: Composition Function 2,20,14,1000000,2799.898927364076,399.8989273640759,False,151.132967710495
de_perturbation,10,F10: Composition Function 2,20,15,1000000,2802.6392422368967,402.63924223689673,False,151.0880217552185
de_perturbation,10,F10: Composition Function 2,20,16,1000000,2800.598658625881,400.59865862588094,False,150.423730134964
de_perturbation,10,F10: Composition Function 2,20,17,1000000,3001.074460341984,601.0744603419839,False,147.08050346374512
de_perturbation,10,F10: Composition Function 2,20,18,1000000,2799.1573583764302,399.15735837643024,False,148.06900334358215
de_perturbation,10,F10: Composition Function 2,20,19,1000000,2798.206453162954,398.206453162954,False,147.7255699634552
de_perturbation,10,F10: Composition Function 2,20,20,1000000,2800.425162143856,400.4251621438557,False,148.14365005493164
de_perturbation,10,F10: Composition Function 2,20,21,1000000,6650.945605604598,4250.945605604598,False,148.44758892059326
de_perturbation,10,F10: Composition Function 2,20,22,1000000,2805.5216196393303,405.5216196393303,False,150.40616917610168
de_perturbation,10,F10: Composition Function 2,20,23,1000000,2798.370084021333,398.3700840213333,False,150.8728094100952
de_perturbation,10,F10: Composition Function 2,20,24,1000000,2797.4104547360416,397.4104547360416,False,151.59800004959106
de_perturbation,10,F10: Composition Function 2,20,25,1000000,2800.4077132699504,400.4077132699504,False,150.40061354637146
de_perturbation,10,F10: Composition Function 2,20,26,1000000,2806.6594143686134,406.6594143686134,False,150.71727776527405
de_perturbation,10,F10: Composition Function 2,20,27,1000000,2815.9468989285087,415.9468989285088,False,149.62080335617063
de_perturbation,10,F10: Composition Function 2,20,28,1000000,3000.282519777348,600.2825197773477,False,145.75134015083313
de_perturbation,10,F10: Composition Function 2,20,29,1000000,6651.869607605142,4251.869607605142,False,149.58967232704163
de_perturbation,10,F10: Composition Function 2,20,30,1000000,6861.726089681691,4461.726089681691,False,150.13756895065308
de_perturbation,11,F11: Composition Function 3,20,1,1000000,2600.3512812925155,0.3512812925155231,False,235.57655119895932
de_perturbation,11,F11: Composition Function 3,20,2,1000000,2600.5010681057875,0.5010681057874535,False,238.46275353431705
de_perturbation,11,F11: Composition Function 3,20,3,1000000,2600.150174104,0.1501741039996886,False,237.37681818008423
de_perturbation,11,F11: Composition Function 3,20,4,1000000,2600.2546174496165,0.2546174496164894,False,234.6786086559296
de_perturbation,11,F11: Composition Function 3,20,5,1000000,2600.16238928688,0.1623892868797156,False,239.6963746547699
de_perturbation,11,F11: Composition Function 3,20,6,1000000,2600.124759248436,0.1247592484360211,False,247.909729719162
de_perturbation,11,F11: Composition Function 3,20,7,1000000,2600.314876586553,0.3148765865535097,False,263.8817412853241
de_perturbation,11,F11: Composition Function 3,20,8,1000000,2600.172281689863,0.1722816898632118,False,251.96050119400024
de_perturbation,11,F11: Composition Function 3,20,9,1000000,2600.141219508834,0.1412195088341832,False,234.7972331047058
de_perturbation,11,F11: Composition Function 3,20,10,1000000,2600.139200094477,0.1392000944770188,False,229.09721732139587
de_perturbation,11,F11: Composition Function 3,20,11,1000000,2600.555039851653,0.555039851652964,False,240.09375309944156
de_perturbation,11,F11: Composition Function 3,20,12,1000000,2600.1238375032062,0.1238375032062322,False,232.8431913852692
de_perturbation,11,F11: Composition Function 3,20,13,1000000,2600.4046521443306,0.4046521443306119,False,233.04406023025516
de_perturbation,11,F11: Composition Function 3,20,14,1000000,2600.1314717552286,0.131471755228631,False,244.20882058143616
de_perturbation,11,F11: Composition Function 3,20,15,1000000,2600.071866852291,0.0718668522908956,False,274.1488745212555
de_perturbation,11,F11: Composition Function 3,20,16,1000000,2600.1400409020475,0.1400409020475308,False,303.48732924461365
de_perturbation,11,F11: Composition Function 3,20,17,1000000,2600.1903820678144,0.1903820678144256,False,316.454265832901
de_perturbation,11,F11: Composition Function 3,20,18,1000000,2600.1579043881966,0.1579043881965844,False,287.91507482528687
de_perturbation,11,F11: Composition Function 3,20,19,1000000,2600.228310285431,0.2283102854307799,False,298.4527704715729
de_perturbation,11,F11: Composition Function 3,20,20,1000000,2600.1843981823754,0.1843981823753893,False,284.32811093330383
de_perturbation,11,F11: Composition Function 3,20,21,1000000,2600.2162539757737,0.2162539757737249,False,283.3860926628113
de_perturbation,11,F11: Composition Function 3,20,22,1000000,2600.152331225784,0.1523312257836551,False,251.7689757347107
de_perturbation,11,F11: Composition Function 3,20,23,1000000,2600.2021581756344,0.2021581756343948,False,268.7127356529236
de_perturbation,11,F11: Composition Function 3,20,24,1000000,2600.159196398618,0.1591963986179507,False,292.2027802467346
de_perturbation,11,F11: Composition Function 3,20,25,1000000,2600.176172313544,0.1761723135437023,False,283.38919711112976
de_perturbation,11,F11: Composition Function 3,20,26,1000000,2600.2528236212506,0.2528236212506272,False,263.7602791786194
de_perturbation,11,F11: Composition Function 3,20,27,1000000,2600.112315308309,0.1123153083094621,False,259.91319036483765
de_perturbation,11,F11: Composition Function 3,20,28,1000000,2600.211575667457,0.2115756674575095,False,319.33010268211365
de_perturbation,11,F11: Composition Function 3,20,29,1000000,2600.172703879788,0.1727038797880595,False,308.1934463977814
de_perturbation,11,F11: Composition Function 3,20,30,1000000,2600.225328483112,0.2253284831117525,False,271.9920103549957
de_perturbation,12,F12: Composition Function 4,20,1,1000000,2944.869313136103,244.86931313610285,False,305.2172963619232
de_perturbation,12,F12: Composition Function 4,20,2,1000000,2963.4997615516904,263.4997615516904,False,317.5804934501648
de_perturbation,12,F12: Composition Function 4,20,3,1000000,2938.081413414,238.08141341400005,False,328.63878297805786
de_perturbation,12,F12: Composition Function 4,20,4,1000000,2945.2319349667077,245.23193496670729,False,283.3600413799286
de_perturbation,12,F12: Composition Function 4,20,5,1000000,2998.819080908176,298.81908090817615,False,255.4948856830597
de_perturbation,12,F12: Composition Function 4,20,6,1000000,2934.8581899556334,234.8581899556334,False,259.4325342178345
de_perturbation,12,F12: Composition Function 4,20,7,1000000,2990.778405412266,290.7784054122658,False,254.9087109565735
de_perturbation,12,F12: Composition Function 4,20,8,1000000,2943.3219061234654,243.3219061234654,False,257.32340931892395
de_perturbation,12,F12: Composition Function 4,20,9,1000000,2948.511421603691,248.5114216036909,False,257.8646240234375
de_perturbation,12,F12: Composition Function 4,20,10,1000000,2944.770217373028,244.7702173730277,False,262.7982578277588
de_perturbation,12,F12: Composition Function 4,20,11,1000000,2955.184233288978,255.1842332889778,False,268.3271429538727
de_perturbation,12,F12: Composition Function 4,20,12,1000000,2944.867656931094,244.8676569310942,False,258.9774959087372
de_perturbation,12,F12: Composition Function 4,20,13,1000000,2938.2869354593395,238.28693545933947,False,254.22902989387512
de_perturbation,12,F12: Composition Function 4,20,14,1000000,2947.1097179030576,247.1097179030576,False,257.3020417690277
de_perturbation,12,F12: Composition Function 4,20,15,1000000,2954.5952354103097,254.59523541030967,False,260.25475430488586
de_perturbation,12,F12: Composition Function 4,20,16,1000000,2972.340480476665,272.3404804766651,False,254.88858795166016
de_perturbation,12,F12: Composition Function 4,20,17,1000000,2950.1567174877423,250.1567174877423,False,250.03912091255188
de_perturbation,12,F12: Composition Function 4,20,18,1000000,2946.9232020029303,246.92320200293037,False,247.1713602542877
de_perturbation,12,F12: Composition Function 4,20,19,1000000,2947.2841644639425,247.2841644639425,False,235.8900122642517
de_perturbation,12,F12: Composition Function 4,20,20,1000000,2940.2613629828948,240.26136298289475,False,235.4864926338196
de_perturbation,12,F12: Composition Function 4,20,21,1000000,2967.503201526627,267.503201526627,False,234.0598361492157
de_perturbation,12,F12: Composition Function 4,20,22,1000000,2951.26033929598,251.26033929598,False,235.7223858833313
de_perturbation,12,F12: Composition Function 4,20,23,1000000,2943.7614127658485,243.7614127658485,False,239.36354756355288
de_perturbation,12,F12: Composition Function 4,20,24,1000000,2965.341390848876,265.3413908488756,False,245.66356825828552
de_perturbation,12,F12: Composition Function 4,20,25,1000000,2939.323680479329,239.32368047932917,False,234.0475070476532
de_perturbation,12,F12: Composition Function 4,20,26,1000000,2971.9490272670428,271.9490272670428,False,238.45705485343933
de_perturbation,12,F12: Composition Function 4,20,27,1000000,2944.8673359147447,244.86733591474467,False,240.3661150932312
de_perturbation,12,F12: Composition Function 4,20,28,1000000,2965.788272673028,265.78827267302813,False,233.32919764518735
de_perturbation,12,F12: Composition Function 4,20,29,1000000,2970.113300102548,270.1133001025478,False,232.0615222454071
de_perturbation,12,F12: Composition Function 4,20,30,1000000,2940.254550497967,240.2545504979671,False,236.07910799980164
de_plus,1,F1: Shifted and full Rotated Zakharov Function,10,1,200000,300.0000000000173,1.7280399333685637e-11,True,10.051455736160278
de_plus,1,F1: Shifted and full Rotated Zakharov Function,10,2,200000,300.000000000001,1.0231815394945445e-12,True,9.709325075149536
de_plus,1,F1: Shifted and full Rotated Zakharov Function,10,3,200000,300.0000000000017,1.7053025658242404e-12,True,10.235248565673828
de_plus,1,F1: Shifted and full Rotated Zakharov Function,10,4,200000,300.0000000000024,2.330580173293129e-12,True,10.319685697555542
de_plus,1,F1: Shifted and full Rotated Zakharov Function,10,5,200000,300.0,0.0,True,10.009343385696411
de_plus,1,F1: Shifted and full Rotated Zakharov Function,10,6,200000,300.0,0.0,True,9.63149881362915
de_plus,1,F1: Shifted and full Rotated Zakharov Function,10,7,200000,300.00000000000324,3.240074875066057e-12,True,9.446528434753418
de_plus,1,F1: Shifted and full Rotated Zakharov Function,10,8,200000,300.0,0.0,True,9.32074785232544
de_plus,1,F1: Shifted and full Rotated Zakharov Function,10,9,200000,300.0,0.0,True,9.24161672592163
de_plus,1,F1: Shifted and full Rotated Zakharov Function,10,10,200000,300.0,0.0,True,9.37419295310974
de_plus,1,F1: Shifted and full Rotated Zakharov Function,10,11,200000,300.0,0.0,True,9.173656940460203
de_plus,1,F1: Shifted and full Rotated Zakharov Function,10,12,200000,300.00000000053484,5.348397280613425e-10,True,9.941794872283936
de_plus,1,F1: Shifted and full Rotated Zakharov Function,10,13,200000,300.0000000000011,1.0800249583553525e-12,True,9.895719289779665
de_plus,1,F1: Shifted and full Rotated Zakharov Function,10,14,200000,300.00000000005207,5.2068571676500135e-11,True,9.700419664382936
de_plus,1,F1: Shifted and full Rotated Zakharov Function,10,15,200000,300.00000000000125,1.2505552149377765e-12,True,9.625462532043455
de_plus,1,F1: Shifted and full Rotated Zakharov Function,10,16,200000,300.0000000000001,1.1368683772161605e-13,True,9.45665979385376
de_plus,1,F1: Shifted and full Rotated Zakharov Function,10,17,200000,300.00000000000904,9.038103598868474e-12,True,9.98226809501648
de_plus,1,F1: Shifted and full Rotated Zakharov Function,10,18,200000,300.00000000000006,5.684341886080803e-14,True,9.95477056503296
de_plus,1,F1: Shifted and full Rotated Zakharov Function,10,19,200000,300.00000000000085,8.526512829121202e-13,True,10.203158140182495
de_plus,1,F1: Shifted and full Rotated Zakharov Function,10,20,200000,300.0000001007563,1.0075632417283489e-07,False,11.238656759262083
de_plus,1,F1: Shifted and full Rotated Zakharov Function,10,21,200000,300.00000000000136,1.3642420526593924e-12,True,9.821553707122805
de_plus,1,F1: Shifted and full Rotated Zakharov Function,10,22,200000,300.0000000000001,1.1368683772161605e-13,True,9.214295864105225
de_plus,1,F1: Shifted and full Rotated Zakharov Function,10,23,200000,300.0,0.0,True,9.13760256767273
de_plus,1,F1: Shifted and full Rotated Zakharov Function,10,24,200000,300.00000000000136,1.3642420526593924e-12,True,9.917382955551147
de_plus,1,F1: Shifted and full Rotated Zakharov Function,10,25,200000,300.00000000044935,4.4934722609468736e-10,True,10.004655122756958
de_plus,1,F1: Shifted and full Rotated Zakharov Function,10,26,200000,300.0000000000001,1.1368683772161605e-13,True,9.557608366012571
de_plus,1,F1: Shifted and full Rotated Zakharov Function,10,27,200000,300.00000000000426,4.263256414560601e-12,True,9.357553958892822
de_plus,1,F1: Shifted and full Rotated Zakharov Function,10,28,200000,300.00000000225475,2.2547510525328107e-09,True,11.86450481414795
de_plus,1,F1: Shifted and full Rotated Zakharov Function,10,29,200000,300.0,0.0,True,13.0402991771698
de_plus,1,F1: Shifted and full Rotated Zakharov Function,10,30,200000,300.0,0.0,True,12.752624034881592
de_plus,2,F2: Shifted and Rotated Rosenbrock’s Function,10,1,200000,405.6122510319013,5.61225103190128,False,14.286851644515991
de_plus,2,F2: Shifted and Rotated Rosenbrock’s Function,10,2,200000,400.5363096816463,0.5363096816462871,False,13.935479164123535
de_plus,2,F2: Shifted and Rotated Rosenbrock’s Function,10,3,200000,403.8766403360795,3.876640336079504,False,10.812612771987917
de_plus,2,F2: Shifted and Rotated Rosenbrock’s Function,10,4,200000,401.93772905753247,1.937729057532465,False,10.667957067489624
de_plus,2,F2: Shifted and Rotated Rosenbrock’s Function,10,5,200000,403.7592324949277,3.759232494927687,False,10.362237930297852
de_plus,2,F2: Shifted and Rotated Rosenbrock’s Function,10,6,200000,406.2139011290278,6.213901129027818,False,10.224663734436035
de_plus,2,F2: Shifted and Rotated Rosenbrock’s Function,10,7,200000,404.5132197272666,4.51321972726663,False,10.626829862594604
de_plus,2,F2: Shifted and Rotated Rosenbrock’s Function,10,8,200000,404.6377590132441,4.637759013244079,False,11.356043815612791
de_plus,2,F2: Shifted and Rotated Rosenbrock’s Function,10,9,200000,406.36233190363765,6.362331903637653,False,11.37081789970398
de_plus,2,F2: Shifted and Rotated Rosenbrock’s Function,10,10,200000,407.2548382922196,7.254838292219574,False,11.2051043510437
de_plus,2,F2: Shifted and Rotated Rosenbrock’s Function,10,11,200000,407.0391293055317,7.039129305531674,False,11.111875772476196
de_plus,2,F2: Shifted and Rotated Rosenbrock’s Function,10,12,200000,401.6656123429199,1.6656123429199283,False,10.53966212272644
de_plus,2,F2: Shifted and Rotated Rosenbrock’s Function,10,13,200000,406.39184650745807,6.3918465074580695,False,10.488545894622805
de_plus,2,F2: Shifted and Rotated Rosenbrock’s Function,10,14,200000,400.2976178939052,0.2976178939052261,False,14.871668815612791
de_plus,2,F2: Shifted and Rotated Rosenbrock’s Function,10,15,200000,406.8970375815728,6.8970375815728175,False,14.598554134368896
de_plus,2,F2: Shifted and Rotated Rosenbrock’s Function,10,16,200000,406.8662491490954,6.866249149095381,False,14.747360944747925
de_plus,2,F2: Shifted and Rotated Rosenbrock’s Function,10,17,200000,402.1753183603131,2.175318360313099,False,14.642601728439333
de_plus,2,F2: Shifted and Rotated Rosenbrock’s Function,10,18,200000,405.9491524759693,5.9491524759692425,False,14.83448052406311
de_plus,2,F2: Shifted and Rotated Rosenbrock’s Function,10,19,200000,407.43209532249534,7.432095322495343,False,14.422054052352903
de_plus,2,F2: Shifted and Rotated Rosenbrock’s Function,10,20,200000,402.3277145533668,2.327714553366832,False,13.929300785064695
de_plus,2,F2: Shifted and Rotated Rosenbrock’s Function,10,21,200000,406.65113992221984,6.651139922219841,False,14.973400592803957
de_plus,2,F2: Shifted and Rotated Rosenbrock’s Function,10,22,200000,407.068614185195,7.068614185194974,False,14.460107564926147
de_plus,2,F2: Shifted and Rotated Rosenbrock’s Function,10,23,200000,400.9213912157342,0.921391215734218,False,14.389061212539673
de_plus,2,F2: Shifted and Rotated Rosenbrock’s Function,10,24,200000,401.1787122546407,1.1787122546406863,False,14.127843856811523
de_plus,2,F2: Shifted and Rotated Rosenbrock’s Function,10,25,200000,400.4437818697664,0.4437818697663829,False,14.774783849716188
de_plus,2,F2: Shifted and Rotated Rosenbrock’s Function,10,26,200000,407.3761384543144,7.376138454314344,False,13.925769567489624
de_plus,2,F2: Shifted and Rotated Rosenbrock’s Function,10,27,200000,401.585782641466,1.5857826414659826,False,14.873968124389648
de_plus,2,F2: Shifted and Rotated Rosenbrock’s Function,10,28,200000,401.843304192148,1.8433041921479685,False,14.886016130447388
de_plus,2,F2: Shifted and Rotated Rosenbrock’s Function,10,29,200000,400.98968925518056,0.9896892551805648,False,14.61744737625122
de_plus,2,F2: Shifted and Rotated Rosenbrock’s Function,10,30,200000,404.6442568933395,4.644256893339502,False,14.810352325439451
de_plus,3,F3: Shifted and full Rotated Expanded Schaffer’s F7,10,1,200000,600.0,0.0,True,18.916008949279785
de_plus,3,F3: Shifted and full Rotated Expanded Schaffer’s F7,10,2,200000,600.0,0.0,True,18.865936756134037
de_plus,3,F3: Shifted and full Rotated Expanded Schaffer’s F7,10,3,200000,600.0,0.0,True,18.769158601760864
de_plus,3,F3: Shifted and full Rotated Expanded Schaffer’s F7,10,4,200000,600.0,0.0,True,19.089882135391235
de_plus,3,F3: Shifted and full Rotated Expanded Schaffer’s F7,10,5,200000,600.0,0.0,True,18.895196437835693
de_plus,3,F3: Shifted and full Rotated Expanded Schaffer’s F7,10,6,200000,600.0,0.0,True,19.045104026794437
de_plus,3,F3: Shifted and full Rotated Expanded Schaffer’s F7,10,7,200000,600.0,0.0,True,18.781932592391968
de_plus,3,F3: Shifted and full Rotated Expanded Schaffer’s F7,10,8,200000,600.0,0.0,True,17.960299253463745
de_plus,3,F3: Shifted and full Rotated Expanded Schaffer’s F7,10,9,200000,600.0,0.0,True,18.85493898391724
de_plus,3,F3: Shifted and full Rotated Expanded Schaffer’s F7,10,10,200000,600.0,0.0,True,18.416083574295044
de_plus,3,F3: Shifted and full Rotated Expanded Schaffer’s F7,10,11,200000,600.0,0.0,True,18.347323179244995
de_plus,3,F3: Shifted and full Rotated Expanded Schaffer’s F7,10,12,200000,600.0,0.0,True,18.80552840232849
de_plus,3,F3: Shifted and full Rotated Expanded Schaffer’s F7,10,13,200000,600.0,0.0,True,18.25000262260437
de_plus,3,F3: Shifted and full Rotated Expanded Schaffer’s F7,10,14,200000,600.0,0.0,True,17.639044284820557
de_plus,3,F3: Shifted and full Rotated Expanded Schaffer’s F7,10,15,200000,600.0,0.0,True,18.661136865615845
de_plus,3,F3: Shifted and full Rotated Expanded Schaffer’s F7,10,16,200000,600.0,0.0,True,17.831887245178223
de_plus,3,F3: Shifted and full Rotated Expanded Schaffer’s F7,10,17,200000,600.0,0.0,True,18.277419567108154
de_plus,3,F3: Shifted and full Rotated Expanded Schaffer’s F7,10,18,200000,600.0,0.0,True,18.3259379863739
de_plus,3,F3: Shifted and full Rotated Expanded Schaffer’s F7,10,19,200000,600.0,0.0,True,18.00204348564148
de_plus,3,F3: Shifted and full Rotated Expanded Schaffer’s F7,10,20,200000,600.0,0.0,True,18.061879634857178
de_plus,3,F3: Shifted and full Rotated Expanded Schaffer’s F7,10,21,200000,600.0,0.0,True,19.03473305702209
de_plus,3,F3: Shifted and full Rotated Expanded Schaffer’s F7,10,22,200000,600.0,0.0,True,19.17523193359375
de_plus,3,F3: Shifted and full Rotated Expanded Schaffer’s F7,10,23,200000,600.0,0.0,True,19.41835904121399
de_plus,3,F3: Shifted and full Rotated Expanded Schaffer’s F7,10,24,200000,600.0,0.0,True,19.182977199554443
de_plus,3,F3: Shifted and full Rotated Expanded Schaffer’s F7,10,25,200000,600.0,0.0,True,18.69864249229431
de_plus,3,F3: Shifted and full Rotated Expanded Schaffer’s F7,10,26,200000,600.0,0.0,True,18.87556529045105
de_plus,3,F3: Shifted and full Rotated Expanded Schaffer’s F7,10,27,200000,600.0,0.0,True,18.25819396972656
de_plus,3,F3: Shifted and full Rotated Expanded Schaffer’s F7,10,28,200000,600.0,0.0,True,18.44083952903748
de_plus,3,F3: Shifted and full Rotated Expanded Schaffer’s F7,10,29,200000,600.0,0.0,True,18.758498191833496
de_plus,3,F3: Shifted and full Rotated Expanded Schaffer’s F7,10,30,200000,600.0,0.0,True,18.47442865371704
de_plus,4,F4: Shifted and Rotated Non-Continuous Rastrigin’s Function,10,1,200000,821.7742027560868,21.774202756086765,False,23.67177700996399
de_plus,4,F4: Shifted and Rotated Non-Continuous Rastrigin’s Function,10,2,200000,816.5012023859426,16.501202385942634,False,24.113216161727905
de_plus,4,F4: Shifted and Rotated Non-Continuous Rastrigin’s Function,10,3,200000,818.6438269357986,18.643826935798643,False,24.4350848197937
de_plus,4,F4: Shifted and Rotated Non-Continuous Rastrigin’s Function,10,4,200000,817.9772290593418,17.977229059341767,False,24.08855628967285
de_plus,4,F4: Shifted and Rotated Non-Continuous Rastrigin’s Function,10,5,200000,815.0196350096879,15.019635009687931,False,23.784690856933597
de_plus,4,F4: Shifted and Rotated Non-Continuous Rastrigin’s Function,10,6,200000,818.4390469398159,18.439046939815853,False,24.43678569793701
de_plus,4,F4: Shifted and Rotated Non-Continuous Rastrigin’s Function,10,7,200000,810.4587489941638,10.458748994163784,False,24.42462396621704
de_plus,4,F4: Shifted and Rotated Non-Continuous Rastrigin’s Function,10,8,200000,814.1185872002573,14.118587200257252,False,24.810235261917114
de_plus,4,F4: Shifted and Rotated Non-Continuous Rastrigin’s Function,10,9,200000,819.2929589065316,19.292958906531567,False,24.546666860580444
de_plus,4,F4: Shifted and Rotated Non-Continuous Rastrigin’s Function,10,10,200000,816.5952057796719,16.595205779671915,False,24.48877596855164
de_plus,4,F4: Shifted and Rotated Non-Continuous Rastrigin’s Function,10,11,200000,816.8096841833778,16.80968418337784,False,24.011363983154297
de_plus,4,F4: Shifted and Rotated Non-Continuous Rastrigin’s Function,10,12,200000,816.4075230770443,16.40752307704429,False,25.09849739074707
de_plus,4,F4: Shifted and Rotated Non-Continuous Rastrigin’s Function,10,13,200000,813.2724046147363,13.272404614736274,False,25.441941022872925
de_plus,4,F4: Shifted and Rotated Non-Continuous Rastrigin’s Function,10,14,200000,812.274491676517,12.27449167651696,False,25.48037075996399
de_plus,4,F4: Shifted and Rotated Non-Continuous Rastrigin’s Function,10,15,200000,826.0280344029006,26.02803440290063,False,25.01014256477356
de_plus,4,F4: Shifted and Rotated Non-Continuous Rastrigin’s Function,10,16,200000,814.0633258984471,14.063325898447149,False,25.035359144210812
de_plus,4,F4: Shifted and Rotated Non-Continuous Rastrigin’s Function,10,17,200000,826.0268940795994,26.0268940795994,False,24.931527376174927
de_plus,4,F4: Shifted and Rotated Non-Continuous Rastrigin’s Function,10,18,200000,820.1678448006055,20.167844800605508,False,24.71523380279541
de_plus,4,F4: Shifted and Rotated Non-Continuous Rastrigin’s Function,10,19,200000,822.308636276277,22.30863627627696,False,24.499623775482178
de_plus,4,F4: Shifted and Rotated Non-Continuous Rastrigin’s Function,10,20,200000,820.709802718629,20.70980271862902,False,24.389145374298096
de_plus,4,F4: Shifted and Rotated Non-Continuous Rastrigin’s Function,10,21,200000,816.0915665386709,16.091566538670918,False,23.80703711509705
de_plus,4,F4: Shifted and Rotated Non-Continuous Rastrigin’s Function,10,22,200000,818.0006677038986,18.000667703898557,False,23.73334908485413
de_plus,4,F4: Shifted and Rotated Non-Continuous Rastrigin’s Function,10,23,200000,820.1415814253046,20.141581425304597,False,23.41926050186157
de_plus,4,F4: Shifted and Rotated Non-Continuous Rastrigin’s Function,10,24,200000,814.2570047207645,14.257004720764485,False,23.32178330421448
de_plus,4,F4: Shifted and Rotated Non-Continuous Rastrigin’s Function,10,25,200000,826.3558960583239,26.35589605832388,False,24.346710681915283
de_plus,4,F4: Shifted and Rotated Non-Continuous Rastrigin’s Function,10,26,200000,814.9920768232408,14.992076823240836,False,23.51831340789795
de_plus,4,F4: Shifted and Rotated Non-Continuous Rastrigin’s Function,10,27,200000,814.0561784796208,14.056178479620826,False,24.2684428691864
de_plus,4,F4: Shifted and Rotated Non-Continuous Rastrigin’s Function,10,28,200000,814.1159916644567,14.115991664456716,False,25.310800790786743
de_plus,4,F4: Shifted and Rotated Non-Continuous Rastrigin’s Function,10,29,200000,818.0001459071469,18.00014590714693,False,24.904391050338745
de_plus,4,F4: Shifted and Rotated Non-Continuous Rastrigin’s Function,10,30,200000,816.5634360915072,16.563436091507242,False,24.45693635940552
de_plus,5,F5: Shifted and Rotated Levy Function,10,1,200000,900.0001119864204,0.0001119864203928,False,17.208680152893066
de_plus,5,F5: Shifted and Rotated Levy Function,10,2,200000,900.0000776532769,7.765327688957768e-05,False,16.4840669631958
de_plus,5,F5: Shifted and Rotated Levy Function,10,3,200000,900.0004431752924,0.0004431752923892,False,16.384644985198975
de_plus,5,F5: Shifted and Rotated Levy Function,10,4,200000,900.0002295005703,0.000229500570299,False,16.805492162704468
de_plus,5,F5: Shifted and Rotated Levy Function,10,5,200000,900.0001373604915,0.0001373604915215,False,16.228589296340942
de_plus,5,F5: Shifted and Rotated Levy Function,10,6,200000,900.0000570109924,5.7010992350114975e-05,False,16.48988699913025
de_plus,5,F5: Shifted and Rotated Levy Function,10,7,200000,900.0000357432525,3.574325251065602e-05,False,16.480197429656982
de_plus,5,F5: Shifted and Rotated Levy Function,10,8,200000,900.0000096935718,9.693571769275875e-06,False,16.24574637413025
de_plus,5,F5: Shifted and Rotated Levy Function,10,9,200000,900.0001003988126,0.0001003988126058,False,15.931541919708252
de_plus,5,F5: Shifted and Rotated Levy Function,10,10,200000,900.0000096808429,9.680842936177214e-06,False,16.127071619033813
de_plus,5,F5: Shifted and Rotated Levy Function,10,11,200000,900.000003273035,3.273034963058308e-06,False,16.85207748413086
de_plus,5,F5: Shifted and Rotated Levy Function,10,12,200000,900.0000148215498,1.4821549825683178e-05,False,16.41901683807373
de_plus,5,F5: Shifted and Rotated Levy Function,10,13,200000,900.0001209276467,0.0001209276466624,False,16.232571840286255
de_plus,5,F5: Shifted and Rotated Levy Function,10,14,200000,900.0000093579617,9.357961744171917e-06,False,16.486119985580444
de_plus,5,F5: Shifted and Rotated Levy Function,10,15,200000,900.0003976997004,0.0003976997004428,False,16.51379132270813
de_plus,5,F5: Shifted and Rotated Levy Function,10,16,200000,900.0001042009999,0.0001042009998855,False,16.319091081619263
de_plus,5,F5: Shifted and Rotated Levy Function,10,17,200000,900.0000278299547,2.782995466077409e-05,False,17.702500820159912
de_plus,5,F5: Shifted and Rotated Levy Function,10,18,200000,900.0000165959755,1.659597546677105e-05,False,16.92631196975708
de_plus,5,F5: Shifted and Rotated Levy Function,10,19,200000,900.0000019008495,1.9008494973604684e-06,False,16.866212606430054
de_plus,5,F5: Shifted and Rotated Levy Function,10,20,200000,900.0003255693208,0.0003255693208075,False,17.12311887741089
de_plus,5,F5: Shifted and Rotated Levy Function,10,21,200000,900.0000234352091,2.343520907288621e-05,False,17.159852743148804
de_plus,5,F5: Shifted and Rotated Levy Function,10,22,200000,900.000744085542,0.0007440855420099,False,17.466253757476807
de_plus,5,F5: Shifted and Rotated Levy Function,10,23,200000,900.0003487982044,0.0003487982044134,False,17.058297157287598
de_plus,5,F5: Shifted and Rotated Levy Function,10,24,200000,900.0000925132724,9.251327242054684e-05,False,17.27480983734131
de_plus,5,F5: Shifted and Rotated Levy Function,10,25,200000,900.000205388711,0.0002053887110378,False,17.03769040107727
de_plus,5,F5: Shifted and Rotated Levy Function,10,26,200000,900.0001107008092,0.0001107008091594,False,16.713582515716553
de_plus,5,F5: Shifted and Rotated Levy Function,10,27,200000,900.0002065968848,0.0002065968848228,False,16.735169887542725
de_plus,5,F5: Shifted and Rotated Levy Function,10,28,200000,900.0002476927049,0.0002476927048746,False,16.85082483291626
de_plus,5,F5: Shifted and Rotated Levy Function,10,29,200000,900.0000151191438,1.5119143768060894e-05,False,15.936822175979614
de_plus,5,F5: Shifted and Rotated Levy Function,10,30,200000,900.0000085410509,8.541050874555367e-06,False,16.354434967041016
de_plus,6,F6: Hybrid Function 1,10,1,200000,2257.2198961748845,457.2198961748845,False,17.60680317878723
de_plus,6,F6: Hybrid Function 1,10,2,200000,3493.2692435430013,1693.2692435430013,False,17.635762929916382
de_plus,6,F6: Hybrid Function 1,10,3,200000,3028.142466970374,1228.1424669703738,False,17.5054714679718
de_plus,6,F6: Hybrid Function 1,10,4,200000,4140.564404809145,2340.5644048091453,False,16.92970895767212
de_plus,6,F6: Hybrid Function 1,10,5,200000,2562.440569681593,762.4405696815929,False,18.097732305526733
de_plus,6,F6: Hybrid Function 1,10,6,200000,3221.0280715358813,1421.0280715358813,False,17.771130800247192
de_plus,6,F6: Hybrid Function 1,10,7,200000,3811.938820047397,2011.9388200473968,False,17.632999420166016
de_plus,6,F6: Hybrid Function 1,10,8,200000,2433.4292780809465,633.4292780809465,False,16.87125515937805
de_plus,6,F6: Hybrid Function 1,10,9,200000,2445.6980022864736,645.6980022864736,False,17.299426794052124
de_plus,6,F6: Hybrid Function 1,10,10,200000,3166.8629890044385,1366.8629890044383,False,17.211471557617188
de_plus,6,F6: Hybrid Function 1,10,11,200000,4854.136322585861,3054.1363225858613,False,17.48386311531067
de_plus,6,F6: Hybrid Function 1,10,12,200000,2589.719851235884,789.7198512358841,False,17.01932120323181
de_plus,6,F6: Hybrid Function 1,10,13,200000,4224.875543391181,2424.875543391181,False,16.93561315536499
de_plus,6,F6: Hybrid Function 1,10,14,200000,3409.717141617913,1609.7171416179135,False,17.606441020965576
de_plus,6,F6: Hybrid Function 1,10,15,200000,2808.3678372623817,1008.3678372623816,False,17.43934965133667
de_plus,6,F6: Hybrid Function 1,10,16,200000,4719.08686535149,2919.08686535149,False,17.03255581855774
de_plus,6,F6: Hybrid Function 1,10,17,200000,2951.3378794865066,1151.3378794865066,False,17.197142601013184
de_plus,6,F6: Hybrid Function 1,10,18,200000,3235.818552750197,1435.818552750197,False,17.278496265411377
de_plus,6,F6: Hybrid Function 1,10,19,200000,3934.4577766208745,2134.4577766208745,False,16.860085487365723
de_plus,6,F6: Hybrid Function 1,10,20,200000,3467.641131634194,1667.6411316341942,False,17.609951734542847
de_plus,6,F6: Hybrid Function 1,10,21,200000,2147.675783430243,347.675783430243,False,17.481597900390625
de_plus,6,F6: Hybrid Function 1,10,22,200000,2610.6002892435736,810.6002892435736,False,17.614694833755493
de_plus,6,F6: Hybrid Function 1,10,23,200000,2676.9595931813483,876.9595931813483,False,17.170753479003906
de_plus,6,F6: Hybrid Function 1,10,24,200000,3665.070070765885,1865.0700707658848,False,17.374330043792725
de_plus,6,F6: Hybrid Function 1,10,25,200000,5208.3437040325625,3408.3437040325625,False,17.483546495437622
de_plus,6,F6: Hybrid Function 1,10,26,200000,2428.806900793981,628.8069007939812,False,18.14557218551636
de_plus,6,F6: Hybrid Function 1,10,27,200000,2746.443828185082,946.443828185082,False,17.43006920814514
de_plus,6,F6: Hybrid Function 1,10,28,200000,5370.272425150489,3570.2724251504887,False,17.222458362579346
de_plus,6,F6: Hybrid Function 1,10,29,200000,3365.134952864756,1565.134952864756,False,16.971190929412842
de_plus,6,F6: Hybrid Function 1,10,30,200000,4196.193965019282,2396.1939650192817,False,17.433988332748413
de_plus,7,F7: Hybrid Function 2,10,1,200000,2000.239658795324,0.2396587953239759,False,95.9993016719818
de_plus,7,F7: Hybrid Function 2,10,2,200000,2000.1223694268892,0.1223694268894632,False,99.90306305885316
de_plus,7,F7: Hybrid Function 2,10,3,200000,2020.5564666747207,20.556466674720696,False,98.98711013793944
de_plus,7,F7: Hybrid Function 2,10,4,200000,2000.3702078167944,0.3702078167943909,False,99.93102383613586
de_plus,7,F7: Hybrid Function 2,10,5,200000,2000.09788257966,0.0978825796598812,False,97.95568680763245
de_plus,7,F7: Hybrid Function 2,10,6,200000,2000.3390235556544,0.3390235556541938,False,98.00622940063477
de_plus,7,F7: Hybrid Function 2,10,7,200000,2000.230122730037,0.2301227300370101,False,98.36135411262512
de_plus,7,F7: Hybrid Function 2,10,8,200000,2000.127393559978,0.1273935599779179,False,98.09917187690736
de_plus,7,F7: Hybrid Function 2,10,9,200000,2011.669158348387,11.6691583483871,False,97.07384753227234
de_plus,7,F7: Hybrid Function 2,10,10,200000,2000.362679470678,0.3626794706779037,False,97.04063844680786
de_plus,7,F7: Hybrid Function 2,10,11,200000,2000.0810491282864,0.0810491282866223,False,99.33958911895752
de_plus,7,F7: Hybrid Function 2,10,12,200000,2000.2568683927057,0.2568683927058828,False,100.6937654018402
de_plus,7,F7: Hybrid Function 2,10,13,200000,2000.8003693874648,0.8003693874645705,False,99.84813737869264
de_plus,7,F7: Hybrid Function 2,10,14,200000,2000.4424435500705,0.4424435500702657,False,96.2063603401184
de_plus,7,F7: Hybrid Function 2,10,15,200000,2000.0279989406768,0.0279989406772074,False,98.25879526138306
de_plus,7,F7: Hybrid Function 2,10,16,200000,2000.3407360788751,0.3407360788751248,False,98.95608019828796
de_plus,7,F7: Hybrid Function 2,10,17,200000,2000.4582847494423,0.4582847494423276,False,99.37772965431212
de_plus,7,F7: Hybrid Function 2,10,18,200000,2000.0554282961616,0.0554282961618355,False,98.34901475906372
de_plus,7,F7: Hybrid Function 2,10,19,200000,2000.297816276257,0.2978162762569809,False,98.17255759239195
de_plus,7,F7: Hybrid Function 2,10,20,200000,2000.127866981299,0.1278669812988937,False,97.69030737876892
de_plus,7,F7: Hybrid Function 2,10,21,200000,2000.8278629845656,0.8278629845658543,False,95.88321828842165
de_plus,7,F7: Hybrid Function 2,10,22,200000,2000.5494328007096,0.5494328007098375,False,98.81691074371338
de_plus,7,F7: Hybrid Function 2,10,23,200000,2000.2264138596208,0.2264138596206066,False,97.34682488441469
de_plus,7,F7: Hybrid Function 2,10,24,200000,2000.4584580555456,0.4584580555458615,False,98.24396824836732
de_plus,7,F7: Hybrid Function 2,10,25,200000,2000.23665079183,0.2366507918300158,False,96.17866706848145
de_plus,7,F7: Hybrid Function 2,10,26,200000,2000.2696224006493,0.2696224006494958,False,98.69257187843324
de_plus,7,F7: Hybrid Function 2,10,27,200000,2000.328068001782,0.3280680017819577,False,100.40843462944032
de_plus,7,F7: Hybrid Function 2,10,28,200000,2000.539140534332,0.5391405343320912,False,96.42588424682616
de_plus,7,F7: Hybrid Function 2,10,29,200000,2000.1206263234087,0.1206263234087146,False,98.8424801826477
de_plus,7,F7: Hybrid Function 2,10,30,200000,2000.3392030218183,0.3392030218183208,False,97.73508548736572
de_plus,8,F8: Hybrid Function 3,10,1,200000,2203.5989660319165,3.5989660319164614,False,131.50811409950256
de_plus,8,F8: Hybrid Function 3,10,2,200000,2208.429262602356,8.429262602356175,False,130.4595696926117
de_plus,8,F8: Hybrid Function 3,10,3,200000,2201.745350842274,1.7453508422740924,False,130.2317328453064
de_plus,8,F8: Hybrid Function 3,10,4,200000,2204.154629989047,4.154629989046953,False,129.98497128486633
de_plus,8,F8: Hybrid Function 3,10,5,200000,2202.627126433541,2.62712643354098,False,133.59225940704346
de_plus,8,F8: Hybrid Function 3,10,6,200000,2206.586699111041,6.586699111041071,False,130.7323067188263
de_plus,8,F8: Hybrid Function 3,10,7,200000,2208.3409723538784,8.340972353878442,False,133.23815059661865
de_plus,8,F8: Hybrid Function 3,10,8,200000,2212.243045303358,12.24304530335803,False,132.65335178375244
de_plus,8,F8: Hybrid Function 3,10,9,200000,2206.028008323764,6.02800832376397,False,136.31086373329163
de_plus,8,F8: Hybrid Function 3,10,10,200000,2203.950869910073,3.950869910072925,False,137.42932844161987
de_plus,8,F8: Hybrid Function 3,10,11,200000,2203.130886086461,3.1308860864610324,False,131.4995677471161
de_plus,8,F8: Hybrid Function 3,10,12,200000,2201.397942750389,1.3979427503891202,False,131.4373424053192
de_plus,8,F8: Hybrid Function 3,10,13,200000,2204.17565064122,4.175650641219818,False,129.2507085800171
de_plus,8,F8: Hybrid Function 3,10,14,200000,2204.6263299417333,4.626329941733275,False,130.79576992988586
de_plus,8,F8: Hybrid Function 3,10,15,200000,2208.5898147314347,8.589814731434672,False,128.82994556427002
de_plus,8,F8: Hybrid Function 3,10,16,200000,2211.8335263727204,11.833526372720373,False,129.62117171287537
de_plus,8,F8: Hybrid Function 3,10,17,200000,2202.220766471186,2.220766471185925,False,130.08045983314514
de_plus,8,F8: Hybrid Function 3,10,18,200000,2201.786471141329,1.7864711413290024,False,129.35581493377686
de_plus,8,F8: Hybrid Function 3,10,19,200000,2201.777100952243,1.7771009522430177,False,131.91370391845703
de_plus,8,F8: Hybrid Function 3,10,20,200000,2201.6651465606515,1.6651465606514648,False,129.64659595489502
de_plus,8,F8: Hybrid Function 3,10,21,200000,2221.601820717515,21.601820717514784,False,131.63967275619507
de_plus,8,F8: Hybrid Function 3,10,22,200000,2203.175947689166,3.1759476891661507,False,131.0333218574524
de_plus,8,F8: Hybrid Function 3,10,23,200000,2205.763364298052,5.763364298051329,False,130.47658467292786
de_plus,8,F8: Hybrid Function 3,10,24,200000,2201.668367064364,1.6683670643633377,False,129.75330138206482
de_plus,8,F8: Hybrid Function 3,10,25,200000,2201.8860671253324,1.8860671253323744,False,131.2520294189453
de_plus,8,F8: Hybrid Function 3,10,26,200000,2201.9577026284896,1.957702628489642,False,128.2270061969757
de_plus,8,F8: Hybrid Function 3,10,27,200000,2205.053348308384,5.053348308383647,False,129.95914602279663
de_plus,8,F8: Hybrid Function 3,10,28,200000,2202.1684666635606,2.1684666635605936,False,130.40547609329224
de_plus,8,F8: Hybrid Function 3,10,29,200000,2203.5689341880875,3.5689341880874963,False,132.9189491271973
de_plus,8,F8: Hybrid Function 3,10,30,200000,2201.500177630851,1.5001776308508852,False,132.9698429107666
de_plus,9,F9: Composition Function 1,10,1,200000,2361.658588510289,61.65858851028952,False,35.01570916175842
de_plus,9,F9: Composition Function 1,10,2,200000,2314.769125247437,14.769125247436932,False,35.76548385620117
de_plus,9,F9: Composition Function 1,10,3,200000,2358.647514498045,58.64751449804544,False,34.836830854415894
de_plus,9,F9: Composition Function 1,10,4,200000,2454.693101897339,154.69310189733915,False,34.83534479141235
de_plus,9,F9: Composition Function 1,10,5,200000,2323.376051279536,23.376051279536117,False,35.98262548446655
de_plus,9,F9: Composition Function 1,10,6,200000,2666.2153071493503,366.2153071493504,False,34.35703682899475
de_plus,9,F9: Composition Function 1,10,7,200000,2305.2538227601904,5.25382276019036,False,33.8776650428772
de_plus,9,F9: Composition Function 1,10,8,200000,2342.554862946866,42.5548629468658,False,34.40070962905884
de_plus,9,F9: Composition Function 1,10,9,200000,2324.7492317071114,24.74923170711145,False,34.87233805656433
de_plus,9,F9: Composition Function 1,10,10,200000,2319.1974407898592,19.19744078985923,False,35.17756414413452
de_plus,9,F9: Composition Function 1,10,11,200000,2333.124780970986,33.124780970986194,False,35.42229199409485
de_plus,9,F9: Composition Function 1,10,12,200000,2443.7637333901166,143.7637333901166,False,34.905864238739014
de_plus,9,F9: Composition Function 1,10,13,200000,2463.715145502731,163.71514550273105,False,34.76799201965332
de_plus,9,F9: Composition Function 1,10,14,200000,2311.996808541405,11.996808541405244,False,35.813411474227905
de_plus,9,F9: Composition Function 1,10,15,200000,2352.2707801927054,52.27078019270539,False,36.73706364631653
de_plus,9,F9: Composition Function 1,10,16,200000,2350.431080075126,50.43108007512592,False,35.89331245422363
de_plus,9,F9: Composition Function 1,10,17,200000,2309.6973398845157,9.69733988451526,False,35.99035310745239
de_plus,9,F9: Composition Function 1,10,18,200000,2460.220945073984,160.22094507398424,False,35.56031608581543
de_plus,9,F9: Composition Function 1,10,19,200000,2422.8958417316303,122.8958417316303,False,35.87473011016846
de_plus,9,F9: Composition Function 1,10,20,200000,2466.500409121766,166.5004091217661,False,36.42777681350708
de_plus,9,F9: Composition Function 1,10,21,200000,2307.2502177271394,7.250217727139443,False,36.38259553909302
de_plus,9,F9: Composition Function 1,10,22,200000,2668.2304928606686,368.2304928606686,False,34.853615283966064
de_plus,9,F9: Composition Function 1,10,23,200000,2311.353864994755,11.353864994754986,False,35.0676167011261
de_plus,9,F9: Composition Function 1,10,24,200000,2363.776804566639,63.77680456663893,False,35.24585771560669
de_plus,9,F9: Composition Function 1,10,25,200000,2314.325142176468,14.32514217646758,False,35.4530041217804
de_plus,9,F9: Composition Function 1,10,26,200000,2663.419245551352,363.4192455513521,False,36.023786783218384
de_plus,9,F9: Composition Function 1,10,27,200000,2378.4156753962893,78.41567539628932,False,35.39410734176636
de_plus,9,F9: Composition Function 1,10,28,200000,2440.512066701802,140.5120667018018,False,34.271904945373535
de_plus,9,F9: Composition Function 1,10,29,200000,2663.614921081656,363.61492108165567,False,36.805335521698
de_plus,9,F9: Composition Function 1,10,30,200000,2661.634387638365,361.6343876383648,False,36.24811339378357
de_plus,10,F10: Composition Function 2,10,1,200000,2621.197198863431,221.1971988634309,False,35.297805070877075
de_plus,10,F10: Composition Function 2,10,2,200000,2621.243526098416,221.24352609841617,False,34.100053548812866
de_plus,10,F10: Composition Function 2,10,3,200000,2622.0946424426365,222.0946424426365,False,36.352492332458496
de_plus,10,F10: Composition Function 2,10,4,200000,2621.315913556869,221.31591355686896,False,35.642462730407715
de_plus,10,F10: Composition Function 2,10,5,200000,2621.460100153404,221.4601001534038,False,35.594998836517334
de_plus,10,F10: Composition Function 2,10,6,200000,2621.3561573989405,221.35615739894047,False,35.18488883972168
de_plus,10,F10: Composition Function 2,10,7,200000,2622.877593624202,222.87759362420184,False,34.902788400650024
de_plus,10,F10: Composition Function 2,10,8,200000,2621.366520430617,221.36652043061716,False,35.672882080078125
de_plus,10,F10: Composition Function 2,10,9,200000,2620.8870658828178,220.88706588281772,False,34.90546679496765
de_plus,10,F10: Composition Function 2,10,10,200000,2621.4439560776405,221.44395607764045,False,35.28185987472534
de_plus,10,F10: Composition Function 2,10,11,200000,2621.151500914306,221.15150091430587,False,34.95541834831238
de_plus,10,F10: Composition Function 2,10,12,200000,2621.9034814513807,221.90348145138069,False,36.44876646995544
de_plus,10,F10: Composition Function 2,10,13,200000,2620.032074098619,220.03207409861895,False,36.88220810890198
de_plus,10,F10: Composition Function 2,10,14,200000,2620.9273400849897,220.9273400849897,False,36.43800330162048
de_plus,10,F10: Composition Function 2,10,15,200000,2621.072990695144,221.0729906951442,False,35.83101224899292
de_plus,10,F10: Composition Function 2,10,16,200000,2621.1983190311043,221.19831903110435,False,35.51552391052246
de_plus,10,F10: Composition Function 2,10,17,200000,2621.832797544839,221.8327975448392,False,34.29707074165344
de_plus,10,F10: Composition Function 2,10,18,200000,2621.8908111085334,221.8908111085334,False,36.4560604095459
de_plus,10,F10: Composition Function 2,10,19,200000,2621.136718432957,221.13671843295697,False,36.09440994262695
de_plus,10,F10: Composition Function 2,10,20,200000,2620.9642595376613,220.9642595376613,False,35.03037667274475
de_plus,10,F10: Composition Function 2,10,21,200000,2620.9981312824384,220.9981312824384,False,35.862462520599365
de_plus,10,F10: Composition Function 2,10,22,200000,2621.13980803964,221.13980803963975,False,36.28594160079956
de_plus,10,F10: Composition Function 2,10,23,200000,2621.026914471434,221.02691447143388,False,34.6590051651001
de_plus,10,F10: Composition Function 2,10,24,200000,2620.6701726677816,220.6701726677816,False,35.43792462348938
de_plus,10,F10: Composition Function 2,10,25,200000,2621.328074585579,221.3280745855791,False,34.14030694961548
de_plus,10,F10: Composition Function 2,10,26,200000,2621.218943881727,221.2189438817268,False,35.437891483306885
de_plus,10,F10: Composition Function 2,10,27,200000,2621.1752384344054,221.1752384344054,False,36.011021852493286
de_plus,10,F10: Composition Function 2,10,28,200000,2621.5623267322385,221.5623267322385,False,35.67859125137329
de_plus,10,F10: Composition Function 2,10,29,200000,2620.9748763321973,220.97487633219723,False,35.90269207954407
de_plus,10,F10: Composition Function 2,10,30,200000,2621.792830290944,221.7928302909436,False,35.92046523094177
de_plus,11,F11: Composition Function 3,10,1,200000,2600.000000000019,1.9099388737231493e-11,True,51.99994063377381
de_plus,11,F11: Composition Function 3,10,2,200000,2600.0000000000005,4.547473508864641e-13,True,51.09270262718201
de_plus,11,F11: Composition Function 3,10,3,200000,2600.0000000000005,4.547473508864641e-13,True,50.98625040054321
de_plus,11,F11: Composition Function 3,10,4,200000,2600.000000000251,2.510205376893282e-10,True,51.17101240158081
de_plus,11,F11: Composition Function 3,10,5,200000,2600.000000006354,6.354184733936563e-09,True,50.93207621574402
de_plus,11,F11: Composition Function 3,10,6,200000,2600.0000000042573,4.257344698999077e-09,True,50.82757306098938
de_plus,11,F11: Composition Function 3,10,7,200000,2600.0000000000005,4.547473508864641e-13,True,51.01865530014038
de_plus,11,F11: Composition Function 3,10,8,200000,2600.0000000011323,1.1323209037072954e-09,True,51.957533836364746
de_plus,11,F11: Composition Function 3,10,9,200000,2600.0000000077384,7.73843567003496e-09,True,51.63518142700195
de_plus,11,F11: Composition Function 3,10,10,200000,2600.000240043308,0.0002400433081675,False,52.30456614494324
de_plus,11,F11: Composition Function 3,10,11,200000,2600.0007290668977,0.0007290668977475,False,52.2482533454895
de_plus,11,F11: Composition Function 3,10,12,200000,2600.0000000000005,4.547473508864641e-13,True,50.86101746559143
de_plus,11,F11: Composition Function 3,10,13,200000,2600.0000000000005,4.547473508864641e-13,True,50.062965631484985
de_plus,11,F11: Composition Function 3,10,14,200000,2600.0,0.0,True,52.01448106765747
de_plus,11,F11: Composition Function 3,10,15,200000,2600.0000000000005,4.547473508864641e-13,True,51.38522791862488
de_plus,11,F11: Composition Function 3,10,16,200000,2600.000000000241,2.4147084332071245e-10,True,51.34396958351135
de_plus,11,F11: Composition Function 3,10,17,200000,2600.0000000291275,2.91274773189798e-08,False,51.42230463027954
de_plus,11,F11: Composition Function 3,10,18,200000,2600.000100486565,0.000100486564861,False,51.98366045951843
de_plus,11,F11: Composition Function 3,10,19,200000,2600.0000001721373,1.721373337204568e-07,False,51.96074533462525
de_plus,11,F11: Composition Function 3,10,20,200000,2600.0000000000014,1.3642420526593924e-12,True,52.09680962562561
de_plus,11,F11: Composition Function 3,10,21,200000,2600.000000089049,8.90490809979383e-08,False,51.42654180526733
de_plus,11,F11: Composition Function 3,10,22,200000,2600.0000000000005,4.547473508864641e-13,True,52.0154972076416
de_plus,11,F11: Composition Function 3,10,23,200000,2600.032727741249,0.0327277412488911,False,52.00129795074463
de_plus,11,F11: Composition Function 3,10,24,200000,2600.0000000980667,9.806672096601689e-08,False,52.42692637443543
de_plus,11,F11: Composition Function 3,10,25,200000,2600.000001422997,1.422997229383327e-06,False,52.40080261230469
de_plus,11,F11: Composition Function 3,10,26,200000,2600.0000000000005,4.547473508864641e-13,True,51.8228907585144
de_plus,11,F11: Composition Function 3,10,27,200000,2600.0000000001705,1.7053025658242404e-10,True,52.85533094406128
de_plus,11,F11: Composition Function 3,10,28,200000,2600.0000227794226,2.2779422579333183e-05,False,51.912264347076416
de_plus,11,F11: Composition Function 3,10,29,200000,2600.0000000035507,3.5506673157215123e-09,True,52.20307374000549
de_plus,11,F11: Composition Function 3,10,30,200000,2600.0000000000005,4.547473508864641e-13,True,51.882888078689575
de_plus,12,F12: Composition Function 4,10,1,200000,2865.625020525531,165.625020525531,False,55.98476481437683
de_plus,12,F12: Composition Function 4,10,2,200000,2866.257863527052,166.257863527052,False,55.90784239768982
de_plus,12,F12: Composition Function 4,10,3,200000,2866.1897061582263,166.18970615822627,False,58.02989172935486
de_plus,12,F12: Composition Function 4,10,4,200000,2865.7389040971498,165.73890409714977,False,55.38945174217224
de_plus,12,F12: Composition Function 4,10,5,200000,2866.1340511275203,166.13405112752025,False,55.67218136787415
de_plus,12,F12: Composition Function 4,10,6,200000,2865.3620603058835,165.36206030588346,False,56.93906021118164
de_plus,12,F12: Composition Function 4,10,7,200000,2866.1594132628275,166.15941326282746,False,54.65432333946228
de_plus,12,F12: Composition Function 4,10,8,200000,2865.6322820162427,165.6322820162427,False,55.784194231033325
de_plus,12,F12: Composition Function 4,10,9,200000,2865.608258052386,165.6082580523862,False,55.09627795219421
de_plus,12,F12: Composition Function 4,10,10,200000,2866.013591190272,166.0135911902721,False,57.29683446884155
de_plus,12,F12: Composition Function 4,10,11,200000,2865.627081642814,165.62708164281412,False,56.79886436462402
de_plus,12,F12: Composition Function 4,10,12,200000,2865.6096017452087,165.6096017452087,False,55.696035623550415
de_plus,12,F12: Composition Function 4,10,13,200000,2865.690226591112,165.69022659111215,False,55.80748820304871
de_plus,12,F12: Composition Function 4,10,14,200000,2866.123907809553,166.1239078095532,False,55.20309495925903
de_plus,12,F12: Composition Function 4,10,15,200000,2865.743748898757,165.74374889875753,False,56.567970752716064
de_plus,12,F12: Composition Function 4,10,16,200000,2865.665529333953,165.66552933395317,False,53.44678831100464
de_plus,12,F12: Composition Function 4,10,17,200000,2865.654812605317,165.65481260531715,False,56.20437288284302
de_plus,12,F12: Composition Function 4,10,18,200000,2865.451513707229,165.45151370722897,False,54.35611271858215
de_plus,12,F12: Composition Function 4,10,19,200000,2867.174575376276,167.17457537627615,False,55.41597890853882
de_plus,12,F12: Composition Function 4,10,20,200000,2867.8796378031184,167.87963780311838,False,55.28830695152283
de_plus,12,F12: Composition Function 4,10,21,200000,2866.3338348378493,166.33383483784928,False,53.404210329055786
de_plus,12,F12: Composition Function 4,10,22,200000,2865.9232684548933,165.92326845489333,False,54.680832386016846
de_plus,12,F12: Composition Function 4,10,23,200000,2865.8082696532147,165.8082696532147,False,55.98507285118103
de_plus,12,F12: Composition Function 4,10,24,200000,2868.182256963796,168.18225696379568,False,56.1120023727417
de_plus,12,F12: Composition Function 4,10,25,200000,2866.04122076493,166.04122076493013,False,56.6558792591095
de_plus,12,F12: Composition Function 4,10,26,200000,2866.2451005268,166.2451005267999,False,57.52645015716553
de_plus,12,F12: Composition Function 4,10,27,200000,2866.420733659311,166.42073365931083,False,55.98217463493347
de_plus,12,F12: Composition Function 4,10,28,200000,2868.1282300459006,168.12823004590064,False,55.40510392189026
de_plus,12,F12: Composition Function 4,10,29,200000,2865.4629728856958,165.4629728856953,False,57.29674029350281
de_plus,12,F12: Composition Function 4,10,30,200000,2867.4450368107005,167.44503681070046,False,55.06877231597901
de_plus,1,F1: Shifted and full Rotated Zakharov Function,20,1,1000000,300.0,0.0,True,64.20327830314636
de_plus,1,F1: Shifted and full Rotated Zakharov Function,20,2,1000000,300.00000000000006,5.684341886080803e-14,True,61.661218881607056
de_plus,1,F1: Shifted and full Rotated Zakharov Function,20,3,1000000,300.0,0.0,True,62.48469424247742
de_plus,1,F1: Shifted and full Rotated Zakharov Function,20,4,1000000,300.00000000000006,5.684341886080803e-14,True,63.92537927627564
de_plus,1,F1: Shifted and full Rotated Zakharov Function,20,5,1000000,300.0,0.0,True,63.631404638290405
de_plus,1,F1: Shifted and full Rotated Zakharov Function,20,6,1000000,300.00000000000006,5.684341886080803e-14,True,62.84810256958008
de_plus,1,F1: Shifted and full Rotated Zakharov Function,20,7,1000000,300.0,0.0,True,62.09355330467224
de_plus,1,F1: Shifted and full Rotated Zakharov Function,20,8,1000000,300.0000000001868,1.8678747437661516e-10,True,62.18651485443115
de_plus,1,F1: Shifted and full Rotated Zakharov Function,20,9,1000000,300.0,0.0,True,62.321759939193726
de_plus,1,F1: Shifted and full Rotated Zakharov Function,20,10,1000000,300.00000000000006,5.684341886080803e-14,True,63.42776560783386
de_plus,1,F1: Shifted and full Rotated Zakharov Function,20,11,1000000,300.0,0.0,True,63.39822721481323
de_plus,1,F1: Shifted and full Rotated Zakharov Function,20,12,1000000,300.0,0.0,True,63.7585597038269
de_plus,1,F1: Shifted and full Rotated Zakharov Function,20,13,1000000,300.0,0.0,True,64.07433938980103
de_plus,1,F1: Shifted and full Rotated Zakharov Function,20,14,1000000,300.00000000000006,5.684341886080803e-14,True,62.95530295372009
de_plus,1,F1: Shifted and full Rotated Zakharov Function,20,15,1000000,300.0000000000076,7.560174708487466e-12,True,63.12544894218445
de_plus,1,F1: Shifted and full Rotated Zakharov Function,20,16,1000000,300.0,0.0,True,62.204094648361206
de_plus,1,F1: Shifted and full Rotated Zakharov Function,20,17,1000000,300.00000000000006,5.684341886080803e-14,True,62.60757517814636
de_plus,1,F1: Shifted and full Rotated Zakharov Function,20,18,1000000,300.0,0.0,True,62.95381045341492
de_plus,1,F1: Shifted and full Rotated Zakharov Function,20,19,1000000,300.00000000000006,5.684341886080803e-14,True,63.89468765258789
de_plus,1,F1: Shifted and full Rotated Zakharov Function,20,20,1000000,300.0,0.0,True,64.76840162277222
de_plus,1,F1: Shifted and full Rotated Zakharov Function,20,21,1000000,300.0,0.0,True,60.616456747055054
de_plus,1,F1: Shifted and full Rotated Zakharov Function,20,22,1000000,300.0,0.0,True,63.42735648155213
de_plus,1,F1: Shifted and full Rotated Zakharov Function,20,23,1000000,300.0,0.0,True,65.85360026359558
de_plus,1,F1: Shifted and full Rotated Zakharov Function,20,24,1000000,300.0,0.0,True,63.06847047805786
de_plus,1,F1: Shifted and full Rotated Zakharov Function,20,25,1000000,300.0000000000058,5.7980287238024175e-12,True,64.06916904449463
de_plus,1,F1: Shifted and full Rotated Zakharov Function,20,26,1000000,300.0,0.0,True,66.8841507434845
de_plus,1,F1: Shifted and full Rotated Zakharov Function,20,27,1000000,300.0000000000021,2.103206497849897e-12,True,65.9316017627716
de_plus,1,F1: Shifted and full Rotated Zakharov Function,20,28,1000000,300.0,0.0,True,66.42322993278503
de_plus,1,F1: Shifted and full Rotated Zakharov Function,20,29,1000000,300.0,0.0,True,65.6659836769104
de_plus,1,F1: Shifted and full Rotated Zakharov Function,20,30,1000000,300.0000000000008,7.958078640513122e-13,True,67.08853077888489
de_plus,2,F2: Shifted and Rotated Rosenbrock’s Function,20,1,1000000,449.1251783470044,49.12517834700435,False,73.91808485984802
de_plus,2,F2: Shifted and Rotated Rosenbrock’s Function,20,2,1000000,449.0904073729214,49.09040737292139,False,71.95020794868469
de_plus,2,F2: Shifted and Rotated Rosenbrock’s Function,20,3,1000000,449.08958873165375,49.08958873165375,False,70.2506160736084
de_plus,2,F2: Shifted and Rotated Rosenbrock’s Function,20,4,1000000,448.33311929884127,48.33311929884127,False,70.17330741882324
de_plus,2,F2: Shifted and Rotated Rosenbrock’s Function,20,5,1000000,449.1033973354384,49.10339733543845,False,70.02254629135132
de_plus,2,F2: Shifted and Rotated Rosenbrock’s Function,20,6,1000000,446.8094645860525,46.80946458605251,False,74.44159007072449
de_plus,2,F2: Shifted and Rotated Rosenbrock’s Function,20,7,1000000,448.10987014981896,48.10987014981896,False,74.15716099739075
de_plus,2,F2: Shifted and Rotated Rosenbrock’s Function,20,8,1000000,449.0979062026361,49.097906202636125,False,74.3124303817749
de_plus,2,F2: Shifted and Rotated Rosenbrock’s Function,20,9,1000000,449.0874792506206,49.08747925062062,False,71.12493205070496
de_plus,2,F2: Shifted and Rotated Rosenbrock’s Function,20,10,1000000,449.0888919308127,49.08889193081268,False,70.7738618850708
de_plus,2,F2: Shifted and Rotated Rosenbrock’s Function,20,11,1000000,449.0966640470101,49.09666404701011,False,72.07991743087769
de_plus,2,F2: Shifted and Rotated Rosenbrock’s Function,20,12,1000000,444.923426047126,44.92342604712599,False,61.16490364074707
de_plus,2,F2: Shifted and Rotated Rosenbrock’s Function,20,13,1000000,449.0891330517853,49.089133051785325,False,59.01827573776245
de_plus,2,F2: Shifted and Rotated Rosenbrock’s Function,20,14,1000000,449.0853159674402,49.08531596744024,False,55.33499765396118
de_plus,2,F2: Shifted and Rotated Rosenbrock’s Function,20,15,1000000,441.6518263840434,41.65182638404343,False,55.95224952697754
de_plus,2,F2: Shifted and Rotated Rosenbrock’s Function,20,16,1000000,445.4765643376158,45.4765643376158,False,67.24637722969055
de_plus,2,F2: Shifted and Rotated Rosenbrock’s Function,20,17,1000000,449.0921959429986,49.092195942998615,False,70.97215390205383
de_plus,2,F2: Shifted and Rotated Rosenbrock’s Function,20,18,1000000,445.852120163238,45.852120163238,False,71.47073698043823
de_plus,2,F2: Shifted and Rotated Rosenbrock’s Function,20,19,1000000,448.50615563181975,48.50615563181975,False,75.30990839004517
de_plus,2,F2: Shifted and Rotated Rosenbrock’s Function,20,20,1000000,448.80213989438016,48.80213989438016,False,71.77502107620239
de_plus,2,F2: Shifted and Rotated Rosenbrock’s Function,20,21,1000000,447.0274966848798,47.02749668487979,False,70.22231912612915
de_plus,2,F2: Shifted and Rotated Rosenbrock’s Function,20,22,1000000,447.9167300344778,47.91673003447784,False,69.64309930801392
de_plus,2,F2: Shifted and Rotated Rosenbrock’s Function,20,23,1000000,449.09130761327225,49.09130761327225,False,71.06527018547058
de_plus,2,F2: Shifted and Rotated Rosenbrock’s Function,20,24,1000000,445.49209388117055,45.49209388117055,False,72.32469034194946
de_plus,2,F2: Shifted and Rotated Rosenbrock’s Function,20,25,1000000,449.1283393753045,49.12833937530445,False,70.71733093261719
de_plus,2,F2: Shifted and Rotated Rosenbrock’s Function,20,26,1000000,449.0873369281177,49.08733692811768,False,71.12417888641357
de_plus,2,F2: Shifted and Rotated Rosenbrock’s Function,20,27,1000000,449.1096016843002,49.10960168430023,False,69.88092613220215
de_plus,2,F2: Shifted and Rotated Rosenbrock’s Function,20,28,1000000,435.75429979757024,35.75429979757024,False,70.38400888442993
de_plus,2,F2: Shifted and Rotated Rosenbrock’s Function,20,29,1000000,446.6878742047636,46.687874204763546,False,71.17001938819885
de_plus,2,F2: Shifted and Rotated Rosenbrock’s Function,20,30,1000000,449.0929987747333,49.092998774733246,False,71.63920068740845
de_plus,3,F3: Shifted and full Rotated Expanded Schaffer’s F7,20,1,1000000,600.0,0.0,True,90.76738619804382
de_plus,3,F3: Shifted and full Rotated Expanded Schaffer’s F7,20,2,1000000,600.0,0.0,True,92.9915144443512
de_plus,3,F3: Shifted and full Rotated Expanded Schaffer’s F7,20,3,1000000,600.0,0.0,True,92.69573616981506
de_plus,3,F3: Shifted and full Rotated Expanded Schaffer’s F7,20,4,1000000,600.0,0.0,True,92.26405143737792
de_plus,3,F3: Shifted and full Rotated Expanded Schaffer’s F7,20,5,1000000,600.0,0.0,True,91.17865514755248
de_plus,3,F3: Shifted and full Rotated Expanded Schaffer’s F7,20,6,1000000,600.0000000000001,1.1368683772161605e-13,True,81.63863325119019
de_plus,3,F3: Shifted and full Rotated Expanded Schaffer’s F7,20,7,1000000,600.0,0.0,True,79.19698095321655
de_plus,3,F3: Shifted and full Rotated Expanded Schaffer’s F7,20,8,1000000,600.0,0.0,True,91.2766489982605
de_plus,3,F3: Shifted and full Rotated Expanded Schaffer’s F7,20,9,1000000,600.0,0.0,True,91.88667941093443
de_plus,3,F3: Shifted and full Rotated Expanded Schaffer’s F7,20,10,1000000,600.0,0.0,True,92.07103204727171
de_plus,3,F3: Shifted and full Rotated Expanded Schaffer’s F7,20,11,1000000,600.0,0.0,True,92.14660358428956
de_plus,3,F3: Shifted and full Rotated Expanded Schaffer’s F7,20,12,1000000,600.0,0.0,True,78.42762231826782
de_plus,3,F3: Shifted and full Rotated Expanded Schaffer’s F7,20,13,1000000,600.0,0.0,True,95.94971084594728
de_plus,3,F3: Shifted and full Rotated Expanded Schaffer’s F7,20,14,1000000,600.0,0.0,True,94.42031478881836
de_plus,3,F3: Shifted and full Rotated Expanded Schaffer’s F7,20,15,1000000,600.0,0.0,True,93.85413432121275
de_plus,3,F3: Shifted and full Rotated Expanded Schaffer’s F7,20,16,1000000,600.0,0.0,True,92.5556628704071
de_plus,3,F3: Shifted and full Rotated Expanded Schaffer’s F7,20,17,1000000,600.0,0.0,True,93.26849627494812
de_plus,3,F3: Shifted and full Rotated Expanded Schaffer’s F7,20,18,1000000,600.0,0.0,True,91.3188750743866
de_plus,3,F3: Shifted and full Rotated Expanded Schaffer’s F7,20,19,1000000,600.0,0.0,True,92.92533111572266
de_plus,3,F3: Shifted and full Rotated Expanded Schaffer’s F7,20,20,1000000,600.0,0.0,True,95.08794403076172
de_plus,3,F3: Shifted and full Rotated Expanded Schaffer’s F7,20,21,1000000,600.0,0.0,True,92.8329861164093
de_plus,3,F3: Shifted and full Rotated Expanded Schaffer’s F7,20,22,1000000,600.0,0.0,True,93.0163164138794
de_plus,3,F3: Shifted and full Rotated Expanded Schaffer’s F7,20,23,1000000,600.0,0.0,True,95.20187377929688
de_plus,3,F3: Shifted and full Rotated Expanded Schaffer’s F7,20,24,1000000,600.0,0.0,True,95.14272952079772
de_plus,3,F3: Shifted and full Rotated Expanded Schaffer’s F7,20,25,1000000,600.0,0.0,True,94.4994957447052
de_plus,3,F3: Shifted and full Rotated Expanded Schaffer’s F7,20,26,1000000,600.0,0.0,True,95.73760104179382
de_plus,3,F3: Shifted and full Rotated Expanded Schaffer’s F7,20,27,1000000,600.0,0.0,True,94.14577865600586
de_plus,3,F3: Shifted and full Rotated Expanded Schaffer’s F7,20,28,1000000,600.0,0.0,True,93.75074028968812
de_plus,3,F3: Shifted and full Rotated Expanded Schaffer’s F7,20,29,1000000,600.0,0.0,True,92.06328773498537
de_plus,3,F3: Shifted and full Rotated Expanded Schaffer’s F7,20,30,1000000,600.0,0.0,True,89.77102208137512
de_plus,4,F4: Shifted and Rotated Non-Continuous Rastrigin’s Function,20,1,1000000,868.0082650396968,68.00826503969677,False,90.5933609008789
de_plus,4,F4: Shifted and Rotated Non-Continuous Rastrigin’s Function,20,2,1000000,850.6245864317351,50.62458643173511,False,121.69171357154846
de_plus,4,F4: Shifted and Rotated Non-Continuous Rastrigin’s Function,20,3,1000000,862.014580574183,62.014580574183015,False,118.09229803085329
de_plus,4,F4: Shifted and Rotated Non-Continuous Rastrigin’s Function,20,4,1000000,862.2678046087734,62.26780460877342,False,120.87873935699464
de_plus,4,F4: Shifted and Rotated Non-Continuous Rastrigin’s Function,20,5,1000000,866.3571330094593,66.35713300945929,False,118.40811157226562
de_plus,4,F4: Shifted and Rotated Non-Continuous Rastrigin’s Function,20,6,1000000,897.936783283745,97.93678328374494,False,114.80437326431274
de_plus,4,F4: Shifted and Rotated Non-Continuous Rastrigin’s Function,20,7,1000000,881.5779070597818,81.57790705978175,False,115.96478176116943
de_plus,4,F4: Shifted and Rotated Non-Continuous Rastrigin’s Function,20,8,1000000,870.5556061246474,70.5556061246474,False,119.04630541801453
de_plus,4,F4: Shifted and Rotated Non-Continuous Rastrigin’s Function,20,9,1000000,873.0945888834534,73.09458888345341,False,123.63618516921996
de_plus,4,F4: Shifted and Rotated Non-Continuous Rastrigin’s Function,20,10,1000000,866.0555453910326,66.05554539103264,False,120.44005727767944
de_plus,4,F4: Shifted and Rotated Non-Continuous Rastrigin’s Function,20,11,1000000,886.0573072672701,86.05730726727006,False,121.2171037197113
de_plus,4,F4: Shifted and Rotated Non-Continuous Rastrigin’s Function,20,12,1000000,874.0922780859742,74.09227808597416,False,122.11655831336977
de_plus,4,F4: Shifted and Rotated Non-Continuous Rastrigin’s Function,20,13,1000000,884.937726557671,84.937726557671,False,119.4910283088684
de_plus,4,F4: Shifted and Rotated Non-Continuous Rastrigin’s Function,20,14,1000000,882.0848149376804,82.08481493768045,False,119.55399084091188
de_plus,4,F4: Shifted and Rotated Non-Continuous Rastrigin’s Function,20,15,1000000,868.0198011431405,68.01980114314051,False,119.431161403656
de_plus,4,F4: Shifted and Rotated Non-Continuous Rastrigin’s Function,20,16,1000000,866.47533010161,66.47533010160998,False,119.97987508773804
de_plus,4,F4: Shifted and Rotated Non-Continuous Rastrigin’s Function,20,17,1000000,890.0051741284975,90.00517412849752,False,118.34270787239076
de_plus,4,F4: Shifted and Rotated Non-Continuous Rastrigin’s Function,20,18,1000000,882.2523009145592,82.25230091455921,False,92.78605365753174
de_plus,4,F4: Shifted and Rotated Non-Continuous Rastrigin’s Function,20,19,1000000,874.75908430194,74.75908430193999,False,92.94498348236084
de_plus,4,F4: Shifted and Rotated Non-Continuous Rastrigin’s Function,20,20,1000000,878.0113392137459,78.01133921374594,False,119.28215026855467
de_plus,4,F4: Shifted and Rotated Non-Continuous Rastrigin’s Function,20,21,1000000,890.1383747666911,90.13837476669109,False,116.42299890518188
de_plus,4,F4: Shifted and Rotated Non-Continuous Rastrigin’s Function,20,22,1000000,879.7392216447719,79.73922164477187,False,116.9517252445221
de_plus,4,F4: Shifted and Rotated Non-Continuous Rastrigin’s Function,20,23,1000000,878.5068873805633,78.50688738056328,False,115.23666858673096
de_plus,4,F4: Shifted and Rotated Non-Continuous Rastrigin’s Function,20,24,1000000,878.3620080333242,78.36200803332417,False,116.5788209438324
de_plus,4,F4: Shifted and Rotated Non-Continuous Rastrigin’s Function,20,25,1000000,874.164727549388,74.16472754938798,False,113.99443197250366
de_plus,4,F4: Shifted and Rotated Non-Continuous Rastrigin’s Function,20,26,1000000,868.2411542335019,68.2411542335019,False,117.37106323242188
de_plus,4,F4: Shifted and Rotated Non-Continuous Rastrigin’s Function,20,27,1000000,845.2402556792762,45.240255679276174,False,116.4593460559845
de_plus,4,F4: Shifted and Rotated Non-Continuous Rastrigin’s Function,20,28,1000000,864.8025430822079,64.80254308220788,False,115.5770869255066
de_plus,4,F4: Shifted and Rotated Non-Continuous Rastrigin’s Function,20,29,1000000,876.123587204763,76.123587204763,False,117.01925611495972
de_plus,4,F4: Shifted and Rotated Non-Continuous Rastrigin’s Function,20,30,1000000,890.0000660193765,90.0000660193765,False,116.63668608665466
de_plus,5,F5: Shifted and Rotated Levy Function,20,1,1000000,900.833041244588,0.8330412445881166,False,79.95347952842712
de_plus,5,F5: Shifted and Rotated Levy Function,20,2,1000000,900.1157512008862,0.1157512008861658,False,79.5633773803711
de_plus,5,F5: Shifted and Rotated Levy Function,20,3,1000000,900.184878746673,0.1848787466730073,False,80.04603123664856
de_plus,5,F5: Shifted and Rotated Levy Function,20,4,1000000,900.1383303251363,0.1383303251362804,False,80.2685034275055
de_plus,5,F5: Shifted and Rotated Levy Function,20,5,1000000,900.4796618008494,0.4796618008493851,False,79.575514793396
de_plus,5,F5: Shifted and Rotated Levy Function,20,6,1000000,900.4590428729116,0.4590428729115956,False,80.89114809036255
de_plus,5,F5: Shifted and Rotated Levy Function,20,7,1000000,900.1195999256227,0.1195999256226514,False,80.16788244247437
de_plus,5,F5: Shifted and Rotated Levy Function,20,8,1000000,900.1135667042983,0.1135667042982504,False,79.88281965255737
de_plus,5,F5: Shifted and Rotated Levy Function,20,9,1000000,901.0202892198196,1.0202892198194604,False,77.32799625396729
de_plus,5,F5: Shifted and Rotated Levy Function,20,10,1000000,900.3685311331348,0.368531133134752,False,80.40221762657166
de_plus,5,F5: Shifted and Rotated Levy Function,20,11,1000000,900.0085438868965,0.0085438868965184,False,80.15310573577881
de_plus,5,F5: Shifted and Rotated Levy Function,20,12,1000000,900.235589168749,0.2355891687490157,False,79.96765303611755
de_plus,5,F5: Shifted and Rotated Levy Function,20,13,1000000,901.7750891644396,1.7750891644396916,False,79.42131924629211
de_plus,5,F5: Shifted and Rotated Levy Function,20,14,1000000,901.0299172295968,1.02991722959689,False,79.59347295761108
de_plus,5,F5: Shifted and Rotated Levy Function,20,15,1000000,900.2917659069127,0.2917659069127012,False,80.50288248062134
de_plus,5,F5: Shifted and Rotated Levy Function,20,16,1000000,900.2050019944603,0.2050019944603036,False,79.76220703125
de_plus,5,F5: Shifted and Rotated Levy Function,20,17,1000000,900.0925485576308,0.0925485576308347,False,76.33169889450073
de_plus,5,F5: Shifted and Rotated Levy Function,20,18,1000000,900.7455132807988,0.7455132807988321,False,84.36140990257263
de_plus,5,F5: Shifted and Rotated Levy Function,20,19,1000000,900.232805393334,0.232805393334047,False,85.07880282402039
de_plus,5,F5: Shifted and Rotated Levy Function,20,20,1000000,900.4926463482428,0.4926463482428289,False,79.74644732475281
de_plus,5,F5: Shifted and Rotated Levy Function,20,21,1000000,900.2780695634228,0.2780695634228323,False,81.65510296821594
de_plus,5,F5: Shifted and Rotated Levy Function,20,22,1000000,900.2439051105857,0.2439051105857288,False,80.37179183959961
de_plus,5,F5: Shifted and Rotated Levy Function,20,23,1000000,900.288536451444,0.2885364514439743,False,80.49049949645996
de_plus,5,F5: Shifted and Rotated Levy Function,20,24,1000000,900.6430390746532,0.6430390746531884,False,81.11254954338074
de_plus,5,F5: Shifted and Rotated Levy Function,20,25,1000000,900.2739528354292,0.2739528354292133,False,80.86296319961548
de_plus,5,F5: Shifted and Rotated Levy Function,20,26,1000000,901.0487045475048,1.0487045475047123,False,82.46812582015991
de_plus,5,F5: Shifted and Rotated Levy Function,20,27,1000000,900.6630917628196,0.6630917628195903,False,79.20315742492676
de_plus,5,F5: Shifted and Rotated Levy Function,20,28,1000000,900.7343821799212,0.7343821799212265,False,80.42516565322876
de_plus,5,F5: Shifted and Rotated Levy Function,20,29,1000000,900.0952169795261,0.0952169795260715,False,80.41712212562561
de_plus,5,F5: Shifted and Rotated Levy Function,20,30,1000000,900.0974308811391,0.0974308811390756,False,80.28119206428528
de_plus,6,F6: Hybrid Function 1,20,1,1000000,73415.49052132542,71615.49052132542,False,87.69799947738647
de_plus,6,F6: Hybrid Function 1,20,2,1000000,83834.61438487913,82034.61438487913,False,86.275155544281
de_plus,6,F6: Hybrid Function 1,20,3,1000000,79425.78140399075,77625.78140399075,False,85.49646711349487
de_plus,6,F6: Hybrid Function 1,20,4,1000000,70294.51879043184,68494.51879043184,False,86.63354682922363
de_plus,6,F6: Hybrid Function 1,20,5,1000000,83836.87933227274,82036.87933227274,False,88.19924807548523
de_plus,6,F6: Hybrid Function 1,20,6,1000000,73423.02806379934,71623.02806379934,False,88.20688319206238
de_plus,6,F6: Hybrid Function 1,20,7,1000000,85876.01408017658,84076.01408017658,False,86.40094518661499
de_plus,6,F6: Hybrid Function 1,20,8,1000000,49350.39528288476,47550.39528288476,False,87.80680751800537
de_plus,6,F6: Hybrid Function 1,20,9,1000000,94632.73905693703,92832.73905693703,False,88.31091690063477
de_plus,6,F6: Hybrid Function 1,20,10,1000000,65800.61956278159,64000.61956278159,False,87.58797264099121
de_plus,6,F6: Hybrid Function 1,20,11,1000000,81099.70424118645,79299.70424118645,False,83.87854671478271
de_plus,6,F6: Hybrid Function 1,20,12,1000000,100580.33925598976,98780.33925598976,False,83.6870687007904
de_plus,6,F6: Hybrid Function 1,20,13,1000000,87202.68078037951,85402.68078037951,False,84.97908759117126
de_plus,6,F6: Hybrid Function 1,20,14,1000000,128290.83646753668,126490.83646753668,False,83.86033868789673
de_plus,6,F6: Hybrid Function 1,20,15,1000000,51996.84680309044,50196.84680309044,False,85.06390261650085
de_plus,6,F6: Hybrid Function 1,20,16,1000000,59948.21017874568,58148.21017874568,False,85.32638597488403
de_plus,6,F6: Hybrid Function 1,20,17,1000000,41080.85585654642,39280.85585654642,False,86.17113375663757
de_plus,6,F6: Hybrid Function 1,20,18,1000000,60671.96681759038,58871.96681759038,False,87.03282499313354
de_plus,6,F6: Hybrid Function 1,20,19,1000000,67194.10048683755,65394.100486837546,False,85.29471135139465
de_plus,6,F6: Hybrid Function 1,20,20,1000000,60424.68954756101,58624.68954756101,False,85.02815079689026
de_plus,6,F6: Hybrid Function 1,20,21,1000000,101708.05180459854,99908.05180459854,False,83.39065027236938
de_plus,6,F6: Hybrid Function 1,20,22,1000000,57931.59117643085,56131.59117643085,False,84.78061652183533
de_plus,6,F6: Hybrid Function 1,20,23,1000000,44021.24375295583,42221.24375295583,False,83.65923142433167
de_plus,6,F6: Hybrid Function 1,20,24,1000000,60566.36367835863,58766.36367835863,False,86.52530908584595
de_plus,6,F6: Hybrid Function 1,20,25,1000000,53663.43581259104,51863.43581259104,False,84.79962277412415
de_plus,6,F6: Hybrid Function 1,20,26,1000000,71669.67436593171,69869.67436593171,False,84.77742338180542
de_plus,6,F6: Hybrid Function 1,20,27,1000000,64737.76067222159,62937.76067222159,False,84.35946321487427
de_plus,6,F6: Hybrid Function 1,20,28,1000000,78603.17574659151,76803.17574659151,False,85.06533002853394
de_plus,6,F6: Hybrid Function 1,20,29,1000000,59434.17331727563,57634.17331727563,False,84.3594765663147
de_plus,6,F6: Hybrid Function 1,20,30,1000000,56520.749972776684,54720.749972776684,False,86.54046082496643
de_plus,7,F7: Hybrid Function 2,20,1,1000000,2026.7618486741144,26.76184867411416,False,796.270917892456
de_plus,7,F7: Hybrid Function 2,20,2,1000000,2027.6415412530116,27.641541253011383,False,807.1482484340668
de_plus,7,F7: Hybrid Function 2,20,3,1000000,2026.7822596127176,26.78225961271778,False,801.264702796936
de_plus,7,F7: Hybrid Function 2,20,4,1000000,2027.4264440965355,27.426444096535302,False,800.7338483333588
de_plus,7,F7: Hybrid Function 2,20,5,1000000,2026.3298736510628,26.329873651062822,False,801.2612760066986
de_plus,7,F7: Hybrid Function 2,20,6,1000000,2024.4223118537,24.42231185369974,False,802.7274384498596
de_plus,7,F7: Hybrid Function 2,20,7,1000000,2027.5183426923095,27.51834269230972,False,799.5474071502686
de_plus,7,F7: Hybrid Function 2,20,8,1000000,2027.5361367429248,27.53613674292524,False,806.2606263160706
de_plus,7,F7: Hybrid Function 2,20,9,1000000,2025.929831229324,25.92983122932424,False,797.2677092552185
de_plus,7,F7: Hybrid Function 2,20,10,1000000,2025.8048885517528,25.804888551752583,False,807.1896345615387
de_plus,7,F7: Hybrid Function 2,20,11,1000000,2026.167923726024,26.1679237260239,False,803.7850458621979
de_plus,7,F7: Hybrid Function 2,20,12,1000000,2026.8320694426368,26.832069442636566,False,801.2078692913055
de_plus,7,F7: Hybrid Function 2,20,13,1000000,2027.927439559204,27.927439559203776,False,798.4660561084747
de_plus,7,F7: Hybrid Function 2,20,14,1000000,2027.1146993868688,27.11469938686878,False,796.0271873474121
de_plus,7,F7: Hybrid Function 2,20,15,1000000,2028.712765773999,28.71276577399908,False,800.1392467021942
de_plus,7,F7: Hybrid Function 2,20,16,1000000,2027.494130381772,27.494130381771583,False,801.1052525043488
de_plus,7,F7: Hybrid Function 2,20,17,1000000,2024.0716636443808,24.07166364438058,False,804.0146055221558
de_plus,7,F7: Hybrid Function 2,20,18,1000000,2028.7912348647649,28.791234864764878,False,807.8028666973114
de_plus,7,F7: Hybrid Function 2,20,19,1000000,2026.6905293984944,26.69052939849439,False,797.6118211746216
de_plus,7,F7: Hybrid Function 2,20,20,1000000,2027.1712388114104,27.171238811410603,False,791.554625749588
de_plus,7,F7: Hybrid Function 2,20,21,1000000,2026.5880360942413,26.588036094241488,False,803.2694170475006
de_plus,7,F7: Hybrid Function 2,20,22,1000000,2022.144164646965,22.14416464696501,False,797.8137857913971
de_plus,7,F7: Hybrid Function 2,20,23,1000000,2027.5452918719504,27.54529187195021,False,792.5445981025696
de_plus,7,F7: Hybrid Function 2,20,24,1000000,2029.0417474623,29.04174746230024,False,799.842449426651
de_plus,7,F7: Hybrid Function 2,20,25,1000000,2025.8603603114184,25.86036031141839,False,804.075471162796
de_plus,7,F7: Hybrid Function 2,20,26,1000000,2026.3471355670097,26.347135567009676,False,799.8320119380951
de_plus,7,F7: Hybrid Function 2,20,27,1000000,2027.3301350369445,27.33013503694451,False,798.6206674575806
de_plus,7,F7: Hybrid Function 2,20,28,1000000,2026.86092038952,26.86092038952006,False,798.2305114269257
de_plus,7,F7: Hybrid Function 2,20,29,1000000,2027.1219715318057,27.121971531805684,False,802.332688331604
de_plus,7,F7: Hybrid Function 2,20,30,1000000,2026.628983328341,26.628983328341064,False,803.064581155777
de_plus,8,F8: Hybrid Function 3,20,1,1000000,2229.5268741368536,29.52687413685362,False,1100.185780286789
de_plus,8,F8: Hybrid Function 3,20,2,1000000,2230.9971628709386,30.99716287093861,False,1106.1221690177915
de_plus,8,F8: Hybrid Function 3,20,3,1000000,2227.1120723748045,27.112072374804484,False,1102.3669438362122
de_plus,8,F8: Hybrid Function 3,20,4,1000000,2227.398813883864,27.398813883863568,False,1102.6059529781342
de_plus,8,F8: Hybrid Function 3,20,5,1000000,2226.175050582457,26.17505058245706,False,1112.1631639003754
de_plus,8,F8: Hybrid Function 3,20,6,1000000,2230.8164736153394,30.81647361533942,False,1110.592111825943
de_plus,8,F8: Hybrid Function 3,20,7,1000000,2225.979100250717,25.979100250716783,False,1107.5890142917633
de_plus,8,F8: Hybrid Function 3,20,8,1000000,2229.8141451874303,29.814145187430316,False,1106.9148530960083
de_plus,8,F8: Hybrid Function 3,20,9,1000000,2228.218793607916,28.218793607915813,False,1109.2348248958588
de_plus,8,F8: Hybrid Function 3,20,10,1000000,2229.7237023365687,29.72370233656875,False,1118.1053278446198
de_plus,8,F8: Hybrid Function 3,20,11,1000000,2233.424764039449,33.4247640394492,False,1109.0475597381592
de_plus,8,F8: Hybrid Function 3,20,12,1000000,2227.525712437618,27.52571243761804,False,1104.8545229434967
de_plus,8,F8: Hybrid Function 3,20,13,1000000,2232.760962216758,32.76096221675789,False,1112.620020866394
de_plus,8,F8: Hybrid Function 3,20,14,1000000,2230.836356706446,30.836356706446168,False,1116.9050970077517
de_plus,8,F8: Hybrid Function 3,20,15,1000000,2233.7667529902847,33.76675299028466,False,1115.479781627655
de_plus,8,F8: Hybrid Function 3,20,16,1000000,2230.212618464157,30.212618464157455,False,1114.837689161301
de_plus,8,F8: Hybrid Function 3,20,17,1000000,2228.418884661062,28.41888466106184,False,1114.619868516922
de_plus,8,F8: Hybrid Function 3,20,18,1000000,2228.950536071232,28.95053607123191,False,1114.1298258304596
de_plus,8,F8: Hybrid Function 3,20,19,1000000,2229.0986964632325,29.0986964632325,False,1113.3281836509705
de_plus,8,F8: Hybrid Function 3,20,20,1000000,2228.270480520825,28.270480520825004,False,1103.94300866127
de_plus,8,F8: Hybrid Function 3,20,21,1000000,2229.57677067054,29.576770670539645,False,1109.5718054771423
de_plus,8,F8: Hybrid Function 3,20,22,1000000,2229.695277381877,29.69527738187753,False,1109.9029819965365
de_plus,8,F8: Hybrid Function 3,20,23,1000000,2228.610770407105,28.61077040710552,False,1108.7347702980042
de_plus,8,F8: Hybrid Function 3,20,24,1000000,2229.8479776413637,29.847977641363286,False,1110.1582839488983
de_plus,8,F8: Hybrid Function 3,20,25,1000000,2229.720213712496,29.720213712495934,False,1116.3263852596283
de_plus,8,F8: Hybrid Function 3,20,26,1000000,2230.9957175546265,30.99571755462648,False,1102.2283203601835
de_plus,8,F8: Hybrid Function 3,20,27,1000000,2229.693725165868,29.693725165867814,False,1106.6216773986816
de_plus,8,F8: Hybrid Function 3,20,28,1000000,2234.560149772494,34.56014977249379,False,1111.3193111419678
de_plus,8,F8: Hybrid Function 3,20,29,1000000,2229.000647468729,29.000647468728857,False,1052.8183686733246
de_plus,8,F8: Hybrid Function 3,20,30,1000000,2231.6027752708387,31.60277527083872,False,914.7229878902436
de_plus,9,F9: Composition Function 1,20,1,1000000,2635.7138044391777,335.7138044391777,False,122.859144449234
de_plus,9,F9: Composition Function 1,20,2,1000000,2635.7219582285293,335.7219582285293,False,124.18815159797668
de_plus,9,F9: Composition Function 1,20,3,1000000,2635.6704726828407,335.6704726828407,False,142.17094802856445
de_plus,9,F9: Composition Function 1,20,4,1000000,2635.670405365652,335.67040536565173,False,128.16050481796265
de_plus,9,F9: Composition Function 1,20,5,1000000,2636.0454915120545,336.04549151205447,False,123.2796757221222
de_plus,9,F9: Composition Function 1,20,6,1000000,2635.657677518479,335.657677518479,False,131.0876865386963
de_plus,9,F9: Composition Function 1,20,7,1000000,2635.8089708846096,335.8089708846096,False,140.6325237751007
de_plus,9,F9: Composition Function 1,20,8,1000000,2635.7069301026136,335.7069301026136,False,132.32276797294617
de_plus,9,F9: Composition Function 1,20,9,1000000,2635.9018008771072,335.90180087710723,False,131.6228065490723
de_plus,9,F9: Composition Function 1,20,10,1000000,2635.8704722744574,335.87047227445737,False,131.27737092971802
de_plus,9,F9: Composition Function 1,20,11,1000000,2635.7277154585795,335.7277154585795,False,134.90029001235962
de_plus,9,F9: Composition Function 1,20,12,1000000,2635.699929859535,335.69992985953513,False,133.05468893051147
de_plus,9,F9: Composition Function 1,20,13,1000000,2635.6868731040126,335.68687310401265,False,128.88535904884338
de_plus,9,F9: Composition Function 1,20,14,1000000,2635.672283307206,335.6722833072058,False,125.60779213905334
de_plus,9,F9: Composition Function 1,20,15,1000000,2635.665776487695,335.665776487695,False,133.91063451766968
de_plus,9,F9: Composition Function 1,20,16,1000000,2636.013718528431,336.0137185284311,False,134.03111290931702
de_plus,9,F9: Composition Function 1,20,17,1000000,2635.671732278885,335.671732278885,False,132.89756035804749
de_plus,9,F9: Composition Function 1,20,18,1000000,2635.7194520010644,335.7194520010644,False,122.97361946105956
de_plus,9,F9: Composition Function 1,20,19,1000000,2635.72071833182,335.7207183318201,False,122.9696216583252
de_plus,9,F9: Composition Function 1,20,20,1000000,2635.684780603919,335.6847806039191,False,131.4790825843811
de_plus,9,F9: Composition Function 1,20,21,1000000,2635.7586964012817,335.75869640128167,False,133.51263856887817
de_plus,9,F9: Composition Function 1,20,22,1000000,2635.701902120529,335.7019021205292,False,136.05287146568298
de_plus,9,F9: Composition Function 1,20,23,1000000,2636.449619469478,336.449619469478,False,145.99749732017517
de_plus,9,F9: Composition Function 1,20,24,1000000,2635.9102415770258,335.9102415770258,False,170.66998028755188
de_plus,9,F9: Composition Function 1,20,25,1000000,2635.9098012025543,335.90980120255426,False,153.1265046596527
de_plus,9,F9: Composition Function 1,20,26,1000000,2635.672965897562,335.6729658975619,False,134.82435202598572
de_plus,9,F9: Composition Function 1,20,27,1000000,2635.7312405169137,335.73124051691366,False,143.6222653388977
de_plus,9,F9: Composition Function 1,20,28,1000000,2635.711025275062,335.71102527506264,False,184.34803581237796
de_plus,9,F9: Composition Function 1,20,29,1000000,2635.825876198538,335.825876198538,False,171.12372517585754
de_plus,9,F9: Composition Function 1,20,30,1000000,2635.737667088096,335.7376670880958,False,169.6445379257202
de_plus,10,F10: Composition Function 2,20,1,1000000,2805.4021977273787,405.40219772737873,False,176.0050492286682
de_plus,10,F10: Composition Function 2,20,2,1000000,2799.780451977562,399.7804519775618,False,172.81723546981812
de_plus,10,F10: Composition Function 2,20,3,1000000,2801.049328143411,401.049328143411,False,191.183678150177
de_plus,10,F10: Composition Function 2,20,4,1000000,2800.2543678116795,400.25436781167946,False,193.58797955513
de_plus,10,F10: Composition Function 2,20,5,1000000,2802.0760121588746,402.0760121588746,False,193.6260979175568
de_plus,10,F10: Composition Function 2,20,6,1000000,2802.0566136435777,402.05661364357775,False,192.7057728767395
de_plus,10,F10: Composition Function 2,20,7,1000000,2800.445358383839,400.445358383839,False,194.17191457748413
de_plus,10,F10: Composition Function 2,20,8,1000000,2802.7428921897927,402.7428921897927,False,193.5338819026947
de_plus,10,F10: Composition Function 2,20,9,1000000,2801.160159247528,401.1601592475281,False,189.04957151412964
de_plus,10,F10: Composition Function 2,20,10,1000000,2799.430947880468,399.4309478804676,False,193.52591109275815
de_plus,10,F10: Composition Function 2,20,11,1000000,2805.6977996825185,405.6977996825185,False,193.567266702652
de_plus,10,F10: Composition Function 2,20,12,1000000,2799.85316345653,399.8531634565302,False,187.77287125587463
de_plus,10,F10: Composition Function 2,20,13,1000000,2802.479805950621,402.4798059506211,False,186.1939013004303
de_plus,10,F10: Composition Function 2,20,14,1000000,2798.7248123731792,398.7248123731793,False,182.64809584617612
de_plus,10,F10: Composition Function 2,20,15,1000000,2800.97756287018,400.97756287018,False,194.64488101005557
de_plus,10,F10: Composition Function 2,20,16,1000000,2801.0582286003973,401.0582286003973,False,190.17023301124573
de_plus,10,F10: Composition Function 2,20,17,1000000,2799.074323556095,399.0743235560949,False,181.99216485023496
de_plus,10,F10: Composition Function 2,20,18,1000000,2802.7104450038905,402.7104450038905,False,129.48526668548584
de_plus,10,F10: Composition Function 2,20,19,1000000,2801.927386137358,401.9273861373581,False,144.81858038902283
de_plus,10,F10: Composition Function 2,20,20,1000000,2800.345580523761,400.3455805237609,False,192.09223699569705
de_plus,10,F10: Composition Function 2,20,21,1000000,2805.043575050383,405.04357505038297,False,183.87365436553955
de_plus,10,F10: Composition Function 2,20,22,1000000,2803.440273861326,403.4402738613262,False,155.0783383846283
de_plus,10,F10: Composition Function 2,20,23,1000000,2797.7009412525126,397.7009412525126,False,137.29518485069275
de_plus,10,F10: Composition Function 2,20,24,1000000,2798.051758181148,398.0517581811482,False,144.90055418014526
de_plus,10,F10: Composition Function 2,20,25,1000000,2804.293993794957,404.2939937949568,False,180.4644358158112
de_plus,10,F10: Composition Function 2,20,26,1000000,2799.490112185814,399.4901121858138,False,168.25052165985107
de_plus,10,F10: Composition Function 2,20,27,1000000,2800.625830374669,400.6258303746695,False,147.5803928375244
de_plus,10,F10: Composition Function 2,20,28,1000000,2799.593551320612,399.5935513206118,False,163.71580719947815
de_plus,10,F10: Composition Function 2,20,29,1000000,2802.4358261206085,402.43582612060845,False,158.1017484664917
de_plus,10,F10: Composition Function 2,20,30,1000000,2807.6300841447146,407.6300841447146,False,205.86267566680908
de_plus,11,F11: Composition Function 3,20,1,1000000,2600.0000000000005,4.547473508864641e-13,True,274.99263405799866
de_plus,11,F11: Composition Function 3,20,2,1000000,2601.553729014244,1.5537290142433449,False,228.1504008769989
de_plus,11,F11: Composition Function 3,20,3,1000000,2602.3215900606365,2.321590060636481,False,208.43039417266849
de_plus,11,F11: Composition Function 3,20,4,1000000,2611.3018704884944,11.301870488494387,False,200.3440728187561
de_plus,11,F11: Composition Function 3,20,5,1000000,2600.3801438755936,0.3801438755936033,False,197.40406918525696
de_plus,11,F11: Composition Function 3,20,6,1000000,2602.0363039192616,2.036303919261627,False,221.61693692207336
de_plus,11,F11: Composition Function 3,20,7,1000000,2606.5595334873246,6.559533487324643,False,225.4308564662933
de_plus,11,F11: Composition Function 3,20,8,1000000,2600.0000000000005,4.547473508864641e-13,True,227.44499707221985
de_plus,11,F11: Composition Function 3,20,9,1000000,2600.0000000000005,4.547473508864641e-13,True,221.7883062362671
de_plus,11,F11: Composition Function 3,20,10,1000000,2600.0015283657817,0.0015283657817235,False,233.1385223865509
de_plus,11,F11: Composition Function 3,20,11,1000000,2601.518613063722,1.518613063722114,False,215.02692461013797
de_plus,11,F11: Composition Function 3,20,12,1000000,2600.0000000000005,4.547473508864641e-13,True,196.0896096229553
de_plus,11,F11: Composition Function 3,20,13,1000000,2600.0000000000005,4.547473508864641e-13,True,213.7829742431641
de_plus,11,F11: Composition Function 3,20,14,1000000,2607.1227683348,7.122768334800185,False,244.87496662139893
de_plus,11,F11: Composition Function 3,20,15,1000000,2600.3146893805206,0.3146893805205764,False,245.7619142532349
de_plus,11,F11: Composition Function 3,20,16,1000000,2609.575933447749,9.575933447748866,False,247.22441148757932
de_plus,11,F11: Composition Function 3,20,17,1000000,2602.0967622226967,2.096762222696725,False,245.9409737586975
de_plus,11,F11: Composition Function 3,20,18,1000000,2600.089014650367,0.0890146503670621,False,243.3828060626984
de_plus,11,F11: Composition Function 3,20,19,1000000,2600.066533138539,0.0665331385389436,False,245.74953293800357
de_plus,11,F11: Composition Function 3,20,20,1000000,2600.0000000000005,4.547473508864641e-13,True,242.8567264080048
de_plus,11,F11: Composition Function 3,20,21,1000000,2600.4645362970537,0.4645362970536553,False,241.240846157074
de_plus,11,F11: Composition Function 3,20,22,1000000,2601.828672029491,1.8286720294909171,False,244.13296556472775
de_plus,11,F11: Composition Function 3,20,23,1000000,2600.125400527056,0.125400527056172,False,241.65722346305847
de_plus,11,F11: Composition Function 3,20,24,1000000,2601.996303172269,1.9963031722691085,False,244.6865737438202
de_plus,11,F11: Composition Function 3,20,25,1000000,2601.8092050223,1.8092050222999203,False,242.102422952652
de_plus,11,F11: Composition Function 3,20,26,1000000,2600.572033346176,0.5720333461758855,False,243.1333611011505
de_plus,11,F11: Composition Function 3,20,27,1000000,2605.309299722208,5.309299722207925,False,244.3023626804352
de_plus,11,F11: Composition Function 3,20,28,1000000,2600.2571606590427,0.2571606590427109,False,245.48199677467343
de_plus,11,F11: Composition Function 3,20,29,1000000,2609.272289748069,9.272289748068944,False,248.7418637275696
de_plus,11,F11: Composition Function 3,20,30,1000000,2600.691697669645,0.6916976696447819,False,241.9662413597107
de_plus,12,F12: Composition Function 4,20,1,1000000,2937.4805491544985,237.48054915449848,False,270.6749210357666
de_plus,12,F12: Composition Function 4,20,2,1000000,2936.013364871368,236.01336487136768,False,268.79570746421814
de_plus,12,F12: Composition Function 4,20,3,1000000,2937.4386594151447,237.43865941514468,False,268.003466129303
de_plus,12,F12: Composition Function 4,20,4,1000000,2934.955020676128,234.9550206761278,False,265.7195198535919
de_plus,12,F12: Composition Function 4,20,5,1000000,2935.0043119610605,235.00431196106047,False,265.9242558479309
de_plus,12,F12: Composition Function 4,20,6,1000000,2934.903135875398,234.90313587539825,False,268.7709646224976
de_plus,12,F12: Composition Function 4,20,7,1000000,2935.065230409076,235.06523040907587,False,267.51303482055664
de_plus,12,F12: Composition Function 4,20,8,1000000,2938.2603913618896,238.2603913618896,False,255.83378195762637
de_plus,12,F12: Composition Function 4,20,9,1000000,2936.6886020880543,236.68860208805427,False,249.924480676651
de_plus,12,F12: Composition Function 4,20,10,1000000,2938.6225959158387,238.6225959158387,False,254.4816641807556
de_plus,12,F12: Composition Function 4,20,11,1000000,2935.354568074004,235.354568074004,False,255.7816960811615
de_plus,12,F12: Composition Function 4,20,12,1000000,2937.925315895724,237.925315895724,False,250.33813428878784
de_plus,12,F12: Composition Function 4,20,13,1000000,2935.231878714518,235.23187871451864,False,252.5315442085266
de_plus,12,F12: Composition Function 4,20,14,1000000,2935.309005899375,235.3090058993748,False,252.40261006355288
de_plus,12,F12: Composition Function 4,20,15,1000000,2938.0545554040477,238.05455540404728,False,249.04399013519287
de_plus,12,F12: Composition Function 4,20,16,1000000,2935.214888434657,235.21488843465704,False,250.014502286911
de_plus,12,F12: Composition Function 4,20,17,1000000,2935.454850010166,235.454850010166,False,253.39159274101257
de_plus,12,F12: Composition Function 4,20,18,1000000,2934.9572001368847,234.9572001368847,False,255.216982126236
de_plus,12,F12: Composition Function 4,20,19,1000000,2935.1760257928145,235.17602579281447,False,254.3866980075836
de_plus,12,F12: Composition Function 4,20,20,1000000,2937.4647056128747,237.4647056128747,False,253.52861857414248
de_plus,12,F12: Composition Function 4,20,21,1000000,2934.910969575153,234.9109695751531,False,255.57979369163516
de_plus,12,F12: Composition Function 4,20,22,1000000,2935.300397357855,235.3003973578552,False,252.3287057876587
de_plus,12,F12: Composition Function 4,20,23,1000000,2937.5499461786144,237.5499461786144,False,252.70562314987183
de_plus,12,F12: Composition Function 4,20,24,1000000,2935.006720396036,235.0067203960357,False,253.7087688446045
de_plus,12,F12: Composition Function 4,20,25,1000000,2935.924890475268,235.9248904752676,False,254.81129050254825
de_plus,12,F12: Composition Function 4,20,26,1000000,2935.425455291214,235.4254552912139,False,258.37772369384766
de_plus,12,F12: Composition Function 4,20,27,1000000,2935.057890093481,235.05789009348155,False,252.35773420333865
de_plus,12,F12: Composition Function 4,20,28,1000000,2935.259815406487,235.2598154064872,False,252.43659925460813
de_plus,12,F12: Composition Function 4,20,29,1000000,2937.646583970375,237.6465839703751,False,253.9883098602295
de_plus,12,F12: Composition Function 4,20,30,1000000,2936.025941215481,236.02594121548145,False,248.1765305995941
de_pso,1,F1: Shifted and full Rotated Zakharov Function,10,1,200000,300.0,0.0,True,7.810165166854858
de_pso,1,F1: Shifted and full Rotated Zakharov Function,10,2,200000,300.0,0.0,True,7.650356531143188
de_pso,1,F1: Shifted and full Rotated Zakharov Function,10,3,200000,300.0,0.0,True,7.537844657897949
de_pso,1,F1: Shifted and full Rotated Zakharov Function,10,4,200000,300.0,0.0,True,8.10383677482605
de_pso,1,F1: Shifted and full Rotated Zakharov Function,10,5,200000,300.0,0.0,True,8.012887239456177
de_pso,1,F1: Shifted and full Rotated Zakharov Function,10,6,200000,300.0,0.0,True,7.690732955932617
de_pso,1,F1: Shifted and full Rotated Zakharov Function,10,7,200000,300.0,0.0,True,7.568117141723633
de_pso,1,F1: Shifted and full Rotated Zakharov Function,10,8,200000,300.0,0.0,True,7.383342981338501
de_pso,1,F1: Shifted and full Rotated Zakharov Function,10,9,200000,300.0,0.0,True,7.160570859909058
de_pso,1,F1: Shifted and full Rotated Zakharov Function,10,10,200000,300.0,0.0,True,7.417474985122681
de_pso,1,F1: Shifted and full Rotated Zakharov Function,10,11,200000,300.0,0.0,True,7.103487491607666
de_pso,1,F1: Shifted and full Rotated Zakharov Function,10,12,200000,300.0,0.0,True,7.162601470947266
de_pso,1,F1: Shifted and full Rotated Zakharov Function,10,13,200000,300.0,0.0,True,7.420450210571289
de_pso,1,F1: Shifted and full Rotated Zakharov Function,10,14,200000,300.0,0.0,True,7.09616231918335
de_pso,1,F1: Shifted and full Rotated Zakharov Function,10,15,200000,300.0,0.0,True,7.7617738246917725
de_pso,1,F1: Shifted and full Rotated Zakharov Function,10,16,200000,300.0,0.0,True,7.613889694213867
de_pso,1,F1: Shifted and full Rotated Zakharov Function,10,17,200000,300.0,0.0,True,7.707146883010864
de_pso,1,F1: Shifted and full Rotated Zakharov Function,10,18,200000,300.0,0.0,True,7.374930381774902
de_pso,1,F1: Shifted and full Rotated Zakharov Function,10,19,200000,300.0,0.0,True,7.579521179199219
de_pso,1,F1: Shifted and full Rotated Zakharov Function,10,20,200000,300.0,0.0,True,7.576115608215332
de_pso,1,F1: Shifted and full Rotated Zakharov Function,10,21,200000,300.0,0.0,True,8.08645248413086
de_pso,1,F1: Shifted and full Rotated Zakharov Function,10,22,200000,300.0,0.0,True,7.837055921554565
de_pso,1,F1: Shifted and full Rotated Zakharov Function,10,23,200000,300.0,0.0,True,7.70802903175354
de_pso,1,F1: Shifted and full Rotated Zakharov Function,10,24,200000,300.0,0.0,True,8.035619020462036
de_pso,1,F1: Shifted and full Rotated Zakharov Function,10,25,200000,300.0,0.0,True,9.08273434638977
de_pso,1,F1: Shifted and full Rotated Zakharov Function,10,26,200000,300.0,0.0,True,7.462860107421875
de_pso,1,F1: Shifted and full Rotated Zakharov Function,10,27,200000,300.0,0.0,True,7.451988220214844
de_pso,1,F1: Shifted and full Rotated Zakharov Function,10,28,200000,300.0,0.0,True,7.303556442260742
de_pso,1,F1: Shifted and full Rotated Zakharov Function,10,29,200000,300.0,0.0,True,7.113810777664185
de_pso,1,F1: Shifted and full Rotated Zakharov Function,10,30,200000,300.0,0.0,True,7.117502212524414
de_pso,2,F2: Shifted and Rotated Rosenbrock’s Function,10,1,200000,407.5541219846672,7.554121984667176,False,9.046143293380736
de_pso,2,F2: Shifted and Rotated Rosenbrock’s Function,10,2,200000,408.9161019277813,8.916101927781312,False,8.722784757614136
de_pso,2,F2: Shifted and Rotated Rosenbrock’s Function,10,3,200000,404.0041314883335,4.004131488333485,False,8.32911205291748
de_pso,2,F2: Shifted and Rotated Rosenbrock’s Function,10,4,200000,404.0016429625399,4.001642962539847,False,8.179530620574951
de_pso,2,F2: Shifted and Rotated Rosenbrock’s Function,10,5,200000,430.9006548905393,30.900654890539272,False,9.84984827041626
de_pso,2,F2: Shifted and Rotated Rosenbrock’s Function,10,6,200000,406.3237159326095,6.323715932609503,False,11.4885892868042
de_pso,2,F2: Shifted and Rotated Rosenbrock’s Function,10,7,200000,408.9161019277813,8.916101927781312,False,11.842382669448853
de_pso,2,F2: Shifted and Rotated Rosenbrock’s Function,10,8,200000,403.987496152306,3.9874961523059937,False,11.792391300201416
de_pso,2,F2: Shifted and Rotated Rosenbrock’s Function,10,9,200000,407.5541219846672,7.554121984667176,False,11.333861112594604
de_pso,2,F2: Shifted and Rotated Rosenbrock’s Function,10,10,200000,404.0022164999798,4.002216499979795,False,11.713534355163574
de_pso,2,F2: Shifted and Rotated Rosenbrock’s Function,10,11,200000,403.9993840146769,3.9993840146768775,False,8.518418788909912
de_pso,2,F2: Shifted and Rotated Rosenbrock’s Function,10,12,200000,404.0063545487207,4.006354548720708,False,8.42898678779602
de_pso,2,F2: Shifted and Rotated Rosenbrock’s Function,10,13,200000,404.003331864469,4.003331864468976,False,8.260486364364624
de_pso,2,F2: Shifted and Rotated Rosenbrock’s Function,10,14,200000,404.0009437225692,4.000943722569218,False,8.464242696762085
de_pso,2,F2: Shifted and Rotated Rosenbrock’s Function,10,15,200000,408.9161019277813,8.916101927781312,False,8.223239421844482
de_pso,2,F2: Shifted and Rotated Rosenbrock’s Function,10,16,200000,408.9161019277813,8.916101927781312,False,8.45956301689148
de_pso,2,F2: Shifted and Rotated Rosenbrock’s Function,10,17,200000,408.9161019277813,8.916101927781312,False,9.003933191299438
de_pso,2,F2: Shifted and Rotated Rosenbrock’s Function,10,18,200000,400.1965209442589,0.1965209442589071,False,9.521283626556396
de_pso,2,F2: Shifted and Rotated Rosenbrock’s Function,10,19,200000,408.9161019277813,8.916101927781312,False,8.888294696807861
de_pso,2,F2: Shifted and Rotated Rosenbrock’s Function,10,20,200000,403.9999791775924,3.9999791775924223,False,9.108337640762327
de_pso,2,F2: Shifted and Rotated Rosenbrock’s Function,10,21,200000,404.003326399448,4.003326399448042,False,8.777127981185913
de_pso,2,F2: Shifted and Rotated Rosenbrock’s Function,10,22,200000,408.9161019277813,8.916101927781312,False,8.523876667022705
de_pso,2,F2: Shifted and Rotated Rosenbrock’s Function,10,23,200000,404.0006343589259,4.000634358925879,False,8.503176927566528
de_pso,2,F2: Shifted and Rotated Rosenbrock’s Function,10,24,200000,404.0045123387884,4.004512338788345,False,10.00688123703003
de_pso,2,F2: Shifted and Rotated Rosenbrock’s Function,10,25,200000,408.9161019277813,8.916101927781312,False,11.513546466827393
de_pso,2,F2: Shifted and Rotated Rosenbrock’s Function,10,26,200000,404.001269412386,4.001269412385966,False,11.598604917526243
de_pso,2,F2: Shifted and Rotated Rosenbrock’s Function,10,27,200000,408.9161019277813,8.916101927781312,False,12.343830585479736
de_pso,2,F2: Shifted and Rotated Rosenbrock’s Function,10,28,200000,404.0029460503816,4.002946050381581,False,11.897352457046509
de_pso,2,F2: Shifted and Rotated Rosenbrock’s Function,10,29,200000,408.9161019277813,8.916101927781312,False,11.826024532318115
de_pso,2,F2: Shifted and Rotated Rosenbrock’s Function,10,30,200000,404.0020108069725,4.002010806972521,False,11.966577053070068
de_pso,3,F3: Shifted and full Rotated Expanded Schaffer’s F7,10,1,200000,600.0,0.0,True,15.31616711616516
de_pso,3,F3: Shifted and full Rotated Expanded Schaffer’s F7,10,2,200000,600.0,0.0,True,15.454904556274414
de_pso,3,F3: Shifted and full Rotated Expanded Schaffer’s F7,10,3,200000,600.0,0.0,True,16.188527822494507
de_pso,3,F3: Shifted and full Rotated Expanded Schaffer’s F7,10,4,200000,600.0,0.0,True,15.651456117630005
de_pso,3,F3: Shifted and full Rotated Expanded Schaffer’s F7,10,5,200000,600.0,0.0,True,16.109416961669922
de_pso,3,F3: Shifted and full Rotated Expanded Schaffer’s F7,10,6,200000,600.0,0.0,True,16.062206745147705
de_pso,3,F3: Shifted and full Rotated Expanded Schaffer’s F7,10,7,200000,600.0,0.0,True,15.321060180664062
de_pso,3,F3: Shifted and full Rotated Expanded Schaffer’s F7,10,8,200000,600.0,0.0,True,16.083943128585815
de_pso,3,F3: Shifted and full Rotated Expanded Schaffer’s F7,10,9,200000,600.0,0.0,True,15.739155769348145
de_pso,3,F3: Shifted and full Rotated Expanded Schaffer’s F7,10,10,200000,600.0,0.0,True,16.310017347335815
de_pso,3,F3: Shifted and full Rotated Expanded Schaffer’s F7,10,11,200000,600.0,0.0,True,15.97390604019165
de_pso,3,F3: Shifted and full Rotated Expanded Schaffer’s F7,10,12,200000,600.0,0.0,True,16.276641130447388
de_pso,3,F3: Shifted and full Rotated Expanded Schaffer’s F7,10,13,200000,600.0,0.0,True,16.11665987968445
de_pso,3,F3: Shifted and full Rotated Expanded Schaffer’s F7,10,14,200000,600.0,0.0,True,15.705372333526611
de_pso,3,F3: Shifted and full Rotated Expanded Schaffer’s F7,10,15,200000,600.0,0.0,True,15.73845076560974
de_pso,3,F3: Shifted and full Rotated Expanded Schaffer’s F7,10,16,200000,600.0,0.0,True,15.4214825630188
de_pso,3,F3: Shifted and full Rotated Expanded Schaffer’s F7,10,17,200000,600.0,0.0,True,15.990336179733276
de_pso,3,F3: Shifted and full Rotated Expanded Schaffer’s F7,10,18,200000,600.0,0.0,True,15.93347454071045
de_pso,3,F3: Shifted and full Rotated Expanded Schaffer’s F7,10,19,200000,600.0,0.0,True,16.36670207977295
de_pso,3,F3: Shifted and full Rotated Expanded Schaffer’s F7,10,20,200000,600.0,0.0,True,15.578505277633669
de_pso,3,F3: Shifted and full Rotated Expanded Schaffer’s F7,10,21,200000,600.0,0.0,True,15.814767122268677
de_pso,3,F3: Shifted and full Rotated Expanded Schaffer’s F7,10,22,200000,600.0,0.0,True,15.643692255020142
de_pso,3,F3: Shifted and full Rotated Expanded Schaffer’s F7,10,23,200000,600.0,0.0,True,16.105469703674316
de_pso,3,F3: Shifted and full Rotated Expanded Schaffer’s F7,10,24,200000,600.0,0.0,True,15.566817998886108
de_pso,3,F3: Shifted and full Rotated Expanded Schaffer’s F7,10,25,200000,600.0,0.0,True,15.583738565444946
de_pso,3,F3: Shifted and full Rotated Expanded Schaffer’s F7,10,26,200000,600.0,0.0,True,16.43038034439087
de_pso,3,F3: Shifted and full Rotated Expanded Schaffer’s F7,10,27,200000,600.0,0.0,True,15.373707056045532
de_pso,3,F3: Shifted and full Rotated Expanded Schaffer’s F7,10,28,200000,600.0,0.0,True,15.16177749633789
de_pso,3,F3: Shifted and full Rotated Expanded Schaffer’s F7,10,29,200000,600.0,0.0,True,15.73340344429016
de_pso,3,F3: Shifted and full Rotated Expanded Schaffer’s F7,10,30,200000,600.0,0.0,True,15.651550769805908
de_pso,4,F4: Shifted and Rotated Non-Continuous Rastrigin’s Function,10,1,200000,821.464046377502,21.464046377501973,False,20.99775981903076
de_pso,4,F4: Shifted and Rotated Non-Continuous Rastrigin’s Function,10,2,200000,822.0000000000589,22.00000000005889,False,21.203205585479736
de_pso,4,F4: Shifted and Rotated Non-Continuous Rastrigin’s Function,10,3,200000,824.112830639618,24.112830639617982,False,20.965664625167847
de_pso,4,F4: Shifted and Rotated Non-Continuous Rastrigin’s Function,10,4,200000,812.0,12.0,False,21.63114547729492
de_pso,4,F4: Shifted and Rotated Non-Continuous Rastrigin’s Function,10,5,200000,822.0000000145337,22.000000014533725,False,22.25436568260193
de_pso,4,F4: Shifted and Rotated Non-Continuous Rastrigin’s Function,10,6,200000,821.5376971277926,21.537697127792622,False,22.28933620452881
de_pso,4,F4: Shifted and Rotated Non-Continuous Rastrigin’s Function,10,7,200000,824.000000000007,24.00000000000705,False,22.343727588653564
de_pso,4,F4: Shifted and Rotated Non-Continuous Rastrigin’s Function,10,8,200000,830.0,30.0,False,21.7082576751709
de_pso,4,F4: Shifted and Rotated Non-Continuous Rastrigin’s Function,10,9,200000,826.0,26.0,False,21.36667275428772
de_pso,4,F4: Shifted and Rotated Non-Continuous Rastrigin’s Function,10,10,200000,824.2254552121818,24.225455212181828,False,21.223109006881717
de_pso,4,F4: Shifted and Rotated Non-Continuous Rastrigin’s Function,10,11,200000,821.7519843776432,21.751984377643225,False,20.92883372306824
de_pso,4,F4: Shifted and Rotated Non-Continuous Rastrigin’s Function,10,12,200000,813.898521232687,13.898521232687015,False,21.518234252929688
de_pso,4,F4: Shifted and Rotated Non-Continuous Rastrigin’s Function,10,13,200000,824.0,24.0,False,21.43378615379333
de_pso,4,F4: Shifted and Rotated Non-Continuous Rastrigin’s Function,10,14,200000,822.1018388482864,22.101838848286437,False,21.42231059074402
de_pso,4,F4: Shifted and Rotated Non-Continuous Rastrigin’s Function,10,15,200000,821.6999281799011,21.69992817990112,False,21.25914001464844
de_pso,4,F4: Shifted and Rotated Non-Continuous Rastrigin’s Function,10,16,200000,820.0,20.0,False,21.56752562522888
de_pso,4,F4: Shifted and Rotated Non-Continuous Rastrigin’s Function,10,17,200000,823.9428108572658,23.94281085726584,False,21.380219221115112
de_pso,4,F4: Shifted and Rotated Non-Continuous Rastrigin’s Function,10,18,200000,824.6672067708134,24.66720677081344,False,20.899066925048828
de_pso,4,F4: Shifted and Rotated Non-Continuous Rastrigin’s Function,10,19,200000,818.0000000000006,18.00000000000057,False,21.36783790588379
de_pso,4,F4: Shifted and Rotated Non-Continuous Rastrigin’s Function,10,20,200000,827.9623432533305,27.96234325333046,False,21.66672253608704
de_pso,4,F4: Shifted and Rotated Non-Continuous Rastrigin’s Function,10,21,200000,831.4191801023974,31.419180102397377,False,21.531448125839237
de_pso,4,F4: Shifted and Rotated Non-Continuous Rastrigin’s Function,10,22,200000,824.0,24.0,False,21.298603773117065
de_pso,4,F4: Shifted and Rotated Non-Continuous Rastrigin’s Function,10,23,200000,821.8844826761357,21.88448267613569,False,21.702264547348022
de_pso,4,F4: Shifted and Rotated Non-Continuous Rastrigin’s Function,10,24,200000,828.6052998582161,28.605299858216085,False,21.15959644317627
de_pso,4,F4: Shifted and Rotated Non-Continuous Rastrigin’s Function,10,25,200000,828.0000000000048,28.00000000000477,False,21.303903579711918
de_pso,4,F4: Shifted and Rotated Non-Continuous Rastrigin’s Function,10,26,200000,838.0,38.0,False,20.84927797317505
de_pso,4,F4: Shifted and Rotated Non-Continuous Rastrigin’s Function,10,27,200000,818.5744849289888,18.574484928988795,False,22.673069953918457
de_pso,4,F4: Shifted and Rotated Non-Continuous Rastrigin’s Function,10,28,200000,844.2374794115176,44.2374794115176,False,22.360102891922
de_pso,4,F4: Shifted and Rotated Non-Continuous Rastrigin’s Function,10,29,200000,824.0,24.0,False,22.212294340133667
de_pso,4,F4: Shifted and Rotated Non-Continuous Rastrigin’s Function,10,30,200000,826.0,26.0,False,21.860347032547
de_pso,5,F5: Shifted and Rotated Levy Function,10,1,200000,900.0,0.0,True,14.30937671661377
de_pso,5,F5: Shifted and Rotated Levy Function,10,2,200000,900.0,0.0,True,13.709339141845703
de_pso,5,F5: Shifted and Rotated Levy Function,10,3,200000,900.0,0.0,True,13.618061542510986
de_pso,5,F5: Shifted and Rotated Levy Function,10,4,200000,900.0,0.0,True,13.765337228775024
de_pso,5,F5: Shifted and Rotated Levy Function,10,5,200000,900.0,0.0,True,14.004208087921144
de_pso,5,F5: Shifted and Rotated Levy Function,10,6,200000,900.0,0.0,True,13.834242820739746
de_pso,5,F5: Shifted and Rotated Levy Function,10,7,200000,900.0,0.0,True,13.941910028457642
de_pso,5,F5: Shifted and Rotated Levy Function,10,8,200000,900.0,0.0,True,13.675644874572754
de_pso,5,F5: Shifted and Rotated Levy Function,10,9,200000,900.0,0.0,True,13.59826135635376
de_pso,5,F5: Shifted and Rotated Levy Function,10,10,200000,900.0,0.0,True,13.344172477722168
de_pso,5,F5: Shifted and Rotated Levy Function,10,11,200000,900.0000000000001,1.1368683772161605e-13,True,12.97012495994568
de_pso,5,F5: Shifted and Rotated Levy Function,10,12,200000,900.0,0.0,True,12.946183681488035
de_pso,5,F5: Shifted and Rotated Levy Function,10,13,200000,900.0,0.0,True,13.34275484085083
de_pso,5,F5: Shifted and Rotated Levy Function,10,14,200000,900.0,0.0,True,13.553398609161375
de_pso,5,F5: Shifted and Rotated Levy Function,10,15,200000,900.0000000000001,1.1368683772161605e-13,True,12.98250436782837
de_pso,5,F5: Shifted and Rotated Levy Function,10,16,200000,900.0,0.0,True,13.541400909423828
de_pso,5,F5: Shifted and Rotated Levy Function,10,17,200000,900.0,0.0,True,12.850103855133057
de_pso,5,F5: Shifted and Rotated Levy Function,10,18,200000,900.0,0.0,True,13.442368507385254
de_pso,5,F5: Shifted and Rotated Levy Function,10,19,200000,900.0,0.0,True,12.965948820114136
de_pso,5,F5: Shifted and Rotated Levy Function,10,20,200000,900.0895282504165,0.0895282504164924,False,13.981135368347168
de_pso,5,F5: Shifted and Rotated Levy Function,10,21,200000,900.0,0.0,True,14.170080423355104
de_pso,5,F5: Shifted and Rotated Levy Function,10,22,200000,900.0,0.0,True,14.17279052734375
de_pso,5,F5: Shifted and Rotated Levy Function,10,23,200000,900.0,0.0,True,14.05743670463562
de_pso,5,F5: Shifted and Rotated Levy Function,10,24,200000,900.0000000000001,1.1368683772161605e-13,True,13.901291608810425
de_pso,5,F5: Shifted and Rotated Levy Function,10,25,200000,900.0000000000001,1.1368683772161605e-13,True,13.45356512069702
de_pso,5,F5: Shifted and Rotated Levy Function,10,26,200000,900.0,0.0,True,14.215784788131714
de_pso,5,F5: Shifted and Rotated Levy Function,10,27,200000,900.0,0.0,True,13.472622394561768
de_pso,5,F5: Shifted and Rotated Levy Function,10,28,200000,900.0,0.0,True,13.678230285644531
de_pso,5,F5: Shifted and Rotated Levy Function,10,29,200000,900.0,0.0,True,13.401748657226562
de_pso,5,F5: Shifted and Rotated Levy Function,10,30,200000,900.0000000000001,1.1368683772161605e-13,True,13.648372411727903
de_pso,6,F6: Hybrid Function 1,10,1,200000,12531.213396686806,10731.213396686806,False,15.025321006774902
de_pso,6,F6: Hybrid Function 1,10,2,200000,3132.4707776159203,1332.4707776159205,False,15.11432957649231
de_pso,6,F6: Hybrid Function 1,10,3,200000,3947.642469037906,2147.6424690379063,False,15.407499313354492
de_pso,6,F6: Hybrid Function 1,10,4,200000,2265.499726406486,465.49972640648593,False,14.915517568588257
de_pso,6,F6: Hybrid Function 1,10,5,200000,4058.728729880601,2258.7287298806013,False,14.805200338363647
de_pso,6,F6: Hybrid Function 1,10,6,200000,3354.432192863753,1554.4321928637528,False,15.318764209747314
de_pso,6,F6: Hybrid Function 1,10,7,200000,49891.99725137005,48091.99725137005,False,15.22164273262024
de_pso,6,F6: Hybrid Function 1,10,8,200000,10971.866765288414,9171.866765288414,False,15.07174825668335
de_pso,6,F6: Hybrid Function 1,10,9,200000,2374.2374931498944,574.2374931498944,False,14.65433955192566
de_pso,6,F6: Hybrid Function 1,10,10,200000,4558.225303059218,2758.2253030592183,False,14.36920690536499
de_pso,6,F6: Hybrid Function 1,10,11,200000,2027.5694796922608,227.5694796922608,False,15.345673322677612
de_pso,6,F6: Hybrid Function 1,10,12,200000,4034.805036663121,2234.8050366631205,False,14.766448259353638
de_pso,6,F6: Hybrid Function 1,10,13,200000,8809.34368875568,7009.34368875568,False,14.986896753311155
de_pso,6,F6: Hybrid Function 1,10,14,200000,8149.77389078661,6349.7738907866105,False,15.863869905471802
de_pso,6,F6: Hybrid Function 1,10,15,200000,5259.66615333894,3459.66615333894,False,15.45131516456604
de_pso,6,F6: Hybrid Function 1,10,16,200000,14578.937091892863,12778.937091892863,False,15.516397476196287
de_pso,6,F6: Hybrid Function 1,10,17,200000,6614.34627680381,4814.34627680381,False,15.674794673919678
de_pso,6,F6: Hybrid Function 1,10,18,200000,54263.77034852279,52463.77034852279,False,15.767027378082275
de_pso,6,F6: Hybrid Function 1,10,19,200000,2613.462151394656,813.4621513946558,False,15.203851461410522
de_pso,6,F6: Hybrid Function 1,10,20,200000,3548.3986039052543,1748.3986039052545,False,15.66520857810974
de_pso,6,F6: Hybrid Function 1,10,21,200000,4301.00046771923,2501.00046771923,False,15.494729042053224
de_pso,6,F6: Hybrid Function 1,10,22,200000,1935.4889346888576,135.48893468885765,False,15.992042064666748
de_pso,6,F6: Hybrid Function 1,10,23,200000,33073.30433672496,31273.304336724963,False,15.903443098068236
de_pso,6,F6: Hybrid Function 1,10,24,200000,10318.0018992122,8518.0018992122,False,15.589556455612184
de_pso,6,F6: Hybrid Function 1,10,25,200000,4724.145447409604,2924.1454474096035,False,15.2226402759552
de_pso,6,F6: Hybrid Function 1,10,26,200000,2535.3417297843143,735.3417297843143,False,15.011072397232056
de_pso,6,F6: Hybrid Function 1,10,27,200000,3902.819127827184,2102.819127827184,False,14.702038288116457
de_pso,6,F6: Hybrid Function 1,10,28,200000,3262.789424460967,1462.789424460967,False,14.598628520965576
de_pso,6,F6: Hybrid Function 1,10,29,200000,28462.689524490223,26662.689524490223,False,14.91752314567566
de_pso,6,F6: Hybrid Function 1,10,30,200000,4195.0352641032605,2395.0352641032605,False,14.577627420425417
de_pso,7,F7: Hybrid Function 2,10,1,200000,2023.6265467943665,23.626546794366504,False,93.88024878501892
de_pso,7,F7: Hybrid Function 2,10,2,200000,2121.546541350905,121.5465413509055,False,93.61382937431335
de_pso,7,F7: Hybrid Function 2,10,3,200000,2023.5626898283929,23.56268982839288,False,94.41411185264587
de_pso,7,F7: Hybrid Function 2,10,4,200000,2023.181509697092,23.18150969709177,False,95.38448524475098
de_pso,7,F7: Hybrid Function 2,10,5,200000,2119.6653300578246,119.66533005782458,False,94.81006598472597
de_pso,7,F7: Hybrid Function 2,10,6,200000,2002.826081062727,2.8260810627270985,False,95.03704047203064
de_pso,7,F7: Hybrid Function 2,10,7,200000,2022.0213494092384,22.021349409238155,False,93.51771879196168
de_pso,7,F7: Hybrid Function 2,10,8,200000,2021.4373403128072,21.43734031280724,False,93.6208610534668
de_pso,7,F7: Hybrid Function 2,10,9,200000,2021.122139284281,21.122139284281047,False,92.85699391365053
de_pso,7,F7: Hybrid Function 2,10,10,200000,2120.677367270582,120.67736727058264,False,93.57792282104492
de_pso,7,F7: Hybrid Function 2,10,11,200000,2146.6233352682134,146.6233352682134,False,92.7014889717102
de_pso,7,F7: Hybrid Function 2,10,12,200000,2019.988185322162,19.988185322162053,False,94.23421955108644
de_pso,7,F7: Hybrid Function 2,10,13,200000,2026.3215002701663,26.321500270166325,False,94.06212830543518
de_pso,7,F7: Hybrid Function 2,10,14,200000,2021.4949590938215,21.494959093821763,False,92.81032252311708
de_pso,7,F7: Hybrid Function 2,10,15,200000,2020.996106618018,20.996106618018075,False,93.0480091571808
de_pso,7,F7: Hybrid Function 2,10,16,200000,2022.3745495742687,22.374549574269167,False,94.05242991447447
de_pso,7,F7: Hybrid Function 2,10,17,200000,2120.1364517447464,120.1364517447464,False,93.64345979690552
de_pso,7,F7: Hybrid Function 2,10,18,200000,2022.2612260193391,22.26122601933912,False,92.53639841079712
de_pso,7,F7: Hybrid Function 2,10,19,200000,2024.1870504271112,24.187050427111217,False,94.14971733093262
de_pso,7,F7: Hybrid Function 2,10,20,200000,2022.001968428771,22.00196842877108,False,92.26258611679076
de_pso,7,F7: Hybrid Function 2,10,21,200000,2121.9059646245446,121.9059646245446,False,91.92308926582336
de_pso,7,F7: Hybrid Function 2,10,22,200000,2023.5530748978613,23.55307489786128,False,93.398934841156
de_pso,7,F7: Hybrid Function 2,10,23,200000,2021.73538106166,21.735381061660064,False,94.2580235004425
de_pso,7,F7: Hybrid Function 2,10,24,200000,2121.844010395846,121.844010395846,False,92.64127898216248
de_pso,7,F7: Hybrid Function 2,10,25,200000,2020.4999924970512,20.499992497051156,False,93.60370182991028
de_pso,7,F7: Hybrid Function 2,10,26,200000,2021.018460082386,21.0184600823859,False,95.16088438034058
de_pso,7,F7: Hybrid Function 2,10,27,200000,2022.510065203692,22.51006520369197,False,92.73638200759888
de_pso,7,F7: Hybrid Function 2,10,28,200000,2021.4089642240704,21.40896422407036,False,96.5750253200531
de_pso,7,F7: Hybrid Function 2,10,29,200000,2022.4966622188133,22.4966622188133,False,94.6061601638794
de_pso,7,F7: Hybrid Function 2,10,30,200000,2023.6138831921992,23.613883192199182,False,93.04503011703493
de_pso,8,F8: Hybrid Function 3,10,1,200000,2221.554037100245,21.55403710024484,False,125.16240692138672
de_pso,8,F8: Hybrid Function 3,10,2,200000,4861.981864775711,2661.981864775711,False,125.86969542503356
de_pso,8,F8: Hybrid Function 3,10,3,200000,2321.555376001119,121.55537600111892,False,128.37389373779297
de_pso,8,F8: Hybrid Function 3,10,4,200000,2221.2677577778354,21.267757777835413,False,127.24665474891664
de_pso,8,F8: Hybrid Function 3,10,5,200000,2375.1556939650686,175.15569396506862,False,128.68254566192627
de_pso,8,F8: Hybrid Function 3,10,6,200000,2223.481579362161,23.48157936216103,False,125.726087808609
de_pso,8,F8: Hybrid Function 3,10,7,200000,2222.3640790397703,22.36407903977033,False,128.58495330810547
de_pso,8,F8: Hybrid Function 3,10,8,200000,2223.562906454694,23.562906454693803,False,126.51893830299376
de_pso,8,F8: Hybrid Function 3,10,9,200000,2200.889894496691,0.8898944966908857,False,129.13466572761536
de_pso,8,F8: Hybrid Function 3,10,10,200000,2221.9327840984565,21.932784098456523,False,128.97907137870789
de_pso,8,F8: Hybrid Function 3,10,11,200000,2221.6870705426213,21.687070542621317,False,127.58419013023376
de_pso,8,F8: Hybrid Function 3,10,12,200000,2220.2044436715314,20.204443671531408,False,127.4814703464508
de_pso,8,F8: Hybrid Function 3,10,13,200000,2222.334810387956,22.334810387956168,False,129.17148351669312
de_pso,8,F8: Hybrid Function 3,10,14,200000,2202.929052967598,2.9290529675986363,False,130.2504756450653
de_pso,8,F8: Hybrid Function 3,10,15,200000,2221.6569194799463,21.65691947994628,False,135.36352252960205
de_pso,8,F8: Hybrid Function 3,10,16,200000,2223.080225192211,23.080225192210943,False,130.14767336845398
de_pso,8,F8: Hybrid Function 3,10,17,200000,2220.3343089404816,20.33430894048161,False,126.55881667137146
de_pso,8,F8: Hybrid Function 3,10,18,200000,2651.971590758488,451.97159075848776,False,125.396653175354
de_pso,8,F8: Hybrid Function 3,10,19,200000,2200.495344388753,0.4953443887534376,False,123.51298451423644
de_pso,8,F8: Hybrid Function 3,10,20,200000,2220.64041281558,20.64041281558002,False,125.78101801872252
de_pso,8,F8: Hybrid Function 3,10,21,200000,2220.3821636215253,20.38216362152525,False,125.85671710968018
de_pso,8,F8: Hybrid Function 3,10,22,200000,2221.4270778093714,21.42707780937144,False,125.03112411499023
de_pso,8,F8: Hybrid Function 3,10,23,200000,2222.147165153023,22.1471651530228,False,125.04354095458984
de_pso,8,F8: Hybrid Function 3,10,24,200000,2221.657675050597,21.657675050596936,False,125.77790093421936
de_pso,8,F8: Hybrid Function 3,10,25,200000,2221.5175841907603,21.51758419076032,False,126.5848183631897
de_pso,8,F8: Hybrid Function 3,10,26,200000,2220.212569245297,20.21256924529689,False,124.33600997924805
de_pso,8,F8: Hybrid Function 3,10,27,200000,2222.5690169101217,22.56901691012172,False,124.77754640579224
de_pso,8,F8: Hybrid Function 3,10,28,200000,2326.3723157400877,126.37231574008727,False,125.32136583328248
de_pso,8,F8: Hybrid Function 3,10,29,200000,2222.5289262121955,22.52892621219553,False,122.50173473358154
de_pso,8,F8: Hybrid Function 3,10,30,200000,2229.1096054437207,29.10960544372074,False,126.8832414150238
de_pso,9,F9: Composition Function 1,10,1,200000,2659.192805180869,359.1928051808695,False,31.8581178188324
de_pso,9,F9: Composition Function 1,10,2,200000,2673.401006350949,373.4010063509495,False,30.85158681869507
de_pso,9,F9: Composition Function 1,10,3,200000,2670.181827922272,370.1818279222716,False,31.017549753189087
de_pso,9,F9: Composition Function 1,10,4,200000,2671.830550059284,371.8305500592842,False,30.573237657547
de_pso,9,F9: Composition Function 1,10,5,200000,2659.1928051808704,359.19280518087044,False,31.51087760925293
de_pso,9,F9: Composition Function 1,10,6,200000,2659.0943447803597,359.0943447803593,False,31.413126945495605
de_pso,9,F9: Composition Function 1,10,7,200000,2669.9574003290304,369.9574003290304,False,30.38354778289795
de_pso,9,F9: Composition Function 1,10,8,200000,2659.09434478036,359.09434478035973,False,31.031533002853397
de_pso,9,F9: Composition Function 1,10,9,200000,2669.8608816993437,369.8608816993433,False,30.21800827980041
de_pso,9,F9: Composition Function 1,10,10,200000,2659.09434478036,359.09434478035973,False,31.70968770980835
de_pso,9,F9: Composition Function 1,10,11,200000,2300.0,0.0,True,30.49168968200684
de_pso,9,F9: Composition Function 1,10,12,200000,2659.192805180869,359.1928051808695,False,31.163553476333615
de_pso,9,F9: Composition Function 1,10,13,200000,2669.8598037236384,369.8598037236384,False,31.485658884048465
de_pso,9,F9: Composition Function 1,10,14,200000,2676.177952323593,376.1779523235932,False,31.124886989593502
de_pso,9,F9: Composition Function 1,10,15,200000,2670.006649048948,370.006649048948,False,30.85318160057068
de_pso,9,F9: Composition Function 1,10,16,200000,2669.8598058865764,369.8598058865764,False,30.40376043319702
de_pso,9,F9: Composition Function 1,10,17,200000,2670.0894362832123,370.0894362832123,False,30.96389961242676
de_pso,9,F9: Composition Function 1,10,18,200000,2665.009201182604,365.0092011826041,False,32.01900911331177
de_pso,9,F9: Composition Function 1,10,19,200000,2659.192805180869,359.1928051808695,False,32.842949867248535
de_pso,9,F9: Composition Function 1,10,20,200000,2665.197904316301,365.1979043163015,False,32.01096534729004
de_pso,9,F9: Composition Function 1,10,21,200000,2665.472161873433,365.4721618734329,False,31.0762403011322
de_pso,9,F9: Composition Function 1,10,22,200000,2659.192805180869,359.1928051808695,False,32.414310455322266
de_pso,9,F9: Composition Function 1,10,23,200000,2659.0943447803597,359.0943447803593,False,33.101701736450195
de_pso,9,F9: Composition Function 1,10,24,200000,2664.5424327561923,364.5424327561923,False,32.01073098182678
de_pso,9,F9: Composition Function 1,10,25,200000,2659.192805180869,359.1928051808695,False,31.738719940185547
de_pso,9,F9: Composition Function 1,10,26,200000,2659.192805180869,359.1928051808695,False,32.9208300113678
de_pso,9,F9: Composition Function 1,10,27,200000,2669.8598037236384,369.8598037236384,False,31.387024641036987
de_pso,9,F9: Composition Function 1,10,28,200000,2788.1198227527366,488.1198227527366,False,31.6130964756012
de_pso,9,F9: Composition Function 1,10,29,200000,2669.859803723639,369.8598037236388,False,31.58136224746704
de_pso,9,F9: Composition Function 1,10,30,200000,2669.8598037236384,369.8598037236384,False,32.6384379863739
de_pso,10,F10: Composition Function 2,10,1,200000,2721.285796467684,321.28579646768367,False,33.033289432525635
de_pso,10,F10: Composition Function 2,10,2,200000,2716.809262120002,316.80926212000213,False,32.8299663066864
de_pso,10,F10: Composition Function 2,10,3,200000,2621.122057282524,221.12205728252368,False,33.637436389923096
de_pso,10,F10: Composition Function 2,10,4,200000,2622.4738766144164,222.47387661441644,False,32.41163158416748
de_pso,10,F10: Composition Function 2,10,5,200000,2620.8726497489797,220.87264974897928,False,33.47703433036804
de_pso,10,F10: Composition Function 2,10,6,200000,2620.8726497489797,220.87264974897928,False,33.32731032371521
de_pso,10,F10: Composition Function 2,10,7,200000,2619.402702724611,219.40270272461112,False,32.917113065719604
de_pso,10,F10: Composition Function 2,10,8,200000,2622.151650652296,222.15165065229576,False,33.35144901275635
de_pso,10,F10: Composition Function 2,10,9,200000,2620.8726497489797,220.87264974897928,False,33.06868052482605
de_pso,10,F10: Composition Function 2,10,10,200000,2728.133970423633,328.13397042363295,False,35.381184101104736
de_pso,10,F10: Composition Function 2,10,11,200000,2622.151650652296,222.15165065229576,False,34.03262758255005
de_pso,10,F10: Composition Function 2,10,12,200000,2621.122057282524,221.12205728252368,False,33.65080165863037
de_pso,10,F10: Composition Function 2,10,13,200000,2622.151650652296,222.15165065229576,False,34.19047260284424
de_pso,10,F10: Composition Function 2,10,14,200000,2722.9954179965343,322.99541799653434,False,34.048659563064575
de_pso,10,F10: Composition Function 2,10,15,200000,2622.151650652296,222.15165065229576,False,34.23318576812744
de_pso,10,F10: Composition Function 2,10,16,200000,2620.8726497489797,220.87264974897928,False,33.1890983581543
de_pso,10,F10: Composition Function 2,10,17,200000,2622.5376874926988,222.53768749269875,False,33.53866219520569
de_pso,10,F10: Composition Function 2,10,18,200000,2621.122057282524,221.12205728252368,False,32.61196970939636
de_pso,10,F10: Composition Function 2,10,19,200000,2622.4738766144164,222.47387661441644,False,33.469284772872925
de_pso,10,F10: Composition Function 2,10,20,200000,2622.1744000774943,222.17440007749428,False,33.19850420951843
de_pso,10,F10: Composition Function 2,10,21,200000,2621.122057282524,221.12205728252368,False,34.14664959907532
de_pso,10,F10: Composition Function 2,10,22,200000,2622.1033436394205,222.10334363942047,False,33.697115898132324
de_pso,10,F10: Composition Function 2,10,23,200000,2731.7680039818706,331.7680039818706,False,33.44971179962158
de_pso,10,F10: Composition Function 2,10,24,200000,2622.5376874926988,222.53768749269875,False,33.54475545883179
de_pso,10,F10: Composition Function 2,10,25,200000,2621.4225949801908,221.42259498019075,False,35.01825404167175
de_pso,10,F10: Composition Function 2,10,26,200000,2622.67091262658,222.6709126265796,False,34.66952419281006
de_pso,10,F10: Composition Function 2,10,27,200000,2722.2886115633046,322.2886115633046,False,32.37245440483093
de_pso,10,F10: Composition Function 2,10,28,200000,2622.5376874926988,222.53768749269875,False,31.98701548576355
de_pso,10,F10: Composition Function 2,10,29,200000,2622.4738766144164,222.47387661441644,False,31.952468633651733
de_pso,10,F10: Composition Function 2,10,30,200000,2621.122057282524,221.12205728252368,False,32.51491141319275
de_pso,11,F11: Composition Function 3,10,1,200000,2600.0,0.0,True,48.43562984466553
de_pso,11,F11: Composition Function 3,10,2,200000,3477.3120628201723,877.3120628201723,False,49.11322259902954
de_pso,11,F11: Composition Function 3,10,3,200000,2600.0000000000005,4.547473508864641e-13,True,47.80925631523132
de_pso,11,F11: Composition Function 3,10,4,200000,3482.577555517882,882.577555517882,False,48.18754458427429
de_pso,11,F11: Composition Function 3,10,5,200000,2600.0,0.0,True,47.73560690879822
de_pso,11,F11: Composition Function 3,10,6,200000,2600.0,0.0,True,47.4501314163208
de_pso,11,F11: Composition Function 3,10,7,200000,2600.0,0.0,True,48.6208643913269
de_pso,11,F11: Composition Function 3,10,8,200000,2600.0,0.0,True,48.95056867599487
de_pso,11,F11: Composition Function 3,10,9,200000,2600.0,0.0,True,46.80824089050293
de_pso,11,F11: Composition Function 3,10,10,200000,2946.12885354332,346.1288535433196,False,47.35462880134583
de_pso,11,F11: Composition Function 3,10,11,200000,3476.9872959829486,876.9872959829486,False,48.71816229820252
de_pso,11,F11: Composition Function 3,10,12,200000,2600.0,0.0,True,47.99979519844055
de_pso,11,F11: Composition Function 3,10,13,200000,2600.0,0.0,True,48.9698851108551
de_pso,11,F11: Composition Function 3,10,14,200000,2600.0,0.0,True,46.25598978996277
de_pso,11,F11: Composition Function 3,10,15,200000,3478.6050003722426,878.6050003722426,False,48.52045297622681
de_pso,11,F11: Composition Function 3,10,16,200000,2600.0,0.0,True,46.1444411277771
de_pso,11,F11: Composition Function 3,10,17,200000,3476.9408173179063,876.9408173179063,False,50.62443470954895
de_pso,11,F11: Composition Function 3,10,18,200000,2600.0,0.0,True,46.64065146446228
de_pso,11,F11: Composition Function 3,10,19,200000,2600.0,0.0,True,46.35484504699707
de_pso,11,F11: Composition Function 3,10,20,200000,2600.0000000000005,4.547473508864641e-13,True,48.95139265060425
de_pso,11,F11: Composition Function 3,10,21,200000,2600.0,0.0,True,46.87352418899536
de_pso,11,F11: Composition Function 3,10,22,200000,2600.0,0.0,True,46.62456774711609
de_pso,11,F11: Composition Function 3,10,23,200000,2600.0,0.0,True,46.99875712394714
de_pso,11,F11: Composition Function 3,10,24,200000,3083.8749304296225,483.8749304296225,False,47.71904921531677
de_pso,11,F11: Composition Function 3,10,25,200000,2600.0,0.0,True,48.27402448654175
de_pso,11,F11: Composition Function 3,10,26,200000,2600.0,0.0,True,46.62198138237
de_pso,11,F11: Composition Function 3,10,27,200000,2600.0,0.0,True,48.47201871871948
de_pso,11,F11: Composition Function 3,10,28,200000,2600.0,0.0,True,47.58513760566712
de_pso,11,F11: Composition Function 3,10,29,200000,2600.0,0.0,True,47.07929539680481
de_pso,11,F11: Composition Function 3,10,30,200000,2600.0,0.0,True,47.698989152908325
de_pso,12,F12: Composition Function 4,10,1,200000,2866.565243202918,166.56524320291783,False,51.04368615150452
de_pso,12,F12: Composition Function 4,10,2,200000,2865.9474851844207,165.94748518442066,False,51.45311188697815
de_pso,12,F12: Composition Function 4,10,3,200000,2867.827447668697,167.827447668697,False,50.25468969345093
de_pso,12,F12: Composition Function 4,10,4,200000,2870.752128997288,170.75212899728783,False,50.95304822921753
de_pso,12,F12: Composition Function 4,10,5,200000,2868.1829030180093,168.18290301800926,False,51.381072759628296
de_pso,12,F12: Composition Function 4,10,6,200000,2868.2932036356638,168.2932036356633,False,51.20357060432434
de_pso,12,F12: Composition Function 4,10,7,200000,2865.940733932853,165.94073393285316,False,51.93118524551392
de_pso,12,F12: Composition Function 4,10,8,200000,2868.230317503929,168.2303175039292,False,51.93730854988098
de_pso,12,F12: Composition Function 4,10,9,200000,2866.0031569207963,166.0031569207963,False,51.54932880401611
de_pso,12,F12: Composition Function 4,10,10,200000,2868.1829082145355,168.18290821453547,False,51.8476881980896
de_pso,12,F12: Composition Function 4,10,11,200000,2868.8033899995257,168.8033899995257,False,52.57101273536682
de_pso,12,F12: Composition Function 4,10,12,200000,2871.019534857768,171.01953485776767,False,50.96782040596008
de_pso,12,F12: Composition Function 4,10,13,200000,2868.18292612832,168.18292612831965,False,53.30360364913941
de_pso,12,F12: Composition Function 4,10,14,200000,2866.565217130448,166.56521713044822,False,50.883501291275024
de_pso,12,F12: Composition Function 4,10,15,200000,2866.860932728393,166.86093272839298,False,51.42215037345886
de_pso,12,F12: Composition Function 4,10,16,200000,2873.936838192325,173.93683819232456,False,51.34447956085205
de_pso,12,F12: Composition Function 4,10,17,200000,2869.015659109833,169.015659109833,False,51.65374636650085
de_pso,12,F12: Composition Function 4,10,18,200000,2868.1658389664503,168.16583896645034,False,51.15576982498169
de_pso,12,F12: Composition Function 4,10,19,200000,2867.480019571971,167.48001957197084,False,51.36149501800537
de_pso,12,F12: Composition Function 4,10,20,200000,2866.4761055602225,166.47610556022255,False,51.54432392120361
de_pso,12,F12: Composition Function 4,10,21,200000,2866.565226012269,166.5652260122688,False,50.47335863113403
de_pso,12,F12: Composition Function 4,10,22,200000,2866.5715484489947,166.5715484489947,False,50.78202986717224
de_pso,12,F12: Composition Function 4,10,23,200000,2865.925704550293,165.92570455029318,False,51.56285047531128
de_pso,12,F12: Composition Function 4,10,24,200000,2868.2236111189336,168.2236111189336,False,52.07535433769226
de_pso,12,F12: Composition Function 4,10,25,200000,2866.565258990868,166.5652589908682,False,52.38863730430603
de_pso,12,F12: Composition Function 4,10,26,200000,2868.419088063172,168.41908806317133,False,51.68782424926758
de_pso,12,F12: Composition Function 4,10,27,200000,2868.149414499136,168.14941449913567,False,51.99970936775208
de_pso,12,F12: Composition Function 4,10,28,200000,2868.715446238217,168.71544623821683,False,52.53100109100342
de_pso,12,F12: Composition Function 4,10,29,200000,2866.5182266733013,166.51822667330134,False,50.889803647995
de_pso,12,F12: Composition Function 4,10,30,200000,2866.6212492492564,166.62124924925638,False,52.51458621025085
de_pso,1,F1: Shifted and full Rotated Zakharov Function,20,1,1000000,300.0,0.0,True,52.96421551704407
de_pso,1,F1: Shifted and full Rotated Zakharov Function,20,2,1000000,300.0,0.0,True,52.24049043655396
de_pso,1,F1: Shifted and full Rotated Zakharov Function,20,3,1000000,300.0,0.0,True,52.843137979507446
de_pso,1,F1: Shifted and full Rotated Zakharov Function,20,4,1000000,300.0,0.0,True,53.858238697052
de_pso,1,F1: Shifted and full Rotated Zakharov Function,20,5,1000000,300.0,0.0,True,53.251425981521606
de_pso,1,F1: Shifted and full Rotated Zakharov Function,20,6,1000000,300.0,0.0,True,52.9861912727356
de_pso,1,F1: Shifted and full Rotated Zakharov Function,20,7,1000000,300.0,0.0,True,54.368698596954346
de_pso,1,F1: Shifted and full Rotated Zakharov Function,20,8,1000000,300.0,0.0,True,52.674615144729614
de_pso,1,F1: Shifted and full Rotated Zakharov Function,20,9,1000000,300.0,0.0,True,53.766719579696655
de_pso,1,F1: Shifted and full Rotated Zakharov Function,20,10,1000000,300.0,0.0,True,52.87207913398743
de_pso,1,F1: Shifted and full Rotated Zakharov Function,20,11,1000000,300.0,0.0,True,53.05744528770447
de_pso,1,F1: Shifted and full Rotated Zakharov Function,20,12,1000000,300.0,0.0,True,53.77083730697632
de_pso,1,F1: Shifted and full Rotated Zakharov Function,20,13,1000000,300.0,0.0,True,53.24844980239868
de_pso,1,F1: Shifted and full Rotated Zakharov Function,20,14,1000000,300.0,0.0,True,53.78138589859009
de_pso,1,F1: Shifted and full Rotated Zakharov Function,20,15,1000000,300.0,0.0,True,52.98455810546875
de_pso,1,F1: Shifted and full Rotated Zakharov Function,20,16,1000000,300.0,0.0,True,52.77510166168213
de_pso,1,F1: Shifted and full Rotated Zakharov Function,20,17,1000000,300.0,0.0,True,54.3213951587677
de_pso,1,F1: Shifted and full Rotated Zakharov Function,20,18,1000000,300.0,0.0,True,56.27889227867127
de_pso,1,F1: Shifted and full Rotated Zakharov Function,20,19,1000000,300.00000000000006,5.684341886080803e-14,True,52.94404172897339
de_pso,1,F1: Shifted and full Rotated Zakharov Function,20,20,1000000,300.0,0.0,True,53.501864433288574
de_pso,1,F1: Shifted and full Rotated Zakharov Function,20,21,1000000,300.0,0.0,True,55.21552610397339
de_pso,1,F1: Shifted and full Rotated Zakharov Function,20,22,1000000,300.0,0.0,True,53.84102964401245
de_pso,1,F1: Shifted and full Rotated Zakharov Function,20,23,1000000,300.0,0.0,True,52.53291416168213
de_pso,1,F1: Shifted and full Rotated Zakharov Function,20,24,1000000,300.0,0.0,True,53.31049871444702
de_pso,1,F1: Shifted and full Rotated Zakharov Function,20,25,1000000,300.0,0.0,True,53.92166423797608
de_pso,1,F1: Shifted and full Rotated Zakharov Function,20,26,1000000,300.0,0.0,True,54.6085786819458
de_pso,1,F1: Shifted and full Rotated Zakharov Function,20,27,1000000,300.0,0.0,True,52.0112087726593
de_pso,1,F1: Shifted and full Rotated Zakharov Function,20,28,1000000,300.0,0.0,True,53.95856189727783
de_pso,1,F1: Shifted and full Rotated Zakharov Function,20,29,1000000,300.0,0.0,True,52.60773158073425
de_pso,1,F1: Shifted and full Rotated Zakharov Function,20,30,1000000,300.0,0.0,True,53.17615962028504
de_pso,2,F2: Shifted and Rotated Rosenbrock’s Function,20,1,1000000,449.0844789794813,49.08447897948133,False,60.41265034675598
de_pso,2,F2: Shifted and Rotated Rosenbrock’s Function,20,2,1000000,449.0844789794817,49.08447897948167,False,61.116241693496704
de_pso,2,F2: Shifted and Rotated Rosenbrock’s Function,20,3,1000000,449.0844789794814,49.08447897948139,False,59.38895392417908
de_pso,2,F2: Shifted and Rotated Rosenbrock’s Function,20,4,1000000,449.0844789794815,49.084478979481446,False,60.30522608757019
de_pso,2,F2: Shifted and Rotated Rosenbrock’s Function,20,5,1000000,449.0844789794813,49.08447897948133,False,60.45375752449036
de_pso,2,F2: Shifted and Rotated Rosenbrock’s Function,20,6,1000000,449.0844789794815,49.0844789794815,False,59.30194854736328
de_pso,2,F2: Shifted and Rotated Rosenbrock’s Function,20,7,1000000,449.0844789794816,49.08447897948156,False,59.66290807723999
de_pso,2,F2: Shifted and Rotated Rosenbrock’s Function,20,8,1000000,449.0844789794816,49.08447897948156,False,60.17360544204712
de_pso,2,F2: Shifted and Rotated Rosenbrock’s Function,20,9,1000000,449.0844789794815,49.084478979481446,False,60.403382778167725
de_pso,2,F2: Shifted and Rotated Rosenbrock’s Function,20,10,1000000,449.0844789794814,49.08447897948139,False,60.049964427948
de_pso,2,F2: Shifted and Rotated Rosenbrock’s Function,20,11,1000000,449.0844789794815,49.084478979481446,False,59.60079097747803
de_pso,2,F2: Shifted and Rotated Rosenbrock’s Function,20,12,1000000,494.21029540648914,94.21029540648914,False,60.46730017662048
de_pso,2,F2: Shifted and Rotated Rosenbrock’s Function,20,13,1000000,449.0844789794815,49.084478979481446,False,59.74384522438049
de_pso,2,F2: Shifted and Rotated Rosenbrock’s Function,20,14,1000000,449.0844789794815,49.084478979481446,False,60.12379360198975
de_pso,2,F2: Shifted and Rotated Rosenbrock’s Function,20,15,1000000,406.6728688842484,6.672868884248373,False,59.62481665611267
de_pso,2,F2: Shifted and Rotated Rosenbrock’s Function,20,16,1000000,400.0420181761112,0.0420181761111848,False,59.8593499660492
de_pso,2,F2: Shifted and Rotated Rosenbrock’s Function,20,17,1000000,449.0844789794815,49.084478979481446,False,60.08040261268616
de_pso,2,F2: Shifted and Rotated Rosenbrock’s Function,20,18,1000000,449.0844789794815,49.0844789794815,False,59.970967292785645
de_pso,2,F2: Shifted and Rotated Rosenbrock’s Function,20,19,1000000,406.4385058120461,6.438505812046117,False,59.55791997909546
de_pso,2,F2: Shifted and Rotated Rosenbrock’s Function,20,20,1000000,449.0844789794815,49.084478979481446,False,63.03115200996399
de_pso,2,F2: Shifted and Rotated Rosenbrock’s Function,20,21,1000000,449.0844789794815,49.084478979481446,False,63.10053038597107
de_pso,2,F2: Shifted and Rotated Rosenbrock’s Function,20,22,1000000,449.0844789794813,49.08447897948133,False,63.51947569847107
de_pso,2,F2: Shifted and Rotated Rosenbrock’s Function,20,23,1000000,449.0844789794815,49.084478979481446,False,61.788116216659546
de_pso,2,F2: Shifted and Rotated Rosenbrock’s Function,20,24,1000000,449.0844789794815,49.084478979481446,False,62.81427788734436
de_pso,2,F2: Shifted and Rotated Rosenbrock’s Function,20,25,1000000,449.0844789794815,49.084478979481446,False,64.25253534317017
de_pso,2,F2: Shifted and Rotated Rosenbrock’s Function,20,26,1000000,449.0844789794815,49.0844789794815,False,63.11955976486206
de_pso,2,F2: Shifted and Rotated Rosenbrock’s Function,20,27,1000000,449.0844789794816,49.08447897948156,False,61.61419844627381
de_pso,2,F2: Shifted and Rotated Rosenbrock’s Function,20,28,1000000,449.0844789794815,49.084478979481446,False,61.21575355529785
de_pso,2,F2: Shifted and Rotated Rosenbrock’s Function,20,29,1000000,444.8954693174513,44.89546931745133,False,60.3693630695343
de_pso,2,F2: Shifted and Rotated Rosenbrock’s Function,20,30,1000000,449.0844789794815,49.084478979481446,False,59.26685404777527
de_pso,3,F3: Shifted and full Rotated Expanded Schaffer’s F7,20,1,1000000,600.0,0.0,True,82.97157835960388
de_pso,3,F3: Shifted and full Rotated Expanded Schaffer’s F7,20,2,1000000,600.0,0.0,True,86.10300278663635
de_pso,3,F3: Shifted and full Rotated Expanded Schaffer’s F7,20,3,1000000,600.0,0.0,True,85.44487857818604
de_pso,3,F3: Shifted and full Rotated Expanded Schaffer’s F7,20,4,1000000,600.0,0.0,True,81.6257975101471
de_pso,3,F3: Shifted and full Rotated Expanded Schaffer’s F7,20,5,1000000,600.0,0.0,True,80.91002583503723
de_pso,3,F3: Shifted and full Rotated Expanded Schaffer’s F7,20,6,1000000,600.0,0.0,True,78.91708397865295
de_pso,3,F3: Shifted and full Rotated Expanded Schaffer’s F7,20,7,1000000,600.0,0.0,True,61.13672709465027
de_pso,3,F3: Shifted and full Rotated Expanded Schaffer’s F7,20,8,1000000,600.0,0.0,True,66.49772882461548
de_pso,3,F3: Shifted and full Rotated Expanded Schaffer’s F7,20,9,1000000,600.0,0.0,True,63.322370529174805
de_pso,3,F3: Shifted and full Rotated Expanded Schaffer’s F7,20,10,1000000,600.0,0.0,True,74.27363514900208
de_pso,3,F3: Shifted and full Rotated Expanded Schaffer’s F7,20,11,1000000,600.0,0.0,True,80.65123867988586
de_pso,3,F3: Shifted and full Rotated Expanded Schaffer’s F7,20,12,1000000,600.0,0.0,True,83.23373508453369
de_pso,3,F3: Shifted and full Rotated Expanded Schaffer’s F7,20,13,1000000,600.0,0.0,True,84.96917033195496
de_pso,3,F3: Shifted and full Rotated Expanded Schaffer’s F7,20,14,1000000,600.0,0.0,True,80.51407718658447
de_pso,3,F3: Shifted and full Rotated Expanded Schaffer’s F7,20,15,1000000,600.0,0.0,True,81.20448398590088
de_pso,3,F3: Shifted and full Rotated Expanded Schaffer’s F7,20,16,1000000,600.0,0.0,True,79.47008466720581
de_pso,3,F3: Shifted and full Rotated Expanded Schaffer’s F7,20,17,1000000,600.0,0.0,True,81.53954267501831
de_pso,3,F3: Shifted and full Rotated Expanded Schaffer’s F7,20,18,1000000,600.0,0.0,True,80.26462960243225
de_pso,3,F3: Shifted and full Rotated Expanded Schaffer’s F7,20,19,1000000,600.0,0.0,True,79.78567266464233
de_pso,3,F3: Shifted and full Rotated Expanded Schaffer’s F7,20,20,1000000,600.0,0.0,True,79.86996126174927
de_pso,3,F3: Shifted and full Rotated Expanded Schaffer’s F7,20,21,1000000,600.0,0.0,True,79.96304774284363
de_pso,3,F3: Shifted and full Rotated Expanded Schaffer’s F7,20,22,1000000,600.0674379131026,0.0674379131025944,False,81.9813585281372
de_pso,3,F3: Shifted and full Rotated Expanded Schaffer’s F7,20,23,1000000,600.0,0.0,True,79.43543696403503
de_pso,3,F3: Shifted and full Rotated Expanded Schaffer’s F7,20,24,1000000,600.0,0.0,True,79.65927028656006
de_pso,3,F3: Shifted and full Rotated Expanded Schaffer’s F7,20,25,1000000,600.0,0.0,True,84.39916038513184
de_pso,3,F3: Shifted and full Rotated Expanded Schaffer’s F7,20,26,1000000,600.0,0.0,True,81.16076159477234
de_pso,3,F3: Shifted and full Rotated Expanded Schaffer’s F7,20,27,1000000,600.0,0.0,True,81.3648772239685
de_pso,3,F3: Shifted and full Rotated Expanded Schaffer’s F7,20,28,1000000,600.0,0.0,True,81.34957456588745
de_pso,3,F3: Shifted and full Rotated Expanded Schaffer’s F7,20,29,1000000,600.0,0.0,True,73.95382738113403
de_pso,3,F3: Shifted and full Rotated Expanded Schaffer’s F7,20,30,1000000,600.0,0.0,True,68.05763792991638
de_pso,4,F4: Shifted and Rotated Non-Continuous Rastrigin’s Function,20,1,1000000,852.0,52.0,False,104.76800060272215
de_pso,4,F4: Shifted and Rotated Non-Continuous Rastrigin’s Function,20,2,1000000,858.0,58.0,False,106.54380679130554
de_pso,4,F4: Shifted and Rotated Non-Continuous Rastrigin’s Function,20,3,1000000,880.0,80.0,False,106.98164248466492
de_pso,4,F4: Shifted and Rotated Non-Continuous Rastrigin’s Function,20,4,1000000,884.0,84.0,False,101.9472873210907
de_pso,4,F4: Shifted and Rotated Non-Continuous Rastrigin’s Function,20,5,1000000,870.0000000975238,70.00000009752375,False,103.91260814666748
de_pso,4,F4: Shifted and Rotated Non-Continuous Rastrigin’s Function,20,6,1000000,842.0,42.0,False,111.7291932106018
de_pso,4,F4: Shifted and Rotated Non-Continuous Rastrigin’s Function,20,7,1000000,876.0,76.0,False,112.10878801345824
de_pso,4,F4: Shifted and Rotated Non-Continuous Rastrigin’s Function,20,8,1000000,862.0,62.0,False,108.00552582740784
de_pso,4,F4: Shifted and Rotated Non-Continuous Rastrigin’s Function,20,9,1000000,830.0,30.0,False,111.10825800895692
de_pso,4,F4: Shifted and Rotated Non-Continuous Rastrigin’s Function,20,10,1000000,868.0,68.0,False,108.7885320186615
de_pso,4,F4: Shifted and Rotated Non-Continuous Rastrigin’s Function,20,11,1000000,846.0,46.0,False,108.95985174179076
de_pso,4,F4: Shifted and Rotated Non-Continuous Rastrigin’s Function,20,12,1000000,870.0,70.0,False,111.50116443634032
de_pso,4,F4: Shifted and Rotated Non-Continuous Rastrigin’s Function,20,13,1000000,902.0,102.0,False,109.76777791976927
de_pso,4,F4: Shifted and Rotated Non-Continuous Rastrigin’s Function,20,14,1000000,868.0,68.0,False,110.81009006500244
de_pso,4,F4: Shifted and Rotated Non-Continuous Rastrigin’s Function,20,15,1000000,888.0,88.0,False,112.031432390213
de_pso,4,F4: Shifted and Rotated Non-Continuous Rastrigin’s Function,20,16,1000000,846.0,46.0,False,112.53452587127686
de_pso,4,F4: Shifted and Rotated Non-Continuous Rastrigin’s Function,20,17,1000000,878.0,78.0,False,111.33100295066832
de_pso,4,F4: Shifted and Rotated Non-Continuous Rastrigin’s Function,20,18,1000000,864.0,64.0,False,110.197820186615
de_pso,4,F4: Shifted and Rotated Non-Continuous Rastrigin’s Function,20,19,1000000,860.0,60.0,False,110.02692103385924
de_pso,4,F4: Shifted and Rotated Non-Continuous Rastrigin’s Function,20,20,1000000,844.0,44.0,False,98.47273468971252
de_pso,4,F4: Shifted and Rotated Non-Continuous Rastrigin’s Function,20,21,1000000,856.0,56.0,False,88.23508882522583
de_pso,4,F4: Shifted and Rotated Non-Continuous Rastrigin’s Function,20,22,1000000,854.000000038397,54.00000003839705,False,110.20579433441162
de_pso,4,F4: Shifted and Rotated Non-Continuous Rastrigin’s Function,20,23,1000000,848.0,48.0,False,106.46251702308656
de_pso,4,F4: Shifted and Rotated Non-Continuous Rastrigin’s Function,20,24,1000000,836.0,36.0,False,110.7304093837738
de_pso,4,F4: Shifted and Rotated Non-Continuous Rastrigin’s Function,20,25,1000000,858.0,58.0,False,108.45736122131348
de_pso,4,F4: Shifted and Rotated Non-Continuous Rastrigin’s Function,20,26,1000000,868.0,68.0,False,106.68706798553468
de_pso,4,F4: Shifted and Rotated Non-Continuous Rastrigin’s Function,20,27,1000000,920.00000000083,120.00000000082991,False,105.63202929496764
de_pso,4,F4: Shifted and Rotated Non-Continuous Rastrigin’s Function,20,28,1000000,872.0,72.0,False,105.20099186897278
de_pso,4,F4: Shifted and Rotated Non-Continuous Rastrigin’s Function,20,29,1000000,844.0,44.0,False,112.22064995765686
de_pso,4,F4: Shifted and Rotated Non-Continuous Rastrigin’s Function,20,30,1000000,864.0,64.0,False,111.38314247131348
de_pso,5,F5: Shifted and Rotated Levy Function,20,1,1000000,900.9981762875982,0.9981762875981984,False,71.81885361671448
de_pso,5,F5: Shifted and Rotated Levy Function,20,2,1000000,900.454324018591,0.4543240185910235,False,73.13686418533325
de_pso,5,F5: Shifted and Rotated Levy Function,20,3,1000000,900.0000000000001,1.1368683772161605e-13,True,71.27368903160095
de_pso,5,F5: Shifted and Rotated Levy Function,20,4,1000000,900.1790565008331,0.1790565008330986,False,71.51203060150146
de_pso,5,F5: Shifted and Rotated Levy Function,20,5,1000000,900.4543240185909,0.4543240185909099,False,72.54228496551514
de_pso,5,F5: Shifted and Rotated Levy Function,20,6,1000000,900.0000000000001,1.1368683772161605e-13,True,71.82527136802673
de_pso,5,F5: Shifted and Rotated Levy Function,20,7,1000000,900.0000000000001,1.1368683772161605e-13,True,71.09466242790222
de_pso,5,F5: Shifted and Rotated Levy Function,20,8,1000000,900.0000000000001,1.1368683772161605e-13,True,71.26027846336365
de_pso,5,F5: Shifted and Rotated Levy Function,20,9,1000000,900.5438522690073,0.5438522690072887,False,72.10229539871216
de_pso,5,F5: Shifted and Rotated Levy Function,20,10,1000000,900.0895282504166,0.0895282504166061,False,71.54530668258667
de_pso,5,F5: Shifted and Rotated Levy Function,20,11,1000000,900.0000000000002,2.273736754432321e-13,True,71.79630613327026
de_pso,5,F5: Shifted and Rotated Levy Function,20,12,1000000,900.0,0.0,True,72.01006269454956
de_pso,5,F5: Shifted and Rotated Levy Function,20,13,1000000,900.0000000000002,2.273736754432321e-13,True,64.53415870666504
de_pso,5,F5: Shifted and Rotated Levy Function,20,14,1000000,901.7277466680332,1.7277466680332054,False,55.499069929122925
de_pso,5,F5: Shifted and Rotated Levy Function,20,15,1000000,900.0000000000001,1.1368683772161605e-13,True,51.26571750640869
de_pso,5,F5: Shifted and Rotated Levy Function,20,16,1000000,900.0000000000002,2.273736754432321e-13,True,54.10541868209839
de_pso,5,F5: Shifted and Rotated Levy Function,20,17,1000000,900.0000000000001,1.1368683772161605e-13,True,72.29455041885376
de_pso,5,F5: Shifted and Rotated Levy Function,20,18,1000000,900.0000000000001,1.1368683772161605e-13,True,70.10902690887451
de_pso,5,F5: Shifted and Rotated Levy Function,20,19,1000000,900.0000000000001,1.1368683772161605e-13,True,68.60014414787292
de_pso,5,F5: Shifted and Rotated Levy Function,20,20,1000000,900.0000000000001,1.1368683772161605e-13,True,69.46547675132751
de_pso,5,F5: Shifted and Rotated Levy Function,20,21,1000000,900.4543240185909,0.4543240185909099,False,68.8171808719635
de_pso,5,F5: Shifted and Rotated Levy Function,20,22,1000000,900.0895282504166,0.0895282504166061,False,66.48193359375
de_pso,5,F5: Shifted and Rotated Levy Function,20,23,1000000,900.0895282504166,0.0895282504166061,False,70.53081917762756
de_pso,5,F5: Shifted and Rotated Levy Function,20,24,1000000,900.4543240185909,0.4543240185909099,False,69.73750877380371
de_pso,5,F5: Shifted and Rotated Levy Function,20,25,1000000,900.0895282504167,0.0895282504167198,False,69.26581168174744
de_pso,5,F5: Shifted and Rotated Levy Function,20,26,1000000,900.0,0.0,True,69.68767952919006
de_pso,5,F5: Shifted and Rotated Levy Function,20,27,1000000,900.0000000000001,1.1368683772161605e-13,True,69.47434139251709
de_pso,5,F5: Shifted and Rotated Levy Function,20,28,1000000,900.5438522690074,0.5438522690074024,False,69.55631160736084
de_pso,5,F5: Shifted and Rotated Levy Function,20,29,1000000,900.0000000000001,1.1368683772161605e-13,True,68.87498831748962
de_pso,5,F5: Shifted and Rotated Levy Function,20,30,1000000,901.9068243247798,1.906824324779791,False,69.95394349098206
de_pso,6,F6: Hybrid Function 1,20,1,1000000,41111.64207503172,39311.64207503172,False,76.03391027450562
de_pso,6,F6: Hybrid Function 1,20,2,1000000,30071.946985105813,28271.946985105813,False,76.0644178390503
de_pso,6,F6: Hybrid Function 1,20,3,1000000,14466.235963749832,12666.235963749832,False,77.19084763526917
de_pso,6,F6: Hybrid Function 1,20,4,1000000,37738.86151816283,35938.86151816283,False,75.77157473564148
de_pso,6,F6: Hybrid Function 1,20,5,1000000,51441.59436156398,49641.59436156398,False,75.60322141647339
de_pso,6,F6: Hybrid Function 1,20,6,1000000,64165.43163495222,62365.43163495222,False,75.49093866348267
de_pso,6,F6: Hybrid Function 1,20,7,1000000,25044.251593519195,23244.251593519195,False,77.22838020324707
de_pso,6,F6: Hybrid Function 1,20,8,1000000,47480.51777871669,45680.51777871669,False,77.28298044204712
de_pso,6,F6: Hybrid Function 1,20,9,1000000,36479.022979270696,34679.022979270696,False,76.77970314025879
de_pso,6,F6: Hybrid Function 1,20,10,1000000,30630.150354547724,28830.150354547724,False,76.05760431289673
de_pso,6,F6: Hybrid Function 1,20,11,1000000,69450.38653213435,67650.38653213435,False,76.61226344108582
de_pso,6,F6: Hybrid Function 1,20,12,1000000,62681.04098539586,60881.04098539586,False,75.72336196899414
de_pso,6,F6: Hybrid Function 1,20,13,1000000,29388.29453491836,27588.29453491836,False,74.0545539855957
de_pso,6,F6: Hybrid Function 1,20,14,1000000,68741.1260399333,66941.1260399333,False,74.75706434249878
de_pso,6,F6: Hybrid Function 1,20,15,1000000,70057.52737215794,68257.52737215794,False,75.46299958229065
de_pso,6,F6: Hybrid Function 1,20,16,1000000,49170.07611586119,47370.07611586119,False,76.8836522102356
de_pso,6,F6: Hybrid Function 1,20,17,1000000,52283.51535523013,50483.51535523013,False,76.0456874370575
de_pso,6,F6: Hybrid Function 1,20,18,1000000,20690.074465429567,18890.074465429567,False,74.99040412902832
de_pso,6,F6: Hybrid Function 1,20,19,1000000,21395.130941648786,19595.130941648786,False,73.6412558555603
de_pso,6,F6: Hybrid Function 1,20,20,1000000,26392.65683170804,24592.65683170804,False,77.0155177116394
de_pso,6,F6: Hybrid Function 1,20,21,1000000,9064.003246188311,7264.003246188313,False,75.93917441368103
de_pso,6,F6: Hybrid Function 1,20,22,1000000,13130.030163571371,11330.030163571371,False,70.54323673248291
de_pso,6,F6: Hybrid Function 1,20,23,1000000,49989.59033239312,48189.59033239312,False,79.42771005630493
de_pso,6,F6: Hybrid Function 1,20,24,1000000,44114.85214938267,42314.85214938267,False,79.03879570960999
de_pso,6,F6: Hybrid Function 1,20,25,1000000,8242.275144405026,6442.275144405026,False,77.97711944580078
de_pso,6,F6: Hybrid Function 1,20,26,1000000,45380.8648951435,43580.8648951435,False,75.04891681671143
de_pso,6,F6: Hybrid Function 1,20,27,1000000,19045.75481095541,17245.75481095541,False,78.72604727745056
de_pso,6,F6: Hybrid Function 1,20,28,1000000,57182.44574937147,55382.44574937147,False,77.15138697624207
de_pso,6,F6: Hybrid Function 1,20,29,1000000,39275.75614564786,37475.75614564786,False,77.06850600242615
de_pso,6,F6: Hybrid Function 1,20,30,1000000,52708.68824425705,50908.68824425705,False,76.99926972389221
de_pso,7,F7: Hybrid Function 2,20,1,1000000,2025.9040083723023,25.904008372302545,False,792.8219950199127
de_pso,7,F7: Hybrid Function 2,20,2,1000000,2024.7225898950849,24.722589895084862,False,794.150621175766
de_pso,7,F7: Hybrid Function 2,20,3,1000000,2023.1407786932284,23.140778693228413,False,776.1654140949249
de_pso,7,F7: Hybrid Function 2,20,4,1000000,2025.6714834185689,25.67148341856864,False,779.3946149349213
de_pso,7,F7: Hybrid Function 2,20,5,1000000,2025.0600330561688,25.06003305616923,False,773.2718596458435
de_pso,7,F7: Hybrid Function 2,20,6,1000000,2027.2192693490656,27.219269349065826,False,791.5771009922028
de_pso,7,F7: Hybrid Function 2,20,7,1000000,2024.1747226234377,24.174722623437678,False,782.3521597385406
de_pso,7,F7: Hybrid Function 2,20,8,1000000,2021.3804661303968,21.3804661303966,False,777.3917655944824
de_pso,7,F7: Hybrid Function 2,20,9,1000000,2070.3846643322518,70.3846643322513,False,783.9181129932404
de_pso,7,F7: Hybrid Function 2,20,10,1000000,2022.8286685105825,22.828668510582247,False,792.8849279880524
de_pso,7,F7: Hybrid Function 2,20,11,1000000,2075.995304405594,75.9953044055942,False,784.1008739471436
de_pso,7,F7: Hybrid Function 2,20,12,1000000,2024.444629978089,24.444629978089097,False,778.6320827007294
de_pso,7,F7: Hybrid Function 2,20,13,1000000,2022.590854875672,22.590854875671997,False,788.6232106685638
de_pso,7,F7: Hybrid Function 2,20,14,1000000,2021.641344349764,21.641344349763813,False,783.8537149429321
de_pso,7,F7: Hybrid Function 2,20,15,1000000,2022.2687949960111,22.268794996011135,False,783.5805122852325
de_pso,7,F7: Hybrid Function 2,20,16,1000000,2022.2738166660251,22.27381666602537,False,791.7965500354767
de_pso,7,F7: Hybrid Function 2,20,17,1000000,2022.3415135698945,22.34151356989446,False,773.7468855381012
de_pso,7,F7: Hybrid Function 2,20,18,1000000,2026.054907653406,26.05490765340596,False,776.3136281967163
de_pso,7,F7: Hybrid Function 2,20,19,1000000,2026.7901160605131,26.790116060513355,False,789.5015082359314
de_pso,7,F7: Hybrid Function 2,20,20,1000000,2022.332981305856,22.33298130585581,False,782.2785651683807
de_pso,7,F7: Hybrid Function 2,20,21,1000000,2480.7429256704527,480.7429256704527,False,770.4582290649414
de_pso,7,F7: Hybrid Function 2,20,22,1000000,2021.8650825914588,21.86508259145876,False,785.5064256191254
de_pso,7,F7: Hybrid Function 2,20,23,1000000,2034.8849333404496,34.884933340449834,False,772.2023327350616
de_pso,7,F7: Hybrid Function 2,20,24,1000000,2020.901216869357,20.90121686935709,False,771.9966177940369
de_pso,7,F7: Hybrid Function 2,20,25,1000000,2023.225351221959,23.225351221959045,False,777.7543864250183
de_pso,7,F7: Hybrid Function 2,20,26,1000000,2064.321533127153,64.32153312715309,False,783.7539260387421
de_pso,7,F7: Hybrid Function 2,20,27,1000000,2021.8203754340157,21.820375434015432,False,769.820725440979
de_pso,7,F7: Hybrid Function 2,20,28,1000000,2020.9126898119257,20.912689811925706,False,770.4533557891846
de_pso,7,F7: Hybrid Function 2,20,29,1000000,2022.5523997243456,22.552399724345605,False,778.2847673892975
de_pso,7,F7: Hybrid Function 2,20,30,1000000,2024.133191173308,24.13319117330775,False,774.1134805679321
de_pso,8,F8: Hybrid Function 3,20,1,1000000,2220.9862161422143,20.98621614221429,False,1077.492192029953
de_pso,8,F8: Hybrid Function 3,20,2,1000000,2222.1983104963347,22.19831049633467,False,1070.510997056961
de_pso,8,F8: Hybrid Function 3,20,3,1000000,2228.2879380541744,28.287938054174447,False,1083.9206516742706
de_pso,8,F8: Hybrid Function 3,20,4,1000000,2221.451814600415,21.45181460041522,False,1083.5499386787417
de_pso,8,F8: Hybrid Function 3,20,5,1000000,2231.9371775755903,31.93717757559034,False,1081.9470410346985
de_pso,8,F8: Hybrid Function 3,20,6,1000000,2221.5703483691063,21.57034836910634,False,1079.1567823886871
de_pso,8,F8: Hybrid Function 3,20,7,1000000,2222.535401707281,22.53540170728093,False,1077.507966756821
de_pso,8,F8: Hybrid Function 3,20,8,1000000,2223.5232194115733,23.523219411573336,False,1081.7757773399353
de_pso,8,F8: Hybrid Function 3,20,9,1000000,2222.5422496373644,22.54224963736442,False,1081.765543460846
de_pso,8,F8: Hybrid Function 3,20,10,1000000,2222.07467880288,22.074678802880044,False,1078.918443441391
de_pso,8,F8: Hybrid Function 3,20,11,1000000,9989.031788315817,7789.031788315817,False,1078.1943135261536
de_pso,8,F8: Hybrid Function 3,20,12,1000000,2228.3283681510043,28.32836815100427,False,1075.3625395298004
de_pso,8,F8: Hybrid Function 3,20,13,1000000,2224.1027492212443,24.102749221244267,False,1074.8215007781982
de_pso,8,F8: Hybrid Function 3,20,14,1000000,2222.761130407345,22.761130407344808,False,1070.1242742538452
de_pso,8,F8: Hybrid Function 3,20,15,1000000,4951.550968171739,2751.5509681717394,False,1081.6413571834564
de_pso,8,F8: Hybrid Function 3,20,16,1000000,2221.640934538569,21.640934538569127,False,1078.426019668579
de_pso,8,F8: Hybrid Function 3,20,17,1000000,2461.4495251413286,261.44952514132865,False,1076.6199567317965
de_pso,8,F8: Hybrid Function 3,20,18,1000000,3232.220258532532,1032.2202585325322,False,1087.6478533744812
de_pso,8,F8: Hybrid Function 3,20,19,1000000,2224.585342998892,24.58534299889197,False,1071.7418429851532
de_pso,8,F8: Hybrid Function 3,20,20,1000000,2221.180488947343,21.18048894734284,False,1074.7270410060885
de_pso,8,F8: Hybrid Function 3,20,21,1000000,3273.731960398968,1073.731960398968,False,1073.3185005187988
de_pso,8,F8: Hybrid Function 3,20,22,1000000,2460.3371184388748,260.3371184388748,False,1073.034309387207
de_pso,8,F8: Hybrid Function 3,20,23,1000000,2222.823635123674,22.823635123674197,False,1075.4014027118685
de_pso,8,F8: Hybrid Function 3,20,24,1000000,2228.581753791124,28.5817537911239,False,1073.2214341163635
de_pso,8,F8: Hybrid Function 3,20,25,1000000,2222.98249763316,22.98249763315971,False,1082.3798475265503
de_pso,8,F8: Hybrid Function 3,20,26,1000000,2222.4128455432447,22.412845543244657,False,1082.263525247574
de_pso,8,F8: Hybrid Function 3,20,27,1000000,2223.14022106629,23.14022106629,False,1079.5055429935455
de_pso,8,F8: Hybrid Function 3,20,28,1000000,3875.060837944376,1675.0608379443756,False,1081.4614427089691
de_pso,8,F8: Hybrid Function 3,20,29,1000000,2222.9599366382367,22.95993663823674,False,1081.3162236213684
de_pso,8,F8: Hybrid Function 3,20,30,1000000,2221.541347039224,21.54134703922364,False,1074.4106531143188
de_pso,9,F9: Composition Function 1,20,1,1000000,2635.6387702715783,335.6387702715783,False,154.64587140083313
de_pso,9,F9: Composition Function 1,20,2,1000000,2635.6387702715765,335.6387702715765,False,157.65970849990845
de_pso,9,F9: Composition Function 1,20,3,1000000,2635.638770271577,335.63877027157696,False,158.4832103252411
de_pso,9,F9: Composition Function 1,20,4,1000000,2635.6387702715765,335.6387702715765,False,157.7646882534027
de_pso,9,F9: Composition Function 1,20,5,1000000,2635.638770271578,335.63877027157787,False,157.328289270401
de_pso,9,F9: Composition Function 1,20,6,1000000,2635.791470727953,335.79147072795286,False,154.68050146102905
de_pso,9,F9: Composition Function 1,20,7,1000000,2635.791422314924,335.7914223149237,False,157.06349420547485
de_pso,9,F9: Composition Function 1,20,8,1000000,2676.390340261647,376.390340261647,False,158.72267699241638
de_pso,9,F9: Composition Function 1,20,9,1000000,2635.6387702715765,335.6387702715765,False,156.5372850894928
de_pso,9,F9: Composition Function 1,20,10,1000000,2635.6670563832213,335.6670563832213,False,155.89612579345703
de_pso,9,F9: Composition Function 1,20,11,1000000,2635.638770271578,335.63877027157787,False,154.44125127792358
de_pso,9,F9: Composition Function 1,20,12,1000000,2635.638770271578,335.63877027157787,False,156.73100328445437
de_pso,9,F9: Composition Function 1,20,13,1000000,2635.6387702715783,335.6387702715783,False,160.05435872077942
de_pso,9,F9: Composition Function 1,20,14,1000000,2635.6387702715774,335.6387702715774,False,158.8336968421936
de_pso,9,F9: Composition Function 1,20,15,1000000,2635.6387702715783,335.6387702715783,False,156.04734826087952
de_pso,9,F9: Composition Function 1,20,16,1000000,2635.6387702715783,335.6387702715783,False,157.3911168575287
de_pso,9,F9: Composition Function 1,20,17,1000000,2635.6387702715783,335.6387702715783,False,158.15422463417053
de_pso,9,F9: Composition Function 1,20,18,1000000,2635.638770271579,335.6387702715788,False,155.73705005645752
de_pso,9,F9: Composition Function 1,20,19,1000000,2635.6670563832213,335.6670563832213,False,121.03031516075134
de_pso,9,F9: Composition Function 1,20,20,1000000,2635.667056383222,335.66705638322264,False,131.57069754600525
de_pso,9,F9: Composition Function 1,20,21,1000000,2635.6387702715774,335.6387702715774,False,165.68878769874573
de_pso,9,F9: Composition Function 1,20,22,1000000,2635.6387702715783,335.6387702715783,False,161.86099076271057
de_pso,9,F9: Composition Function 1,20,23,1000000,2635.6387702715792,335.63877027157923,False,129.9792890548706
de_pso,9,F9: Composition Function 1,20,24,1000000,2635.638770271577,335.63877027157696,False,117.34244513511658
de_pso,9,F9: Composition Function 1,20,25,1000000,2635.6387702715774,335.6387702715774,False,143.64111232757568
de_pso,9,F9: Composition Function 1,20,26,1000000,2635.667056383224,335.667056383224,False,157.03636574745178
de_pso,9,F9: Composition Function 1,20,27,1000000,2635.6387702715765,335.6387702715765,False,128.29565167427063
de_pso,9,F9: Composition Function 1,20,28,1000000,2635.6387702715774,335.6387702715774,False,130.82643127441406
de_pso,9,F9: Composition Function 1,20,29,1000000,2635.6387702715765,335.6387702715765,False,113.67338514328004
de_pso,9,F9: Composition Function 1,20,30,1000000,2635.6387702715774,335.6387702715774,False,113.00835609436037
de_pso,10,F10: Composition Function 2,20,1,1000000,3425.121187267143,1025.121187267143,False,117.2253396511078
de_pso,10,F10: Composition Function 2,20,2,1000000,3367.665474155422,967.665474155422,False,135.8368194103241
de_pso,10,F10: Composition Function 2,20,3,1000000,3292.1398632595656,892.1398632595656,False,120.82723188400269
de_pso,10,F10: Composition Function 2,20,4,1000000,3743.824828530872,1343.824828530872,False,118.31968832015993
de_pso,10,F10: Composition Function 2,20,5,1000000,3960.066549109947,1560.0665491099471,False,121.16753935813904
de_pso,10,F10: Composition Function 2,20,6,1000000,3095.5132670033254,695.5132670033254,False,133.24299311637878
de_pso,10,F10: Composition Function 2,20,7,1000000,4274.489401328804,1874.489401328804,False,125.82040405273438
de_pso,10,F10: Composition Function 2,20,8,1000000,3952.922873403313,1552.9228734033131,False,122.02349066734314
de_pso,10,F10: Composition Function 2,20,9,1000000,2804.9177119146007,404.9177119146007,False,126.17649245262146
de_pso,10,F10: Composition Function 2,20,10,1000000,4060.05525549682,1660.05525549682,False,127.1486475467682
de_pso,10,F10: Composition Function 2,20,11,1000000,2801.398613620408,401.398613620408,False,128.36196756362915
de_pso,10,F10: Composition Function 2,20,12,1000000,3745.818002878789,1345.8180028787892,False,119.11833691596983
de_pso,10,F10: Composition Function 2,20,13,1000000,2798.7957617258967,398.7957617258967,False,119.5869071483612
de_pso,10,F10: Composition Function 2,20,14,1000000,3841.039044392436,1441.0390443924362,False,120.73911142349245
de_pso,10,F10: Composition Function 2,20,15,1000000,2997.6743969390263,597.6743969390263,False,129.22445225715637
de_pso,10,F10: Composition Function 2,20,16,1000000,2907.908943268541,507.90894326854095,False,120.57702493667604
de_pso,10,F10: Composition Function 2,20,17,1000000,3565.6756448463,1165.6756448462995,False,124.67048573493958
de_pso,10,F10: Composition Function 2,20,18,1000000,2889.680105412871,489.6801054128709,False,113.75870943069458
de_pso,10,F10: Composition Function 2,20,19,1000000,3268.368120428265,868.3681204282648,False,116.44114184379578
de_pso,10,F10: Composition Function 2,20,20,1000000,2888.156046619652,488.156046619652,False,124.28102159500122
de_pso,10,F10: Composition Function 2,20,21,1000000,3352.024277616597,952.0242776165968,False,125.70056557655334
de_pso,10,F10: Composition Function 2,20,22,1000000,3886.25348662311,1486.25348662311,False,129.21324348449707
de_pso,10,F10: Composition Function 2,20,23,1000000,2803.389522369356,403.3895223693562,False,131.55691242218018
de_pso,10,F10: Composition Function 2,20,24,1000000,3482.027253952301,1082.0272539523012,False,157.49890971183777
de_pso,10,F10: Composition Function 2,20,25,1000000,2907.74700551472,507.7470055147196,False,156.4601583480835
de_pso,10,F10: Composition Function 2,20,26,1000000,2805.176717966923,405.1767179669232,False,126.53983283042908
de_pso,10,F10: Composition Function 2,20,27,1000000,4116.447878365632,1716.4478783656325,False,131.52334642410278
de_pso,10,F10: Composition Function 2,20,28,1000000,2805.7716221409346,405.7716221409346,False,155.586256980896
de_pso,10,F10: Composition Function 2,20,29,1000000,3412.5746999130374,1012.5746999130374,False,168.5429515838623
de_pso,10,F10: Composition Function 2,20,30,1000000,2802.0002503420146,402.0002503420146,False,157.84276819229126
de_pso,11,F11: Composition Function 3,20,1,1000000,4088.464622752631,1488.464622752631,False,242.6784851551056
de_pso,11,F11: Composition Function 3,20,2,1000000,2600.0000000000005,4.547473508864641e-13,True,234.69715666770932
de_pso,11,F11: Composition Function 3,20,3,1000000,4157.024865946252,1557.0248659462522,False,262.3897979259491
de_pso,11,F11: Composition Function 3,20,4,1000000,4156.93018281296,1556.93018281296,False,269.06589937210083
de_pso,11,F11: Composition Function 3,20,5,1000000,4149.368867777937,1549.368867777937,False,267.9000687599182
de_pso,11,F11: Composition Function 3,20,6,1000000,4005.635816893204,1405.6358168932038,False,270.7524149417877
de_pso,11,F11: Composition Function 3,20,7,1000000,2600.0000000000005,4.547473508864641e-13,True,257.05576276779175
de_pso,11,F11: Composition Function 3,20,8,1000000,2600.0000000000005,4.547473508864641e-13,True,256.4820063114166
de_pso,11,F11: Composition Function 3,20,9,1000000,4074.2226115684575,1474.2226115684575,False,262.0401153564453
de_pso,11,F11: Composition Function 3,20,10,1000000,2617.935679574778,17.935679574778078,False,253.90077137947085
de_pso,11,F11: Composition Function 3,20,11,1000000,2637.817540664618,37.81754066461781,False,257.94940853118896
de_pso,11,F11: Composition Function 3,20,12,1000000,2600.0000000000005,4.547473508864641e-13,True,256.7293746471405
de_pso,11,F11: Composition Function 3,20,13,1000000,3816.750484299922,1216.750484299922,False,245.41710925102237
de_pso,11,F11: Composition Function 3,20,14,1000000,2600.0000000000005,4.547473508864641e-13,True,172.76899671554563
de_pso,11,F11: Composition Function 3,20,15,1000000,4191.745416074063,1591.7454160740626,False,254.03997421264648
de_pso,11,F11: Composition Function 3,20,16,1000000,4198.974019848776,1598.9740198487762,False,251.96925258636475
de_pso,11,F11: Composition Function 3,20,17,1000000,2600.0000000000005,4.547473508864641e-13,True,193.66101479530332
de_pso,11,F11: Composition Function 3,20,18,1000000,3009.702135440942,409.7021354409421,False,199.2698006629944
de_pso,11,F11: Composition Function 3,20,19,1000000,4227.188983214515,1627.1889832145152,False,257.0842318534851
de_pso,11,F11: Composition Function 3,20,20,1000000,4199.367468053204,1599.367468053204,False,212.448801279068
de_pso,11,F11: Composition Function 3,20,21,1000000,2622.681026124861,22.681026124861543,False,214.5903916358948
de_pso,11,F11: Composition Function 3,20,22,1000000,2600.0000000000005,4.547473508864641e-13,True,247.78045558929443
de_pso,11,F11: Composition Function 3,20,23,1000000,2615.9796206192827,15.97962061928274,False,267.34736156463623
de_pso,11,F11: Composition Function 3,20,24,1000000,4074.191278061416,1474.1912780614157,False,231.94401955604556
de_pso,11,F11: Composition Function 3,20,25,1000000,4157.02363322556,1557.02363322556,False,218.28546738624573
de_pso,11,F11: Composition Function 3,20,26,1000000,2612.868538842111,12.868538842110866,False,190.12081813812256
de_pso,11,F11: Composition Function 3,20,27,1000000,3221.1923724717885,621.1923724717885,False,192.58054733276367
de_pso,11,F11: Composition Function 3,20,28,1000000,2615.9796206192827,15.97962061928274,False,202.1355221271515
de_pso,11,F11: Composition Function 3,20,29,1000000,4043.9483942326806,1443.9483942326806,False,203.13458704948425
de_pso,11,F11: Composition Function 3,20,30,1000000,2600.0000000000005,4.547473508864641e-13,True,212.7034561634064
de_pso,12,F12: Composition Function 4,20,1,1000000,2988.8679583967123,288.8679583967123,False,249.27057123184204
de_pso,12,F12: Composition Function 4,20,2,1000000,2972.054305440883,272.0543054408831,False,204.00647449493408
de_pso,12,F12: Composition Function 4,20,3,1000000,2945.735979301033,245.73597930103324,False,252.42573046684265
de_pso,12,F12: Composition Function 4,20,4,1000000,2939.1342681459514,239.1342681459514,False,206.4117729663849
de_pso,12,F12: Composition Function 4,20,5,1000000,2941.235224404061,241.23522440406123,False,214.10158443450928
de_pso,12,F12: Composition Function 4,20,6,1000000,2968.677023872411,268.6770238724112,False,227.4150876998901
de_pso,12,F12: Composition Function 4,20,7,1000000,2996.5047317445947,296.50473174459466,False,251.72796440124512
de_pso,12,F12: Composition Function 4,20,8,1000000,2972.068346414801,272.068346414801,False,248.7995057106018
de_pso,12,F12: Composition Function 4,20,9,1000000,2945.6163513275333,245.61635132753327,False,252.38379836082456
de_pso,12,F12: Composition Function 4,20,10,1000000,2974.586017053745,274.58601705374485,False,249.213751077652
de_pso,12,F12: Composition Function 4,20,11,1000000,2970.283791030049,270.2837910300491,False,247.1488606929779
de_pso,12,F12: Composition Function 4,20,12,1000000,2950.9902928789,250.99029287890016,False,250.96436190605164
de_pso,12,F12: Composition Function 4,20,13,1000000,2978.1358220821485,278.1358220821485,False,248.8364741802216
de_pso,12,F12: Composition Function 4,20,14,1000000,3028.728574510913,328.7285745109129,False,251.2156558036804
de_pso,12,F12: Composition Function 4,20,15,1000000,2954.343142185579,254.34314218557893,False,248.56755256652832
de_pso,12,F12: Composition Function 4,20,16,1000000,2944.8712665569237,244.87126655692327,False,250.27906394004825
de_pso,12,F12: Composition Function 4,20,17,1000000,3013.6359341420657,313.6359341420657,False,248.11828422546387
de_pso,12,F12: Composition Function 4,20,18,1000000,2982.723184532229,282.72318453222897,False,247.8353061676025
de_pso,12,F12: Composition Function 4,20,19,1000000,2989.422238559301,289.42223855930115,False,249.6241726875305
de_pso,12,F12: Composition Function 4,20,20,1000000,2973.609587931985,273.60958793198506,False,250.11969137191767
de_pso,12,F12: Composition Function 4,20,21,1000000,2946.542661038791,246.5426610387908,False,250.6552550792694
de_pso,12,F12: Composition Function 4,20,22,1000000,2981.551152595152,281.551152595152,False,252.8042886257172
de_pso,12,F12: Composition Function 4,20,23,1000000,2975.2031795071644,275.20317950716435,False,251.66473698616028
de_pso,12,F12: Composition Function 4,20,24,1000000,2976.1048990243626,276.10489902436257,False,253.24729204177856
de_pso,12,F12: Composition Function 4,20,25,1000000,2966.357537289217,266.3575372892169,False,248.39577865600583
de_pso,12,F12: Composition Function 4,20,26,1000000,2963.0244570706686,263.02445707066863,False,253.5412850379944
de_pso,12,F12: Composition Function 4,20,27,1000000,2968.006076718674,268.0060767186742,False,248.1626319885254
de_pso,12,F12: Composition Function 4,20,28,1000000,2972.737831116761,272.73783111676084,False,249.8683705329895
de_pso,12,F12: Composition Function 4,20,29,1000000,2970.263333015572,270.26333301557224,False,248.42624139785767
de_pso,12,F12: Composition Function 4,20,30,1000000,2973.68349218204,273.6834921820396,False,249.1463553905487
dynamic_pop_v2,1,F1: Shifted and full Rotated Zakharov Function,10,1,200000,10074.706324569708,9774.706324569708,False,15.227150917053224
dynamic_pop_v2,1,F1: Shifted and full Rotated Zakharov Function,10,2,200000,8143.168173804066,7843.168173804066,False,15.396311521530151
dynamic_pop_v2,1,F1: Shifted and full Rotated Zakharov Function,10,3,200000,10410.186869370686,10110.186869370686,False,15.390028238296509
dynamic_pop_v2,1,F1: Shifted and full Rotated Zakharov Function,10,4,200000,11134.792422100749,10834.792422100749,False,14.43670105934143
dynamic_pop_v2,1,F1: Shifted and full Rotated Zakharov Function,10,5,200000,10107.392395263856,9807.392395263856,False,14.184275388717651
dynamic_pop_v2,1,F1: Shifted and full Rotated Zakharov Function,10,6,200000,12873.314254744366,12573.314254744366,False,13.948346853256226
dynamic_pop_v2,1,F1: Shifted and full Rotated Zakharov Function,10,7,200000,9009.330549921478,8709.330549921478,False,14.27421498298645
dynamic_pop_v2,1,F1: Shifted and full Rotated Zakharov Function,10,8,200000,8814.520761860002,8514.520761860002,False,15.049564361572266
dynamic_pop_v2,1,F1: Shifted and full Rotated Zakharov Function,10,9,200000,11243.76929291326,10943.76929291326,False,15.203410387039185
dynamic_pop_v2,1,F1: Shifted and full Rotated Zakharov Function,10,10,200000,9781.45243866341,9481.45243866341,False,14.572413444519045
dynamic_pop_v2,1,F1: Shifted and full Rotated Zakharov Function,10,11,200000,9357.844891227332,9057.844891227332,False,15.08994746208191
dynamic_pop_v2,1,F1: Shifted and full Rotated Zakharov Function,10,12,200000,10489.773908571093,10189.773908571093,False,15.350975036621094
dynamic_pop_v2,1,F1: Shifted and full Rotated Zakharov Function,10,13,200000,7470.877543501218,7170.8775435012185,False,16.4443838596344
dynamic_pop_v2,1,F1: Shifted and full Rotated Zakharov Function,10,14,200000,8383.972543167762,8083.972543167762,False,14.589054107666016
dynamic_pop_v2,1,F1: Shifted and full Rotated Zakharov Function,10,15,200000,8159.04657659069,7859.04657659069,False,13.984832286834717
dynamic_pop_v2,1,F1: Shifted and full Rotated Zakharov Function,10,16,200000,7864.271515633521,7564.271515633521,False,15.429202795028688
dynamic_pop_v2,1,F1: Shifted and full Rotated Zakharov Function,10,17,200000,9420.09417289125,9120.09417289125,False,14.534507274627686
dynamic_pop_v2,1,F1: Shifted and full Rotated Zakharov Function,10,18,200000,11187.279707547694,10887.279707547694,False,14.76240849494934
dynamic_pop_v2,1,F1: Shifted and full Rotated Zakharov Function,10,19,200000,7852.386385473164,7552.386385473164,False,20.27757859230041
dynamic_pop_v2,1,F1: Shifted and full Rotated Zakharov Function,10,20,200000,9861.890496830349,9561.890496830349,False,20.041427850723267
dynamic_pop_v2,1,F1: Shifted and full Rotated Zakharov Function,10,21,200000,6502.818790556878,6202.818790556878,False,19.621593952178955
dynamic_pop_v2,1,F1: Shifted and full Rotated Zakharov Function,10,22,200000,8578.61418773851,8278.61418773851,False,14.692641973495483
dynamic_pop_v2,1,F1: Shifted and full Rotated Zakharov Function,10,23,200000,10860.739530531144,10560.739530531144,False,14.296024322509766
dynamic_pop_v2,1,F1: Shifted and full Rotated Zakharov Function,10,24,200000,8456.700851496047,8156.700851496047,False,13.932583808898926
dynamic_pop_v2,1,F1: Shifted and full Rotated Zakharov Function,10,25,200000,5014.057009743946,4714.057009743946,False,14.665446043014526
dynamic_pop_v2,1,F1: Shifted and full Rotated Zakharov Function,10,26,200000,14170.546773732542,13870.546773732542,False,15.77418327331543
dynamic_pop_v2,1,F1: Shifted and full Rotated Zakharov Function,10,27,200000,9969.826180161092,9669.826180161092,False,14.99779176712036
dynamic_pop_v2,1,F1: Shifted and full Rotated Zakharov Function,10,28,200000,8806.42057992455,8506.42057992455,False,15.092895030975342
dynamic_pop_v2,1,F1: Shifted and full Rotated Zakharov Function,10,29,200000,7143.62789802893,6843.62789802893,False,13.970699787139893
dynamic_pop_v2,1,F1: Shifted and full Rotated Zakharov Function,10,30,200000,8665.415180503496,8365.415180503496,False,18.76696348190308
dynamic_pop_v2,2,F2: Shifted and Rotated Rosenbrock’s Function,10,1,200000,465.1901629486115,65.19016294861149,False,21.144014358520508
dynamic_pop_v2,2,F2: Shifted and Rotated Rosenbrock’s Function,10,2,200000,463.7619746822793,63.76197468227929,False,21.331359148025516
dynamic_pop_v2,2,F2: Shifted and Rotated Rosenbrock’s Function,10,3,200000,438.6801282115276,38.68012821152763,False,21.647087812423703
dynamic_pop_v2,2,F2: Shifted and Rotated Rosenbrock’s Function,10,4,200000,455.52142133046937,55.521421330469366,False,21.38047409057617
dynamic_pop_v2,2,F2: Shifted and Rotated Rosenbrock’s Function,10,5,200000,435.39505045188986,35.39505045188986,False,21.783539056777958
dynamic_pop_v2,2,F2: Shifted and Rotated Rosenbrock’s Function,10,6,200000,446.4218151746444,46.4218151746444,False,21.91483044624329
dynamic_pop_v2,2,F2: Shifted and Rotated Rosenbrock’s Function,10,7,200000,444.5780090802765,44.5780090802765,False,21.0825629234314
dynamic_pop_v2,2,F2: Shifted and Rotated Rosenbrock’s Function,10,8,200000,446.23557891253256,46.23557891253256,False,21.35146689414978
dynamic_pop_v2,2,F2: Shifted and Rotated Rosenbrock’s Function,10,9,200000,458.2263700400152,58.22637004001518,False,21.621039390563965
dynamic_pop_v2,2,F2: Shifted and Rotated Rosenbrock’s Function,10,10,200000,445.0634415606152,45.06344156061522,False,21.48244309425354
dynamic_pop_v2,2,F2: Shifted and Rotated Rosenbrock’s Function,10,11,200000,433.7724432003458,33.77244320034583,False,21.578961849212646
dynamic_pop_v2,2,F2: Shifted and Rotated Rosenbrock’s Function,10,12,200000,447.9919664743114,47.99196647431143,False,21.5599946975708
dynamic_pop_v2,2,F2: Shifted and Rotated Rosenbrock’s Function,10,13,200000,450.9684305172123,50.96843051721231,False,21.704808235168457
dynamic_pop_v2,2,F2: Shifted and Rotated Rosenbrock’s Function,10,14,200000,462.10454118917926,62.10454118917926,False,21.75430965423584
dynamic_pop_v2,2,F2: Shifted and Rotated Rosenbrock’s Function,10,15,200000,431.4234656668754,31.423465666875416,False,21.10565185546875
dynamic_pop_v2,2,F2: Shifted and Rotated Rosenbrock’s Function,10,16,200000,431.5179870849981,31.517987084998083,False,22.13684701919556
dynamic_pop_v2,2,F2: Shifted and Rotated Rosenbrock’s Function,10,17,200000,444.971825771819,44.971825771819,False,22.02554655075073
dynamic_pop_v2,2,F2: Shifted and Rotated Rosenbrock’s Function,10,18,200000,447.7863138169824,47.78631381698244,False,21.33933186531067
dynamic_pop_v2,2,F2: Shifted and Rotated Rosenbrock’s Function,10,19,200000,437.6276163214743,37.62761632147425,False,20.281599760055546
dynamic_pop_v2,2,F2: Shifted and Rotated Rosenbrock’s Function,10,20,200000,430.22686806544914,30.22686806544914,False,21.702234029769897
dynamic_pop_v2,2,F2: Shifted and Rotated Rosenbrock’s Function,10,21,200000,452.2755204443109,52.27552044431093,False,21.028931140899655
dynamic_pop_v2,2,F2: Shifted and Rotated Rosenbrock’s Function,10,22,200000,446.0968243635343,46.09682436353432,False,21.71433901786804
dynamic_pop_v2,2,F2: Shifted and Rotated Rosenbrock’s Function,10,23,200000,453.36136627437975,53.36136627437975,False,20.73453688621521
dynamic_pop_v2,2,F2: Shifted and Rotated Rosenbrock’s Function,10,24,200000,431.0917373342337,31.0917373342337,False,21.20340704917908
dynamic_pop_v2,2,F2: Shifted and Rotated Rosenbrock’s Function,10,25,200000,454.9539713768394,54.95397137683944,False,20.68044424057007
dynamic_pop_v2,2,F2: Shifted and Rotated Rosenbrock’s Function,10,26,200000,444.05714469720505,44.05714469720505,False,20.76799988746643
dynamic_pop_v2,2,F2: Shifted and Rotated Rosenbrock’s Function,10,27,200000,443.9847507086682,43.98475070866817,False,20.849864721298218
dynamic_pop_v2,2,F2: Shifted and Rotated Rosenbrock’s Function,10,28,200000,453.63243761261873,53.63243761261873,False,21.370895385742188
dynamic_pop_v2,2,F2: Shifted and Rotated Rosenbrock’s Function,10,29,200000,450.80515491976246,50.80515491976246,False,21.92712426185608
dynamic_pop_v2,2,F2: Shifted and Rotated Rosenbrock’s Function,10,30,200000,451.8792214691924,51.87922146919237,False,21.99818015098572
dynamic_pop_v2,3,F3: Shifted and full Rotated Expanded Schaffer’s F7,10,1,200000,600.0000000934039,9.34038553168648e-08,False,27.228466510772705
dynamic_pop_v2,3,F3: Shifted and full Rotated Expanded Schaffer’s F7,10,2,200000,600.0000000839581,8.39580707179266e-08,False,26.982944011688232
dynamic_pop_v2,3,F3: Shifted and full Rotated Expanded Schaffer’s F7,10,3,200000,600.0000000061326,6.132609087217133e-09,True,25.266275644302368
dynamic_pop_v2,3,F3: Shifted and full Rotated Expanded Schaffer’s F7,10,4,200000,600.0000000215869,2.158685674658045e-08,False,26.215166330337524
dynamic_pop_v2,3,F3: Shifted and full Rotated Expanded Schaffer’s F7,10,5,200000,600.000000028202,2.8201952773088124e-08,False,26.69342613220215
dynamic_pop_v2,3,F3: Shifted and full Rotated Expanded Schaffer’s F7,10,6,200000,600.0000002887107,2.887106802518247e-07,False,26.35162925720215
dynamic_pop_v2,3,F3: Shifted and full Rotated Expanded Schaffer’s F7,10,7,200000,600.0000000335885,3.358854883117601e-08,False,25.75164484977722
dynamic_pop_v2,3,F3: Shifted and full Rotated Expanded Schaffer’s F7,10,8,200000,600.0000000100877,1.0087660484714434e-08,False,25.58455467224121
dynamic_pop_v2,3,F3: Shifted and full Rotated Expanded Schaffer’s F7,10,9,200000,600.0000000196187,1.9618710211943835e-08,False,26.41479110717773
dynamic_pop_v2,3,F3: Shifted and full Rotated Expanded Schaffer’s F7,10,10,200000,600.0000001648457,1.648456873226678e-07,False,26.35363292694092
dynamic_pop_v2,3,F3: Shifted and full Rotated Expanded Schaffer’s F7,10,11,200000,600.0000000733867,7.338667273870669e-08,False,26.004676342010494
dynamic_pop_v2,3,F3: Shifted and full Rotated Expanded Schaffer’s F7,10,12,200000,600.0000000384349,3.843490503641078e-08,False,26.076069116592407
dynamic_pop_v2,3,F3: Shifted and full Rotated Expanded Schaffer’s F7,10,13,200000,600.000000059184,5.9184003475820646e-08,False,26.72090458869934
dynamic_pop_v2,3,F3: Shifted and full Rotated Expanded Schaffer’s F7,10,14,200000,600.0000000545708,5.457081897475292e-08,False,25.84768438339233
dynamic_pop_v2,3,F3: Shifted and full Rotated Expanded Schaffer’s F7,10,15,200000,600.0000000343791,3.437912710069213e-08,False,25.988921403884888
dynamic_pop_v2,3,F3: Shifted and full Rotated Expanded Schaffer’s F7,10,16,200000,600.0000000213265,2.132651388819795e-08,False,25.941977739334103
dynamic_pop_v2,3,F3: Shifted and full Rotated Expanded Schaffer’s F7,10,17,200000,600.0000000067076,6.707637112413067e-09,True,26.08010673522949
dynamic_pop_v2,3,F3: Shifted and full Rotated Expanded Schaffer’s F7,10,18,200000,600.0000000247887,2.478873284417205e-08,False,27.7681987285614
dynamic_pop_v2,3,F3: Shifted and full Rotated Expanded Schaffer’s F7,10,19,200000,600.0000003637911,3.63791059498908e-07,False,27.037630319595337
dynamic_pop_v2,3,F3: Shifted and full Rotated Expanded Schaffer’s F7,10,20,200000,600.000000009037,9.036966730491258e-09,True,27.24575710296631
dynamic_pop_v2,3,F3: Shifted and full Rotated Expanded Schaffer’s F7,10,21,200000,600.0000000913752,9.137522738456029e-08,False,26.991499423980716
dynamic_pop_v2,3,F3: Shifted and full Rotated Expanded Schaffer’s F7,10,22,200000,600.0000003406938,3.406937594263582e-07,False,26.32798957824707
dynamic_pop_v2,3,F3: Shifted and full Rotated Expanded Schaffer’s F7,10,23,200000,600.0000000544613,5.4461338550026994e-08,False,26.49960970878601
dynamic_pop_v2,3,F3: Shifted and full Rotated Expanded Schaffer’s F7,10,24,200000,600.0000001449013,1.4490126432065153e-07,False,26.42229652404785
dynamic_pop_v2,3,F3: Shifted and full Rotated Expanded Schaffer’s F7,10,25,200000,600.0000000549867,5.498668542713858e-08,False,25.476583003997803
dynamic_pop_v2,3,F3: Shifted and full Rotated Expanded Schaffer’s F7,10,26,200000,600.0000000358764,3.5876382753485814e-08,False,24.772130012512207
dynamic_pop_v2,3,F3: Shifted and full Rotated Expanded Schaffer’s F7,10,27,200000,600.00000022912,2.291200189574738e-07,False,25.159698724746704
dynamic_pop_v2,3,F3: Shifted and full Rotated Expanded Schaffer’s F7,10,28,200000,600.0000000499842,4.9984237193712033e-08,False,25.71283769607544
dynamic_pop_v2,3,F3: Shifted and full Rotated Expanded Schaffer’s F7,10,29,200000,600.0000005046095,5.046094884164631e-07,False,26.487701416015625
dynamic_pop_v2,3,F3: Shifted and full Rotated Expanded Schaffer’s F7,10,30,200000,600.0000000280273,2.802732979034772e-08,False,25.76245951652527
dynamic_pop_v2,4,F4: Shifted and Rotated Non-Continuous Rastrigin’s Function,10,1,200000,892.5,92.5,False,32.5163848400116
dynamic_pop_v2,4,F4: Shifted and Rotated Non-Continuous Rastrigin’s Function,10,2,200000,885.3214828577761,85.32148285777612,False,32.634133100509644
dynamic_pop_v2,4,F4: Shifted and Rotated Non-Continuous Rastrigin’s Function,10,3,200000,878.0,78.0,False,32.19307613372803
dynamic_pop_v2,4,F4: Shifted and Rotated Non-Continuous Rastrigin’s Function,10,4,200000,883.168974599102,83.16897459910194,False,31.71542692184448
dynamic_pop_v2,4,F4: Shifted and Rotated Non-Continuous Rastrigin’s Function,10,5,200000,866.0,66.0,False,31.579291820526123
dynamic_pop_v2,4,F4: Shifted and Rotated Non-Continuous Rastrigin’s Function,10,6,200000,896.0000000515591,96.00000005155914,False,32.20181894302368
dynamic_pop_v2,4,F4: Shifted and Rotated Non-Continuous Rastrigin’s Function,10,7,200000,883.7301883740942,83.73018837409415,False,30.96882390975952
dynamic_pop_v2,4,F4: Shifted and Rotated Non-Continuous Rastrigin’s Function,10,8,200000,893.7850356869316,93.78503568693156,False,31.05350613594055
dynamic_pop_v2,4,F4: Shifted and Rotated Non-Continuous Rastrigin’s Function,10,9,200000,879.5869616613029,79.5869616613029,False,31.32787799835205
dynamic_pop_v2,4,F4: Shifted and Rotated Non-Continuous Rastrigin’s Function,10,10,200000,873.7787586169643,73.7787586169643,False,32.35471844673157
dynamic_pop_v2,4,F4: Shifted and Rotated Non-Continuous Rastrigin’s Function,10,11,200000,871.2730857688942,71.27308576889425,False,32.75571823120117
dynamic_pop_v2,4,F4: Shifted and Rotated Non-Continuous Rastrigin’s Function,10,12,200000,876.0178824340445,76.01788243404451,False,33.422505617141724
dynamic_pop_v2,4,F4: Shifted and Rotated Non-Continuous Rastrigin’s Function,10,13,200000,909.7443166610956,109.74431666109558,False,33.302095890045166
dynamic_pop_v2,4,F4: Shifted and Rotated Non-Continuous Rastrigin’s Function,10,14,200000,877.7500167193432,77.7500167193432,False,33.607874631881714
dynamic_pop_v2,4,F4: Shifted and Rotated Non-Continuous Rastrigin’s Function,10,15,200000,886.9667956662565,86.96679566625653,False,33.66931962966919
dynamic_pop_v2,4,F4: Shifted and Rotated Non-Continuous Rastrigin’s Function,10,16,200000,874.6068929595405,74.60689295954046,False,33.59571862220764
dynamic_pop_v2,4,F4: Shifted and Rotated Non-Continuous Rastrigin’s Function,10,17,200000,882.3158327563133,82.31583275631328,False,32.46988677978516
dynamic_pop_v2,4,F4: Shifted and Rotated Non-Continuous Rastrigin’s Function,10,18,200000,877.9646395010225,77.96463950102248,False,31.366844177246094
dynamic_pop_v2,4,F4: Shifted and Rotated Non-Continuous Rastrigin’s Function,10,19,200000,883.6161261403847,83.61612614038472,False,31.29704999923706
dynamic_pop_v2,4,F4: Shifted and Rotated Non-Continuous Rastrigin’s Function,10,20,200000,895.4818628186304,95.48186281863036,False,31.317471265792847
dynamic_pop_v2,4,F4: Shifted and Rotated Non-Continuous Rastrigin’s Function,10,21,200000,865.3639876244848,65.36398762448482,False,30.601154804229736
dynamic_pop_v2,4,F4: Shifted and Rotated Non-Continuous Rastrigin’s Function,10,22,200000,885.6802896064082,85.68028960640822,False,30.49095296859741
dynamic_pop_v2,4,F4: Shifted and Rotated Non-Continuous Rastrigin’s Function,10,23,200000,862.0947442613939,62.094744261393885,False,31.276275157928467
dynamic_pop_v2,4,F4: Shifted and Rotated Non-Continuous Rastrigin’s Function,10,24,200000,892.5,92.5,False,30.170454502105716
dynamic_pop_v2,4,F4: Shifted and Rotated Non-Continuous Rastrigin’s Function,10,25,200000,884.9746169423099,84.97461694230992,False,31.48395156860352
dynamic_pop_v2,4,F4: Shifted and Rotated Non-Continuous Rastrigin’s Function,10,26,200000,858.3111358942796,58.31113589427957,False,31.12254500389099
dynamic_pop_v2,4,F4: Shifted and Rotated Non-Continuous Rastrigin’s Function,10,27,200000,894.4640919235993,94.46409192359933,False,30.205044269561768
dynamic_pop_v2,4,F4: Shifted and Rotated Non-Continuous Rastrigin’s Function,10,28,200000,890.5,90.5,False,32.25371074676514
dynamic_pop_v2,4,F4: Shifted and Rotated Non-Continuous Rastrigin’s Function,10,29,200000,881.0821627579818,81.08216275798179,False,30.26623129844665
dynamic_pop_v2,4,F4: Shifted and Rotated Non-Continuous Rastrigin’s Function,10,30,200000,900.0511436865548,100.05114368655484,False,30.79222321510315
dynamic_pop_v2,5,F5: Shifted and Rotated Levy Function,10,1,200000,901.9457629437352,1.9457629437353037,False,22.902430534362797
dynamic_pop_v2,5,F5: Shifted and Rotated Levy Function,10,2,200000,902.1691916265848,2.169191626584848,False,22.291126012802124
dynamic_pop_v2,5,F5: Shifted and Rotated Levy Function,10,3,200000,901.3227693885448,1.322769388544657,False,22.851643800735477
dynamic_pop_v2,5,F5: Shifted and Rotated Levy Function,10,4,200000,902.4613814692614,2.4613814692613687,False,22.51490592956543
dynamic_pop_v2,5,F5: Shifted and Rotated Levy Function,10,5,200000,902.2881681884616,2.2881681884616683,False,22.697316646575928
dynamic_pop_v2,5,F5: Shifted and Rotated Levy Function,10,6,200000,902.2946122593362,2.2946122593361906,False,22.490591287612915
dynamic_pop_v2,5,F5: Shifted and Rotated Levy Function,10,7,200000,902.3765219722856,2.376521972285559,False,22.49890875816345
dynamic_pop_v2,5,F5: Shifted and Rotated Levy Function,10,8,200000,901.379154104837,1.3791541048369709,False,22.27304077148437
dynamic_pop_v2,5,F5: Shifted and Rotated Levy Function,10,9,200000,902.7536106158992,2.753610615899333,False,23.32028317451477
dynamic_pop_v2,5,F5: Shifted and Rotated Levy Function,10,10,200000,901.5370454722706,1.53704547227062,False,22.810184001922607
dynamic_pop_v2,5,F5: Shifted and Rotated Levy Function,10,11,200000,901.8052436657994,1.805243665799367,False,21.792377948760983
dynamic_pop_v2,5,F5: Shifted and Rotated Levy Function,10,12,200000,902.260686649748,2.2606866497479814,False,22.092575550079346
dynamic_pop_v2,5,F5: Shifted and Rotated Levy Function,10,13,200000,901.667572866757,1.667572866757041,False,22.61843085289001
dynamic_pop_v2,5,F5: Shifted and Rotated Levy Function,10,14,200000,902.8492141243864,2.849214124386549,False,22.427374124526978
dynamic_pop_v2,5,F5: Shifted and Rotated Levy Function,10,15,200000,902.3427216920402,2.342721692040186,False,23.04230141639709
dynamic_pop_v2,5,F5: Shifted and Rotated Levy Function,10,16,200000,901.6060223428244,1.6060223428243037,False,23.13779878616333
dynamic_pop_v2,5,F5: Shifted and Rotated Levy Function,10,17,200000,902.1123109935584,2.1123109935582534,False,23.39681553840637
dynamic_pop_v2,5,F5: Shifted and Rotated Levy Function,10,18,200000,902.420942147736,2.420942147736014,False,22.98022556304932
dynamic_pop_v2,5,F5: Shifted and Rotated Levy Function,10,19,200000,902.6556116766008,2.6556116766007563,False,22.326919555664062
dynamic_pop_v2,5,F5: Shifted and Rotated Levy Function,10,20,200000,902.388005245772,2.388005245772092,False,21.86317586898804
dynamic_pop_v2,5,F5: Shifted and Rotated Levy Function,10,21,200000,901.6686915631057,1.66869156310554,False,23.34088778495789
dynamic_pop_v2,5,F5: Shifted and Rotated Levy Function,10,22,200000,902.0043034175608,2.004303417560777,False,21.478594303131104
dynamic_pop_v2,5,F5: Shifted and Rotated Levy Function,10,23,200000,901.0696022920158,1.0696022920158157,False,22.81354284286499
dynamic_pop_v2,5,F5: Shifted and Rotated Levy Function,10,24,200000,901.9870107425648,1.9870107425647348,False,22.608762741088867
dynamic_pop_v2,5,F5: Shifted and Rotated Levy Function,10,25,200000,903.1281628543114,3.1281628543114266,False,22.76873779296875
dynamic_pop_v2,5,F5: Shifted and Rotated Levy Function,10,26,200000,902.4327018853144,2.4327018853144864,False,21.96484422683716
dynamic_pop_v2,5,F5: Shifted and Rotated Levy Function,10,27,200000,901.4254252939886,1.42542529398861,False,22.26306843757629
dynamic_pop_v2,5,F5: Shifted and Rotated Levy Function,10,28,200000,902.7735357051658,2.773535705165841,False,22.59588980674744
dynamic_pop_v2,5,F5: Shifted and Rotated Levy Function,10,29,200000,902.4456844940077,2.4456844940076508,False,22.32808804512024
dynamic_pop_v2,5,F5: Shifted and Rotated Levy Function,10,30,200000,902.016067133396,2.01606713339595,False,22.59344244003296
dynamic_pop_v2,6,F6: Hybrid Function 1,10,1,200000,90120.10429283956,88320.10429283956,False,24.48343777656555
dynamic_pop_v2,6,F6: Hybrid Function 1,10,2,200000,65924.71429360067,64124.71429360067,False,23.9840989112854
dynamic_pop_v2,6,F6: Hybrid Function 1,10,3,200000,141178.2623301608,139378.2623301608,False,24.285403966903687
dynamic_pop_v2,6,F6: Hybrid Function 1,10,4,200000,245408.3956732174,243608.3956732174,False,23.82731986045837
dynamic_pop_v2,6,F6: Hybrid Function 1,10,5,200000,118570.54413549836,116770.54413549836,False,23.98908853530884
dynamic_pop_v2,6,F6: Hybrid Function 1,10,6,200000,75176.43598279149,73376.43598279149,False,23.94265127182007
dynamic_pop_v2,6,F6: Hybrid Function 1,10,7,200000,75764.42502282202,73964.42502282202,False,23.749836683273315
dynamic_pop_v2,6,F6: Hybrid Function 1,10,8,200000,223130.57951831428,221330.57951831428,False,25.160282373428345
dynamic_pop_v2,6,F6: Hybrid Function 1,10,9,200000,120124.0086729535,118324.0086729535,False,24.53887391090393
dynamic_pop_v2,6,F6: Hybrid Function 1,10,10,200000,51442.04375297523,49642.04375297523,False,23.46545910835266
dynamic_pop_v2,6,F6: Hybrid Function 1,10,11,200000,92279.78853175028,90479.78853175028,False,23.434816360473636
dynamic_pop_v2,6,F6: Hybrid Function 1,10,12,200000,82797.72172519866,80997.72172519866,False,24.6609103679657
dynamic_pop_v2,6,F6: Hybrid Function 1,10,13,200000,118213.3796879737,116413.3796879737,False,23.40462040901184
dynamic_pop_v2,6,F6: Hybrid Function 1,10,14,200000,107069.34491599482,105269.34491599482,False,24.00037789344788
dynamic_pop_v2,6,F6: Hybrid Function 1,10,15,200000,117584.8588913736,115784.8588913736,False,23.923336267471317
dynamic_pop_v2,6,F6: Hybrid Function 1,10,16,200000,165996.73967577136,164196.73967577136,False,23.62186861038208
dynamic_pop_v2,6,F6: Hybrid Function 1,10,17,200000,114660.70250639156,112860.70250639156,False,24.29409861564636
dynamic_pop_v2,6,F6: Hybrid Function 1,10,18,200000,47660.15777842696,45860.15777842696,False,24.09810876846313
dynamic_pop_v2,6,F6: Hybrid Function 1,10,19,200000,158822.72339514352,157022.72339514352,False,23.915977478027344
dynamic_pop_v2,6,F6: Hybrid Function 1,10,20,200000,52117.57664803306,50317.57664803306,False,22.790032386779785
dynamic_pop_v2,6,F6: Hybrid Function 1,10,21,200000,115233.6122990524,113433.6122990524,False,24.15640640258789
dynamic_pop_v2,6,F6: Hybrid Function 1,10,22,200000,156937.78510164662,155137.78510164662,False,23.031258821487427
dynamic_pop_v2,6,F6: Hybrid Function 1,10,23,200000,101441.92227326092,99641.92227326092,False,24.254665851593018
dynamic_pop_v2,6,F6: Hybrid Function 1,10,24,200000,107356.91970896065,105556.91970896065,False,23.354081392288208
dynamic_pop_v2,6,F6: Hybrid Function 1,10,25,200000,43945.60799733288,42145.60799733288,False,23.85697054862976
dynamic_pop_v2,6,F6: Hybrid Function 1,10,26,200000,164037.08081842656,162237.08081842656,False,23.921107053756717
dynamic_pop_v2,6,F6: Hybrid Function 1,10,27,200000,67007.4590479426,65207.4590479426,False,23.943504333496094
dynamic_pop_v2,6,F6: Hybrid Function 1,10,28,200000,67745.27164223565,65945.27164223565,False,24.492780208587646
dynamic_pop_v2,6,F6: Hybrid Function 1,10,29,200000,172902.3604796406,171102.3604796406,False,23.999225854873657
dynamic_pop_v2,6,F6: Hybrid Function 1,10,30,200000,102255.43517198497,100455.43517198497,False,23.686372756958008
dynamic_pop_v2,7,F7: Hybrid Function 2,10,1,200000,2048.925977462749,48.92597746274896,False,104.42904353141785
dynamic_pop_v2,7,F7: Hybrid Function 2,10,2,200000,2034.0673762231045,34.067376223104475,False,103.57944011688232
dynamic_pop_v2,7,F7: Hybrid Function 2,10,3,200000,2031.811514655531,31.811514655531028,False,104.9995584487915
dynamic_pop_v2,7,F7: Hybrid Function 2,10,4,200000,2035.5229762117035,35.52297621170328,False,104.95355319976808
dynamic_pop_v2,7,F7: Hybrid Function 2,10,5,200000,2033.6834946369047,33.6834946369047,False,105.09683561325072
dynamic_pop_v2,7,F7: Hybrid Function 2,10,6,200000,2038.6578709286675,38.657870928667535,False,103.42324328422546
dynamic_pop_v2,7,F7: Hybrid Function 2,10,7,200000,2028.720783583404,28.720783583404,False,102.9702467918396
dynamic_pop_v2,7,F7: Hybrid Function 2,10,8,200000,2038.81481866084,38.81481866083982,False,104.1864960193634
dynamic_pop_v2,7,F7: Hybrid Function 2,10,9,200000,2034.861447129384,34.86144712938403,False,103.41787719726562
dynamic_pop_v2,7,F7: Hybrid Function 2,10,10,200000,2027.0814181851763,27.08141818517629,False,104.21664381027222
dynamic_pop_v2,7,F7: Hybrid Function 2,10,11,200000,2031.0479428958477,31.047942895847427,False,103.42565536499023
dynamic_pop_v2,7,F7: Hybrid Function 2,10,12,200000,2032.9787135789788,32.97871357897884,False,105.49949193000792
dynamic_pop_v2,7,F7: Hybrid Function 2,10,13,200000,2029.1234535394196,29.123453539419412,False,104.38048839569092
dynamic_pop_v2,7,F7: Hybrid Function 2,10,14,200000,2037.6385109815587,37.63851098155874,False,106.42284178733826
dynamic_pop_v2,7,F7: Hybrid Function 2,10,15,200000,2037.7513058896757,37.75130588967545,False,105.90133380889893
dynamic_pop_v2,7,F7: Hybrid Function 2,10,16,200000,2031.161962840237,31.16196284023704,False,105.6094799041748
dynamic_pop_v2,7,F7: Hybrid Function 2,10,17,200000,2033.969275636218,33.96927563621807,False,105.64201593399048
dynamic_pop_v2,7,F7: Hybrid Function 2,10,18,200000,2034.6987776164835,34.69877761648354,False,104.72116041183472
dynamic_pop_v2,7,F7: Hybrid Function 2,10,19,200000,2032.5122213292923,32.51222132929229,False,104.49807834625244
dynamic_pop_v2,7,F7: Hybrid Function 2,10,20,200000,2051.152233301037,51.152233301037086,False,105.46866130828856
dynamic_pop_v2,7,F7: Hybrid Function 2,10,21,200000,2035.0423908599575,35.04239085995778,False,104.29816198349
dynamic_pop_v2,7,F7: Hybrid Function 2,10,22,200000,2037.665203904713,37.66520390471305,False,108.29455661773682
dynamic_pop_v2,7,F7: Hybrid Function 2,10,23,200000,2043.89123987088,43.891239870879645,False,105.921972990036
dynamic_pop_v2,7,F7: Hybrid Function 2,10,24,200000,2029.0495172898616,29.04951728986157,False,105.56811261177064
dynamic_pop_v2,7,F7: Hybrid Function 2,10,25,200000,2031.8320802371795,31.832080237179525,False,105.20458817481996
dynamic_pop_v2,7,F7: Hybrid Function 2,10,26,200000,2039.499091789693,39.49909178969301,False,105.58489346504211
dynamic_pop_v2,7,F7: Hybrid Function 2,10,27,200000,2035.3765050514744,35.3765050514744,False,106.07070684432983
dynamic_pop_v2,7,F7: Hybrid Function 2,10,28,200000,2035.8193317578523,35.819331757852524,False,111.130117893219
dynamic_pop_v2,7,F7: Hybrid Function 2,10,29,200000,2035.9319324918908,35.93193249189085,False,109.3901824951172
dynamic_pop_v2,7,F7: Hybrid Function 2,10,30,200000,2041.0296038837355,41.02960388373549,False,106.24398612976074
dynamic_pop_v2,8,F8: Hybrid Function 3,10,1,200000,2366.786063751546,166.78606375154595,False,137.22964906692505
dynamic_pop_v2,8,F8: Hybrid Function 3,10,2,200000,2258.6533584925965,58.65335849259645,False,138.9220848083496
dynamic_pop_v2,8,F8: Hybrid Function 3,10,3,200000,2530.1018377813302,330.10183778133023,False,139.4877552986145
dynamic_pop_v2,8,F8: Hybrid Function 3,10,4,200000,2281.775527386578,81.77552738657778,False,137.09461665153503
dynamic_pop_v2,8,F8: Hybrid Function 3,10,5,200000,2295.629251227845,95.62925122784507,False,139.01545310020447
dynamic_pop_v2,8,F8: Hybrid Function 3,10,6,200000,2488.7554639569626,288.75546395696256,False,137.51278924942017
dynamic_pop_v2,8,F8: Hybrid Function 3,10,7,200000,2397.118333785156,197.11833378515576,False,137.06626892089844
dynamic_pop_v2,8,F8: Hybrid Function 3,10,8,200000,2256.292854026784,56.29285402678397,False,135.81019020080566
dynamic_pop_v2,8,F8: Hybrid Function 3,10,9,200000,2298.737342458049,98.73734245804916,False,135.85667157173157
dynamic_pop_v2,8,F8: Hybrid Function 3,10,10,200000,2280.072186401533,80.07218640153314,False,136.9864423274994
dynamic_pop_v2,8,F8: Hybrid Function 3,10,11,200000,2259.769597468314,59.769597468313805,False,137.663405418396
dynamic_pop_v2,8,F8: Hybrid Function 3,10,12,200000,2286.739696402268,86.73969640226778,False,136.74098873138428
dynamic_pop_v2,8,F8: Hybrid Function 3,10,13,200000,2248.5246384557886,48.52463845578859,False,136.21603441238403
dynamic_pop_v2,8,F8: Hybrid Function 3,10,14,200000,2480.822470270324,280.8224702703242,False,136.59044075012207
dynamic_pop_v2,8,F8: Hybrid Function 3,10,15,200000,2357.072104610112,157.0721046101121,False,137.06550478935242
dynamic_pop_v2,8,F8: Hybrid Function 3,10,16,200000,2379.316962749256,179.3169627492557,False,137.1086242198944
dynamic_pop_v2,8,F8: Hybrid Function 3,10,17,200000,2321.988310392283,121.98831039228298,False,139.43764352798462
dynamic_pop_v2,8,F8: Hybrid Function 3,10,18,200000,2295.5016099298514,95.50160992985138,False,141.38260197639465
dynamic_pop_v2,8,F8: Hybrid Function 3,10,19,200000,2271.539160192278,71.5391601922779,False,140.94447231292725
dynamic_pop_v2,8,F8: Hybrid Function 3,10,20,200000,2264.0538431561267,64.05384315612673,False,139.33009099960327
dynamic_pop_v2,8,F8: Hybrid Function 3,10,21,200000,2333.781273296065,133.78127329606514,False,137.63383507728577
dynamic_pop_v2,8,F8: Hybrid Function 3,10,22,200000,2246.444577533952,46.44457753395136,False,142.52877235412598
dynamic_pop_v2,8,F8: Hybrid Function 3,10,23,200000,2441.180025336138,241.180025336138,False,143.5505838394165
dynamic_pop_v2,8,F8: Hybrid Function 3,10,24,200000,2340.200642103616,140.20064210361625,False,139.51551628112793
dynamic_pop_v2,8,F8: Hybrid Function 3,10,25,200000,2279.161477380067,79.16147738006703,False,141.98420071601868
dynamic_pop_v2,8,F8: Hybrid Function 3,10,26,200000,2282.3101160772603,82.31011607726032,False,139.02908754348755
dynamic_pop_v2,8,F8: Hybrid Function 3,10,27,200000,2403.303422839843,203.3034228398428,False,135.76850724220276
dynamic_pop_v2,8,F8: Hybrid Function 3,10,28,200000,2287.647348547772,87.6473485477718,False,135.6849000453949
dynamic_pop_v2,8,F8: Hybrid Function 3,10,29,200000,2291.8345109828965,91.83451098289652,False,135.88528180122375
dynamic_pop_v2,8,F8: Hybrid Function 3,10,30,200000,2296.201220337214,96.20122033721418,False,137.70482301712036
dynamic_pop_v2,9,F9: Composition Function 1,10,1,200000,2712.6848205335896,412.6848205335896,False,41.401885747909546
dynamic_pop_v2,9,F9: Composition Function 1,10,2,200000,2709.7044861951176,409.7044861951176,False,40.550541639328
dynamic_pop_v2,9,F9: Composition Function 1,10,3,200000,2685.7056271371275,385.7056271371275,False,41.46862840652466
dynamic_pop_v2,9,F9: Composition Function 1,10,4,200000,2704.3989415916394,404.3989415916394,False,40.18705773353577
dynamic_pop_v2,9,F9: Composition Function 1,10,5,200000,2723.544476686549,423.5444766865489,False,40.79312181472778
dynamic_pop_v2,9,F9: Composition Function 1,10,6,200000,2702.881626297259,402.8816262972591,False,40.44101786613464
dynamic_pop_v2,9,F9: Composition Function 1,10,7,200000,2706.9868242546127,406.9868242546127,False,41.32732796669006
dynamic_pop_v2,9,F9: Composition Function 1,10,8,200000,2697.171744435033,397.1717444350329,False,41.21904635429382
dynamic_pop_v2,9,F9: Composition Function 1,10,9,200000,2617.590430394157,317.59043039415656,False,41.94932293891907
dynamic_pop_v2,9,F9: Composition Function 1,10,10,200000,2697.567925682416,397.567925682416,False,42.36246705055237
dynamic_pop_v2,9,F9: Composition Function 1,10,11,200000,2713.766950284137,413.7669502841373,False,40.765626192092896
dynamic_pop_v2,9,F9: Composition Function 1,10,12,200000,2711.427336520352,411.4273365203517,False,41.78126239776611
dynamic_pop_v2,9,F9: Composition Function 1,10,13,200000,2686.38082567185,386.3808256718498,False,40.618221044540405
dynamic_pop_v2,9,F9: Composition Function 1,10,14,200000,2706.9922765583083,406.9922765583083,False,40.61445736885071
dynamic_pop_v2,9,F9: Composition Function 1,10,15,200000,2705.826519517481,405.8265195174809,False,41.20716214179993
dynamic_pop_v2,9,F9: Composition Function 1,10,16,200000,2720.5140040687725,420.51400406877246,False,41.660125494003296
dynamic_pop_v2,9,F9: Composition Function 1,10,17,200000,2713.221571543065,413.2215715430648,False,40.50029969215393
dynamic_pop_v2,9,F9: Composition Function 1,10,18,200000,2725.610957928055,425.6109579280551,False,41.74035882949829
dynamic_pop_v2,9,F9: Composition Function 1,10,19,200000,2714.935765984176,414.93576598417576,False,41.046703577041626
dynamic_pop_v2,9,F9: Composition Function 1,10,20,200000,2712.6480147107086,412.6480147107086,False,40.63109970092773
dynamic_pop_v2,9,F9: Composition Function 1,10,21,200000,2713.452373846708,413.45237384670736,False,39.87816381454468
dynamic_pop_v2,9,F9: Composition Function 1,10,22,200000,2688.607057121827,388.607057121827,False,41.30057406425476
dynamic_pop_v2,9,F9: Composition Function 1,10,23,200000,2696.36230280952,396.3623028095199,False,41.01012277603149
dynamic_pop_v2,9,F9: Composition Function 1,10,24,200000,2714.083046911208,414.08304691120793,False,40.73408436775208
dynamic_pop_v2,9,F9: Composition Function 1,10,25,200000,2706.13604429051,406.1360442905102,False,40.59049892425537
dynamic_pop_v2,9,F9: Composition Function 1,10,26,200000,2720.0121293835964,420.0121293835964,False,41.25176525115967
dynamic_pop_v2,9,F9: Composition Function 1,10,27,200000,2688.3306534969347,388.3306534969347,False,40.92243671417236
dynamic_pop_v2,9,F9: Composition Function 1,10,28,200000,2718.033859950093,418.0338599500929,False,40.30353856086731
dynamic_pop_v2,9,F9: Composition Function 1,10,29,200000,2705.1532414381904,405.1532414381904,False,40.75889015197754
dynamic_pop_v2,9,F9: Composition Function 1,10,30,200000,2697.553835679381,397.5538356793809,False,40.82652831077576
dynamic_pop_v2,10,F10: Composition Function 2,10,1,200000,2675.49480743239,275.4948074323902,False,42.10285544395447
dynamic_pop_v2,10,F10: Composition Function 2,10,2,200000,2672.59411999679,272.59411999679014,False,42.61920928955078
dynamic_pop_v2,10,F10: Composition Function 2,10,3,200000,2682.2727622382054,282.27276223820536,False,42.39433789253235
dynamic_pop_v2,10,F10: Composition Function 2,10,4,200000,2664.3899233726856,264.38992337268564,False,42.17813444137573
dynamic_pop_v2,10,F10: Composition Function 2,10,5,200000,2683.780432517584,283.7804325175839,False,43.06070804595947
dynamic_pop_v2,10,F10: Composition Function 2,10,6,200000,2688.870840891956,288.8708408919556,False,41.62566590309143
dynamic_pop_v2,10,F10: Composition Function 2,10,7,200000,2659.568368515682,259.56836851568187,False,41.073020696640015
dynamic_pop_v2,10,F10: Composition Function 2,10,8,200000,2668.5853193200805,268.58531932008054,False,42.55699491500855
dynamic_pop_v2,10,F10: Composition Function 2,10,9,200000,2689.601582077375,289.60158207737504,False,42.5651638507843
dynamic_pop_v2,10,F10: Composition Function 2,10,10,200000,2681.659998064312,281.65999806431137,False,42.92129397392273
dynamic_pop_v2,10,F10: Composition Function 2,10,11,200000,2667.8356075164656,267.83560751646564,False,42.69807267189026
dynamic_pop_v2,10,F10: Composition Function 2,10,12,200000,2689.083610151045,289.0836101510449,False,43.12309241294861
dynamic_pop_v2,10,F10: Composition Function 2,10,13,200000,2683.976513046802,283.9765130468022,False,42.22372078895569
dynamic_pop_v2,10,F10: Composition Function 2,10,14,200000,2664.4405090801115,264.4405090801115,False,43.00032997131348
dynamic_pop_v2,10,F10: Composition Function 2,10,15,200000,2672.0468384666738,272.04683846667376,False,42.267829179763794
dynamic_pop_v2,10,F10: Composition Function 2,10,16,200000,2703.0720932304966,303.07209323049665,False,41.29415011405945
dynamic_pop_v2,10,F10: Composition Function 2,10,17,200000,2691.7159995637903,291.7159995637903,False,41.98484826087952
dynamic_pop_v2,10,F10: Composition Function 2,10,18,200000,2669.415214086429,269.41521408642893,False,42.858662843704224
dynamic_pop_v2,10,F10: Composition Function 2,10,19,200000,2696.786663292812,296.78666329281214,False,42.422011375427246
dynamic_pop_v2,10,F10: Composition Function 2,10,20,200000,2673.5263054698244,273.5263054698244,False,43.078221559524536
dynamic_pop_v2,10,F10: Composition Function 2,10,21,200000,2680.8306249018224,280.8306249018224,False,42.55668377876282
dynamic_pop_v2,10,F10: Composition Function 2,10,22,200000,2665.591180024252,265.591180024252,False,42.21941113471985
dynamic_pop_v2,10,F10: Composition Function 2,10,23,200000,2683.4401299697,283.4401299696997,False,42.321770429611206
dynamic_pop_v2,10,F10: Composition Function 2,10,24,200000,2680.5094851897243,280.5094851897243,False,42.83682894706726
dynamic_pop_v2,10,F10: Composition Function 2,10,25,200000,2650.1222249257685,250.12222492576848,False,44.52769422531128
dynamic_pop_v2,10,F10: Composition Function 2,10,26,200000,2664.0623231179834,264.0623231179834,False,42.75495886802673
dynamic_pop_v2,10,F10: Composition Function 2,10,27,200000,2679.716292228927,279.7162922289272,False,42.321938276290894
dynamic_pop_v2,10,F10: Composition Function 2,10,28,200000,2688.743212690137,288.7432126901372,False,41.59442377090454
dynamic_pop_v2,10,F10: Composition Function 2,10,29,200000,2671.8479600966893,271.8479600966893,False,42.40584468841553
dynamic_pop_v2,10,F10: Composition Function 2,10,30,200000,2689.942723807769,289.9427238077692,False,42.01354956626892
dynamic_pop_v2,11,F11: Composition Function 3,10,1,200000,2654.4070143616373,54.40701436163727,False,61.34817552566528
dynamic_pop_v2,11,F11: Composition Function 3,10,2,200000,2637.3649005885136,37.36490058851359,False,58.96801805496216
dynamic_pop_v2,11,F11: Composition Function 3,10,3,200000,2654.819164128588,54.819164128588,False,60.70274114608765
dynamic_pop_v2,11,F11: Composition Function 3,10,4,200000,2643.5351973495817,43.53519734958172,False,59.92705035209656
dynamic_pop_v2,11,F11: Composition Function 3,10,5,200000,2656.8162323960155,56.81623239601549,False,59.88408613204956
dynamic_pop_v2,11,F11: Composition Function 3,10,6,200000,2633.718652983579,33.71865298357898,False,59.38486623764038
dynamic_pop_v2,11,F11: Composition Function 3,10,7,200000,2643.282828673916,43.2828286739159,False,59.37812066078186
dynamic_pop_v2,11,F11: Composition Function 3,10,8,200000,2660.4421700530665,60.44217005306655,False,59.85944867134094
dynamic_pop_v2,11,F11: Composition Function 3,10,9,200000,2641.8421387201206,41.8421387201206,False,60.76985621452332
dynamic_pop_v2,11,F11: Composition Function 3,10,10,200000,2630.199535844826,30.199535844826187,False,60.51353359222412
dynamic_pop_v2,11,F11: Composition Function 3,10,11,200000,2660.283583281044,60.28358328104423,False,59.171226978302
dynamic_pop_v2,11,F11: Composition Function 3,10,12,200000,2658.200690726632,58.200690726631365,False,59.87218499183655
dynamic_pop_v2,11,F11: Composition Function 3,10,13,200000,2643.0699241323723,43.06992413237231,False,59.766867876052856
dynamic_pop_v2,11,F11: Composition Function 3,10,14,200000,2673.989579350237,73.98957935023691,False,59.34721636772156
dynamic_pop_v2,11,F11: Composition Function 3,10,15,200000,2677.026747846695,77.02674784669489,False,60.140642404556274
dynamic_pop_v2,11,F11: Composition Function 3,10,16,200000,2657.6917162754867,57.69171627548667,False,61.56578826904297
dynamic_pop_v2,11,F11: Composition Function 3,10,17,200000,2652.358496615701,52.35849661570092,False,59.77581453323364
dynamic_pop_v2,11,F11: Composition Function 3,10,18,200000,2642.453358549113,42.45335854911309,False,60.12002635002136
dynamic_pop_v2,11,F11: Composition Function 3,10,19,200000,2651.329371652728,51.32937165272779,False,62.49346256256104
dynamic_pop_v2,11,F11: Composition Function 3,10,20,200000,2659.183392862283,59.1833928622832,False,59.59172701835632
dynamic_pop_v2,11,F11: Composition Function 3,10,21,200000,2671.3101550531296,71.31015505312962,False,59.34232306480408
dynamic_pop_v2,11,F11: Composition Function 3,10,22,200000,2659.268355615279,59.26835561527878,False,60.369789838790894
dynamic_pop_v2,11,F11: Composition Function 3,10,23,200000,2665.2493739433253,65.24937394332528,False,60.36184048652649
dynamic_pop_v2,11,F11: Composition Function 3,10,24,200000,2664.8076350558813,64.80763505588129,False,59.540284872055054
dynamic_pop_v2,11,F11: Composition Function 3,10,25,200000,2662.7624631942504,62.76246319425036,False,60.14643979072571
dynamic_pop_v2,11,F11: Composition Function 3,10,26,200000,2653.193800152521,53.19380015252091,False,58.515602588653564
dynamic_pop_v2,11,F11: Composition Function 3,10,27,200000,2677.315357591789,77.31535759178905,False,59.12362027168274
dynamic_pop_v2,11,F11: Composition Function 3,10,28,200000,2658.278585487325,58.27858548732456,False,59.52096772193909
dynamic_pop_v2,11,F11: Composition Function 3,10,29,200000,2650.459514457337,50.45951445733681,False,59.78949570655823
dynamic_pop_v2,11,F11: Composition Function 3,10,30,200000,2666.858484146206,66.85848414620614,False,58.79725193977356
dynamic_pop_v2,12,F12: Composition Function 4,10,1,200000,2868.9445819548937,168.9445819548937,False,62.52290678024292
dynamic_pop_v2,12,F12: Composition Function 4,10,2,200000,2869.0742988542265,169.07429885422653,False,63.16514372825623
dynamic_pop_v2,12,F12: Composition Function 4,10,3,200000,2868.3062189866523,168.3062189866523,False,61.84196543693543
dynamic_pop_v2,12,F12: Composition Function 4,10,4,200000,2868.605079437694,168.6050794376938,False,62.99183535575867
dynamic_pop_v2,12,F12: Composition Function 4,10,5,200000,2869.6186717229416,169.6186717229416,False,63.9794807434082
dynamic_pop_v2,12,F12: Composition Function 4,10,6,200000,2868.980828282888,168.98082828288807,False,61.753886699676514
dynamic_pop_v2,12,F12: Composition Function 4,10,7,200000,2867.373779157215,167.3737791572148,False,63.4639208316803
dynamic_pop_v2,12,F12: Composition Function 4,10,8,200000,2868.7201030008628,168.72010300086276,False,63.12716603279114
dynamic_pop_v2,12,F12: Composition Function 4,10,9,200000,2868.729137288188,168.7291372881882,False,62.82967138290405
dynamic_pop_v2,12,F12: Composition Function 4,10,10,200000,2867.698502766621,167.69850276662146,False,62.29610824584961
dynamic_pop_v2,12,F12: Composition Function 4,10,11,200000,2868.666678427231,168.6666784272311,False,61.9120090007782
dynamic_pop_v2,12,F12: Composition Function 4,10,12,200000,2869.76166372598,169.76166372597936,False,62.18659114837647
dynamic_pop_v2,12,F12: Composition Function 4,10,13,200000,2869.087215812073,169.08721581207283,False,64.5700695514679
dynamic_pop_v2,12,F12: Composition Function 4,10,14,200000,2868.941888010723,168.94188801072278,False,63.67329812049866
dynamic_pop_v2,12,F12: Composition Function 4,10,15,200000,2868.766484663155,168.7664846631551,False,63.33580636978149
dynamic_pop_v2,12,F12: Composition Function 4,10,16,200000,2868.515351980378,168.515351980378,False,65.87420725822449
dynamic_pop_v2,12,F12: Composition Function 4,10,17,200000,2868.7491638673955,168.7491638673955,False,65.54885983467102
dynamic_pop_v2,12,F12: Composition Function 4,10,18,200000,2867.481125890772,167.48112589077164,False,65.52593064308167
dynamic_pop_v2,12,F12: Composition Function 4,10,19,200000,2868.605203850613,168.60520385061318,False,65.27230429649353
dynamic_pop_v2,12,F12: Composition Function 4,10,20,200000,2869.1962397504662,169.19623975046625,False,65.80988621711731
dynamic_pop_v2,12,F12: Composition Function 4,10,21,200000,2868.833999916987,168.83399991698707,False,67.14630317687988
dynamic_pop_v2,12,F12: Composition Function 4,10,22,200000,2869.871140465468,169.87114046546822,False,65.71874618530273
dynamic_pop_v2,12,F12: Composition Function 4,10,23,200000,2868.681048582487,168.68104858248716,False,63.883260011672974
dynamic_pop_v2,12,F12: Composition Function 4,10,24,200000,2869.2188898708423,169.2188898708423,False,62.78158783912659
dynamic_pop_v2,12,F12: Composition Function 4,10,25,200000,2869.05693878557,169.05693878556986,False,62.61265778541565
dynamic_pop_v2,12,F12: Composition Function 4,10,26,200000,2868.560182805654,168.56018280565422,False,62.16611194610596
dynamic_pop_v2,12,F12: Composition Function 4,10,27,200000,2867.5356710703127,167.53567107031267,False,65.9117796421051
dynamic_pop_v2,12,F12: Composition Function 4,10,28,200000,2869.069570927214,169.06957092721404,False,67.55597972869873
dynamic_pop_v2,12,F12: Composition Function 4,10,29,200000,2869.14267983668,169.1426798366797,False,65.56968569755554
dynamic_pop_v2,12,F12: Composition Function 4,10,30,200000,2868.806594681684,168.8065946816837,False,65.59302282333374
dynamic_pop_v2,1,F1: Shifted and full Rotated Zakharov Function,20,1,1000000,31627.76497753198,31327.76497753198,False,99.79916405677795
dynamic_pop_v2,1,F1: Shifted and full Rotated Zakharov Function,20,2,1000000,36059.56683233253,35759.56683233253,False,102.93009662628174
dynamic_pop_v2,1,F1: Shifted and full Rotated Zakharov Function,20,3,1000000,36900.98950470487,36600.98950470487,False,80.11202502250671
dynamic_pop_v2,1,F1: Shifted and full Rotated Zakharov Function,20,4,1000000,35961.39042653009,35661.39042653009,False,82.85280299186707
dynamic_pop_v2,1,F1: Shifted and full Rotated Zakharov Function,20,5,1000000,27698.47583504663,27398.47583504663,False,88.72459268569946
dynamic_pop_v2,1,F1: Shifted and full Rotated Zakharov Function,20,6,1000000,36395.093465868704,36095.093465868704,False,101.2997088432312
dynamic_pop_v2,1,F1: Shifted and full Rotated Zakharov Function,20,7,1000000,31978.173282322397,31678.173282322397,False,105.62434649467468
dynamic_pop_v2,1,F1: Shifted and full Rotated Zakharov Function,20,8,1000000,32793.70813230324,32493.70813230324,False,105.13966393470764
dynamic_pop_v2,1,F1: Shifted and full Rotated Zakharov Function,20,9,1000000,30632.80403799845,30332.80403799845,False,101.86033082008362
dynamic_pop_v2,1,F1: Shifted and full Rotated Zakharov Function,20,10,1000000,34792.112574791994,34492.112574791994,False,101.4538960456848
dynamic_pop_v2,1,F1: Shifted and full Rotated Zakharov Function,20,11,1000000,32217.503825845877,31917.503825845877,False,103.75048780441284
dynamic_pop_v2,1,F1: Shifted and full Rotated Zakharov Function,20,12,1000000,29510.19270128617,29210.19270128617,False,102.12414336204527
dynamic_pop_v2,1,F1: Shifted and full Rotated Zakharov Function,20,13,1000000,36370.3670529411,36070.3670529411,False,101.65597200393675
dynamic_pop_v2,1,F1: Shifted and full Rotated Zakharov Function,20,14,1000000,35054.97435508399,34754.97435508399,False,100.56249833106996
dynamic_pop_v2,1,F1: Shifted and full Rotated Zakharov Function,20,15,1000000,40567.647647069774,40267.647647069774,False,103.8511893749237
dynamic_pop_v2,1,F1: Shifted and full Rotated Zakharov Function,20,16,1000000,34525.07760093735,34225.07760093735,False,101.40659594535828
dynamic_pop_v2,1,F1: Shifted and full Rotated Zakharov Function,20,17,1000000,33435.01166332136,33135.01166332136,False,105.72813844680786
dynamic_pop_v2,1,F1: Shifted and full Rotated Zakharov Function,20,18,1000000,26044.95886728081,25744.95886728081,False,103.733421087265
dynamic_pop_v2,1,F1: Shifted and full Rotated Zakharov Function,20,19,1000000,30386.816264893656,30086.816264893656,False,103.2259452342987
dynamic_pop_v2,1,F1: Shifted and full Rotated Zakharov Function,20,20,1000000,25946.541185263974,25646.541185263974,False,100.88212656974792
dynamic_pop_v2,1,F1: Shifted and full Rotated Zakharov Function,20,21,1000000,30088.554641897445,29788.554641897445,False,86.53156352043152
dynamic_pop_v2,1,F1: Shifted and full Rotated Zakharov Function,20,22,1000000,28403.31231994424,28103.31231994424,False,101.06216883659364
dynamic_pop_v2,1,F1: Shifted and full Rotated Zakharov Function,20,23,1000000,32812.86316390909,32512.86316390909,False,101.20400714874268
dynamic_pop_v2,1,F1: Shifted and full Rotated Zakharov Function,20,24,1000000,34550.49063835691,34250.49063835691,False,102.29493951797484
dynamic_pop_v2,1,F1: Shifted and full Rotated Zakharov Function,20,25,1000000,34017.367339509015,33717.367339509015,False,99.89981055259705
dynamic_pop_v2,1,F1: Shifted and full Rotated Zakharov Function,20,26,1000000,38367.63706980897,38067.63706980897,False,95.69121026992798
dynamic_pop_v2,1,F1: Shifted and full Rotated Zakharov Function,20,27,1000000,34518.597277113164,34218.597277113164,False,107.53808188438416
dynamic_pop_v2,1,F1: Shifted and full Rotated Zakharov Function,20,28,1000000,26152.390308240723,25852.390308240723,False,107.989675283432
dynamic_pop_v2,1,F1: Shifted and full Rotated Zakharov Function,20,29,1000000,37700.59107304026,37400.59107304026,False,104.55515193939208
dynamic_pop_v2,1,F1: Shifted and full Rotated Zakharov Function,20,30,1000000,34081.54710028072,33781.54710028072,False,106.4340386390686
dynamic_pop_v2,2,F2: Shifted and Rotated Rosenbrock’s Function,20,1,1000000,719.6673742083092,319.6673742083092,False,112.03467631340028
dynamic_pop_v2,2,F2: Shifted and Rotated Rosenbrock’s Function,20,2,1000000,744.1147744198504,344.1147744198504,False,113.73642683029176
dynamic_pop_v2,2,F2: Shifted and Rotated Rosenbrock’s Function,20,3,1000000,631.5822131402797,231.5822131402797,False,112.72430658340454
dynamic_pop_v2,2,F2: Shifted and Rotated Rosenbrock’s Function,20,4,1000000,625.0241301735268,225.02413017352683,False,113.60638117790222
dynamic_pop_v2,2,F2: Shifted and Rotated Rosenbrock’s Function,20,5,1000000,707.9698302436013,307.96983024360134,False,113.44294261932372
dynamic_pop_v2,2,F2: Shifted and Rotated Rosenbrock’s Function,20,6,1000000,672.6642685391686,272.6642685391686,False,115.16499137878418
dynamic_pop_v2,2,F2: Shifted and Rotated Rosenbrock’s Function,20,7,1000000,651.0498941437842,251.04989414378417,False,115.31260418891908
dynamic_pop_v2,2,F2: Shifted and Rotated Rosenbrock’s Function,20,8,1000000,697.1616146585221,297.1616146585221,False,113.2674639225006
dynamic_pop_v2,2,F2: Shifted and Rotated Rosenbrock’s Function,20,9,1000000,680.1582156936726,280.15821569367256,False,114.31129050254822
dynamic_pop_v2,2,F2: Shifted and Rotated Rosenbrock’s Function,20,10,1000000,652.3400847259237,252.3400847259237,False,111.4181718826294
dynamic_pop_v2,2,F2: Shifted and Rotated Rosenbrock’s Function,20,11,1000000,700.725386957551,300.725386957551,False,102.01052665710448
dynamic_pop_v2,2,F2: Shifted and Rotated Rosenbrock’s Function,20,12,1000000,691.1809484547176,291.1809484547176,False,90.9901716709137
dynamic_pop_v2,2,F2: Shifted and Rotated Rosenbrock’s Function,20,13,1000000,633.362367344409,233.362367344409,False,113.56530594825745
dynamic_pop_v2,2,F2: Shifted and Rotated Rosenbrock’s Function,20,14,1000000,665.1749336771004,265.1749336771004,False,107.45409154891968
dynamic_pop_v2,2,F2: Shifted and Rotated Rosenbrock’s Function,20,15,1000000,718.6370687288154,318.6370687288154,False,112.13967990875244
dynamic_pop_v2,2,F2: Shifted and Rotated Rosenbrock’s Function,20,16,1000000,633.2060572534483,233.2060572534483,False,109.1356041431427
dynamic_pop_v2,2,F2: Shifted and Rotated Rosenbrock’s Function,20,17,1000000,617.8048090850356,217.8048090850356,False,110.33553743362428
dynamic_pop_v2,2,F2: Shifted and Rotated Rosenbrock’s Function,20,18,1000000,708.5738280098369,308.5738280098369,False,107.35460567474364
dynamic_pop_v2,2,F2: Shifted and Rotated Rosenbrock’s Function,20,19,1000000,743.521212367225,343.52121236722496,False,108.94425582885742
dynamic_pop_v2,2,F2: Shifted and Rotated Rosenbrock’s Function,20,20,1000000,685.9618041394622,285.9618041394622,False,116.6000804901123
dynamic_pop_v2,2,F2: Shifted and Rotated Rosenbrock’s Function,20,21,1000000,761.5405042792821,361.5405042792821,False,113.040278673172
dynamic_pop_v2,2,F2: Shifted and Rotated Rosenbrock’s Function,20,22,1000000,670.9857265947508,270.9857265947508,False,114.51554656028748
dynamic_pop_v2,2,F2: Shifted and Rotated Rosenbrock’s Function,20,23,1000000,613.1670229807737,213.1670229807737,False,109.29459023475648
dynamic_pop_v2,2,F2: Shifted and Rotated Rosenbrock’s Function,20,24,1000000,646.0631089208393,246.0631089208393,False,110.49094724655151
dynamic_pop_v2,2,F2: Shifted and Rotated Rosenbrock’s Function,20,25,1000000,626.0945589282152,226.0945589282152,False,110.92782592773438
dynamic_pop_v2,2,F2: Shifted and Rotated Rosenbrock’s Function,20,26,1000000,595.1458017726427,195.1458017726427,False,110.46246695518494
dynamic_pop_v2,2,F2: Shifted and Rotated Rosenbrock’s Function,20,27,1000000,737.4112562547298,337.4112562547298,False,111.31758904457092
dynamic_pop_v2,2,F2: Shifted and Rotated Rosenbrock’s Function,20,28,1000000,666.9692778644719,266.9692778644719,False,112.60076212882996
dynamic_pop_v2,2,F2: Shifted and Rotated Rosenbrock’s Function,20,29,1000000,677.2429703102748,277.2429703102748,False,109.34803438186646
dynamic_pop_v2,2,F2: Shifted and Rotated Rosenbrock’s Function,20,30,1000000,744.9992541486167,344.9992541486167,False,87.56080031394958
dynamic_pop_v2,3,F3: Shifted and full Rotated Expanded Schaffer’s F7,20,1,1000000,600.0000246995764,2.4699576442799295e-05,False,108.14710998535156
dynamic_pop_v2,3,F3: Shifted and full Rotated Expanded Schaffer’s F7,20,2,1000000,600.000121476638,0.0001214766380144,False,135.56540870666504
dynamic_pop_v2,3,F3: Shifted and full Rotated Expanded Schaffer’s F7,20,3,1000000,600.0000869578171,8.695781707501737e-05,False,132.19708776474
dynamic_pop_v2,3,F3: Shifted and full Rotated Expanded Schaffer’s F7,20,4,1000000,600.0000194446832,1.944468317560677e-05,False,131.26024866104126
dynamic_pop_v2,3,F3: Shifted and full Rotated Expanded Schaffer’s F7,20,5,1000000,600.000129668787,0.0001296687870535,False,131.15415859222412
dynamic_pop_v2,3,F3: Shifted and full Rotated Expanded Schaffer’s F7,20,6,1000000,600.0002770067169,0.0002770067169421,False,132.59573197364807
dynamic_pop_v2,3,F3: Shifted and full Rotated Expanded Schaffer’s F7,20,7,1000000,600.000037044296,3.7044296050225967e-05,False,131.91936683654785
dynamic_pop_v2,3,F3: Shifted and full Rotated Expanded Schaffer’s F7,20,8,1000000,600.0003235970082,0.0003235970082187,False,129.32831144332886
dynamic_pop_v2,3,F3: Shifted and full Rotated Expanded Schaffer’s F7,20,9,1000000,600.0000755465746,7.554657463515468e-05,False,130.1546516418457
dynamic_pop_v2,3,F3: Shifted and full Rotated Expanded Schaffer’s F7,20,10,1000000,600.0000157404156,1.574041561980266e-05,False,131.24836230278015
dynamic_pop_v2,3,F3: Shifted and full Rotated Expanded Schaffer’s F7,20,11,1000000,600.0000525683128,5.256831275346485e-05,False,131.31177234649658
dynamic_pop_v2,3,F3: Shifted and full Rotated Expanded Schaffer’s F7,20,12,1000000,600.0002642534512,0.0002642534511778,False,131.48485207557678
dynamic_pop_v2,3,F3: Shifted and full Rotated Expanded Schaffer’s F7,20,13,1000000,600.0000555687179,5.556871792578022e-05,False,133.8294382095337
dynamic_pop_v2,3,F3: Shifted and full Rotated Expanded Schaffer’s F7,20,14,1000000,600.000026142965,2.6142964998143725e-05,False,131.08052921295166
dynamic_pop_v2,3,F3: Shifted and full Rotated Expanded Schaffer’s F7,20,15,1000000,600.0000211035787,2.110357866058621e-05,False,131.2386679649353
dynamic_pop_v2,3,F3: Shifted and full Rotated Expanded Schaffer’s F7,20,16,1000000,600.0000312973949,3.129739491214423e-05,False,130.26351523399353
dynamic_pop_v2,3,F3: Shifted and full Rotated Expanded Schaffer’s F7,20,17,1000000,600.0000233576802,2.335768022021512e-05,False,129.07169556617737
dynamic_pop_v2,3,F3: Shifted and full Rotated Expanded Schaffer’s F7,20,18,1000000,600.0001193305407,0.0001193305406559,False,129.80882596969604
dynamic_pop_v2,3,F3: Shifted and full Rotated Expanded Schaffer’s F7,20,19,1000000,600.0000785125189,7.851251893953304e-05,False,129.7716314792633
dynamic_pop_v2,3,F3: Shifted and full Rotated Expanded Schaffer’s F7,20,20,1000000,600.0000823428502,8.234285019170784e-05,False,130.70291376113892
dynamic_pop_v2,3,F3: Shifted and full Rotated Expanded Schaffer’s F7,20,21,1000000,600.0002886618041,0.0002886618041202,False,128.22938656806946
dynamic_pop_v2,3,F3: Shifted and full Rotated Expanded Schaffer’s F7,20,22,1000000,600.0001960069923,0.0001960069922688,False,137.726877450943
dynamic_pop_v2,3,F3: Shifted and full Rotated Expanded Schaffer’s F7,20,23,1000000,600.0000342245115,3.422451152346184e-05,False,134.37450075149536
dynamic_pop_v2,3,F3: Shifted and full Rotated Expanded Schaffer’s F7,20,24,1000000,600.0000123279286,1.2327928629929374e-05,False,135.2345006465912
dynamic_pop_v2,3,F3: Shifted and full Rotated Expanded Schaffer’s F7,20,25,1000000,600.0000517394536,5.173945362457744e-05,False,132.21299529075625
dynamic_pop_v2,3,F3: Shifted and full Rotated Expanded Schaffer’s F7,20,26,1000000,600.0000097044688,9.704468766358332e-06,False,131.20001435279846
dynamic_pop_v2,3,F3: Shifted and full Rotated Expanded Schaffer’s F7,20,27,1000000,600.0000339504678,3.395046780951816e-05,False,132.93205761909485
dynamic_pop_v2,3,F3: Shifted and full Rotated Expanded Schaffer’s F7,20,28,1000000,600.0001320956851,0.0001320956851031,False,132.07665181159973
dynamic_pop_v2,3,F3: Shifted and full Rotated Expanded Schaffer’s F7,20,29,1000000,600.0000650014224,6.500142239929119e-05,False,130.28461408615112
dynamic_pop_v2,3,F3: Shifted and full Rotated Expanded Schaffer’s F7,20,30,1000000,600.0003372507514,0.0003372507513859,False,130.40212178230286
dynamic_pop_v2,4,F4: Shifted and Rotated Non-Continuous Rastrigin’s Function,20,1,1000000,1065.8759817824143,265.8759817824143,False,156.71623635292053
dynamic_pop_v2,4,F4: Shifted and Rotated Non-Continuous Rastrigin’s Function,20,2,1000000,1094.5,294.5,False,158.94141149520874
dynamic_pop_v2,4,F4: Shifted and Rotated Non-Continuous Rastrigin’s Function,20,3,1000000,1112.014406829912,312.0144068299119,False,160.36727857589722
dynamic_pop_v2,4,F4: Shifted and Rotated Non-Continuous Rastrigin’s Function,20,4,1000000,1039.4677915822822,239.4677915822822,False,160.40227556228638
dynamic_pop_v2,4,F4: Shifted and Rotated Non-Continuous Rastrigin’s Function,20,5,1000000,1101.0470291652196,301.0470291652196,False,156.47839307785034
dynamic_pop_v2,4,F4: Shifted and Rotated Non-Continuous Rastrigin’s Function,20,6,1000000,1095.4994615106814,295.4994615106814,False,155.83016777038574
dynamic_pop_v2,4,F4: Shifted and Rotated Non-Continuous Rastrigin’s Function,20,7,1000000,1102.8827774149763,302.8827774149763,False,155.13814663887024
dynamic_pop_v2,4,F4: Shifted and Rotated Non-Continuous Rastrigin’s Function,20,8,1000000,1055.7655497564406,255.76554975644055,False,154.25083541870117
dynamic_pop_v2,4,F4: Shifted and Rotated Non-Continuous Rastrigin’s Function,20,9,1000000,1097.8200230326677,297.82002303266745,False,153.5236520767212
dynamic_pop_v2,4,F4: Shifted and Rotated Non-Continuous Rastrigin’s Function,20,10,1000000,1111.83872725881,311.83872725881,False,155.5227735042572
dynamic_pop_v2,4,F4: Shifted and Rotated Non-Continuous Rastrigin’s Function,20,11,1000000,1118.5269860189735,318.5269860189735,False,155.67216086387634
dynamic_pop_v2,4,F4: Shifted and Rotated Non-Continuous Rastrigin’s Function,20,12,1000000,1014.1907834260608,214.19078342606088,False,154.45502519607544
dynamic_pop_v2,4,F4: Shifted and Rotated Non-Continuous Rastrigin’s Function,20,13,1000000,1094.470237671617,294.47023767161704,False,156.19688296318054
dynamic_pop_v2,4,F4: Shifted and Rotated Non-Continuous Rastrigin’s Function,20,14,1000000,1070.182782397711,270.182782397711,False,155.4068088531494
dynamic_pop_v2,4,F4: Shifted and Rotated Non-Continuous Rastrigin’s Function,20,15,1000000,1081.4047736309635,281.4047736309635,False,154.85953092575073
dynamic_pop_v2,4,F4: Shifted and Rotated Non-Continuous Rastrigin’s Function,20,16,1000000,1068.933860720232,268.9338607202319,False,156.1125087738037
dynamic_pop_v2,4,F4: Shifted and Rotated Non-Continuous Rastrigin’s Function,20,17,1000000,1093.358545147326,293.3585451473259,False,154.25773811340332
dynamic_pop_v2,4,F4: Shifted and Rotated Non-Continuous Rastrigin’s Function,20,18,1000000,1091.1208177674262,291.12081776742616,False,154.3939709663391
dynamic_pop_v2,4,F4: Shifted and Rotated Non-Continuous Rastrigin’s Function,20,19,1000000,1076.375057422274,276.37505742227404,False,157.9482090473175
dynamic_pop_v2,4,F4: Shifted and Rotated Non-Continuous Rastrigin’s Function,20,20,1000000,1015.619903477344,215.61990347734388,False,154.02281308174133
dynamic_pop_v2,4,F4: Shifted and Rotated Non-Continuous Rastrigin’s Function,20,21,1000000,1109.692926364043,309.69292636404293,False,156.32920122146606
dynamic_pop_v2,4,F4: Shifted and Rotated Non-Continuous Rastrigin’s Function,20,22,1000000,1092.7178448188272,292.7178448188272,False,153.2629313468933
dynamic_pop_v2,4,F4: Shifted and Rotated Non-Continuous Rastrigin’s Function,20,23,1000000,1094.676412639366,294.67641263936594,False,155.59466457366943
dynamic_pop_v2,4,F4: Shifted and Rotated Non-Continuous Rastrigin’s Function,20,24,1000000,1084.833824008513,284.8338240085129,False,157.9709165096283
dynamic_pop_v2,4,F4: Shifted and Rotated Non-Continuous Rastrigin’s Function,20,25,1000000,1085.8993795102292,285.8993795102292,False,157.38424706459045
dynamic_pop_v2,4,F4: Shifted and Rotated Non-Continuous Rastrigin’s Function,20,26,1000000,1093.7436982315485,293.74369823154825,False,153.90503239631653
dynamic_pop_v2,4,F4: Shifted and Rotated Non-Continuous Rastrigin’s Function,20,27,1000000,1080.8156892383845,280.8156892383845,False,155.12544441223145
dynamic_pop_v2,4,F4: Shifted and Rotated Non-Continuous Rastrigin’s Function,20,28,1000000,1097.2636178656276,297.2636178656276,False,153.37311959266663
dynamic_pop_v2,4,F4: Shifted and Rotated Non-Continuous Rastrigin’s Function,20,29,1000000,1073.6645305226607,273.6645305226607,False,153.93440294265747
dynamic_pop_v2,4,F4: Shifted and Rotated Non-Continuous Rastrigin’s Function,20,30,1000000,1043.9565776253494,243.95657762534935,False,155.31605219841003
dynamic_pop_v2,5,F5: Shifted and Rotated Levy Function,20,1,1000000,910.615675766016,10.615675766015896,False,116.3665599822998
dynamic_pop_v2,5,F5: Shifted and Rotated Levy Function,20,2,1000000,909.67034877137,9.670348771370072,False,116.46826529502869
dynamic_pop_v2,5,F5: Shifted and Rotated Levy Function,20,3,1000000,910.586412492991,10.58641249299103,False,115.59957385063171
dynamic_pop_v2,5,F5: Shifted and Rotated Levy Function,20,4,1000000,907.1003746883872,7.100374688387205,False,116.73973059654236
dynamic_pop_v2,5,F5: Shifted and Rotated Levy Function,20,5,1000000,908.5139288526382,8.513928852638173,False,114.73676800727844
dynamic_pop_v2,5,F5: Shifted and Rotated Levy Function,20,6,1000000,907.8178154245772,7.817815424577134,False,111.20461797714232
dynamic_pop_v2,5,F5: Shifted and Rotated Levy Function,20,7,1000000,908.375592325664,8.375592325664002,False,117.10511589050292
dynamic_pop_v2,5,F5: Shifted and Rotated Levy Function,20,8,1000000,908.5853749994452,8.585374999445094,False,116.41855597496031
dynamic_pop_v2,5,F5: Shifted and Rotated Levy Function,20,9,1000000,909.2121824247536,9.212182424753678,False,115.54491996765135
dynamic_pop_v2,5,F5: Shifted and Rotated Levy Function,20,10,1000000,910.4398467728344,10.439846772834471,False,115.91163516044617
dynamic_pop_v2,5,F5: Shifted and Rotated Levy Function,20,11,1000000,910.7699173991152,10.769917399115345,False,114.50977087020874
dynamic_pop_v2,5,F5: Shifted and Rotated Levy Function,20,12,1000000,910.3371178039464,10.337117803946285,False,114.88251566886902
dynamic_pop_v2,5,F5: Shifted and Rotated Levy Function,20,13,1000000,909.9731490422678,9.973149042267778,False,115.61549639701845
dynamic_pop_v2,5,F5: Shifted and Rotated Levy Function,20,14,1000000,908.273462465721,8.273462465720968,False,114.79482984542848
dynamic_pop_v2,5,F5: Shifted and Rotated Levy Function,20,15,1000000,906.7862331173012,6.786233117301322,False,116.15661072731018
dynamic_pop_v2,5,F5: Shifted and Rotated Levy Function,20,16,1000000,910.6227887039825,10.622788703982453,False,116.74638628959656
dynamic_pop_v2,5,F5: Shifted and Rotated Levy Function,20,17,1000000,907.4479500610046,7.447950061004576,False,115.71724081039427
dynamic_pop_v2,5,F5: Shifted and Rotated Levy Function,20,18,1000000,911.0078671234392,11.007867123439157,False,118.06403827667236
dynamic_pop_v2,5,F5: Shifted and Rotated Levy Function,20,19,1000000,909.2707015806023,9.270701580602465,False,116.4825530052185
dynamic_pop_v2,5,F5: Shifted and Rotated Levy Function,20,20,1000000,906.317614787666,6.317614787665889,False,117.32621908187866
dynamic_pop_v2,5,F5: Shifted and Rotated Levy Function,20,21,1000000,910.0915875026876,10.09158750268773,False,115.1262731552124
dynamic_pop_v2,5,F5: Shifted and Rotated Levy Function,20,22,1000000,910.2253753971216,10.225375397121638,False,115.54952049255373
dynamic_pop_v2,5,F5: Shifted and Rotated Levy Function,20,23,1000000,910.0562773303304,10.056277330330431,False,115.02905917167664
dynamic_pop_v2,5,F5: Shifted and Rotated Levy Function,20,24,1000000,909.6017719393064,9.601771939306444,False,118.2101058959961
dynamic_pop_v2,5,F5: Shifted and Rotated Levy Function,20,25,1000000,910.249704039656,10.249704039655969,False,114.34254097938538
dynamic_pop_v2,5,F5: Shifted and Rotated Levy Function,20,26,1000000,912.349211604854,12.349211604854077,False,116.98333406448364
dynamic_pop_v2,5,F5: Shifted and Rotated Levy Function,20,27,1000000,911.1818569017896,11.181856901789615,False,113.50778841972352
dynamic_pop_v2,5,F5: Shifted and Rotated Levy Function,20,28,1000000,911.8261785934468,11.826178593446912,False,114.40765428543092
dynamic_pop_v2,5,F5: Shifted and Rotated Levy Function,20,29,1000000,908.757387447758,8.757387447758106,False,115.55701899528503
dynamic_pop_v2,5,F5: Shifted and Rotated Levy Function,20,30,1000000,911.3462639325054,11.346263932505394,False,116.7767961025238
dynamic_pop_v2,6,F6: Hybrid Function 1,20,1,1000000,48431583.22512976,48429783.22512976,False,123.39591240882874
dynamic_pop_v2,6,F6: Hybrid Function 1,20,2,1000000,49398700.621429786,49396900.621429786,False,123.81083536148073
dynamic_pop_v2,6,F6: Hybrid Function 1,20,3,1000000,36399070.71196988,36397270.71196988,False,124.51579999923706
dynamic_pop_v2,6,F6: Hybrid Function 1,20,4,1000000,20931880.36143297,20930080.36143297,False,122.84736442565918
dynamic_pop_v2,6,F6: Hybrid Function 1,20,5,1000000,39106923.10579887,39105123.10579887,False,121.73155355453493
dynamic_pop_v2,6,F6: Hybrid Function 1,20,6,1000000,15325591.447235735,15323791.447235735,False,122.6406183242798
dynamic_pop_v2,6,F6: Hybrid Function 1,20,7,1000000,33899230.90866741,33897430.90866741,False,121.80932426452635
dynamic_pop_v2,6,F6: Hybrid Function 1,20,8,1000000,66630882.86547136,66629082.86547136,False,121.48430323600768
dynamic_pop_v2,6,F6: Hybrid Function 1,20,9,1000000,32837046.51703579,32835246.51703579,False,123.28607892990112
dynamic_pop_v2,6,F6: Hybrid Function 1,20,10,1000000,35686620.61244888,35684820.61244888,False,122.12438035011292
dynamic_pop_v2,6,F6: Hybrid Function 1,20,11,1000000,37886807.05824028,37885007.05824028,False,121.9312024116516
dynamic_pop_v2,6,F6: Hybrid Function 1,20,12,1000000,41892860.741693474,41891060.741693474,False,121.74542784690856
dynamic_pop_v2,6,F6: Hybrid Function 1,20,13,1000000,38679060.24419559,38677260.24419559,False,122.33884477615356
dynamic_pop_v2,6,F6: Hybrid Function 1,20,14,1000000,58146177.212895535,58144377.212895535,False,122.27177214622498
dynamic_pop_v2,6,F6: Hybrid Function 1,20,15,1000000,35225479.35628832,35223679.35628832,False,122.06186294555664
dynamic_pop_v2,6,F6: Hybrid Function 1,20,16,1000000,40837472.64319531,40835672.64319531,False,121.65933179855348
dynamic_pop_v2,6,F6: Hybrid Function 1,20,17,1000000,65040692.60386621,65038892.60386621,False,123.61676049232484
dynamic_pop_v2,6,F6: Hybrid Function 1,20,18,1000000,27532440.66604776,27530640.66604776,False,125.33161234855652
dynamic_pop_v2,6,F6: Hybrid Function 1,20,19,1000000,80979923.82709216,80978123.82709216,False,122.1845190525055
dynamic_pop_v2,6,F6: Hybrid Function 1,20,20,1000000,29518656.196015857,29516856.196015857,False,124.49907231330872
dynamic_pop_v2,6,F6: Hybrid Function 1,20,21,1000000,21242075.60012124,21240275.60012124,False,121.99910497665404
dynamic_pop_v2,6,F6: Hybrid Function 1,20,22,1000000,28000757.542945057,27998957.542945057,False,122.11089611053468
dynamic_pop_v2,6,F6: Hybrid Function 1,20,23,1000000,32508698.43242212,32506898.43242212,False,123.24898338317873
dynamic_pop_v2,6,F6: Hybrid Function 1,20,24,1000000,43064130.37434392,43062330.37434392,False,124.5193977355957
dynamic_pop_v2,6,F6: Hybrid Function 1,20,25,1000000,27541849.08670178,27540049.08670178,False,121.48282170295715
dynamic_pop_v2,6,F6: Hybrid Function 1,20,26,1000000,36045566.50552732,36043766.50552732,False,124.89902424812315
dynamic_pop_v2,6,F6: Hybrid Function 1,20,27,1000000,50534940.98787744,50533140.98787744,False,123.24140977859496
dynamic_pop_v2,6,F6: Hybrid Function 1,20,28,1000000,17757111.43627863,17755311.43627863,False,122.84581112861632
dynamic_pop_v2,6,F6: Hybrid Function 1,20,29,1000000,27598341.891878285,27596541.891878285,False,122.79628348350523
dynamic_pop_v2,6,F6: Hybrid Function 1,20,30,1000000,19097224.50919007,19095424.50919007,False,122.45620107650755
dynamic_pop_v2,7,F7: Hybrid Function 2,20,1,1000000,2426.7503760912887,426.7503760912887,False,831.7318685054779
dynamic_pop_v2,7,F7: Hybrid Function 2,20,2,1000000,2625.6163143986187,625.6163143986187,False,833.2004709243774
dynamic_pop_v2,7,F7: Hybrid Function 2,20,3,1000000,2544.188349970901,544.1883499709015,False,840.9815201759338
dynamic_pop_v2,7,F7: Hybrid Function 2,20,4,1000000,2358.33643895402,358.3364389540202,False,845.3587892055511
dynamic_pop_v2,7,F7: Hybrid Function 2,20,5,1000000,2572.060563053149,572.060563053149,False,836.6098594665527
dynamic_pop_v2,7,F7: Hybrid Function 2,20,6,1000000,2443.278367097863,443.2783670978629,False,840.6561243534088
dynamic_pop_v2,7,F7: Hybrid Function 2,20,7,1000000,2518.565203922464,518.5652039224642,False,841.468719959259
dynamic_pop_v2,7,F7: Hybrid Function 2,20,8,1000000,2516.271400945426,516.2714009454262,False,832.6695327758789
dynamic_pop_v2,7,F7: Hybrid Function 2,20,9,1000000,2476.173769110025,476.1737691100252,False,831.274073600769
dynamic_pop_v2,7,F7: Hybrid Function 2,20,10,1000000,2431.479178631116,431.47917863111616,False,831.1890778541565
dynamic_pop_v2,7,F7: Hybrid Function 2,20,11,1000000,2547.391014811165,547.391014811165,False,836.0653388500214
dynamic_pop_v2,7,F7: Hybrid Function 2,20,12,1000000,2276.587678399456,276.58767839945585,False,828.8487937450409
dynamic_pop_v2,7,F7: Hybrid Function 2,20,13,1000000,2404.050892487675,404.0508924876749,False,832.3247172832489
dynamic_pop_v2,7,F7: Hybrid Function 2,20,14,1000000,2454.82945011937,454.82945011937,False,838.7339298725128
dynamic_pop_v2,7,F7: Hybrid Function 2,20,15,1000000,2488.272359728034,488.2723597280342,False,834.897449016571
dynamic_pop_v2,7,F7: Hybrid Function 2,20,16,1000000,2638.5819932590425,638.5819932590425,False,838.854245185852
dynamic_pop_v2,7,F7: Hybrid Function 2,20,17,1000000,2502.796966882765,502.7969668827655,False,830.6738209724426
dynamic_pop_v2,7,F7: Hybrid Function 2,20,18,1000000,2455.812303296841,455.812303296841,False,831.8508911132812
dynamic_pop_v2,7,F7: Hybrid Function 2,20,19,1000000,2582.409286729737,582.4092867297368,False,836.3215179443359
dynamic_pop_v2,7,F7: Hybrid Function 2,20,20,1000000,2597.3898662159963,597.3898662159963,False,829.7451422214508
dynamic_pop_v2,7,F7: Hybrid Function 2,20,21,1000000,2365.700122139713,365.70012213971313,False,830.8815293312073
dynamic_pop_v2,7,F7: Hybrid Function 2,20,22,1000000,2425.5183050280407,425.5183050280407,False,840.4633257389069
dynamic_pop_v2,7,F7: Hybrid Function 2,20,23,1000000,2634.8387446817883,634.8387446817883,False,829.9481143951416
dynamic_pop_v2,7,F7: Hybrid Function 2,20,24,1000000,2557.189582299204,557.1895822992042,False,832.7189288139343
dynamic_pop_v2,7,F7: Hybrid Function 2,20,25,1000000,2358.6923885461774,358.6923885461774,False,833.1857500076294
dynamic_pop_v2,7,F7: Hybrid Function 2,20,26,1000000,2519.139953886977,519.1399538869769,False,829.3068602085114
dynamic_pop_v2,7,F7: Hybrid Function 2,20,27,1000000,2525.2661268188776,525.2661268188776,False,837.7742171287537
dynamic_pop_v2,7,F7: Hybrid Function 2,20,28,1000000,2423.8321777458914,423.8321777458914,False,832.6865975856781
dynamic_pop_v2,7,F7: Hybrid Function 2,20,29,1000000,2562.3462274728126,562.3462274728126,False,836.654943227768
dynamic_pop_v2,7,F7: Hybrid Function 2,20,30,1000000,2301.208158934909,301.20815893490953,False,837.3055894374847
dynamic_pop_v2,8,F8: Hybrid Function 3,20,1,1000000,5374.968967183221,3174.968967183221,False,1136.1774327754974
dynamic_pop_v2,8,F8: Hybrid Function 3,20,2,1000000,7151.333560223054,4951.333560223054,False,1133.3037667274475
dynamic_pop_v2,8,F8: Hybrid Function 3,20,3,1000000,8460.858075327389,6260.858075327389,False,1134.621280670166
dynamic_pop_v2,8,F8: Hybrid Function 3,20,4,1000000,4712.891998400179,2512.891998400178,False,1139.5046451091766
dynamic_pop_v2,8,F8: Hybrid Function 3,20,5,1000000,3438.551783523867,1238.551783523867,False,1138.7903320789335
dynamic_pop_v2,8,F8: Hybrid Function 3,20,6,1000000,8434.842833570601,6234.842833570601,False,1137.0487015247345
dynamic_pop_v2,8,F8: Hybrid Function 3,20,7,1000000,7155.798694170868,4955.798694170868,False,1133.6674625873566
dynamic_pop_v2,8,F8: Hybrid Function 3,20,8,1000000,7012.37385600466,4812.37385600466,False,1146.9771122932434
dynamic_pop_v2,8,F8: Hybrid Function 3,20,9,1000000,7495.804005087488,5295.804005087488,False,1148.265158891678
dynamic_pop_v2,8,F8: Hybrid Function 3,20,10,1000000,5051.223884627881,2851.2238846278806,False,1138.4726612567902
dynamic_pop_v2,8,F8: Hybrid Function 3,20,11,1000000,9396.69665818416,7196.696658184159,False,1147.5744149684906
dynamic_pop_v2,8,F8: Hybrid Function 3,20,12,1000000,4960.113491044659,2760.113491044659,False,1143.995938539505
dynamic_pop_v2,8,F8: Hybrid Function 3,20,13,1000000,4754.649827717893,2554.6498277178925,False,1145.997237920761
dynamic_pop_v2,8,F8: Hybrid Function 3,20,14,1000000,8907.759036506253,6707.759036506253,False,1150.353136062622
dynamic_pop_v2,8,F8: Hybrid Function 3,20,15,1000000,6384.555149831864,4184.555149831864,False,1151.7271075248718
dynamic_pop_v2,8,F8: Hybrid Function 3,20,16,1000000,6565.917036883638,4365.917036883638,False,1142.671731710434
dynamic_pop_v2,8,F8: Hybrid Function 3,20,17,1000000,6545.438215752797,4345.438215752797,False,1150.3483963012695
dynamic_pop_v2,8,F8: Hybrid Function 3,20,18,1000000,12266.890718127011,10066.890718127011,False,1146.6475131511688
dynamic_pop_v2,8,F8: Hybrid Function 3,20,19,1000000,4913.93919968525,2713.93919968525,False,1094.0481493473053
dynamic_pop_v2,8,F8: Hybrid Function 3,20,20,1000000,6638.403687823523,4438.403687823523,False,953.3337860107422
dynamic_pop_v2,8,F8: Hybrid Function 3,20,21,1000000,7574.888444527478,5374.888444527478,False,850.9109315872192
dynamic_pop_v2,8,F8: Hybrid Function 3,20,22,1000000,7964.95112945697,5764.95112945697,False,872.0136134624481
dynamic_pop_v2,8,F8: Hybrid Function 3,20,23,1000000,4520.08277763027,2320.0827776302704,False,848.32994556427
dynamic_pop_v2,8,F8: Hybrid Function 3,20,24,1000000,4407.230099098883,2207.230099098884,False,957.542290687561
dynamic_pop_v2,8,F8: Hybrid Function 3,20,25,1000000,8797.386383147008,6597.386383147008,False,1129.5893213748932
dynamic_pop_v2,8,F8: Hybrid Function 3,20,26,1000000,6084.391459443825,3884.3914594438247,False,1245.8379566669464
dynamic_pop_v2,8,F8: Hybrid Function 3,20,27,1000000,8409.18289860653,6209.18289860653,False,1214.8106014728546
dynamic_pop_v2,8,F8: Hybrid Function 3,20,28,1000000,7067.402300286287,4867.402300286287,False,1061.5729217529297
dynamic_pop_v2,8,F8: Hybrid Function 3,20,29,1000000,7696.793256412939,5496.793256412939,False,1001.3764061927797
dynamic_pop_v2,8,F8: Hybrid Function 3,20,30,1000000,8983.64542864525,6783.64542864525,False,1085.0300197601318
dynamic_pop_v2,9,F9: Composition Function 1,20,1,1000000,2724.116702975356,424.1167029753556,False,165.34476017951965
dynamic_pop_v2,9,F9: Composition Function 1,20,2,1000000,2703.486661680119,403.4866616801192,False,164.82397389411926
dynamic_pop_v2,9,F9: Composition Function 1,20,3,1000000,2748.3212263278847,448.3212263278847,False,189.6240971088409
dynamic_pop_v2,9,F9: Composition Function 1,20,4,1000000,2724.2874400406045,424.2874400406045,False,187.6057848930359
dynamic_pop_v2,9,F9: Composition Function 1,20,5,1000000,2714.7416040118824,414.7416040118824,False,177.79283261299133
dynamic_pop_v2,9,F9: Composition Function 1,20,6,1000000,2691.135906628503,391.1359066285031,False,208.00934863090515
dynamic_pop_v2,9,F9: Composition Function 1,20,7,1000000,2703.4788883586434,403.4788883586434,False,168.96802759170532
dynamic_pop_v2,9,F9: Composition Function 1,20,8,1000000,2691.8377497780148,391.8377497780148,False,204.3900876045227
dynamic_pop_v2,9,F9: Composition Function 1,20,9,1000000,2677.919566475799,377.919566475799,False,181.7378602027893
dynamic_pop_v2,9,F9: Composition Function 1,20,10,1000000,2698.021212424244,398.0212124242439,False,163.0452380180359
dynamic_pop_v2,9,F9: Composition Function 1,20,11,1000000,2694.838573313144,394.8385733131436,False,185.90169715881348
dynamic_pop_v2,9,F9: Composition Function 1,20,12,1000000,2706.311061554829,406.31106155482894,False,180.1440715789795
dynamic_pop_v2,9,F9: Composition Function 1,20,13,1000000,2706.790685081863,406.7906850818631,False,205.93352675437927
dynamic_pop_v2,9,F9: Composition Function 1,20,14,1000000,2681.3296297781994,381.3296297781994,False,201.90634679794312
dynamic_pop_v2,9,F9: Composition Function 1,20,15,1000000,2713.696261124369,413.6962611243689,False,205.5214731693268
dynamic_pop_v2,9,F9: Composition Function 1,20,16,1000000,2742.897446736892,442.8974467368921,False,202.3301010131836
dynamic_pop_v2,9,F9: Composition Function 1,20,17,1000000,2702.125370563511,402.1253705635109,False,206.63230681419373
dynamic_pop_v2,9,F9: Composition Function 1,20,18,1000000,2668.3456638801545,368.34566388015446,False,204.17635536193848
dynamic_pop_v2,9,F9: Composition Function 1,20,19,1000000,2708.794857198539,408.7948571985389,False,204.0680346488953
dynamic_pop_v2,9,F9: Composition Function 1,20,20,1000000,2722.0473789497987,422.0473789497987,False,201.8838438987732
dynamic_pop_v2,9,F9: Composition Function 1,20,21,1000000,2683.319052778265,383.3190527782649,False,202.1705801486969
dynamic_pop_v2,9,F9: Composition Function 1,20,22,1000000,2687.670347949278,387.6703479492781,False,205.125492811203
dynamic_pop_v2,9,F9: Composition Function 1,20,23,1000000,2703.209093757089,403.2090937570893,False,204.6992905139923
dynamic_pop_v2,9,F9: Composition Function 1,20,24,1000000,2725.76815920411,425.7681592041099,False,206.18071222305295
dynamic_pop_v2,9,F9: Composition Function 1,20,25,1000000,2669.067168744424,369.0671687444242,False,204.14733958244324
dynamic_pop_v2,9,F9: Composition Function 1,20,26,1000000,2728.9786263938618,428.97862639386176,False,206.0315361022949
dynamic_pop_v2,9,F9: Composition Function 1,20,27,1000000,2686.367764109682,386.367764109682,False,206.0255959033966
dynamic_pop_v2,9,F9: Composition Function 1,20,28,1000000,2723.484868975556,423.4848689755559,False,206.8044924736023
dynamic_pop_v2,9,F9: Composition Function 1,20,29,1000000,2728.451285923969,428.45128592396895,False,200.1151728630066
dynamic_pop_v2,9,F9: Composition Function 1,20,30,1000000,2707.177454951582,407.17745495158215,False,204.54867005348208
dynamic_pop_v2,10,F10: Composition Function 2,20,1,1000000,3171.9489887050504,771.9489887050504,False,212.7222340106964
dynamic_pop_v2,10,F10: Composition Function 2,20,2,1000000,3063.318564220481,663.3185642204812,False,204.7963788509369
dynamic_pop_v2,10,F10: Composition Function 2,20,3,1000000,3188.3006966433704,788.3006966433704,False,211.1671130657196
dynamic_pop_v2,10,F10: Composition Function 2,20,4,1000000,3114.150410936451,714.150410936451,False,210.35345315933228
dynamic_pop_v2,10,F10: Composition Function 2,20,5,1000000,3109.932559544914,709.932559544914,False,211.96884942054749
dynamic_pop_v2,10,F10: Composition Function 2,20,6,1000000,3102.453912107336,702.4539121073353,False,206.8608946800232
dynamic_pop_v2,10,F10: Composition Function 2,20,7,1000000,3042.585471591972,642.5854715919718,False,207.3408453464508
dynamic_pop_v2,10,F10: Composition Function 2,20,8,1000000,3041.5749378879154,641.5749378879154,False,203.53472685813904
dynamic_pop_v2,10,F10: Composition Function 2,20,9,1000000,3113.8245839799297,713.8245839799297,False,211.71307277679443
dynamic_pop_v2,10,F10: Composition Function 2,20,10,1000000,3084.72124234198,684.7212423419796,False,210.0688123703003
dynamic_pop_v2,10,F10: Composition Function 2,20,11,1000000,3026.2094497050057,626.2094497050057,False,208.884911775589
dynamic_pop_v2,10,F10: Composition Function 2,20,12,1000000,3134.953464459933,734.9534644599335,False,202.81544709205627
dynamic_pop_v2,10,F10: Composition Function 2,20,13,1000000,3067.807544086417,667.8075440864168,False,194.7175750732422
dynamic_pop_v2,10,F10: Composition Function 2,20,14,1000000,3090.9769299214804,690.9769299214804,False,192.25531482696533
dynamic_pop_v2,10,F10: Composition Function 2,20,15,1000000,3023.3068642069675,623.3068642069675,False,203.2958824634552
dynamic_pop_v2,10,F10: Composition Function 2,20,16,1000000,3029.2875837281445,629.2875837281445,False,201.70922994613647
dynamic_pop_v2,10,F10: Composition Function 2,20,17,1000000,3107.457425981664,707.4574259816641,False,198.49251055717468
dynamic_pop_v2,10,F10: Composition Function 2,20,18,1000000,2999.339804525804,599.3398045258036,False,199.32430863380432
dynamic_pop_v2,10,F10: Composition Function 2,20,19,1000000,3125.708596766851,725.7085967668509,False,196.8371868133545
dynamic_pop_v2,10,F10: Composition Function 2,20,20,1000000,3171.923009424285,771.9230094242848,False,197.21819019317627
dynamic_pop_v2,10,F10: Composition Function 2,20,21,1000000,3046.3916990477937,646.3916990477937,False,197.1203286647797
dynamic_pop_v2,10,F10: Composition Function 2,20,22,1000000,3090.175070715374,690.1750707153742,False,196.46926760673523
dynamic_pop_v2,10,F10: Composition Function 2,20,23,1000000,3057.457749407599,657.4577494075988,False,197.78924870491028
dynamic_pop_v2,10,F10: Composition Function 2,20,24,1000000,3065.5489639457846,665.5489639457846,False,197.23476696014404
dynamic_pop_v2,10,F10: Composition Function 2,20,25,1000000,3079.567102659229,679.567102659229,False,201.14622473716736
dynamic_pop_v2,10,F10: Composition Function 2,20,26,1000000,3053.476964945462,653.476964945462,False,198.64431190490723
dynamic_pop_v2,10,F10: Composition Function 2,20,27,1000000,3079.3284486242783,679.3284486242783,False,199.1457371711731
dynamic_pop_v2,10,F10: Composition Function 2,20,28,1000000,2966.868423905612,566.868423905612,False,199.85887956619263
dynamic_pop_v2,10,F10: Composition Function 2,20,29,1000000,3167.731548073598,767.7315480735979,False,199.85647916793823
dynamic_pop_v2,10,F10: Composition Function 2,20,30,1000000,3018.26731081204,618.2673108120393,False,194.1328806877136
dynamic_pop_v2,11,F11: Composition Function 3,20,1,1000000,2771.0368452100856,171.03684521008563,False,283.50886034965515
dynamic_pop_v2,11,F11: Composition Function 3,20,2,1000000,2691.297092120447,91.2970921204469,False,282.8013205528259
dynamic_pop_v2,11,F11: Composition Function 3,20,3,1000000,2797.065026789939,197.0650267899391,False,282.8093001842499
dynamic_pop_v2,11,F11: Composition Function 3,20,4,1000000,2844.514862472665,244.51486247266484,False,278.08209705352783
dynamic_pop_v2,11,F11: Composition Function 3,20,5,1000000,2784.0562703043083,184.05627030430836,False,277.5544934272766
dynamic_pop_v2,11,F11: Composition Function 3,20,6,1000000,2692.953124509062,92.95312450906204,False,278.20809149742126
dynamic_pop_v2,11,F11: Composition Function 3,20,7,1000000,2835.859374238785,235.8593742387852,False,281.9906976222992
dynamic_pop_v2,11,F11: Composition Function 3,20,8,1000000,2813.125556860954,213.125556860954,False,260.7985100746155
dynamic_pop_v2,11,F11: Composition Function 3,20,9,1000000,2749.498322753297,149.4983227532971,False,258.7699031829834
dynamic_pop_v2,11,F11: Composition Function 3,20,10,1000000,2852.4539078347534,252.4539078347534,False,235.59648299217224
dynamic_pop_v2,11,F11: Composition Function 3,20,11,1000000,2931.658321330889,331.65832133088907,False,204.96634149551392
dynamic_pop_v2,11,F11: Composition Function 3,20,12,1000000,2825.788587181685,225.7885871816852,False,244.4246401786804
dynamic_pop_v2,11,F11: Composition Function 3,20,13,1000000,2811.97814942895,211.97814942895,False,229.7665114402771
dynamic_pop_v2,11,F11: Composition Function 3,20,14,1000000,2887.6161106095788,287.61611060957875,False,207.4565074443817
dynamic_pop_v2,11,F11: Composition Function 3,20,15,1000000,2781.034727860561,181.0347278605609,False,193.2351450920105
dynamic_pop_v2,11,F11: Composition Function 3,20,16,1000000,2736.878503932792,136.87850393279132,False,224.50824570655823
dynamic_pop_v2,11,F11: Composition Function 3,20,17,1000000,2798.498598726973,198.4985987269729,False,255.5636405944824
dynamic_pop_v2,11,F11: Composition Function 3,20,18,1000000,2765.106943145104,165.10694314510374,False,208.20728707313535
dynamic_pop_v2,11,F11: Composition Function 3,20,19,1000000,2877.235663385743,277.235663385743,False,205.85378336906436
dynamic_pop_v2,11,F11: Composition Function 3,20,20,1000000,2749.9820578638487,149.9820578638487,False,201.25333309173584
dynamic_pop_v2,11,F11: Composition Function 3,20,21,1000000,2714.283669614251,114.2836696142508,False,232.25303053855896
dynamic_pop_v2,11,F11: Composition Function 3,20,22,1000000,2759.7070565177346,159.7070565177346,False,346.20351672172546
dynamic_pop_v2,11,F11: Composition Function 3,20,23,1000000,2812.9785284332484,212.9785284332484,False,212.4734878540039
dynamic_pop_v2,11,F11: Composition Function 3,20,24,1000000,2797.4943251010486,197.49432510104864,False,195.58541917800903
dynamic_pop_v2,11,F11: Composition Function 3,20,25,1000000,2824.101534255501,224.10153425550152,False,202.7391185760498
dynamic_pop_v2,11,F11: Composition Function 3,20,26,1000000,2911.339107885006,311.3391078850059,False,202.03569555282596
dynamic_pop_v2,11,F11: Composition Function 3,20,27,1000000,2711.451945930204,111.45194593020416,False,197.85730910301208
dynamic_pop_v2,11,F11: Composition Function 3,20,28,1000000,2734.1954120300697,134.19541203006975,False,197.82147574424744
dynamic_pop_v2,11,F11: Composition Function 3,20,29,1000000,2763.0039925582964,163.00399255829643,False,197.7581775188446
dynamic_pop_v2,11,F11: Composition Function 3,20,30,1000000,2814.0940617240094,214.0940617240094,False,197.6993579864502
dynamic_pop_v2,12,F12: Composition Function 4,20,1,1000000,2962.194235107292,262.1942351072921,False,204.800496339798
dynamic_pop_v2,12,F12: Composition Function 4,20,2,1000000,2961.046119102708,261.046119102708,False,205.17602944374084
dynamic_pop_v2,12,F12: Composition Function 4,20,3,1000000,2955.8389380909016,255.8389380909016,False,204.17192029953003
dynamic_pop_v2,12,F12: Composition Function 4,20,4,1000000,2960.6212184439496,260.6212184439496,False,204.88898134231567
dynamic_pop_v2,12,F12: Composition Function 4,20,5,1000000,2958.4599329599027,258.45993295990274,False,203.61937260627747
dynamic_pop_v2,12,F12: Composition Function 4,20,6,1000000,2957.8757073778843,257.8757073778843,False,208.01202583312988
dynamic_pop_v2,12,F12: Composition Function 4,20,7,1000000,2957.9803770377844,257.9803770377844,False,213.14698791503903
dynamic_pop_v2,12,F12: Composition Function 4,20,8,1000000,2957.755724691352,257.75572469135204,False,208.60070419311523
dynamic_pop_v2,12,F12: Composition Function 4,20,9,1000000,2955.9663223775347,255.96632237753465,False,207.16392922401428
dynamic_pop_v2,12,F12: Composition Function 4,20,10,1000000,2952.549786807085,252.5497868070852,False,209.17247104644773
dynamic_pop_v2,12,F12: Composition Function 4,20,11,1000000,2958.660623320551,258.6606233205512,False,203.15260815620425
dynamic_pop_v2,12,F12: Composition Function 4,20,12,1000000,2955.9424900078984,255.9424900078984,False,226.43793630599976
dynamic_pop_v2,12,F12: Composition Function 4,20,13,1000000,2963.369073825565,263.36907382556547,False,195.7899959087372
dynamic_pop_v2,12,F12: Composition Function 4,20,14,1000000,2959.4221219311366,259.42212193113664,False,191.6084747314453
dynamic_pop_v2,12,F12: Composition Function 4,20,15,1000000,2961.2872313610087,261.2872313610087,False,188.8889572620392
dynamic_pop_v2,12,F12: Composition Function 4,20,16,1000000,2953.961566642339,253.9615666423392,False,189.18062496185303
dynamic_pop_v2,12,F12: Composition Function 4,20,17,1000000,2959.437950778753,259.43795077875257,False,189.11838459968567
dynamic_pop_v2,12,F12: Composition Function 4,20,18,1000000,2958.0557564688893,258.0557564688893,False,188.71511459350583
dynamic_pop_v2,12,F12: Composition Function 4,20,19,1000000,2955.136041696627,255.1360416966272,False,188.72892427444455
dynamic_pop_v2,12,F12: Composition Function 4,20,20,1000000,2955.4340837233435,255.43408372334352,False,188.6669926643372
dynamic_pop_v2,12,F12: Composition Function 4,20,21,1000000,2956.943813365732,256.94381336573133,False,188.52364468574524
dynamic_pop_v2,12,F12: Composition Function 4,20,22,1000000,2955.722099004614,255.72209900461397,False,190.11859369277957
dynamic_pop_v2,12,F12: Composition Function 4,20,23,1000000,2958.4114330987986,258.4114330987986,False,189.47918844223025
dynamic_pop_v2,12,F12: Composition Function 4,20,24,1000000,2957.187720309355,257.187720309355,False,189.08298301696777
dynamic_pop_v2,12,F12: Composition Function 4,20,25,1000000,2959.023224419148,259.02322441914794,False,190.2508442401886
dynamic_pop_v2,12,F12: Composition Function 4,20,26,1000000,2956.9605937201086,256.9605937201086,False,188.72833728790283
dynamic_pop_v2,12,F12: Composition Function 4,20,27,1000000,2957.4836973362403,257.4836973362403,False,189.9015946388245
dynamic_pop_v2,12,F12: Composition Function 4,20,28,1000000,2948.999469381212,248.99946938121184,False,188.73696637153623
dynamic_pop_v2,12,F12: Composition Function 4,20,29,1000000,2960.172881813165,260.1728818131651,False,188.78810048103333
dynamic_pop_v2,12,F12: Composition Function 4,20,30,1000000,2960.2843931440343,260.2843931440343,False,193.77561020851132
